time,ton,thrust,mfr,vl,anomaly_code
2021-03-11 14:00:00.000,0,-0.0012640911860239,0.0,0.0,
2021-03-11 14:00:00.010,0,0.0023449844029525,0.0,1.0,
2021-03-11 14:00:00.020,0,-0.0032055081329424,0.0,1.0,
2021-03-11 14:00:00.030,0,-0.001796109760108,0.0,1.0,
2021-03-11 14:00:00.040,0,-0.0005991067150916,0.0,1.0,
2021-03-11 14:00:00.050,0,0.0052178274071567,0.0,1.0,
2021-03-11 14:00:00.060,0,-0.0008446369629243,0.0,1.0,
2021-03-11 14:00:00.070,0,0.0042473272499383,0.0,1.0,
2021-03-11 14:00:00.080,0,-0.0006751294220342,0.0,1.0,
2021-03-11 14:00:00.090,0,-0.0039250695403466,0.0,1.0,
2021-03-11 14:00:00.100,0,0.0011673433120356,0.0,1.0,
2021-03-11 14:00:00.110,0,-0.0012521131112405,0.0,1.0,
2021-03-11 14:00:00.120,0,-0.0012534746272729,0.0,1.0,
2021-03-11 14:00:00.130,0,-0.0024075030034961,0.0,1.0,
2021-03-11 14:00:00.140,0,0.0012329301800007,0.0,1.0,
2021-03-11 14:00:00.150,0,-0.0016947470108859,0.0,1.0,
2021-03-11 14:00:00.160,0,0.0010996379643099,0.0,0.0,
2021-03-11 14:00:00.170,0,0.0068865888809331,0.0,0.0,
2021-03-11 14:00:00.180,0,0.0001027540301224,0.0,0.0,
2021-03-11 14:00:00.190,0,0.0052920964502249,0.0,0.0,
2021-03-11 14:00:00.200,0,0.0013463510327517,0.0,0.0,
2021-03-11 14:00:00.210,0,-0.0055207518195868,0.0,0.0,
2021-03-11 14:00:00.220,0,-0.0001177734801955,0.0,0.0,
2021-03-11 14:00:00.230,0,0.0029519275283038,0.0,0.0,
2021-03-11 14:00:00.240,0,-0.0025356650661995,0.0,0.0,
2021-03-11 14:00:00.250,0,0.0040183607473485,0.0,0.0,
2021-03-11 14:00:00.260,0,-0.0005982077927663,0.0,0.0,
2021-03-11 14:00:00.270,0,0.002097811676763,0.0,0.0,
2021-03-11 14:00:00.280,0,-0.0084250253719905,0.0,0.0,
2021-03-11 14:00:00.290,0,0.0014064513018289,0.0,0.0,
2021-03-11 14:00:00.300,0,-0.0037871913482292,0.0,0.0,
2021-03-11 14:00:00.310,0,-0.001291311502657,0.0,0.0,
2021-03-11 14:00:00.320,0,-0.0008998023089446,0.0,0.0,
2021-03-11 14:00:00.330,0,0.0017745376201763,0.0,0.0,
2021-03-11 14:00:00.340,0,-0.004165701694872,0.0,0.0,
2021-03-11 14:00:00.350,0,0.0039570701994046,0.0,0.0,
2021-03-11 14:00:00.360,0,0.0013990243640996,0.0,0.0,
2021-03-11 14:00:00.370,0,0.0031448259361274,0.0,0.0,
2021-03-11 14:00:00.380,0,0.0033456605375586,0.0,0.0,
2021-03-11 14:00:00.390,0,0.0002134025855677,0.0,0.0,
2021-03-11 14:00:00.400,0,-0.0017038638039604,0.0,0.0,
2021-03-11 14:00:00.410,0,-0.0103573169770948,0.0,0.0,
2021-03-11 14:00:00.420,0,-0.002570056873656,0.0,0.0,
2021-03-11 14:00:00.430,0,0.0005889577529958,0.0,0.0,
2021-03-11 14:00:00.440,0,0.0057650125421788,0.0,0.0,
2021-03-11 14:00:00.450,0,0.002438104788696,0.0,0.0,
2021-03-11 14:00:00.460,0,-0.0025278575009785,0.0,0.0,
2021-03-11 14:00:00.470,0,0.0065214553674915,0.0,0.0,
2021-03-11 14:00:00.480,0,0.000463713163321,0.0,0.0,
2021-03-11 14:00:00.490,0,0.0004993736747947,0.0,0.0,
2021-03-11 14:00:00.500,0,-0.0019459843945228,0.0,0.0,
2021-03-11 14:00:00.510,0,-0.0014313407366526,0.0,0.0,
2021-03-11 14:00:00.520,0,-0.0048432452263791,0.0,0.0,
2021-03-11 14:00:00.530,0,0.0007751630357359,0.0,0.0,
2021-03-11 14:00:00.540,0,-0.0021740826680566,0.0,0.0,
2021-03-11 14:00:00.550,0,0.0011200635108092,0.0,0.0,
2021-03-11 14:00:00.560,0,0.0001114310331008,0.0,0.0,
2021-03-11 14:00:00.570,0,-0.0002412057616467,0.0,0.0,
2021-03-11 14:00:00.580,0,-0.0018416037097344,0.0,0.0,
2021-03-11 14:00:00.590,0,0.0040786781303161,0.0,0.0,
2021-03-11 14:00:00.600,0,0.0041511550720492,0.0,0.0,
2021-03-11 14:00:00.610,0,0.0005720490270057,0.0,0.0,
2021-03-11 14:00:00.620,0,-0.0020891135419132,0.0,0.0,
2021-03-11 14:00:00.630,0,0.0008103151436181,0.0,0.0,
2021-03-11 14:00:00.640,0,0.0008988321969401,0.0,0.0,
2021-03-11 14:00:00.650,0,0.0034867569020772,0.0,0.0,
2021-03-11 14:00:00.660,0,0.0039437655311368,0.0,0.0,
2021-03-11 14:00:00.670,0,0.0022640281845106,0.0,0.0,
2021-03-11 14:00:00.680,0,0.0022506162696646,0.0,0.0,
2021-03-11 14:00:00.690,0,-0.0024124871004408,0.0,0.0,
2021-03-11 14:00:00.700,0,0.0003019482466637,0.0,0.0,
2021-03-11 14:00:00.710,0,0.0053074024042717,0.0,0.0,
2021-03-11 14:00:00.720,0,-0.0064330825718787,0.0,0.0,
2021-03-11 14:00:00.730,0,0.0031233040103272,0.0,0.0,
2021-03-11 14:00:00.740,0,-0.0025963598147812,0.0,0.0,
2021-03-11 14:00:00.750,0,0.0018053550588899,0.0,0.0,
2021-03-11 14:00:00.760,0,-0.0054869107374809,0.0,0.0,
2021-03-11 14:00:00.770,0,0.0028892077919369,0.0,0.0,
2021-03-11 14:00:00.780,0,0.0003765901628449,0.0,0.0,
2021-03-11 14:00:00.790,0,0.0034511900385088,0.0,0.0,
2021-03-11 14:00:00.800,0,0.0015351728329577,0.0,0.0,
2021-03-11 14:00:00.810,0,-0.0018948466374114,0.0,0.0,
2021-03-11 14:00:00.820,0,0.0031872594802567,0.0,0.0,
2021-03-11 14:00:00.830,0,6.385770551997675e-05,0.0,0.0,
2021-03-11 14:00:00.840,0,0.0022923377015499,0.0,0.0,
2021-03-11 14:00:00.850,0,0.0059024957536558,0.0,0.0,
2021-03-11 14:00:00.860,0,0.00610464833943,0.0,0.0,
2021-03-11 14:00:00.870,0,-0.0012308123665592,0.0,0.0,
2021-03-11 14:00:00.880,0,-0.0017876490448097,0.0,0.0,
2021-03-11 14:00:00.890,0,0.0027411189018586,0.0,0.0,
2021-03-11 14:00:00.900,0,0.0020001121676459,0.0,0.0,
2021-03-11 14:00:00.910,0,-0.0010693441010449,0.0,0.0,
2021-03-11 14:00:00.920,0,0.0034440202594341,0.0,0.0,
2021-03-11 14:00:00.930,0,0.000164488074809,0.0,0.0,
2021-03-11 14:00:00.940,0,0.0015190120390879995,0.0,0.0,
2021-03-11 14:00:00.950,0,-0.0012614301068967,0.0,0.0,
2021-03-11 14:00:00.960,0,0.0044688834756839,0.0,0.0,
2021-03-11 14:00:00.970,0,0.0018274733847171,0.0,0.0,
2021-03-11 14:00:00.980,0,0.0004625227910257,0.0,0.0,
2021-03-11 14:00:00.990,0,0.0025763800837764,0.0,0.0,
2021-03-11 14:00:01.000,1,0.0051882307724162,0.0,0.0,
2021-03-11 14:00:01.010,1,-0.0002409374706472,0.0,0.0,
2021-03-11 14:00:01.020,1,-0.0011844502696119,0.0,0.0,
2021-03-11 14:00:01.030,1,-0.0013049534220029,0.0,0.0,
2021-03-11 14:00:01.040,1,0.0025597599087723,0.0,0.0,
2021-03-11 14:00:01.050,1,0.001737034715927,0.0,0.0,
2021-03-11 14:00:01.060,1,-8.962233707633466e-06,0.0,0.0,
2021-03-11 14:00:01.070,1,-0.0040532571162674,0.0,0.0,
2021-03-11 14:00:01.080,1,-0.0015485567204856,0.0,0.0,
2021-03-11 14:00:01.090,1,-0.0007824159541788,2.3395481922691386,0.0,
2021-03-11 14:00:01.100,1,0.0125221323337972,8.900287950465204,0.0,
2021-03-11 14:00:01.110,1,0.0143185485151686,18.76634426960852,0.0,
2021-03-11 14:00:01.120,1,0.0320970921396947,31.95182481350852,0.0,
2021-03-11 14:00:01.130,1,0.0567379263569286,47.286302219893294,0.0,
2021-03-11 14:00:01.140,1,0.0800175958975921,64.25637674770272,0.0,
2021-03-11 14:00:01.150,1,0.0974958093703191,83.11515196847745,0.0,
2021-03-11 14:00:01.160,1,0.0883354701503571,103.76468475674831,0.0,
2021-03-11 14:00:01.170,1,0.1467459425494613,123.91719174295513,0.0,
2021-03-11 14:00:01.180,1,0.1625037360295813,144.11039000952587,0.0,
2021-03-11 14:00:01.190,1,0.1732421515676915,166.78029853522384,0.0,
2021-03-11 14:00:01.200,1,0.2273437633547808,185.66128574228526,0.0,
2021-03-11 14:00:01.210,1,0.1743663734508499,209.07262138080532,0.0,
2021-03-11 14:00:01.220,1,0.2705769519354091,228.81641591707046,0.0,
2021-03-11 14:00:01.230,1,0.2061875344259675,251.0582051859712,0.0,
2021-03-11 14:00:01.240,1,0.2226142017452756,269.97737297056614,0.0,
2021-03-11 14:00:01.250,1,0.2601684285416103,287.3321279250338,0.0,
2021-03-11 14:00:01.260,1,0.3698895552004593,306.17761013247565,0.0,
2021-03-11 14:00:01.270,1,0.4009614599402704,323.1804216659277,0.0,
2021-03-11 14:00:01.280,1,0.3201485393885005,338.6393642972853,0.0,
2021-03-11 14:00:01.290,1,0.2941777084794808,356.13642129896937,0.0,
2021-03-11 14:00:01.300,1,0.408644466732291,370.5618760736763,0.0,
2021-03-11 14:00:01.310,1,0.4533304134319318,382.3973485311892,0.0,
2021-03-11 14:00:01.320,1,0.3874281995948901,397.25962617022265,0.0,
2021-03-11 14:00:01.330,1,0.3974760279826648,408.152540750114,0.0,
2021-03-11 14:00:01.340,1,0.379199299508333,418.4687359154148,0.0,
2021-03-11 14:00:01.350,1,0.4999753357463942,435.3688813660261,0.0,
2021-03-11 14:00:01.360,1,0.5185584025568601,442.0189693407102,0.0,
2021-03-11 14:00:01.370,1,0.4023066885395416,449.1085064357847,0.0,
2021-03-11 14:00:01.380,1,0.3779981801738827,457.7132296938974,0.0,
2021-03-11 14:00:01.390,1,0.5425748287989837,464.6361134985157,0.0,
2021-03-11 14:00:01.400,1,0.4575053292521581,472.4607804744578,0.0,
2021-03-11 14:00:01.410,1,0.4636819794240507,480.6180189694645,0.0,
2021-03-11 14:00:01.420,1,0.3811556950897747,482.45258067393485,0.0,
2021-03-11 14:00:01.430,1,0.4359431423736107,489.04240524389746,0.0,
2021-03-11 14:00:01.440,1,0.3759102429160024,491.7861266721624,0.0,
2021-03-11 14:00:01.450,1,0.5075767359985918,495.9676756562858,0.0,
2021-03-11 14:00:01.460,1,0.4596262076415182,503.75766184865984,0.0,
2021-03-11 14:00:01.470,1,0.5066332057318201,505.4589098830815,0.0,
2021-03-11 14:00:01.480,1,0.5152430515819201,506.86635719035803,0.0,
2021-03-11 14:00:01.490,1,0.4717080490435412,507.9107461660372,0.0,
2021-03-11 14:00:01.500,1,0.438662717720555,512.7176222387343,0.0,
2021-03-11 14:00:01.510,1,0.5232221767449131,510.93588758239446,0.0,
2021-03-11 14:00:01.520,1,0.513091441146579,511.90392626611083,0.0,
2021-03-11 14:00:01.530,1,0.5202507940413734,512.4316713582889,0.0,
2021-03-11 14:00:01.540,1,0.4761496070204212,513.7179700521814,0.0,
2021-03-11 14:00:01.550,1,0.465437799894929,517.3152077888253,0.0,
2021-03-11 14:00:01.560,1,0.5331061006441278,515.2809797955332,0.0,
2021-03-11 14:00:01.570,1,0.4835167399805616,515.9229784053421,0.0,
2021-03-11 14:00:01.580,1,0.5264047924592259,512.9941749725264,0.0,
2021-03-11 14:00:01.590,1,0.4142736129118955,513.8356525474417,0.0,
2021-03-11 14:00:01.600,1,0.4240627291903829,513.3389950337212,0.0,
2021-03-11 14:00:01.610,1,0.5176984126934734,514.2576150842639,0.0,
2021-03-11 14:00:01.620,1,0.361519713692167,515.0186756357206,0.0,
2021-03-11 14:00:01.630,1,0.4710855184137235,515.3229817189082,0.0,
2021-03-11 14:00:01.640,1,0.4432270486983791,513.4194882013493,0.0,
2021-03-11 14:00:01.650,1,0.5039091713571543,513.4633409810875,0.0,
2021-03-11 14:00:01.660,1,0.4372128951062653,513.9728630791252,0.0,
2021-03-11 14:00:01.670,1,0.4603451733431628,510.43518766432913,0.0,
2021-03-11 14:00:01.680,1,0.4280955963938974,510.734713305727,0.0,
2021-03-11 14:00:01.690,1,0.4332599041523397,513.3132315822198,0.0,
2021-03-11 14:00:01.700,1,0.4384243555229795,509.4512038409236,0.0,
2021-03-11 14:00:01.710,1,0.4597355971959379,506.1392159456535,0.0,
2021-03-11 14:00:01.720,1,0.4115436034589472,505.068146955516,0.0,
2021-03-11 14:00:01.730,1,0.4575028920947629,505.92121138237053,0.0,
2021-03-11 14:00:01.740,1,0.4788203586319774,499.7437559344413,0.0,
2021-03-11 14:00:01.750,1,0.3770880148484767,504.2011387382438,0.0,
2021-03-11 14:00:01.760,1,0.4383198519307764,504.19994664809883,0.0,
2021-03-11 14:00:01.770,1,0.4683706053910302,505.224661439905,0.0,
2021-03-11 14:00:01.780,1,0.3672498751540033,507.96128562398314,0.0,
2021-03-11 14:00:01.790,1,0.3298698491524313,500.77966770445886,0.0,
2021-03-11 14:00:01.800,1,0.4068926416077916,502.0697514412905,0.0,
2021-03-11 14:00:01.810,1,0.4127413917207457,502.63837225136876,0.0,
2021-03-11 14:00:01.820,1,0.3771756702529311,497.5853691987701,0.0,
2021-03-11 14:00:01.830,1,0.3748107040262655,492.9714373174428,0.0,
2021-03-11 14:00:01.840,1,0.3680396178333033,501.1340769350084,0.0,
2021-03-11 14:00:01.850,1,0.4899030819119809,498.3463864461454,0.0,
2021-03-11 14:00:01.860,1,0.4067936178174524,498.93037612713545,0.0,
2021-03-11 14:00:01.870,1,0.4347011518765216,504.36367410648637,0.0,
2021-03-11 14:00:01.880,1,0.4087821465845463,503.25145499604866,0.0,
2021-03-11 14:00:01.890,1,0.3291823751611549,498.45887806431017,0.0,
2021-03-11 14:00:01.900,1,0.3387063101151815,500.918176127268,0.0,
2021-03-11 14:00:01.910,1,0.4813438660367919,501.4216816815122,0.0,
2021-03-11 14:00:01.920,1,0.4433007044242432,499.9565280724863,0.0,
2021-03-11 14:00:01.930,1,0.3761689500095583,499.2348952260778,0.0,
2021-03-11 14:00:01.940,1,0.3439761757983388,498.16970289919675,0.0,
2021-03-11 14:00:01.950,1,0.3908639154062243,503.4018394435588,0.0,
2021-03-11 14:00:01.960,1,0.351436944902699,501.8622478456282,0.0,
2021-03-11 14:00:01.970,1,0.3647699037659856,503.5137302115352,0.0,
2021-03-11 14:00:01.980,1,0.4498785560960125,501.75108544488296,0.0,
2021-03-11 14:00:01.990,1,0.5010203579102611,501.7890504381784,0.0,
2021-03-11 14:00:02.000,1,0.5167379775436851,504.3972231097634,0.0,
2021-03-11 14:00:02.010,1,0.3693927593415682,502.91248688152274,0.0,
2021-03-11 14:00:02.020,1,0.3462162071962016,505.43070229181563,0.0,
2021-03-11 14:00:02.030,1,0.3858950717749438,505.49416941687485,0.0,
2021-03-11 14:00:02.040,1,0.5049932695746786,507.6529435361758,0.0,
2021-03-11 14:00:02.050,1,0.3731709974355373,504.1907013534002,0.0,
2021-03-11 14:00:02.060,1,0.5135792630714524,504.297487414704,0.0,
2021-03-11 14:00:02.070,1,0.3562615404023738,503.297901100421,0.0,
2021-03-11 14:00:02.080,1,0.4063290006317638,509.1627064573794,0.0,
2021-03-11 14:00:02.090,1,0.4441510187271156,506.52894872758856,0.0,
2021-03-11 14:00:02.100,1,0.4325141637848786,511.4222648036687,0.0,
2021-03-11 14:00:02.110,1,0.479415313070416,509.51218021027177,0.0,
2021-03-11 14:00:02.120,1,0.3983697859408277,506.26680962021965,0.0,
2021-03-11 14:00:02.130,1,0.4428152457024598,509.82980388983253,0.0,
2021-03-11 14:00:02.140,1,0.5434881666053817,513.4707887949122,0.0,
2021-03-11 14:00:02.150,1,0.4121404348388611,514.379789353482,0.0,
2021-03-11 14:00:02.160,1,0.4233404342060625,513.8464380172989,0.0,
2021-03-11 14:00:02.170,1,0.5069860132883178,507.78232585663636,0.0,
2021-03-11 14:00:02.180,1,0.4529912759608243,514.787079274048,0.0,
2021-03-11 14:00:02.190,1,0.4727585133819197,510.16345164874946,0.0,
2021-03-11 14:00:02.200,1,0.44954245433367296,515.7848644877172,0.0,
2021-03-11 14:00:02.210,1,0.3720538627735839,509.1596087422215,0.0,
2021-03-11 14:00:02.220,1,0.4090327623031872,512.4075380057833,0.0,
2021-03-11 14:00:02.230,1,0.4729123682791777,513.801619047679,0.0,
2021-03-11 14:00:02.240,1,0.5216628277772823,512.5617830442708,0.0,
2021-03-11 14:00:02.250,1,0.4369484072351529,510.9214397491903,0.0,
2021-03-11 14:00:02.260,1,0.5113714635974035,512.0785164289155,0.0,
2021-03-11 14:00:02.270,1,0.5074197286085674,511.72531026868484,0.0,
2021-03-11 14:00:02.280,1,0.4707310213621201,509.4119240870268,0.0,
2021-03-11 14:00:02.290,1,0.377627693862219,510.45943463895446,0.0,
2021-03-11 14:00:02.300,1,0.3983094936141775,509.5647768349477,0.0,
2021-03-11 14:00:02.310,1,0.5332539687972204,512.7433636793594,0.0,
2021-03-11 14:00:02.320,1,0.4289573150499304,513.5203447928867,0.0,
2021-03-11 14:00:02.330,1,0.4822467760702979,508.98637615861367,0.0,
2021-03-11 14:00:02.340,1,0.3663094342426747,510.4249542168173,0.0,
2021-03-11 14:00:02.350,1,0.4920837406600109,512.7052161161748,0.0,
2021-03-11 14:00:02.360,1,0.4429123227429007,507.64756153260123,0.0,
2021-03-11 14:00:02.370,1,0.5086492132344548,506.7479014649849,0.0,
2021-03-11 14:00:02.380,1,0.5243409893465061,510.6789276120359,0.0,
2021-03-11 14:00:02.390,1,0.4080220961947383,508.69300600140406,0.0,
2021-03-11 14:00:02.400,1,0.4694919369462107,501.2979950193744,0.0,
2021-03-11 14:00:02.410,1,0.4722256678307442,507.2549281214559,0.0,
2021-03-11 14:00:02.420,1,0.3806143200626077,504.7950334871892,0.0,
2021-03-11 14:00:02.430,1,0.5087834695010202,508.85030532875936,0.0,
2021-03-11 14:00:02.440,1,0.5087243704490383,503.8722381850376,0.0,
2021-03-11 14:00:02.450,1,0.4456688051796544,504.8675069305394,0.0,
2021-03-11 14:00:02.460,1,0.4025859903609693,502.5234374651905,0.0,
2021-03-11 14:00:02.470,1,0.4308341113747941,507.3827114643798,0.0,
2021-03-11 14:00:02.480,1,0.4188519061422718,503.1973836780723,0.0,
2021-03-11 14:00:02.490,1,0.4417875637063563,507.0419316946197,0.0,
2021-03-11 14:00:02.500,1,0.3736050847453349,505.7275086538819,0.0,
2021-03-11 14:00:02.510,1,0.4260932602020552,506.30886485703326,0.0,
2021-03-11 14:00:02.520,1,0.4711445099363365,503.9215172615375,0.0,
2021-03-11 14:00:02.530,1,0.3674893749506606,507.2734907911485,0.0,
2021-03-11 14:00:02.540,1,0.4615806944053131,500.9527949159424,0.0,
2021-03-11 14:00:02.550,1,0.3499440554812412,504.7954464047151,0.0,
2021-03-11 14:00:02.560,1,0.3287046413804628,501.06850334852965,0.0,
2021-03-11 14:00:02.570,1,0.4406647911541259,500.2115452437488,0.0,
2021-03-11 14:00:02.580,1,0.4358098290984302,502.9759426901873,0.0,
2021-03-11 14:00:02.590,1,0.4500073895118003,505.7080057617208,0.0,
2021-03-11 14:00:02.600,1,0.3470234660997325,500.33704046855,0.0,
2021-03-11 14:00:02.610,1,0.3157781302264098,503.2096864340031,0.0,
2021-03-11 14:00:02.620,1,0.4567754614561339,503.7710505615622,0.0,
2021-03-11 14:00:02.630,1,0.3386220501791077,500.9145757756343,0.0,
2021-03-11 14:00:02.640,1,0.4529509342451487,506.30696807361016,0.0,
2021-03-11 14:00:02.650,1,0.3248651983233107,500.09072456301607,0.0,
2021-03-11 14:00:02.660,1,0.3447190245398698,503.50269449290744,0.0,
2021-03-11 14:00:02.670,1,0.3210390292586179,508.4408000045442,0.0,
2021-03-11 14:00:02.680,1,0.3794527657676014,506.4627717684442,0.0,
2021-03-11 14:00:02.690,1,0.4362025913214918,503.7998278833553,0.0,
2021-03-11 14:00:02.700,1,0.3877897252736972,506.0112497731411,0.0,
2021-03-11 14:00:02.710,1,0.3267347451745898,505.2031481232349,0.0,
2021-03-11 14:00:02.720,1,0.3998616491641298,510.24187710104417,0.0,
2021-03-11 14:00:02.730,1,0.3899487025468119,503.7635030421131,0.0,
2021-03-11 14:00:02.740,1,0.3527507754693892,510.15424343126966,0.0,
2021-03-11 14:00:02.750,1,0.3981171128578424,506.7387248605475,0.0,
2021-03-11 14:00:02.760,1,0.3232206634210405,506.4032028656449,0.0,
2021-03-11 14:00:02.770,1,0.3474533597614399,505.04944220604403,0.0,
2021-03-11 14:00:02.780,1,0.4233616451309907,506.4246900445337,0.0,
2021-03-11 14:00:02.790,1,0.3862519613177491,510.2541697832671,0.0,
2021-03-11 14:00:02.800,1,0.3651843438343722,510.4939947527352,0.0,
2021-03-11 14:00:02.810,1,0.3131496849758819,509.4358486860694,0.0,
2021-03-11 14:00:02.820,1,0.3863971897526067,507.2480720946638,0.0,
2021-03-11 14:00:02.830,1,0.3899173578069388,511.1184732037764,0.0,
2021-03-11 14:00:02.840,1,0.4404319964222377,508.6259917920869,0.0,
2021-03-11 14:00:02.850,1,0.3204171709911069,510.59786559426817,0.0,
2021-03-11 14:00:02.860,1,0.3626286012617083,510.4106203892565,0.0,
2021-03-11 14:00:02.870,1,0.3996698530514033,507.9988122380539,0.0,
2021-03-11 14:00:02.880,1,0.329284478934859,511.1126470999153,0.0,
2021-03-11 14:00:02.890,1,0.3533741504739992,509.08332156129234,0.0,
2021-03-11 14:00:02.900,1,0.474904217064419,507.7281164129493,0.0,
2021-03-11 14:00:02.910,1,0.451971205182633,509.12604503937513,0.0,
2021-03-11 14:00:02.920,1,0.3526152425157293,509.06084631880935,0.0,
2021-03-11 14:00:02.930,1,0.4845556344917191,510.41564317991714,0.0,
2021-03-11 14:00:02.940,1,0.3609562102710678,509.2339788442607,0.0,
2021-03-11 14:00:02.950,1,0.3852233307618272,510.73027030719203,0.0,
2021-03-11 14:00:02.960,1,0.3792885377825733,504.2932574595699,0.0,
2021-03-11 14:00:02.970,1,0.3584209144085635,504.74967571099853,0.0,
2021-03-11 14:00:02.980,1,0.4087015692092998,509.614031632376,0.0,
2021-03-11 14:00:02.990,1,0.5136334963494492,509.9943993279685,0.0,
2021-03-11 14:00:03.000,1,0.5046348927136891,504.5358754394098,0.0,
2021-03-11 14:00:03.010,1,0.505423431051682,511.44723939035964,0.0,
2021-03-11 14:00:03.020,1,0.4371959733825838,504.0469381205159,0.0,
2021-03-11 14:00:03.030,1,0.4463237779531455,504.6485362128362,0.0,
2021-03-11 14:00:03.040,1,0.3990971277302628,499.7754521333612,0.0,
2021-03-11 14:00:03.050,1,0.5219050287296058,501.0795209376352,0.0,
2021-03-11 14:00:03.060,1,0.4690428245839528,499.1683927384167,0.0,
2021-03-11 14:00:03.070,1,0.5137034080972123,498.8332203836105,0.0,
2021-03-11 14:00:03.080,1,0.4440926394624128,501.2317637970653,0.0,
2021-03-11 14:00:03.090,1,0.4766904185109011,499.9240029057289,0.0,
2021-03-11 14:00:03.100,1,0.4534066737222569,493.43710760171217,0.0,
2021-03-11 14:00:03.110,1,0.5014139182246795,494.057176913845,0.0,
2021-03-11 14:00:03.120,1,0.3840646060389486,495.7995706424428,0.0,
2021-03-11 14:00:03.130,1,0.4358732055757663,497.17510069130884,0.0,
2021-03-11 14:00:03.140,1,0.4333301832784899,494.5757108856826,0.0,
2021-03-11 14:00:03.150,1,0.5226261462828854,492.7059735445668,0.0,
2021-03-11 14:00:03.160,1,0.4038014128421066,498.6096442105889,0.0,
2021-03-11 14:00:03.170,1,0.4377100540299615,492.5006845042608,0.0,
2021-03-11 14:00:03.180,1,0.4947012287992615,498.2668122223008,0.0,
2021-03-11 14:00:03.190,1,0.4296644696889962,491.13475721467535,0.0,
2021-03-11 14:00:03.200,1,0.4752732387919979,490.2531658587522,0.0,
2021-03-11 14:00:03.210,1,0.4962404670587885,492.31748977633566,0.0,
2021-03-11 14:00:03.220,1,0.5381083995277639,496.8838771200084,0.0,
2021-03-11 14:00:03.230,1,0.4484579771684371,493.30972513788726,0.0,
2021-03-11 14:00:03.240,1,0.4582142386125546,493.9433763707648,0.0,
2021-03-11 14:00:03.250,1,0.504495329419901,487.95433326921346,0.0,
2021-03-11 14:00:03.260,1,0.4284588163511832,491.50426927909416,0.0,
2021-03-11 14:00:03.270,1,0.5176202138311622,493.7782124973111,0.0,
2021-03-11 14:00:03.280,1,0.5397827939752636,491.4206339755616,0.0,
2021-03-11 14:00:03.290,1,0.4899798981051059,489.5578287832832,0.0,
2021-03-11 14:00:03.300,1,0.5386910353260229,489.9468499014772,0.0,
2021-03-11 14:00:03.310,1,0.4157293237253858,490.05771348364317,0.0,
2021-03-11 14:00:03.320,1,0.5219623625150578,493.5008508000217,0.0,
2021-03-11 14:00:03.330,1,0.4338843676167917,496.461131877315,0.0,
2021-03-11 14:00:03.340,1,0.556529765184856,490.700017212937,0.0,
2021-03-11 14:00:03.350,1,0.506871890640417,493.8930960487663,0.0,
2021-03-11 14:00:03.360,1,0.470572404941161,489.0170502633321,0.0,
2021-03-11 14:00:03.370,1,0.5188834325777578,495.15193957175654,0.0,
2021-03-11 14:00:03.380,1,0.4514227368699785,494.2142453778917,0.0,
2021-03-11 14:00:03.390,1,0.3913670793146945,493.97927143718283,0.0,
2021-03-11 14:00:03.400,1,0.4292269709904136,493.2599200321666,0.0,
2021-03-11 14:00:03.410,1,0.4734526476078701,495.26118171029816,0.0,
2021-03-11 14:00:03.420,1,0.4010380750735417,494.33576322439,0.0,
2021-03-11 14:00:03.430,1,0.52013052857653,492.0472473993855,0.0,
2021-03-11 14:00:03.440,1,0.47602763668076,492.06565098632086,0.0,
2021-03-11 14:00:03.450,1,0.4189201986056217,495.0725950629312,0.0,
2021-03-11 14:00:03.460,1,0.4917375332491435,496.8283844544368,0.0,
2021-03-11 14:00:03.470,1,0.468990216624678,497.407434198178,0.0,
2021-03-11 14:00:03.480,1,0.42384009352194,497.6605678391509,0.0,
2021-03-11 14:00:03.490,1,0.4384786430742029,493.8765219086534,0.0,
2021-03-11 14:00:03.500,1,0.3612219422823367,498.5449112227262,0.0,
2021-03-11 14:00:03.510,1,0.4925453858408836,496.02202965062116,0.0,
2021-03-11 14:00:03.520,1,0.4543698122451093,499.8053248350325,0.0,
2021-03-11 14:00:03.530,1,0.4488309960122406,500.5736246244887,0.0,
2021-03-11 14:00:03.540,1,0.4771990555196895,499.48336596886367,0.0,
2021-03-11 14:00:03.550,1,0.4574290322531418,496.5847399379358,0.0,
2021-03-11 14:00:03.560,1,0.3332286929509389,497.3571999443057,0.0,
2021-03-11 14:00:03.570,1,0.4838144196362129,499.89420976221237,0.0,
2021-03-11 14:00:03.580,1,0.3519806829621492,501.96018291294024,0.0,
2021-03-11 14:00:03.590,1,0.3716897344583651,494.74819206462837,0.0,
2021-03-11 14:00:03.600,1,0.4500479257810881,499.1770503243897,0.0,
2021-03-11 14:00:03.610,1,0.3638930969559039,497.7024459465069,0.0,
2021-03-11 14:00:03.620,1,0.3275894879507922,497.38994019721224,0.0,
2021-03-11 14:00:03.630,1,0.3713702021024646,497.9225164106134,0.0,
2021-03-11 14:00:03.640,1,0.3995700043243699,493.65342344925904,0.0,
2021-03-11 14:00:03.650,1,0.3323249993295243,496.0355271374318,0.0,
2021-03-11 14:00:03.660,1,0.4260180739119343,494.9691334421708,0.0,
2021-03-11 14:00:03.670,1,0.4544468944399963,497.382218249936,0.0,
2021-03-11 14:00:03.680,1,0.3332179240416103,499.2281639865847,0.0,
2021-03-11 14:00:03.690,1,0.3958980026539029,494.2370471160347,0.0,
2021-03-11 14:00:03.700,1,0.326672462647709,497.78234994625467,0.0,
2021-03-11 14:00:03.710,1,0.3799099987877398,494.12245226193033,0.0,
2021-03-11 14:00:03.720,1,0.4083050322420776,493.29116652911387,0.0,
2021-03-11 14:00:03.730,1,0.328712942264185,491.4406704705993,0.0,
2021-03-11 14:00:03.740,1,0.3300125579722632,494.1798755144693,0.0,
2021-03-11 14:00:03.750,1,0.4158681944852827,492.8670943715089,0.0,
2021-03-11 14:00:03.760,1,0.3638150730904559,485.762409737337,0.0,
2021-03-11 14:00:03.770,1,0.4750066112810994,492.41373137778913,0.0,
2021-03-11 14:00:03.780,1,0.3414504771233736,491.5777489753031,0.0,
2021-03-11 14:00:03.790,1,0.4595122445550205,492.34744400584435,0.0,
2021-03-11 14:00:03.800,1,0.3330037309545877,495.0077249410949,0.0,
2021-03-11 14:00:03.810,1,0.3694855899688459,489.6678461826925,0.0,
2021-03-11 14:00:03.820,1,0.4248935868670743,488.2398914302154,0.0,
2021-03-11 14:00:03.830,1,0.4429086777358924,492.6299140131733,0.0,
2021-03-11 14:00:03.840,1,0.3999613736383668,492.6666888569263,0.0,
2021-03-11 14:00:03.850,1,0.4711604756936101,493.5971868967728,0.0,
2021-03-11 14:00:03.860,1,0.3647740081445014,490.5748872018271,0.0,
2021-03-11 14:00:03.870,1,0.355624188322014,485.99960612010653,0.0,
2021-03-11 14:00:03.880,1,0.44628531415317296,493.745017092028,0.0,
2021-03-11 14:00:03.890,1,0.3919971738223007,489.22773597755753,0.0,
2021-03-11 14:00:03.900,1,0.4413859399878195,491.4961878135904,0.0,
2021-03-11 14:00:03.910,1,0.490200483734288,493.7787707603473,0.0,
2021-03-11 14:00:03.920,1,0.355622919277927,487.155394436361,0.0,
2021-03-11 14:00:03.930,1,0.4448074795946568,491.5655129402677,0.0,
2021-03-11 14:00:03.940,1,0.4428459458102938,489.4162764005657,0.0,
2021-03-11 14:00:03.950,1,0.3612367046410955,488.1184931540462,0.0,
2021-03-11 14:00:03.960,1,0.4226175428275633,495.4720523499234,0.0,
2021-03-11 14:00:03.970,1,0.4765361311014381,492.50608951839996,0.0,
2021-03-11 14:00:03.980,1,0.5049198776888268,492.72619082136725,0.0,
2021-03-11 14:00:03.990,1,0.4860019521373521,490.53425617120223,0.0,
2021-03-11 14:00:04.000,1,0.3644968260167953,489.1146186964822,0.0,
2021-03-11 14:00:04.010,1,0.374973806958614,497.1198400380568,0.0,
2021-03-11 14:00:04.020,1,0.4291692085172869,493.1349418627997,0.0,
2021-03-11 14:00:04.030,1,0.4575052405188561,495.26187081139983,0.0,
2021-03-11 14:00:04.040,1,0.4724192838474617,495.7556343170076,0.0,
2021-03-11 14:00:04.050,1,0.4293457460710407,496.96793110118745,0.0,
2021-03-11 14:00:04.060,1,0.4231504343144061,496.3849335885487,0.0,
2021-03-11 14:00:04.070,1,0.4969696884958319,495.22858262541314,0.0,
2021-03-11 14:00:04.080,1,0.4821594902524732,494.09180690920965,0.0,
2021-03-11 14:00:04.090,1,0.497525271754509,495.26708373274164,0.0,
2021-03-11 14:00:04.100,1,0.5245850625973606,500.5678638025946,0.0,
2021-03-11 14:00:04.110,1,0.4124202596843148,498.22868338576063,0.0,
2021-03-11 14:00:04.120,1,0.4991201129666032,500.4920794590346,0.0,
2021-03-11 14:00:04.130,1,0.4266793652077499,502.59000833603835,0.0,
2021-03-11 14:00:04.140,1,0.5058424876619518,499.25867432743684,0.0,
2021-03-11 14:00:04.150,1,0.4589484316526182,499.9985327126952,0.0,
2021-03-11 14:00:04.160,1,0.3964613360099169,504.9809111131354,0.0,
2021-03-11 14:00:04.170,1,0.439934735452858,500.99368696027875,0.0,
2021-03-11 14:00:04.180,1,0.5007788398011167,499.35868684577554,0.0,
2021-03-11 14:00:04.190,1,0.4347324282516625,506.6581468500175,0.0,
2021-03-11 14:00:04.200,1,0.5291384880326386,501.04210271252435,0.0,
2021-03-11 14:00:04.210,1,0.5169784296294401,506.1083751278457,0.0,
2021-03-11 14:00:04.220,1,0.4299899327413972,505.84974664733437,0.0,
2021-03-11 14:00:04.230,1,0.3855011872508311,503.96562424672,0.0,
2021-03-11 14:00:04.240,1,0.389510361603781,505.451640285511,0.0,
2021-03-11 14:00:04.250,1,0.498941398189391,505.31177976732766,0.0,
2021-03-11 14:00:04.260,1,0.4602482621484738,507.6993929141227,0.0,
2021-03-11 14:00:04.270,1,0.5282198831891023,502.3687894403333,0.0,
2021-03-11 14:00:04.280,1,0.4392694886406865,501.910993375512,0.0,
2021-03-11 14:00:04.290,1,0.3738713322681632,503.12780656162056,0.0,
2021-03-11 14:00:04.300,1,0.4020148322453649,501.100097586384,0.0,
2021-03-11 14:00:04.310,1,0.3753343927024102,501.7487457719516,0.0,
2021-03-11 14:00:04.320,1,0.4234994987875067,503.8671277625892,0.0,
2021-03-11 14:00:04.330,1,0.4717658981091274,508.52760609573164,0.0,
2021-03-11 14:00:04.340,1,0.4887294132683756,499.7814210751172,0.0,
2021-03-11 14:00:04.350,1,0.4036254017269673,504.9979924737201,0.0,
2021-03-11 14:00:04.360,1,0.3521239821599559,506.3572429635552,0.0,
2021-03-11 14:00:04.370,1,0.3874777875020402,499.4407711199653,0.0,
2021-03-11 14:00:04.380,1,0.4016964897983289,497.6303856842708,0.0,
2021-03-11 14:00:04.390,1,0.3288233784387623,500.2615868587995,0.0,
2021-03-11 14:00:04.400,1,0.4306806891055473,499.3224725946251,0.0,
2021-03-11 14:00:04.410,1,0.4145017787867103,504.3953793140536,0.0,
2021-03-11 14:00:04.420,1,0.3284892533991453,500.4175241434823,0.0,
2021-03-11 14:00:04.430,1,0.3952130022211053,499.1680977135665,0.0,
2021-03-11 14:00:04.440,1,0.357588643580014,501.3465044124025,0.0,
2021-03-11 14:00:04.450,1,0.4023971661399274,497.4004114340581,0.0,
2021-03-11 14:00:04.460,1,0.3468366660857856,503.43029578061476,0.0,
2021-03-11 14:00:04.470,1,0.4602591854817872,500.5325253809508,0.0,
2021-03-11 14:00:04.480,1,0.4572432114554947,498.8079173618679,0.0,
2021-03-11 14:00:04.490,1,0.3189729961979533,501.3319895476702,0.0,
2021-03-11 14:00:04.500,1,0.3738288821128099,494.8899123900889,0.0,
2021-03-11 14:00:04.510,1,0.3182963745548894,497.86913673164537,0.0,
2021-03-11 14:00:04.520,1,0.3610251938368788,494.32603221471254,0.0,
2021-03-11 14:00:04.530,1,0.385052644712724,496.76598981151085,0.0,
2021-03-11 14:00:04.540,1,0.3960526769161107,495.3201747741903,0.0,
2021-03-11 14:00:04.550,1,0.3472689014246014,498.36999383492406,0.0,
2021-03-11 14:00:04.560,1,0.2873522797837797,495.62755258258096,0.0,
2021-03-11 14:00:04.570,1,0.3490606170266022,496.09727987244173,0.0,
2021-03-11 14:00:04.580,1,0.4113294517282742,501.4714331205678,0.0,
2021-03-11 14:00:04.590,1,0.3157629304706265,496.72957824043374,0.0,
2021-03-11 14:00:04.600,1,0.2857092446462362,494.27503566087347,0.0,
2021-03-11 14:00:04.610,1,0.3880023968466802,500.03268658603065,0.0,
2021-03-11 14:00:04.620,1,0.417137162258296,496.6439662553301,0.0,
2021-03-11 14:00:04.630,1,0.2962596174024556,495.1077009680239,0.0,
2021-03-11 14:00:04.640,1,0.2945968078604008,498.47033889446425,0.0,
2021-03-11 14:00:04.650,1,0.2778881882509665,493.53365829415367,0.0,
2021-03-11 14:00:04.660,1,0.4020610673210056,494.92356451907517,0.0,
2021-03-11 14:00:04.670,1,0.3696928728672632,497.1737597196748,0.0,
2021-03-11 14:00:04.680,1,0.3525181405422949,502.0506922201038,0.0,
2021-03-11 14:00:04.690,1,0.3557641825978277,497.24175313667837,0.0,
2021-03-11 14:00:04.700,1,0.385236716356796,497.8073969273224,0.0,
2021-03-11 14:00:04.710,1,0.3692036852642852,501.01211640372117,0.0,
2021-03-11 14:00:04.720,1,0.3646935585318503,497.9210440544193,0.0,
2021-03-11 14:00:04.730,1,0.3290234191846973,503.32769257868216,0.0,
2021-03-11 14:00:04.740,1,0.3742061943343081,498.971274907353,0.0,
2021-03-11 14:00:04.750,1,0.2715263411641187,505.66026944340877,0.0,
2021-03-11 14:00:04.760,1,0.3692559857455106,504.8185541134837,0.0,
2021-03-11 14:00:04.770,1,0.3229448789123459,503.7680814167709,0.0,
2021-03-11 14:00:04.780,1,0.3316889989148733,503.01246433147,0.0,
2021-03-11 14:00:04.790,1,0.3787992814966043,503.6912486138149,0.0,
2021-03-11 14:00:04.800,1,0.3044018471621738,502.5833166036544,0.0,
2021-03-11 14:00:04.810,1,0.3383679959886587,503.666682971143,0.0,
2021-03-11 14:00:04.820,1,0.30951258315623403,500.7962777428519,0.0,
2021-03-11 14:00:04.830,1,0.3428667137308571,497.235069984779,0.0,
2021-03-11 14:00:04.840,1,0.3436671218932421,499.7077922739172,0.0,
2021-03-11 14:00:04.850,1,0.3792678825206427,504.9844499185388,0.0,
2021-03-11 14:00:04.860,1,0.2662339412723583,503.8291302334242,0.0,
2021-03-11 14:00:04.870,1,0.3732445163047196,503.3277819518915,0.0,
2021-03-11 14:00:04.880,1,0.3421941411093499,507.6873259029262,0.0,
2021-03-11 14:00:04.890,1,0.3196141404242552,507.8084215153044,0.0,
2021-03-11 14:00:04.900,1,0.3982259026613555,508.02756541523513,0.0,
2021-03-11 14:00:04.910,1,0.3336666653467424,504.94128240128083,0.0,
2021-03-11 14:00:04.920,1,0.2865059688254128,502.7256445864911,0.0,
2021-03-11 14:00:04.930,1,0.2951951540505839,505.945868717324,0.0,
2021-03-11 14:00:04.940,1,0.4038572232611861,504.896862046172,0.0,
2021-03-11 14:00:04.950,1,0.2981146793197112,505.26977561271116,0.0,
2021-03-11 14:00:04.960,1,0.3208629982493753,502.9984058607029,0.0,
2021-03-11 14:00:04.970,1,0.3440073544651526,510.3953157427169,0.0,
2021-03-11 14:00:04.980,1,0.39946888588125,499.22050574142077,0.0,
2021-03-11 14:00:04.990,1,0.4118650595654394,502.82836413451867,0.0,
2021-03-11 14:00:05.000,1,0.4482176854214965,505.46518899923126,0.0,
2021-03-11 14:00:05.010,1,0.3770454259719035,500.4041893218394,0.0,
2021-03-11 14:00:05.020,1,0.3291516996111452,498.49325872840217,0.0,
2021-03-11 14:00:05.030,1,0.4288717275212315,498.939519654778,0.0,
2021-03-11 14:00:05.040,1,0.4506681876616353,501.04148316538107,0.0,
2021-03-11 14:00:05.050,1,0.4341584096963378,499.1203870754457,0.0,
2021-03-11 14:00:05.060,1,0.3941926066361129,502.1370232539744,0.0,
2021-03-11 14:00:05.070,1,0.4159096681006378,496.2159795130346,0.0,
2021-03-11 14:00:05.080,1,0.332494168910344,500.6161189902085,0.0,
2021-03-11 14:00:05.090,1,0.4552084437517849,499.3942085535234,0.0,
2021-03-11 14:00:05.100,1,0.4079320344880641,501.4119819425799,0.0,
2021-03-11 14:00:05.110,1,0.3371741724369306,499.6897018353293,0.0,
2021-03-11 14:00:05.120,1,0.4001330989901977,498.2200689998362,0.0,
2021-03-11 14:00:05.130,1,0.3384309652862285,496.20048934080796,0.0,
2021-03-11 14:00:05.140,1,0.3941632606306569,493.74780348897315,0.0,
2021-03-11 14:00:05.150,1,0.3346963366792858,497.2468565682872,0.0,
2021-03-11 14:00:05.160,1,0.3744592434610271,495.8928194944257,0.0,
2021-03-11 14:00:05.170,1,0.471828102888698,494.7882143412649,0.0,
2021-03-11 14:00:05.180,1,0.3693998785187907,494.66902983951735,0.0,
2021-03-11 14:00:05.190,1,0.3578592061797716,493.25832426718256,0.0,
2021-03-11 14:00:05.200,1,0.4043897055898539,494.4123361302081,0.0,
2021-03-11 14:00:05.210,1,0.4126148875391927,493.13277216733803,0.0,
2021-03-11 14:00:05.220,1,0.4297704525524472,489.9464901612459,0.0,
2021-03-11 14:00:05.230,1,0.4655365013276019,493.3401323104628,0.0,
2021-03-11 14:00:05.240,1,0.448346109020784,491.7862202590612,0.0,
2021-03-11 14:00:05.250,1,0.3737558506813624,492.07699242301857,0.0,
2021-03-11 14:00:05.260,1,0.3826761654770465,493.4259338563218,0.0,
2021-03-11 14:00:05.270,1,0.3386814943905047,489.63402743465866,0.0,
2021-03-11 14:00:05.280,1,0.3795473507657307,492.3640263993402,0.0,
2021-03-11 14:00:05.290,1,0.4469765174791839,495.9894841073414,0.0,
2021-03-11 14:00:05.300,1,0.4054600351362596,490.2234727674123,0.0,
2021-03-11 14:00:05.310,1,0.4284174378017275,490.4309164688269,0.0,
2021-03-11 14:00:05.320,1,0.4155508566995117,491.05042882805685,0.0,
2021-03-11 14:00:05.330,1,0.4494519706105011,490.2501297101858,0.0,
2021-03-11 14:00:05.340,1,0.466367707954692,494.10962998711074,0.0,
2021-03-11 14:00:05.350,1,0.4824846633644719,492.6872579357543,0.0,
2021-03-11 14:00:05.360,1,0.4183900158779258,493.58875780570986,0.0,
2021-03-11 14:00:05.370,1,0.4287376908684044,491.9708488839283,0.0,
2021-03-11 14:00:05.380,1,0.4376420193018762,491.3049148542925,0.0,
2021-03-11 14:00:05.390,1,0.3297352753787745,491.76750766770897,0.0,
2021-03-11 14:00:05.400,1,0.4746942067321188,491.2571197747493,0.0,
2021-03-11 14:00:05.410,1,0.4380871992652602,492.89809932824966,0.0,
2021-03-11 14:00:05.420,1,0.3273829700145004,495.9385283614206,0.0,
2021-03-11 14:00:05.430,1,0.4302263301410341,496.79739709495385,0.0,
2021-03-11 14:00:05.440,1,0.3446113453894167,499.03344432237395,0.0,
2021-03-11 14:00:05.450,1,0.4324081150967484,491.9926595525545,0.0,
2021-03-11 14:00:05.460,1,0.44689524255704105,491.03645202454766,0.0,
2021-03-11 14:00:05.470,1,0.3831154680796363,495.54224825639113,0.0,
2021-03-11 14:00:05.480,1,0.4453876578625113,498.43318362392546,0.0,
2021-03-11 14:00:05.490,1,0.3699205412686895,498.02102298507003,0.0,
2021-03-11 14:00:05.500,1,0.4000485903332891,491.41079173376863,0.0,
2021-03-11 14:00:05.510,1,0.3638379138877137,496.98713475148696,0.0,
2021-03-11 14:00:05.520,1,0.4431433842812994,498.77648116940895,0.0,
2021-03-11 14:00:05.530,1,0.3394043197533936,498.3634429864283,0.0,
2021-03-11 14:00:05.540,1,0.3598949240369166,497.7249155663402,0.0,
2021-03-11 14:00:05.550,1,0.3999194535353985,497.24011846578566,0.0,
2021-03-11 14:00:05.560,1,0.3917818814884121,499.7932693268477,0.0,
2021-03-11 14:00:05.570,1,0.3840519793106705,499.18119712014084,0.0,
2021-03-11 14:00:05.580,1,0.3041652907650983,499.964445847629,0.0,
2021-03-11 14:00:05.590,1,0.4040661706597722,496.5585829367791,0.0,
2021-03-11 14:00:05.600,1,0.3803177028710693,499.58809067986084,0.0,
2021-03-11 14:00:05.610,1,0.2914698456616698,502.96432996258835,0.0,
2021-03-11 14:00:05.620,1,0.3913045888364166,503.9788184437378,0.0,
2021-03-11 14:00:05.630,1,0.4313298660918201,497.7460769317347,0.0,
2021-03-11 14:00:05.640,1,0.3859747693664823,496.1269989925213,0.0,
2021-03-11 14:00:05.650,1,0.3790582034554858,496.284632808916,0.0,
2021-03-11 14:00:05.660,1,0.3281951691586512,503.1145781068275,0.0,
2021-03-11 14:00:05.670,1,0.3484083526140528,493.56871372789817,0.0,
2021-03-11 14:00:05.680,1,0.3839484736312248,495.5866107021108,0.0,
2021-03-11 14:00:05.690,1,0.2983245592379193,499.5625853135718,0.0,
2021-03-11 14:00:05.700,1,0.3568221376230751,498.84396422398436,0.0,
2021-03-11 14:00:05.710,1,0.3392613872398559,500.2259604652213,0.0,
2021-03-11 14:00:05.720,1,0.3655732962286331,497.8163114990079,0.0,
2021-03-11 14:00:05.730,1,0.3396941815842164,495.6496910567735,0.0,
2021-03-11 14:00:05.740,1,0.3510119148596251,499.5446794351123,0.0,
2021-03-11 14:00:05.750,1,0.343653437158503,497.27161892755686,0.0,
2021-03-11 14:00:05.760,1,0.4410147935846239,500.4629229359957,0.0,
2021-03-11 14:00:05.770,1,0.4507665053560164,494.07415054068605,0.0,
2021-03-11 14:00:05.780,1,0.3980108245431396,495.69273163856764,0.0,
2021-03-11 14:00:05.790,1,0.3500259408577287,496.60822985429496,0.0,
2021-03-11 14:00:05.800,1,0.4248563396734871,491.19432348207283,0.0,
2021-03-11 14:00:05.810,1,0.4356547546825846,493.3277257683909,0.0,
2021-03-11 14:00:05.820,1,0.3920983167564167,494.5746238616693,0.0,
2021-03-11 14:00:05.830,1,0.3815243817965882,491.9275316238492,0.0,
2021-03-11 14:00:05.840,1,0.4198364569674623,493.7326892110738,0.0,
2021-03-11 14:00:05.850,1,0.4672482313076136,496.52087514386,0.0,
2021-03-11 14:00:05.860,1,0.3756195187347708,497.4319804232836,0.0,
2021-03-11 14:00:05.870,1,0.3644518061376499,489.7689967808306,0.0,
2021-03-11 14:00:05.880,1,0.4658765189455503,496.0672949128751,0.0,
2021-03-11 14:00:05.890,1,0.4021785080090365,494.27068503275916,0.0,
2021-03-11 14:00:05.900,1,0.4278628613816892,488.43715654897636,0.0,
2021-03-11 14:00:05.910,1,0.409559312571096,491.2611594543149,0.0,
2021-03-11 14:00:05.920,1,0.3953351595088944,490.1760190324068,0.0,
2021-03-11 14:00:05.930,1,0.3812769540012809,494.2835230031847,0.0,
2021-03-11 14:00:05.940,1,0.4488132900483904,492.44944009031036,0.0,
2021-03-11 14:00:05.950,1,0.4446719575185631,495.7371082434013,0.0,
2021-03-11 14:00:05.960,1,0.5186488368675776,491.55773696915236,0.0,
2021-03-11 14:00:05.970,1,0.5014392085717599,496.9703253453608,0.0,
2021-03-11 14:00:05.980,1,0.4574552663749321,494.8008478327262,0.0,
2021-03-11 14:00:05.990,1,0.4278655716330483,496.4271103449916,0.0,
2021-03-11 14:00:06.000,1,0.4594008013241602,495.11941349267687,0.0,
2021-03-11 14:00:06.010,1,0.3952639267302442,496.1960748689283,0.0,
2021-03-11 14:00:06.020,1,0.4255952552974305,499.3924487133936,0.0,
2021-03-11 14:00:06.030,1,0.4930584699600117,500.7687942110054,0.0,
2021-03-11 14:00:06.040,1,0.5065557779198171,493.9462871769737,0.0,
2021-03-11 14:00:06.050,1,0.5036853988333884,495.2463403534574,0.0,
2021-03-11 14:00:06.060,1,0.5080461386522804,498.8498296453182,0.0,
2021-03-11 14:00:06.070,1,0.5480387356584981,497.8895263621498,0.0,
2021-03-11 14:00:06.080,1,0.4513706155362477,500.31529752469635,0.0,
2021-03-11 14:00:06.090,1,0.4742377553454956,499.8912396561171,0.0,
2021-03-11 14:00:06.100,1,0.3998246622856838,502.0828351529113,0.0,
2021-03-11 14:00:06.110,1,0.4347401805551174,502.7857316339748,0.0,
2021-03-11 14:00:06.120,1,0.4584882826926374,500.530755020852,0.0,
2021-03-11 14:00:06.130,1,0.5824049706319555,501.27343393414435,0.0,
2021-03-11 14:00:06.140,1,0.5411208638950438,499.431265308955,0.0,
2021-03-11 14:00:06.150,1,0.5143682436769046,503.3878364995648,0.0,
2021-03-11 14:00:06.160,1,0.5221924894338716,505.480057379616,0.0,
2021-03-11 14:00:06.170,1,0.4869489242351197,506.63890921795263,0.0,
2021-03-11 14:00:06.180,1,0.5064097479262154,504.36599984531716,0.0,
2021-03-11 14:00:06.190,1,0.5209171802175583,506.2834338435248,0.0,
2021-03-11 14:00:06.200,1,0.5464683098338774,501.2737028690272,0.0,
2021-03-11 14:00:06.210,1,0.5598846477260587,509.7914450471211,0.0,
2021-03-11 14:00:06.220,1,0.5535501082203058,506.11611327784783,0.0,
2021-03-11 14:00:06.230,1,0.4712990149661648,506.1816384147807,0.0,
2021-03-11 14:00:06.240,1,0.5920954050542243,508.6116924350393,0.0,
2021-03-11 14:00:06.250,1,0.4822578640753234,508.18401805237363,0.0,
2021-03-11 14:00:06.260,1,0.5247056277225276,507.24166170557953,0.0,
2021-03-11 14:00:06.270,1,0.45008669797855294,505.2714354408181,0.0,
2021-03-11 14:00:06.280,1,0.5181450491616171,510.04055309911735,0.0,
2021-03-11 14:00:06.290,1,0.4146326416123052,510.5080253378941,0.0,
2021-03-11 14:00:06.300,1,0.3915019871594116,507.9249746433001,0.0,
2021-03-11 14:00:06.310,1,0.5815802588486104,510.704644359156,0.0,
2021-03-11 14:00:06.320,1,0.5561319232014368,508.04943319979964,0.0,
2021-03-11 14:00:06.330,1,0.5125836298452832,509.45504601303116,0.0,
2021-03-11 14:00:06.340,1,0.5026795416693933,508.6163442844001,0.0,
2021-03-11 14:00:06.350,1,0.4022832005112893,506.7234219537745,0.0,
2021-03-11 14:00:06.360,1,0.421703511748105,506.68239867024295,0.0,
2021-03-11 14:00:06.370,1,0.4798328520147188,508.95464892397626,0.0,
2021-03-11 14:00:06.380,1,0.5570819999462958,507.5427982518646,0.0,
2021-03-11 14:00:06.390,1,0.4493158657297043,510.9509679166171,0.0,
2021-03-11 14:00:06.400,1,0.4281267829590121,505.90863635717676,0.0,
2021-03-11 14:00:06.410,1,0.4629623525370843,507.4774613797296,0.0,
2021-03-11 14:00:06.420,1,0.3917839880332922,509.4973960726784,0.0,
2021-03-11 14:00:06.430,1,0.4433356038245487,505.15737733820083,0.0,
2021-03-11 14:00:06.440,1,0.4897463661782311,507.9274958647866,0.0,
2021-03-11 14:00:06.450,1,0.5490908745068271,507.14138639866286,0.0,
2021-03-11 14:00:06.460,1,0.5094569879613495,503.3484490754313,0.0,
2021-03-11 14:00:06.470,1,0.4537777831079658,503.2259362761956,0.0,
2021-03-11 14:00:06.480,1,0.3984989299524052,507.2372722078785,0.0,
2021-03-11 14:00:06.490,1,0.4198569564964106,502.49362002471884,0.0,
2021-03-11 14:00:06.500,1,0.3982306882416911,505.82826480236236,0.0,
2021-03-11 14:00:06.510,1,0.5017374151108431,503.78114146259554,0.0,
2021-03-11 14:00:06.520,1,0.4730584077817225,503.00855907478285,0.0,
2021-03-11 14:00:06.530,1,0.4302340261754345,502.5291917765956,0.0,
2021-03-11 14:00:06.540,1,0.4371301619258451,502.1906530619548,0.0,
2021-03-11 14:00:06.550,1,0.4265950879440645,502.1543319628102,0.0,
2021-03-11 14:00:06.560,1,0.4199927294133298,499.8117457767047,0.0,
2021-03-11 14:00:06.570,1,0.5164600062631052,500.2434524380975,0.0,
2021-03-11 14:00:06.580,1,0.3544052506297112,504.3406964258383,0.0,
2021-03-11 14:00:06.590,1,0.5066857764748623,503.2197968222946,0.0,
2021-03-11 14:00:06.600,1,0.419059048247969,504.3852150208393,0.0,
2021-03-11 14:00:06.610,1,0.35838806421676,503.22892588080117,0.0,
2021-03-11 14:00:06.620,1,0.492671793275575,499.55727711830843,0.0,
2021-03-11 14:00:06.630,1,0.3646801238444172,501.267847736177,0.0,
2021-03-11 14:00:06.640,1,0.4686437695418171,503.2062640145315,0.0,
2021-03-11 14:00:06.650,1,0.3899468415019709,500.8610781904928,0.0,
2021-03-11 14:00:06.660,1,0.4628689972140756,504.0788429997775,0.0,
2021-03-11 14:00:06.670,1,0.3697898564526198,498.7235490481437,0.0,
2021-03-11 14:00:06.680,1,0.4302668213221584,501.0558774981608,0.0,
2021-03-11 14:00:06.690,1,0.424971209206217,500.73767153802453,0.0,
2021-03-11 14:00:06.700,1,0.4717972878307224,499.3421847812335,0.0,
2021-03-11 14:00:06.710,1,0.3863453028471141,499.59282272513434,0.0,
2021-03-11 14:00:06.720,1,0.3676543300373945,499.93494919688857,0.0,
2021-03-11 14:00:06.730,1,0.4433616844138985,503.35183900568063,0.0,
2021-03-11 14:00:06.740,1,0.4057562892166421,504.2552333122992,0.0,
2021-03-11 14:00:06.750,1,0.4361832965242763,502.8934475669676,0.0,
2021-03-11 14:00:06.760,1,0.4017131461671978,501.36174443155363,0.0,
2021-03-11 14:00:06.770,1,0.4175165258642351,501.7526447383012,0.0,
2021-03-11 14:00:06.780,1,0.4676228292372135,501.5297374070546,0.0,
2021-03-11 14:00:06.790,1,0.4101196657830662,502.5514990061346,0.0,
2021-03-11 14:00:06.800,1,0.4549406403623621,505.5418217195588,0.0,
2021-03-11 14:00:06.810,1,0.4603305480153729,508.0794671333863,0.0,
2021-03-11 14:00:06.820,1,0.4077845554293659,508.24078725116135,0.0,
2021-03-11 14:00:06.830,1,0.4857507650370102,504.4598320512873,0.0,
2021-03-11 14:00:06.840,1,0.3819458087389648,503.8987181970472,0.0,
2021-03-11 14:00:06.850,1,0.4400401134970985,504.3501064082456,0.0,
2021-03-11 14:00:06.860,1,0.3783376265686466,503.56495561194015,0.0,
2021-03-11 14:00:06.870,1,0.4009425006979387,506.10018553535866,0.0,
2021-03-11 14:00:06.880,1,0.4290740682144937,508.7218222940492,0.0,
2021-03-11 14:00:06.890,1,0.4768060829237916,506.6770481449897,0.0,
2021-03-11 14:00:06.900,1,0.3674232531188246,510.16479945468905,0.0,
2021-03-11 14:00:06.910,1,0.3757735111807776,505.6368090711625,0.0,
2021-03-11 14:00:06.920,1,0.5111869430076826,508.3051011214498,0.0,
2021-03-11 14:00:06.930,1,0.4794950523708735,509.6690610890689,0.0,
2021-03-11 14:00:06.940,1,0.4845195286059154,505.09353355378835,0.0,
2021-03-11 14:00:06.950,1,0.3827459376147618,505.4236452014769,0.0,
2021-03-11 14:00:06.960,1,0.4540152911023463,508.5276472082544,0.0,
2021-03-11 14:00:06.970,1,0.4558848891728643,509.2146038069858,0.0,
2021-03-11 14:00:06.980,1,0.5154772170852477,503.1786571641104,0.0,
2021-03-11 14:00:06.990,1,0.4572725323515514,506.7528934713565,0.0,
2021-03-11 14:00:07.000,1,0.4114214555032534,502.7862090282592,0.0,
2021-03-11 14:00:07.010,1,0.4045610897959357,504.8287493326245,0.0,
2021-03-11 14:00:07.020,1,0.5402892165113398,507.3071891430281,0.0,
2021-03-11 14:00:07.030,1,0.3914311061042869,502.05520374535234,0.0,
2021-03-11 14:00:07.040,1,0.3744223551067457,502.4801348357566,0.0,
2021-03-11 14:00:07.050,1,0.4364475363791886,501.91269049106285,0.0,
2021-03-11 14:00:07.060,1,0.3766379581098856,504.5119486562659,0.0,
2021-03-11 14:00:07.070,1,0.4488899278482258,503.4510818571961,0.0,
2021-03-11 14:00:07.080,1,0.5558470508649851,501.44552856275664,0.0,
2021-03-11 14:00:07.090,1,0.4006400740815819,505.4986737225783,0.0,
2021-03-11 14:00:07.100,1,0.4515078341758856,500.4140436481964,0.0,
2021-03-11 14:00:07.110,1,0.4609925975306583,500.2389333411252,0.0,
2021-03-11 14:00:07.120,1,0.4030056237017519,495.7282693943934,0.0,
2021-03-11 14:00:07.130,1,0.4106322917968135,497.8971929104125,0.0,
2021-03-11 14:00:07.140,1,0.5259558234841327,498.0590548116163,0.0,
2021-03-11 14:00:07.150,1,0.4215939401065761,499.54561083287916,0.0,
2021-03-11 14:00:07.160,1,0.3907328947800721,494.62455853607713,0.0,
2021-03-11 14:00:07.170,1,0.4132116457185434,498.97510086,0.0,
2021-03-11 14:00:07.180,1,0.4831797351759024,493.69165056619096,0.0,
2021-03-11 14:00:07.190,1,0.4871949278405554,498.9029601688953,0.0,
2021-03-11 14:00:07.200,1,0.5475148694636652,494.61013683908396,0.0,
2021-03-11 14:00:07.210,1,0.4821086864817762,489.3809662297713,0.0,
2021-03-11 14:00:07.220,1,0.4807472850946324,495.4443474163217,0.0,
2021-03-11 14:00:07.230,1,0.5100715340802932,486.8435761597908,0.0,
2021-03-11 14:00:07.240,1,0.3649243999342682,494.79400718364593,0.0,
2021-03-11 14:00:07.250,1,0.3759779048432215,487.5624494424405,0.0,
2021-03-11 14:00:07.260,1,0.4393315306079044,493.1650192530109,0.0,
2021-03-11 14:00:07.270,1,0.354503718258664,491.5340076539856,0.0,
2021-03-11 14:00:07.280,1,0.4104147394620884,492.9948641987612,0.0,
2021-03-11 14:00:07.290,1,0.4219351218249219,489.936704141985,0.0,
2021-03-11 14:00:07.300,1,0.4344168207687666,487.0791578531818,0.0,
2021-03-11 14:00:07.310,1,0.4029192905884923,490.96528614025283,0.0,
2021-03-11 14:00:07.320,1,0.483946088632375,493.0339316058208,0.0,
2021-03-11 14:00:07.330,1,0.3687252462314364,493.0562349051596,0.0,
2021-03-11 14:00:07.340,1,0.4236413887599088,492.5417774788141,0.0,
2021-03-11 14:00:07.350,1,0.4249600630329629,495.8191093909813,0.0,
2021-03-11 14:00:07.360,1,0.377949625291476,488.6298003579861,0.0,
2021-03-11 14:00:07.370,1,0.4658111380089668,488.3842662653324,0.0,
2021-03-11 14:00:07.380,1,0.3568454371419275,485.9686048563248,0.0,
2021-03-11 14:00:07.390,1,0.4316618787298392,487.752415477966,0.0,
2021-03-11 14:00:07.400,1,0.4219319461522757,488.06978425750464,0.0,
2021-03-11 14:00:07.410,1,0.4586081247817143,491.5350631221466,0.0,
2021-03-11 14:00:07.420,1,0.3584521984801154,491.464911619954,0.0,
2021-03-11 14:00:07.430,1,0.3555188809697155,488.95291741533,0.0,
2021-03-11 14:00:07.440,1,0.4053361858239203,489.5672760958968,0.0,
2021-03-11 14:00:07.450,1,0.4384727056335332,496.8377655639257,0.0,
2021-03-11 14:00:07.460,1,0.2985198970406538,493.5166829685055,0.0,
2021-03-11 14:00:07.470,1,0.441797818198379,492.0807665325039,0.0,
2021-03-11 14:00:07.480,1,0.3717390257917791,497.86971542296766,0.0,
2021-03-11 14:00:07.490,1,0.3523701363243502,494.0148984418324,0.0,
2021-03-11 14:00:07.500,1,0.4290974485403371,491.10903377708337,0.0,
2021-03-11 14:00:07.510,1,0.4049644971756773,497.2750873540985,0.0,
2021-03-11 14:00:07.520,1,0.3845811553990906,497.4052257546109,0.0,
2021-03-11 14:00:07.530,1,0.3322795018646525,495.1110504863569,0.0,
2021-03-11 14:00:07.540,1,0.3817572496259278,494.9168015931112,0.0,
2021-03-11 14:00:07.550,1,0.421003929272736,499.26562409980863,0.0,
2021-03-11 14:00:07.560,1,0.4004863940196128,499.53651801218734,0.0,
2021-03-11 14:00:07.570,1,0.3583305228974013,495.9112882945165,0.0,
2021-03-11 14:00:07.580,1,0.3636666543576284,497.7020620454936,0.0,
2021-03-11 14:00:07.590,1,0.3067988777315386,498.6595893201153,0.0,
2021-03-11 14:00:07.600,1,0.3781451288014108,496.8800898317577,0.0,
2021-03-11 14:00:07.610,1,0.3753665731291823,502.9712640649032,0.0,
2021-03-11 14:00:07.620,1,0.3927976427775173,498.81462455668685,0.0,
2021-03-11 14:00:07.630,1,0.3217496191255402,495.2858951710488,0.0,
2021-03-11 14:00:07.640,1,0.3890474414750127,497.9563470238946,0.0,
2021-03-11 14:00:07.650,1,0.2764072866547662,496.7062535650708,0.0,
2021-03-11 14:00:07.660,1,0.3889324505083723,497.73140779070405,0.0,
2021-03-11 14:00:07.670,1,0.3643756567669079,491.6925888328532,0.0,
2021-03-11 14:00:07.680,1,0.3566061937978025,492.839049738681,0.0,
2021-03-11 14:00:07.690,1,0.2819915107990654,498.97936474036914,0.0,
2021-03-11 14:00:07.700,1,0.3702219658843256,495.2974477423104,0.0,
2021-03-11 14:00:07.710,1,0.2937399891593951,492.3518240808351,0.0,
2021-03-11 14:00:07.720,1,0.3567942606207696,494.5041949806705,0.0,
2021-03-11 14:00:07.730,1,0.2983671419324701,495.34705463513427,0.0,
2021-03-11 14:00:07.740,1,0.3760852043937928,496.26851116691324,0.0,
2021-03-11 14:00:07.750,1,0.3104340675268757,490.4500501039344,0.0,
2021-03-11 14:00:07.760,1,0.3588911901960336,493.8793960540017,0.0,
2021-03-11 14:00:07.770,1,0.3191461847779654,490.6954215113543,0.0,
2021-03-11 14:00:07.780,1,0.2670765190659956,493.3118907683177,0.0,
2021-03-11 14:00:07.790,1,0.3233024985435038,491.9976180720675,0.0,
2021-03-11 14:00:07.800,1,0.2775058344492036,491.73152612642053,0.0,
2021-03-11 14:00:07.810,1,0.2809144845582918,494.9089825061277,0.0,
2021-03-11 14:00:07.820,1,0.2761830161737034,495.2818019216121,0.0,
2021-03-11 14:00:07.830,1,0.2552735666869983,493.62923820937203,0.0,
2021-03-11 14:00:07.840,1,0.3201976389636707,492.3730253328786,0.0,
2021-03-11 14:00:07.850,1,0.2876227349608399,489.6050143589028,0.0,
2021-03-11 14:00:07.860,1,0.3029482068749628,490.9636358962964,0.0,
2021-03-11 14:00:07.870,1,0.3129035589659045,489.4199979982306,0.0,
2021-03-11 14:00:07.880,1,0.3904079776180385,490.1913239838185,0.0,
2021-03-11 14:00:07.890,1,0.3118702872604302,493.09671930491777,0.0,
2021-03-11 14:00:07.900,1,0.3453797323025212,492.27793746042084,0.0,
2021-03-11 14:00:07.910,1,0.2690927025867833,490.5583507881099,0.0,
2021-03-11 14:00:07.920,1,0.3963462235582378,485.54566228294607,0.0,
2021-03-11 14:00:07.930,1,0.3552265324883701,491.1706095527228,0.0,
2021-03-11 14:00:07.940,1,0.3788228813692377,488.8901190548317,0.0,
2021-03-11 14:00:07.950,1,0.3317770038057598,485.92584593596166,0.0,
2021-03-11 14:00:07.960,1,0.2750250492787703,485.4322386699369,0.0,
2021-03-11 14:00:07.970,1,0.3470081473628213,485.6457658304727,0.0,
2021-03-11 14:00:07.980,1,0.3530697152977835,489.0983883316002,0.0,
2021-03-11 14:00:07.990,1,0.3552687086157996,490.4142580202208,0.0,
2021-03-11 14:00:08.000,1,0.4106755589597053,488.30141110846574,0.0,
2021-03-11 14:00:08.010,1,0.3123311525893368,487.04266329316033,0.0,
2021-03-11 14:00:08.020,1,0.3742398547256104,489.6916621263418,0.0,
2021-03-11 14:00:08.030,1,0.2985436805467807,489.20384443401224,0.0,
2021-03-11 14:00:08.040,1,0.3827862747801827,487.3505918280215,0.0,
2021-03-11 14:00:08.050,1,0.2912609188795916,489.4356021111578,0.0,
2021-03-11 14:00:08.060,1,0.3508977934278846,493.8649125364282,0.0,
2021-03-11 14:00:08.070,1,0.3331141486441299,493.650899466495,0.0,
2021-03-11 14:00:08.080,1,0.3107037428402595,494.9654055774927,0.0,
2021-03-11 14:00:08.090,1,0.3915745823366992,492.12212357281027,0.0,
2021-03-11 14:00:08.100,1,0.3965425433092688,493.71191339395347,0.0,
2021-03-11 14:00:08.110,1,0.2905974454421868,492.84485888505293,0.0,
2021-03-11 14:00:08.120,1,0.2916068593043784,494.58776572974426,0.0,
2021-03-11 14:00:08.130,1,0.3467324330230197,494.07308710460677,0.0,
2021-03-11 14:00:08.140,1,0.3599703284177383,494.1113153834154,0.0,
2021-03-11 14:00:08.150,1,0.3673004461095411,495.8713250377045,0.0,
2021-03-11 14:00:08.160,1,0.3379915482137122,498.1271809159299,0.0,
2021-03-11 14:00:08.170,1,0.3495791030418748,496.3713072196566,0.0,
2021-03-11 14:00:08.180,1,0.3849037159280519,498.75991852895874,0.0,
2021-03-11 14:00:08.190,1,0.3016737452715479,501.02437721930175,0.0,
2021-03-11 14:00:08.200,1,0.4276051702003196,492.03596324004883,0.0,
2021-03-11 14:00:08.210,1,0.4126924989634851,499.89572961626203,0.0,
2021-03-11 14:00:08.220,1,0.4424584686078968,499.1649613269233,0.0,
2021-03-11 14:00:08.230,1,0.3350329514667849,498.89918340659415,0.0,
2021-03-11 14:00:08.240,1,0.299146722909884,497.3846672618995,0.0,
2021-03-11 14:00:08.250,1,0.3249906250161157,498.96152161912215,0.0,
2021-03-11 14:00:08.260,1,0.2946147409428582,499.19688711047723,0.0,
2021-03-11 14:00:08.270,1,0.3339119345662,499.50291185799483,0.0,
2021-03-11 14:00:08.280,1,0.3756637838904215,503.489960621573,0.0,
2021-03-11 14:00:08.290,1,0.3925059703470524,501.19165992618883,0.0,
2021-03-11 14:00:08.300,1,0.2992390188808876,502.1931170915237,0.0,
2021-03-11 14:00:08.310,1,0.4237825499339198,505.0796149914994,0.0,
2021-03-11 14:00:08.320,1,0.3054202784335661,505.4765654402411,0.0,
2021-03-11 14:00:08.330,1,0.3615259618005175,499.03919702345206,0.0,
2021-03-11 14:00:08.340,1,0.2770801269561386,503.78958676473417,0.0,
2021-03-11 14:00:08.350,1,0.2945821601559286,501.94228051646417,0.0,
2021-03-11 14:00:08.360,1,0.3678734594502881,504.13667669248423,0.0,
2021-03-11 14:00:08.370,1,0.3928791453268234,498.9758659641109,0.0,
2021-03-11 14:00:08.380,1,0.3586170454453984,493.7765464626027,0.0,
2021-03-11 14:00:08.390,1,0.3145560435669572,499.0178052754453,0.0,
2021-03-11 14:00:08.400,1,0.3125891074745767,502.3644092159967,0.0,
2021-03-11 14:00:08.410,1,0.3932280254873891,499.48207566764165,0.0,
2021-03-11 14:00:08.420,1,0.2998355406481611,500.8110347139797,0.0,
2021-03-11 14:00:08.430,1,0.3608365588912198,501.3502428839203,0.0,
2021-03-11 14:00:08.440,1,0.3590845783348679,499.4770351522795,0.0,
2021-03-11 14:00:08.450,1,0.3561803326703189,500.771938862202,0.0,
2021-03-11 14:00:08.460,1,0.3627000078405762,499.6275008337232,0.0,
2021-03-11 14:00:08.470,1,0.3932491747134145,495.5964342259808,0.0,
2021-03-11 14:00:08.480,1,0.3607080600603415,497.0731777368,0.0,
2021-03-11 14:00:08.490,1,0.3335662952356564,495.21479633023915,0.0,
2021-03-11 14:00:08.500,1,0.2894239308091994,493.9913827871482,0.0,
2021-03-11 14:00:08.510,1,0.3636651036227752,494.58291725823153,0.0,
2021-03-11 14:00:08.520,1,0.3682097025675249,498.7193067879718,0.0,
2021-03-11 14:00:08.530,1,0.3555793105651335,493.3876402002926,0.0,
2021-03-11 14:00:08.540,1,0.3633468587357375,490.482126655978,0.0,
2021-03-11 14:00:08.550,1,0.3106044893750788,493.07406854332567,0.0,
2021-03-11 14:00:08.560,1,0.3333907711126732,493.03503676921775,0.0,
2021-03-11 14:00:08.570,1,0.2960293413854271,492.9081476687956,0.0,
2021-03-11 14:00:08.580,1,0.3336555571671158,491.81850276470345,0.0,
2021-03-11 14:00:08.590,1,0.2559061754384626,496.0178316082148,0.0,
2021-03-11 14:00:08.600,1,0.2542857022221373,490.16164394014777,0.0,
2021-03-11 14:00:08.610,1,0.3501612672270265,492.4757101855907,0.0,
2021-03-11 14:00:08.620,1,0.3323423361608174,491.33213375256463,0.0,
2021-03-11 14:00:08.630,1,0.3273645711026971,486.5463402689408,0.0,
2021-03-11 14:00:08.640,1,0.3501152157137979,490.2600495518458,0.0,
2021-03-11 14:00:08.650,1,0.2810919686025138,493.0783979177392,0.0,
2021-03-11 14:00:08.660,1,0.3029495492580773,491.0344479685872,0.0,
2021-03-11 14:00:08.670,1,0.2635686357233173,492.4451462529717,0.0,
2021-03-11 14:00:08.680,1,0.288578758271347,492.53472359325883,0.0,
2021-03-11 14:00:08.690,1,0.3453307170223498,492.3732958420417,0.0,
2021-03-11 14:00:08.700,1,0.3728831254447827,490.4819356548277,0.0,
2021-03-11 14:00:08.710,1,0.2910726728129045,491.919517478776,0.0,
2021-03-11 14:00:08.720,1,0.2638975424271066,491.1136707074273,0.0,
2021-03-11 14:00:08.730,1,0.2980470372354876,490.86331811531153,0.0,
2021-03-11 14:00:08.740,1,0.2841542675213485,492.83646512711823,0.0,
2021-03-11 14:00:08.750,1,0.2971126682668572,494.96192336649375,0.0,
2021-03-11 14:00:08.760,1,0.2811079186121099,494.51396011851347,0.0,
2021-03-11 14:00:08.770,1,0.2996377318077886,489.3067473009828,0.0,
2021-03-11 14:00:08.780,1,0.2720188467851071,493.66404126433576,0.0,
2021-03-11 14:00:08.790,1,0.2909106373153977,488.99232214179625,0.0,
2021-03-11 14:00:08.800,1,0.3956743659293369,491.09149177714585,0.0,
2021-03-11 14:00:08.810,1,0.3134216097711333,496.2637027026059,0.0,
2021-03-11 14:00:08.820,1,0.362453221318433,495.5982349241452,0.0,
2021-03-11 14:00:08.830,1,0.4014342314424436,495.5770398449237,0.0,
2021-03-11 14:00:08.840,1,0.3598768302352016,495.2353651105252,0.0,
2021-03-11 14:00:08.850,1,0.3679959210243845,494.99422350049286,0.0,
2021-03-11 14:00:08.860,1,0.3840007379697578,496.98852314352234,0.0,
2021-03-11 14:00:08.870,1,0.3706542288174995,499.0420738119172,0.0,
2021-03-11 14:00:08.880,1,0.4076000012001332,495.8761576052491,0.0,
2021-03-11 14:00:08.890,1,0.3837363841828614,499.9594047040271,0.0,
2021-03-11 14:00:08.900,1,0.3501313689210774,495.25420863857744,0.0,
2021-03-11 14:00:08.910,1,0.3574281927801581,501.43027648608114,0.0,
2021-03-11 14:00:08.920,1,0.2886302096776714,498.8655348194985,0.0,
2021-03-11 14:00:08.930,1,0.3252949137312698,496.9952567341178,0.0,
2021-03-11 14:00:08.940,1,0.3410207155330154,502.09959931588736,0.0,
2021-03-11 14:00:08.950,1,0.4107145625432791,499.8562137668738,0.0,
2021-03-11 14:00:08.960,1,0.4323123052182177,491.8325955355922,0.0,
2021-03-11 14:00:08.970,1,0.44202187445606106,496.511206311457,0.0,
2021-03-11 14:00:08.980,1,0.37715973559795,497.80839945650797,0.0,
2021-03-11 14:00:08.990,1,0.334620363902192,500.1317782604897,0.0,
2021-03-11 14:00:09.000,1,0.3740148785378659,493.5780233491829,0.0,
2021-03-11 14:00:09.010,1,0.4243491079802428,498.4313822582601,0.0,
2021-03-11 14:00:09.020,1,0.380487039277294,500.8053675369262,0.0,
2021-03-11 14:00:09.030,1,0.41197060583020895,497.35430560493376,0.0,
2021-03-11 14:00:09.040,1,0.4125713167420085,501.37952937705046,0.0,
2021-03-11 14:00:09.050,1,0.4761791196375853,503.6665608982801,0.0,
2021-03-11 14:00:09.060,1,0.4324687897886974,495.9228255770018,0.0,
2021-03-11 14:00:09.070,1,0.3616918685018266,494.7362226889846,0.0,
2021-03-11 14:00:09.080,1,0.4308526179684141,496.3541622931477,0.0,
2021-03-11 14:00:09.090,1,0.3879541463696429,491.6967803671119,0.0,
2021-03-11 14:00:09.100,1,0.4603736316236252,494.2957751444445,0.0,
2021-03-11 14:00:09.110,1,0.4475232678491,490.7608499860237,0.0,
2021-03-11 14:00:09.120,1,0.3458486569106158,494.97448171243286,0.0,
2021-03-11 14:00:09.130,1,0.4343718485248868,495.8407120838691,0.0,
2021-03-11 14:00:09.140,1,0.4866233235687821,491.05248539811424,0.0,
2021-03-11 14:00:09.150,1,0.3684286204159769,492.9282947273362,0.0,
2021-03-11 14:00:09.160,1,0.3655517165920126,487.61873473301654,0.0,
2021-03-11 14:00:09.170,1,0.3809606938427016,489.8359881788422,0.0,
2021-03-11 14:00:09.180,1,0.5097101857661367,489.3995691608308,0.0,
2021-03-11 14:00:09.190,1,0.4567931633463838,489.4801715168738,0.0,
2021-03-11 14:00:09.200,1,0.4094126470642193,485.6245568604718,0.0,
2021-03-11 14:00:09.210,1,0.39822333596218495,490.466257575816,0.0,
2021-03-11 14:00:09.220,1,0.3956930945569545,485.012119207309,0.0,
2021-03-11 14:00:09.230,1,0.4011741409155978,480.1885219023985,0.0,
2021-03-11 14:00:09.240,1,0.4809278291003527,484.06185361307405,0.0,
2021-03-11 14:00:09.250,1,0.4975424868404791,483.7607785937013,0.0,
2021-03-11 14:00:09.260,1,0.3876950122418074,489.04559180020135,0.0,
2021-03-11 14:00:09.270,1,0.4197633186782861,485.5324286790043,0.0,
2021-03-11 14:00:09.280,1,0.3518034560734008,483.0097629441544,0.0,
2021-03-11 14:00:09.290,1,0.4828146815721862,485.2611829465377,0.0,
2021-03-11 14:00:09.300,1,0.4106590874922294,486.4569792563488,0.0,
2021-03-11 14:00:09.310,1,0.3521601431190135,485.4529763174936,0.0,
2021-03-11 14:00:09.320,1,0.5042568497081664,486.96518170514395,0.0,
2021-03-11 14:00:09.330,1,0.5030219164711133,483.2799111693515,0.0,
2021-03-11 14:00:09.340,1,0.4305536623304202,485.7881513334845,0.0,
2021-03-11 14:00:09.350,1,0.4508933713984274,480.43037787168686,0.0,
2021-03-11 14:00:09.360,1,0.4036138026223113,487.863719105795,0.0,
2021-03-11 14:00:09.370,1,0.3794991832381498,484.4556829256271,0.0,
2021-03-11 14:00:09.380,1,0.3364672948292369,482.33679604488447,0.0,
2021-03-11 14:00:09.390,1,0.3343065164912968,488.07982455058107,0.0,
2021-03-11 14:00:09.400,1,0.3957207158632997,482.5707088927939,0.0,
2021-03-11 14:00:09.410,1,0.3734134644076232,487.5384770413999,0.0,
2021-03-11 14:00:09.420,1,0.459170103960063,486.0757246503941,0.0,
2021-03-11 14:00:09.430,1,0.3385908734661681,484.2469817243778,0.0,
2021-03-11 14:00:09.440,1,0.3869256142684422,488.23393140393364,0.0,
2021-03-11 14:00:09.450,1,0.3696566657972033,482.2969103033592,0.0,
2021-03-11 14:00:09.460,1,0.3159868537303074,485.76163702382723,0.0,
2021-03-11 14:00:09.470,1,0.4586316332154075,486.08886320712935,0.0,
2021-03-11 14:00:09.480,1,0.4216732000383105,489.4921257409912,0.0,
2021-03-11 14:00:09.490,1,0.3402962288448289,483.53830393248563,0.0,
2021-03-11 14:00:09.500,1,0.3869024745451638,487.87864955588606,0.0,
2021-03-11 14:00:09.510,1,0.4348250919862363,486.0211197420039,0.0,
2021-03-11 14:00:09.520,1,0.3811413240481243,486.0918766180716,0.0,
2021-03-11 14:00:09.530,1,0.3632171056917196,485.90945037558237,0.0,
2021-03-11 14:00:09.540,1,0.4069157396513392,489.46410935461336,0.0,
2021-03-11 14:00:09.550,1,0.4062631112721306,490.5690931685932,0.0,
2021-03-11 14:00:09.560,1,0.3050187990720178,490.9487180749736,0.0,
2021-03-11 14:00:09.570,1,0.3192072930042443,493.47208611169947,0.0,
2021-03-11 14:00:09.580,1,0.3592568324465303,491.2133841637741,0.0,
2021-03-11 14:00:09.590,1,0.3363143446695976,494.1058665588752,0.0,
2021-03-11 14:00:09.600,1,0.4130458866416608,487.5364293404537,0.0,
2021-03-11 14:00:09.610,1,0.2994641674677956,494.7792050741172,0.0,
2021-03-11 14:00:09.620,1,0.3527852972912691,491.9899503636508,0.0,
2021-03-11 14:00:09.630,1,0.3467503458270108,499.4653706442196,0.0,
2021-03-11 14:00:09.640,1,0.3964347921634228,492.5573762371399,0.0,
2021-03-11 14:00:09.650,1,0.4086609443518983,494.3247019372905,0.0,
2021-03-11 14:00:09.660,1,0.3376224490315,492.75811673424766,0.0,
2021-03-11 14:00:09.670,1,0.2985440909978537,493.8497860292235,0.0,
2021-03-11 14:00:09.680,1,0.4419462034511588,492.76663434948233,0.0,
2021-03-11 14:00:09.690,1,0.306933109787521,493.3274551657777,0.0,
2021-03-11 14:00:09.700,1,0.3255625782356728,495.7763777368682,0.0,
2021-03-11 14:00:09.710,1,0.3108678299584954,499.44759889567695,0.0,
2021-03-11 14:00:09.720,1,0.3969256894865271,493.8419508167057,0.0,
2021-03-11 14:00:09.730,1,0.3936399313428568,495.05045275151764,0.0,
2021-03-11 14:00:09.740,1,0.3769237888778439,491.6236161712577,0.0,
2021-03-11 14:00:09.750,1,0.3383051636597268,495.067402517857,0.0,
2021-03-11 14:00:09.760,1,0.3865392476307958,490.4220185125897,0.0,
2021-03-11 14:00:09.770,1,0.4307732532841292,494.96878473228446,0.0,
2021-03-11 14:00:09.780,1,0.3532862798290928,493.74684089896346,0.0,
2021-03-11 14:00:09.790,1,0.3920759204799987,492.28009838310084,0.0,
2021-03-11 14:00:09.800,1,0.3244649157139229,489.7779782723387,0.0,
2021-03-11 14:00:09.810,1,0.4376645802637929,492.0592222514386,0.0,
2021-03-11 14:00:09.820,1,0.4175962987122869,492.895145215223,0.0,
2021-03-11 14:00:09.830,1,0.3968914359019843,491.92058994446717,0.0,
2021-03-11 14:00:09.840,1,0.3297055183651787,490.8218463588112,0.0,
2021-03-11 14:00:09.850,1,0.40792474222548,488.1572915941753,0.0,
2021-03-11 14:00:09.860,1,0.3557139849558082,486.49891746134347,0.0,
2021-03-11 14:00:09.870,1,0.4171555470595589,487.22477434043543,0.0,
2021-03-11 14:00:09.880,1,0.3523054785676453,488.6402695892695,0.0,
2021-03-11 14:00:09.890,1,0.4407818255289328,492.5301414959027,0.0,
2021-03-11 14:00:09.900,1,0.4875959986416895,488.56885534121676,0.0,
2021-03-11 14:00:09.910,1,0.368559705760896,490.4573203182268,0.0,
2021-03-11 14:00:09.920,1,0.3638212989067021,487.2896550935957,0.0,
2021-03-11 14:00:09.930,1,0.4551841433739155,490.5408196056282,0.0,
2021-03-11 14:00:09.940,1,0.4085055251178021,489.4219965928729,0.0,
2021-03-11 14:00:09.950,1,0.4183045900880605,488.93769178844633,0.0,
2021-03-11 14:00:09.960,1,0.3761886624606165,490.1560232985716,0.0,
2021-03-11 14:00:09.970,1,0.5020596019031706,491.6536215407811,0.0,
2021-03-11 14:00:09.980,1,0.4509520446099927,487.76786455541605,0.0,
2021-03-11 14:00:09.990,1,0.4484200340405615,490.0149564850962,0.0,
2021-03-11 14:00:10.000,1,0.5018355522074426,488.87938805528887,0.0,
2021-03-11 14:00:10.010,1,0.4922038981641148,486.0760139045325,0.0,
2021-03-11 14:00:10.020,1,0.4412676644223138,492.349167901822,0.0,
2021-03-11 14:00:10.030,1,0.4530474373359811,492.2772383272612,0.0,
2021-03-11 14:00:10.040,1,0.3620759299766156,490.0034660935679,0.0,
2021-03-11 14:00:10.050,1,0.3639014030541043,489.8397940833123,0.0,
2021-03-11 14:00:10.060,1,0.4926446253314078,488.20167482831886,0.0,
2021-03-11 14:00:10.070,1,0.353963051058527,490.9734596013737,0.0,
2021-03-11 14:00:10.080,1,0.4642731382905677,490.277928310649,0.0,
2021-03-11 14:00:10.090,1,0.4140438291100466,493.66463331743415,0.0,
2021-03-11 14:00:10.100,1,0.4109333489443144,486.03352858400564,0.0,
2021-03-11 14:00:10.110,1,0.3567291544750981,493.0610021955599,0.0,
2021-03-11 14:00:10.120,1,0.5157100893299033,494.5419969378656,0.0,
2021-03-11 14:00:10.130,1,0.4528862172009605,494.0468797230976,0.0,
2021-03-11 14:00:10.140,1,0.4230787720690687,497.4652006303805,0.0,
2021-03-11 14:00:10.150,1,0.4287989592498497,494.0460495356247,0.0,
2021-03-11 14:00:10.160,1,0.5281012593428417,496.4921035807908,0.0,
2021-03-11 14:00:10.170,1,0.4937938221577855,496.55690288503035,0.0,
2021-03-11 14:00:10.180,1,0.4380876308928331,498.6728604810047,0.0,
2021-03-11 14:00:10.190,1,0.5218696161148887,496.93190588565534,0.0,
2021-03-11 14:00:10.200,1,0.4060294701314976,500.3119504970163,0.0,
2021-03-11 14:00:10.210,1,0.4460421260662134,500.0374202009561,0.0,
2021-03-11 14:00:10.220,1,0.4622546410171678,501.3058684221713,0.0,
2021-03-11 14:00:10.230,1,0.4287091859690639,502.62100568257637,0.0,
2021-03-11 14:00:10.240,1,0.3549822393065248,503.82663757791977,0.0,
2021-03-11 14:00:10.250,1,0.4865886698499867,499.51554232952765,0.0,
2021-03-11 14:00:10.260,1,0.4580457310454851,504.49031181140106,0.0,
2021-03-11 14:00:10.270,1,0.3780975084312536,499.56916132694226,0.0,
2021-03-11 14:00:10.280,1,0.4932304012711568,503.893509634895,0.0,
2021-03-11 14:00:10.290,1,0.3687445479441623,505.5073100330571,0.0,
2021-03-11 14:00:10.300,1,0.4556711924319364,504.19967451734095,0.0,
2021-03-11 14:00:10.310,1,0.3421852528331564,503.8868932136007,0.0,
2021-03-11 14:00:10.320,1,0.3676713842002584,503.2852938032887,0.0,
2021-03-11 14:00:10.330,1,0.3886964124008014,506.8537693251546,0.0,
2021-03-11 14:00:10.340,1,0.5019165146194224,506.0507420212601,0.0,
2021-03-11 14:00:10.350,1,0.3927603458808391,508.54149490215934,0.0,
2021-03-11 14:00:10.360,1,0.4514239076313407,505.41153040769495,0.0,
2021-03-11 14:00:10.370,1,0.3401567159259627,510.50141325217857,0.0,
2021-03-11 14:00:10.380,1,0.3588048078791228,505.3378534508731,0.0,
2021-03-11 14:00:10.390,1,0.3450300719039925,506.7392626157633,0.0,
2021-03-11 14:00:10.400,1,0.453247501919877,507.8882311149732,0.0,
2021-03-11 14:00:10.410,1,0.4794360528522037,507.34305904762164,0.0,
2021-03-11 14:00:10.420,1,0.409416652306865,509.22337017507925,0.0,
2021-03-11 14:00:10.430,1,0.4502259922887885,507.20468741190217,0.0,
2021-03-11 14:00:10.440,1,0.4232527531274316,506.5446209025436,0.0,
2021-03-11 14:00:10.450,1,0.3974082233880105,509.02538888159677,0.0,
2021-03-11 14:00:10.460,1,0.3422833489740506,503.5939063575764,0.0,
2021-03-11 14:00:10.470,1,0.4290269823365214,509.41811851893766,0.0,
2021-03-11 14:00:10.480,1,0.3846844742549306,508.2048796086914,0.0,
2021-03-11 14:00:10.490,1,0.4167741809019635,505.8993727632487,0.0,
2021-03-11 14:00:10.500,1,0.3763821030225432,506.2260320876941,0.0,
2021-03-11 14:00:10.510,1,0.3654216916710083,507.6411807754623,0.0,
2021-03-11 14:00:10.520,1,0.4549180895218636,502.6865784885549,0.0,
2021-03-11 14:00:10.530,1,0.3819625915185911,506.1855011963966,0.0,
2021-03-11 14:00:10.540,1,0.3722061754494645,505.4126820608935,0.0,
2021-03-11 14:00:10.550,1,0.4053456998659991,507.2456305176658,0.0,
2021-03-11 14:00:10.560,1,0.4482924725698649,502.6494911487183,0.0,
2021-03-11 14:00:10.570,1,0.4258947546988646,505.785019356846,0.0,
2021-03-11 14:00:10.580,1,0.36316676634106704,501.42243137293394,0.0,
2021-03-11 14:00:10.590,1,0.3712972063672562,507.24498926768723,0.0,
2021-03-11 14:00:10.600,1,0.3240199407030014,504.0502248692937,0.0,
2021-03-11 14:00:10.610,1,0.3328511944435356,505.51526946360036,0.0,
2021-03-11 14:00:10.620,1,0.3134292810877978,503.05398240343163,0.0,
2021-03-11 14:00:10.630,1,0.3251656462869431,498.6079959469346,0.0,
2021-03-11 14:00:10.640,1,0.3101067471997088,497.2253691243257,0.0,
2021-03-11 14:00:10.650,1,0.3629038948690718,502.93396035305017,0.0,
2021-03-11 14:00:10.660,1,0.3159452421866016,502.39500428765314,0.0,
2021-03-11 14:00:10.670,1,0.3210862658456787,498.8709417386322,0.0,
2021-03-11 14:00:10.680,1,0.3914410872048701,499.0817851045358,0.0,
2021-03-11 14:00:10.690,1,0.4353747208944594,501.73828996759835,0.0,
2021-03-11 14:00:10.700,1,0.4044950680646492,501.2405848400914,0.0,
2021-03-11 14:00:10.710,1,0.4155137743345364,503.78006548516646,0.0,
2021-03-11 14:00:10.720,1,0.3666280633591271,496.628477624197,0.0,
2021-03-11 14:00:10.730,1,0.3001858372659666,504.09105192647735,0.0,
2021-03-11 14:00:10.740,1,0.3504591657519292,500.60538182491706,0.0,
2021-03-11 14:00:10.750,1,0.4408521388772166,504.7669327679997,0.0,
2021-03-11 14:00:10.760,1,0.4285513116296545,507.9670898470046,0.0,
2021-03-11 14:00:10.770,1,0.3903354748049789,501.0119288565739,0.0,
2021-03-11 14:00:10.780,1,0.3378393593365415,506.9897129131034,0.0,
2021-03-11 14:00:10.790,1,0.3667007097286359,503.6183357296986,0.0,
2021-03-11 14:00:10.800,1,0.4014761644078389,506.59716295945884,0.0,
2021-03-11 14:00:10.810,1,0.3410990874331343,505.81714482163335,0.0,
2021-03-11 14:00:10.820,1,0.4606712957943967,502.7519624363168,0.0,
2021-03-11 14:00:10.830,1,0.4169650052308075,505.3401642554901,0.0,
2021-03-11 14:00:10.840,1,0.360329613200646,500.732513374992,0.0,
2021-03-11 14:00:10.850,1,0.3415442516532468,509.8314024314449,0.0,
2021-03-11 14:00:10.860,1,0.4194772666810473,505.1878136612835,0.0,
2021-03-11 14:00:10.870,1,0.4632808183444196,504.0743399963459,0.0,
2021-03-11 14:00:10.880,1,0.390659796341082,505.3216336038572,0.0,
2021-03-11 14:00:10.890,1,0.3644958726511226,511.37745374328085,0.0,
2021-03-11 14:00:10.900,1,0.3867579930753915,514.241248533022,0.0,
2021-03-11 14:00:10.910,1,0.3546881254208068,512.238884891284,0.0,
2021-03-11 14:00:10.920,1,0.4243594217718721,507.6844471682618,0.0,
2021-03-11 14:00:10.930,1,0.3743769017550049,508.68276126969556,0.0,
2021-03-11 14:00:10.940,1,0.4160773022224247,509.5477742534465,0.0,
2021-03-11 14:00:10.950,1,0.5011432116965825,506.5249515709355,0.0,
2021-03-11 14:00:10.960,1,0.4707907490168108,511.98946987283165,0.0,
2021-03-11 14:00:10.970,1,0.4551843865430475,514.1986531827556,0.0,
2021-03-11 14:00:10.980,1,0.5173230317021549,511.1724168394428,0.0,
2021-03-11 14:00:10.990,1,0.3538820186641436,513.317636057908,0.0,
2021-03-11 14:00:11.000,1,0.4030163101578088,507.7205178185075,0.0,
2021-03-11 14:00:11.010,1,0.3965798728494251,514.1195106058321,0.0,
2021-03-11 14:00:11.020,1,0.4855008145210143,512.2267351503266,0.0,
2021-03-11 14:00:11.030,1,0.5219630725755506,513.8431267765802,0.0,
2021-03-11 14:00:11.040,1,0.3756095674876498,510.13997034672326,0.0,
2021-03-11 14:00:11.050,1,0.4650473411970401,514.4767739681329,0.0,
2021-03-11 14:00:11.060,1,0.4015646768483351,506.9545281564804,0.0,
2021-03-11 14:00:11.070,1,0.3885490559956199,509.9870148734957,0.0,
2021-03-11 14:00:11.080,1,0.4058702380964842,510.5125120001889,0.0,
2021-03-11 14:00:11.090,1,0.506751890917708,512.4197827991734,0.0,
2021-03-11 14:00:11.100,1,0.5362986487404532,511.49237938084684,0.0,
2021-03-11 14:00:11.110,1,0.5353353089251067,508.0641530239298,0.0,
2021-03-11 14:00:11.120,1,0.5021663669905834,508.14187984042746,0.0,
2021-03-11 14:00:11.130,1,0.5616818350220167,511.7455397501535,0.0,
2021-03-11 14:00:11.140,1,0.5037525374505276,503.89357674645805,0.0,
2021-03-11 14:00:11.150,1,0.4325742583336368,510.59896662511017,0.0,
2021-03-11 14:00:11.160,1,0.4589234617627226,505.10072936663175,0.0,
2021-03-11 14:00:11.170,1,0.5381271448759215,507.4839877467058,0.0,
2021-03-11 14:00:11.180,1,0.4571414476808867,507.06667000229857,0.0,
2021-03-11 14:00:11.190,1,0.5203196868194954,505.43161344002436,0.0,
2021-03-11 14:00:11.200,1,0.4690939653918298,506.0938444583425,0.0,
2021-03-11 14:00:11.210,1,0.4964316261042333,497.263914512916,0.0,
2021-03-11 14:00:11.220,1,0.5573409305751079,505.6054639787522,0.0,
2021-03-11 14:00:11.230,1,0.48824007266211,502.60964508753807,0.0,
2021-03-11 14:00:11.240,1,0.552429062802683,500.9155264306012,0.0,
2021-03-11 14:00:11.250,1,0.4806341450720967,496.8677308998848,0.0,
2021-03-11 14:00:11.260,1,0.4391801730891786,499.65112324181297,0.0,
2021-03-11 14:00:11.270,1,0.4693115740494319,502.4927124420056,0.0,
2021-03-11 14:00:11.280,1,0.5337885744397092,498.37005556193253,0.0,
2021-03-11 14:00:11.290,1,0.3858125559660417,502.27048302232737,0.0,
2021-03-11 14:00:11.300,1,0.474882169446324,499.9045027523295,0.0,
2021-03-11 14:00:11.310,1,0.5255280175323994,499.2834671375306,0.0,
2021-03-11 14:00:11.320,1,0.50148188709568,500.81638237598855,0.0,
2021-03-11 14:00:11.330,1,0.4128836997401088,498.4619098439186,0.0,
2021-03-11 14:00:11.340,1,0.4162915866273372,504.141190138262,0.0,
2021-03-11 14:00:11.350,1,0.5208906496600243,494.10512572915604,0.0,
2021-03-11 14:00:11.360,1,0.4831792384428805,503.197869149272,0.0,
2021-03-11 14:00:11.370,1,0.503359529448565,501.16995605471635,0.0,
2021-03-11 14:00:11.380,1,0.5408541677117963,495.097609401875,0.0,
2021-03-11 14:00:11.390,1,0.5343903772110254,497.20204257564416,0.0,
2021-03-11 14:00:11.400,1,0.5421254632191779,494.4033414693348,0.0,
2021-03-11 14:00:11.410,1,0.5182309313604972,499.6142349187957,0.0,
2021-03-11 14:00:11.420,1,0.4601332624486596,499.45554921925316,0.0,
2021-03-11 14:00:11.430,1,0.4344889334312105,500.22894798344805,0.0,
2021-03-11 14:00:11.440,1,0.5212386687543206,498.93268054039805,0.0,
2021-03-11 14:00:11.450,1,0.4085802025131453,503.3734660685423,0.0,
2021-03-11 14:00:11.460,1,0.5041257555174803,497.112600319219,0.0,
2021-03-11 14:00:11.470,1,0.3917647998599046,504.18893982541977,0.0,
2021-03-11 14:00:11.480,1,0.4055810387348257,501.01300549419295,0.0,
2021-03-11 14:00:11.490,1,0.3667443169644304,498.2173898203192,0.0,
2021-03-11 14:00:11.500,1,0.3889493017957573,499.2364976937858,0.0,
2021-03-11 14:00:11.510,1,0.3732430558471389,502.005637541874,0.0,
2021-03-11 14:00:11.520,1,0.4667277358754286,507.17427158542665,0.0,
2021-03-11 14:00:11.530,1,0.4819450942421808,504.5344083694288,0.0,
2021-03-11 14:00:11.540,1,0.3874551705029082,504.7223722846821,0.0,
2021-03-11 14:00:11.550,1,0.4115667515036175,505.7236858257562,0.0,
2021-03-11 14:00:11.560,1,0.367377769014224,506.8927196289502,0.0,
2021-03-11 14:00:11.570,1,0.4107117576301914,508.22248591882317,0.0,
2021-03-11 14:00:11.580,1,0.4824300057677517,498.3924912901561,0.0,
2021-03-11 14:00:11.590,1,0.3911916800173161,506.17470943049796,0.0,
2021-03-11 14:00:11.600,1,0.3999315132896182,504.23139384205535,0.0,
2021-03-11 14:00:11.610,1,0.4394684112479375,504.13446839906,0.0,
2021-03-11 14:00:11.620,1,0.4220387781555617,509.7045209282053,0.0,
2021-03-11 14:00:11.630,1,0.5190343496115355,512.703738954292,0.0,
2021-03-11 14:00:11.640,1,0.3663319237466684,505.3061221315383,0.0,
2021-03-11 14:00:11.650,1,0.5168766672571029,508.5490480133992,0.0,
2021-03-11 14:00:11.660,1,0.3624441735275002,509.20713699390666,0.0,
2021-03-11 14:00:11.670,1,0.5167809036904952,508.0092136811177,0.0,
2021-03-11 14:00:11.680,1,0.3881568670477402,507.6701610937876,0.0,
2021-03-11 14:00:11.690,1,0.3889779411197182,509.00644098167123,0.0,
2021-03-11 14:00:11.700,1,0.4177158140655967,511.7110741250028,0.0,
2021-03-11 14:00:11.710,1,0.4447225642859218,507.9287687862465,0.0,
2021-03-11 14:00:11.720,1,0.4273792683988424,506.56976256783895,0.0,
2021-03-11 14:00:11.730,1,0.4860801061105075,502.8829474708523,0.0,
2021-03-11 14:00:11.740,1,0.4492550405081293,510.6881385446282,0.0,
2021-03-11 14:00:11.750,1,0.3894056867594161,506.54588374115684,0.0,
2021-03-11 14:00:11.760,1,0.5317619984674933,504.15675326753336,0.0,
2021-03-11 14:00:11.770,1,0.4308722351997952,513.5079888655455,0.0,
2021-03-11 14:00:11.780,1,0.4642718609762944,504.6523210129725,0.0,
2021-03-11 14:00:11.790,1,0.5357444711911202,511.01391031267127,0.0,
2021-03-11 14:00:11.800,1,0.4624313404509488,507.2875114585287,0.0,
2021-03-11 14:00:11.810,1,0.4997581045831008,506.4879301638512,0.0,
2021-03-11 14:00:11.820,1,0.4541303697439314,505.06257075772453,0.0,
2021-03-11 14:00:11.830,1,0.3973705725369115,508.1497916758032,0.0,
2021-03-11 14:00:11.840,1,0.4301397145510606,507.1845446289672,0.0,
2021-03-11 14:00:11.850,1,0.5893033459965151,505.2259183230933,0.0,
2021-03-11 14:00:11.860,1,0.5701852320335098,505.51707940600545,0.0,
2021-03-11 14:00:11.870,1,0.4423509751253613,504.6140378168484,0.0,
2021-03-11 14:00:11.880,1,0.4518191030212056,508.71318134297735,0.0,
2021-03-11 14:00:11.890,1,0.5824668510545007,502.32366279495386,0.0,
2021-03-11 14:00:11.900,1,0.412124437899169,505.2537112041317,0.0,
2021-03-11 14:00:11.910,1,0.6004123937857336,506.48869313613,0.0,
2021-03-11 14:00:11.920,1,0.4538341368752498,507.334659340217,0.0,
2021-03-11 14:00:11.930,1,0.6112018537063877,501.6685234114981,0.0,
2021-03-11 14:00:11.940,1,0.4705326559079756,500.26973940358437,0.0,
2021-03-11 14:00:11.950,1,0.547706088832564,498.4004475022417,0.0,
2021-03-11 14:00:11.960,1,0.5974554608434341,503.95316308811067,0.0,
2021-03-11 14:00:11.970,1,0.5058576638320532,502.9490916827954,0.0,
2021-03-11 14:00:11.980,1,0.4404554393802872,504.6686711663687,0.0,
2021-03-11 14:00:11.990,1,0.6133303248105454,504.93962564969087,0.0,
2021-03-11 14:00:12.000,1,0.5553837124393644,502.6104712644111,0.0,
2021-03-11 14:00:12.010,1,0.6144391326879783,498.17416770192926,0.0,
2021-03-11 14:00:12.020,1,0.5037949654234379,498.10528865068886,0.0,
2021-03-11 14:00:12.030,1,0.4771147655005349,496.82347196630616,0.0,
2021-03-11 14:00:12.040,1,0.4578727887619481,499.2170149417234,0.0,
2021-03-11 14:00:12.050,1,0.4387392126148638,505.7853165862091,0.0,
2021-03-11 14:00:12.060,1,0.5171375050610312,505.9143508745722,0.0,
2021-03-11 14:00:12.070,1,0.5815443973920923,502.9262602123943,0.0,
2021-03-11 14:00:12.080,1,0.5769806547542443,502.2276364721357,0.0,
2021-03-11 14:00:12.090,1,0.4995849833197565,506.0659152228094,0.0,
2021-03-11 14:00:12.100,1,0.5021395809337236,505.5256998302257,0.0,
2021-03-11 14:00:12.110,1,0.667281161577458,508.0745208977591,0.0,
2021-03-11 14:00:12.120,1,0.6792272183972766,501.4788193464869,0.0,
2021-03-11 14:00:12.130,1,0.5585278227487724,504.0352267824174,0.0,
2021-03-11 14:00:12.140,1,0.586109695376817,508.692660393602,0.0,
2021-03-11 14:00:12.150,1,0.5457250455399361,506.6327559798709,0.0,
2021-03-11 14:00:12.160,1,0.5544268278851933,512.0183143716804,0.0,
2021-03-11 14:00:12.170,1,0.6392486606642593,503.543504230456,0.0,
2021-03-11 14:00:12.180,1,0.4696899306256886,507.56377210422966,0.0,
2021-03-11 14:00:12.190,1,0.4869640680347086,510.22406871421964,0.0,
2021-03-11 14:00:12.200,1,0.5495787948358409,505.60586319666913,0.0,
2021-03-11 14:00:12.210,1,0.4957382614894023,514.2403518165935,0.0,
2021-03-11 14:00:12.220,1,0.4655306175465534,512.2567403244411,0.0,
2021-03-11 14:00:12.230,1,0.5266561256461443,511.51181640228623,0.0,
2021-03-11 14:00:12.240,1,0.5964676393041949,514.2885011941507,0.0,
2021-03-11 14:00:12.250,1,0.6142753799164068,518.3205132885402,0.0,
2021-03-11 14:00:12.260,1,0.4810196714752953,512.5261053145027,0.0,
2021-03-11 14:00:12.270,1,0.6086482307539189,515.5009586603486,0.0,
2021-03-11 14:00:12.280,1,0.614398407234059,510.5444723631739,0.0,
2021-03-11 14:00:12.290,1,0.5197878513245506,509.6133058720917,0.0,
2021-03-11 14:00:12.300,1,0.5047928399366018,515.661773875772,0.0,
2021-03-11 14:00:12.310,1,0.5661376375707079,514.2500817559593,0.0,
2021-03-11 14:00:12.320,1,0.6213408704220913,515.3024864706973,0.0,
2021-03-11 14:00:12.330,1,0.5965806530638681,513.0493169715281,0.0,
2021-03-11 14:00:12.340,1,0.6101525888473216,515.3505822497468,0.0,
2021-03-11 14:00:12.350,1,0.6048525139085351,520.3703624861746,0.0,
2021-03-11 14:00:12.360,1,0.5124359692962716,517.8746156384003,0.0,
2021-03-11 14:00:12.370,1,0.5047521353667919,516.7768301683603,0.0,
2021-03-11 14:00:12.380,1,0.4640254746956,522.5501662578391,0.0,
2021-03-11 14:00:12.390,1,0.4748397222560692,515.3597993144875,0.0,
2021-03-11 14:00:12.400,1,0.4526306799377431,519.1274752169065,0.0,
2021-03-11 14:00:12.410,1,0.4933103134980836,521.1037650364855,0.0,
2021-03-11 14:00:12.420,1,0.5903334872724647,520.9744052671209,0.0,
2021-03-11 14:00:12.430,1,0.5890571888241743,516.4783213606848,0.0,
2021-03-11 14:00:12.440,1,0.6150657150044321,517.6596263758051,0.0,
2021-03-11 14:00:12.450,1,0.4324953525996788,516.1775797248329,0.0,
2021-03-11 14:00:12.460,1,0.4449790567955861,517.0461792128476,0.0,
2021-03-11 14:00:12.470,1,0.433190230604766,514.3628036628259,0.0,
2021-03-11 14:00:12.480,1,0.5346546450916757,519.4383275126661,0.0,
2021-03-11 14:00:12.490,1,0.4855571297127671,515.0418415045218,0.0,
2021-03-11 14:00:12.500,1,0.5308449253803471,515.4455753628193,0.0,
2021-03-11 14:00:12.510,1,0.5294704237660647,514.1646108305939,0.0,
2021-03-11 14:00:12.520,1,0.4413200879400457,516.4910160903901,0.0,
2021-03-11 14:00:12.530,1,0.5259933677138736,518.0995492930227,0.0,
2021-03-11 14:00:12.540,1,0.5494516817293557,518.9835835019418,0.0,
2021-03-11 14:00:12.550,1,0.5544502719647761,515.9117675123827,0.0,
2021-03-11 14:00:12.560,1,0.4379443719308034,517.2654828464214,0.0,
2021-03-11 14:00:12.570,1,0.4063628784163077,514.2289408543228,0.0,
2021-03-11 14:00:12.580,1,0.468401918621754,517.9932213572948,0.0,
2021-03-11 14:00:12.590,1,0.4695227548875746,515.0383313537397,0.0,
2021-03-11 14:00:12.600,1,0.4706980253398445,513.7898084449856,0.0,
2021-03-11 14:00:12.610,1,0.5055896539070406,511.1246255694849,0.0,
2021-03-11 14:00:12.620,1,0.5317027149699558,507.8398262362478,0.0,
2021-03-11 14:00:12.630,1,0.5232219482119079,512.3755985814225,0.0,
2021-03-11 14:00:12.640,1,0.5625254377165774,509.2550783749371,0.0,
2021-03-11 14:00:12.650,1,0.4248129914508324,508.3288072859256,0.0,
2021-03-11 14:00:12.660,1,0.5261756196657107,510.7983219727717,0.0,
2021-03-11 14:00:12.670,1,0.4642484747311216,506.2843720333802,0.0,
2021-03-11 14:00:12.680,1,0.4292878948160868,505.83014980318336,0.0,
2021-03-11 14:00:12.690,1,0.447093666425769,509.30331737635595,0.0,
2021-03-11 14:00:12.700,1,0.5323030977308766,510.7461839946868,0.0,
2021-03-11 14:00:12.710,1,0.5157011883480487,508.9572151607928,0.0,
2021-03-11 14:00:12.720,1,0.5015915215859879,510.8294139623985,0.0,
2021-03-11 14:00:12.730,1,0.4141556982368283,504.3016299468534,0.0,
2021-03-11 14:00:12.740,1,0.534241526211772,506.9924005748199,0.0,
2021-03-11 14:00:12.750,1,0.4561488170676068,504.9937996127924,0.0,
2021-03-11 14:00:12.760,1,0.4533627977960589,505.4153831111622,0.0,
2021-03-11 14:00:12.770,1,0.5071932760414691,508.42923757097054,0.0,
2021-03-11 14:00:12.780,1,0.5730442154946086,508.1199317762553,0.0,
2021-03-11 14:00:12.790,1,0.4016585834796471,510.8576373785134,0.0,
2021-03-11 14:00:12.800,1,0.5757339604235824,505.30573630981286,0.0,
2021-03-11 14:00:12.810,1,0.5434075143364455,506.10893170647074,0.0,
2021-03-11 14:00:12.820,1,0.5181576830086134,508.23935992716486,0.0,
2021-03-11 14:00:12.830,1,0.4031880387931833,509.29146221312476,0.0,
2021-03-11 14:00:12.840,1,0.5633438206277049,505.7354392721687,0.0,
2021-03-11 14:00:12.850,1,0.5934922943609509,510.4053354120288,0.0,
2021-03-11 14:00:12.860,1,0.4211645216452417,509.0748275236943,0.0,
2021-03-11 14:00:12.870,1,0.4056009257572969,507.69978950731314,0.0,
2021-03-11 14:00:12.880,1,0.3882566607509806,511.94856107497617,0.0,
2021-03-11 14:00:12.890,1,0.4119755971150538,508.84497194172036,0.0,
2021-03-11 14:00:12.900,1,0.503136003983661,515.7702584146175,0.0,
2021-03-11 14:00:12.910,1,0.5579786268696405,510.4499234605373,0.0,
2021-03-11 14:00:12.920,1,0.5495665845334734,511.13376179750964,0.0,
2021-03-11 14:00:12.930,1,0.5690970681178538,511.021655903183,0.0,
2021-03-11 14:00:12.940,1,0.4631313295630291,514.2878103542272,0.0,
2021-03-11 14:00:12.950,1,0.5092150194474698,509.91355702279776,0.0,
2021-03-11 14:00:12.960,1,0.4452175043102185,515.98536135683,0.0,
2021-03-11 14:00:12.970,1,0.5808425681553899,515.5970073596193,0.0,
2021-03-11 14:00:12.980,1,0.504516891858534,513.1627251362022,0.0,
2021-03-11 14:00:12.990,1,0.5681896189920461,510.3555254332562,0.0,
2021-03-11 14:00:13.000,1,0.5231803603191042,514.762969928732,0.0,
2021-03-11 14:00:13.010,1,0.5928217565686259,512.8575196615866,0.0,
2021-03-11 14:00:13.020,1,0.4555036034032151,512.960824235364,0.0,
2021-03-11 14:00:13.030,1,0.506966757107924,511.59698640518343,0.0,
2021-03-11 14:00:13.040,1,0.4461907729063425,512.9750672061373,0.0,
2021-03-11 14:00:13.050,1,0.4776338900708959,511.8372767342346,0.0,
2021-03-11 14:00:13.060,1,0.5971420598963929,509.5795901012955,0.0,
2021-03-11 14:00:13.070,1,0.5491470723172189,512.2946102840276,0.0,
2021-03-11 14:00:13.080,1,0.4668176728594437,513.1890200279679,0.0,
2021-03-11 14:00:13.090,1,0.4979286065265501,509.7661478805543,0.0,
2021-03-11 14:00:13.100,1,0.5740298978132414,515.0794314338449,0.0,
2021-03-11 14:00:13.110,1,0.5777685597376603,511.6797155653935,0.0,
2021-03-11 14:00:13.120,1,0.4837555895430787,512.9405887363283,0.0,
2021-03-11 14:00:13.130,1,0.5122885048029039,510.8251503004658,0.0,
2021-03-11 14:00:13.140,1,0.5167690068874079,506.53865557224157,0.0,
2021-03-11 14:00:13.150,1,0.5538894002817266,506.9488937639098,0.0,
2021-03-11 14:00:13.160,1,0.5962375569032398,507.0800303195181,0.0,
2021-03-11 14:00:13.170,1,0.6030117662019016,507.0942584695182,0.0,
2021-03-11 14:00:13.180,1,0.5607304336328736,505.7219808654831,0.0,
2021-03-11 14:00:13.190,1,0.4994964831639887,505.8576984945549,0.0,
2021-03-11 14:00:13.200,1,0.5871416693451695,508.34056550808816,0.0,
2021-03-11 14:00:13.210,1,0.5174735828421732,509.4454331980973,0.0,
2021-03-11 14:00:13.220,1,0.4501980351538361,506.0072417011784,0.0,
2021-03-11 14:00:13.230,1,0.5362971444884627,501.45123255597326,0.0,
2021-03-11 14:00:13.240,1,0.5119179498015495,501.8634300323375,0.0,
2021-03-11 14:00:13.250,1,0.5722208579238781,506.82345745984975,0.0,
2021-03-11 14:00:13.260,1,0.5061593090076006,500.58911205351853,0.0,
2021-03-11 14:00:13.270,1,0.5698217479270163,506.1874186141138,0.0,
2021-03-11 14:00:13.280,1,0.3939319910095385,500.7149609243055,0.0,
2021-03-11 14:00:13.290,1,0.5629753459541732,503.27241067720774,0.0,
2021-03-11 14:00:13.300,1,0.5617617859396488,499.2191271351909,0.0,
2021-03-11 14:00:13.310,1,0.4009613972360366,499.11669659432806,0.0,
2021-03-11 14:00:13.320,1,0.3972650544383114,496.6585747573783,0.0,
2021-03-11 14:00:13.330,1,0.3766307472213298,496.6639745300338,0.0,
2021-03-11 14:00:13.340,1,0.4223918542858129,497.57357166699626,0.0,
2021-03-11 14:00:13.350,1,0.5213379801652113,494.8097562652567,0.0,
2021-03-11 14:00:13.360,1,0.3705507923707037,496.2014117315807,0.0,
2021-03-11 14:00:13.370,1,0.4486081265454397,497.6360728962193,0.0,
2021-03-11 14:00:13.380,1,0.460610493489818,498.17877407417,0.0,
2021-03-11 14:00:13.390,1,0.4309866782032042,498.2439430178288,0.0,
2021-03-11 14:00:13.400,1,0.5014493195349986,494.7060053566436,0.0,
2021-03-11 14:00:13.410,1,0.4334365423733207,497.9956958976069,0.0,
2021-03-11 14:00:13.420,1,0.4094824462005418,489.33607582902084,0.0,
2021-03-11 14:00:13.430,1,0.4771001100458343,492.652448540822,0.0,
2021-03-11 14:00:13.440,1,0.422398312558005,494.4770228423401,0.0,
2021-03-11 14:00:13.450,1,0.3826169213812812,493.67234123837346,0.0,
2021-03-11 14:00:13.460,1,0.4180304529724044,495.5600238014862,0.0,
2021-03-11 14:00:13.470,1,0.3974978433596624,497.49710264262336,0.0,
2021-03-11 14:00:13.480,1,0.4754777621445798,497.44341697255936,0.0,
2021-03-11 14:00:13.490,1,0.3322304144795441,496.45248099911635,0.0,
2021-03-11 14:00:13.500,1,0.4816878069524515,496.84714126691847,0.0,
2021-03-11 14:00:13.510,1,0.3292469532668908,495.2260152866048,0.0,
2021-03-11 14:00:13.520,1,0.3814108355286245,500.6907974765646,0.0,
2021-03-11 14:00:13.530,1,0.4240030994969253,499.19047166477424,0.0,
2021-03-11 14:00:13.540,1,0.3377421454310574,497.89220628229765,0.0,
2021-03-11 14:00:13.550,1,0.4575490409746093,500.2189299615084,0.0,
2021-03-11 14:00:13.560,1,0.407358001483228,501.5593573881289,0.0,
2021-03-11 14:00:13.570,1,0.4035240644622583,497.68286097427557,0.0,
2021-03-11 14:00:13.580,1,0.3249911892380452,500.60550069957685,0.0,
2021-03-11 14:00:13.590,1,0.3316844905195183,499.6564458387508,0.0,
2021-03-11 14:00:13.600,1,0.4297927333417007,498.86335025033776,0.0,
2021-03-11 14:00:13.610,1,0.4181690680917271,495.4102899799222,0.0,
2021-03-11 14:00:13.620,1,0.3381831438955421,500.73079715636027,0.0,
2021-03-11 14:00:13.630,1,0.3925030241568535,499.81875837714415,0.0,
2021-03-11 14:00:13.640,1,0.3567662300131459,501.19012838922407,0.0,
2021-03-11 14:00:13.650,1,0.3986067856581012,502.652591753573,0.0,
2021-03-11 14:00:13.660,1,0.3002360401859177,503.67890313078453,0.0,
2021-03-11 14:00:13.670,1,0.3912022202229393,504.55493861980506,0.0,
2021-03-11 14:00:13.680,1,0.3737490986459346,502.9193520902904,0.0,
2021-03-11 14:00:13.690,1,0.3348241991422743,503.3385326660741,0.0,
2021-03-11 14:00:13.700,1,0.358131573532377,503.41150831130824,0.0,
2021-03-11 14:00:13.710,1,0.3341083214649165,505.7017931076406,0.0,
2021-03-11 14:00:13.720,1,0.3999924828952039,504.1563835792424,0.0,
2021-03-11 14:00:13.730,1,0.4045410861947123,498.7219706565675,0.0,
2021-03-11 14:00:13.740,1,0.3442608278127887,504.30582778273316,0.0,
2021-03-11 14:00:13.750,1,0.4063736543108219,509.7147317227388,0.0,
2021-03-11 14:00:13.760,1,0.3546040910950232,502.7274532203811,0.0,
2021-03-11 14:00:13.770,1,0.3199553231808649,497.6885207595729,0.0,
2021-03-11 14:00:13.780,1,0.4456893763543468,501.3008375876333,0.0,
2021-03-11 14:00:13.790,1,0.376982601576216,499.3643650192342,0.0,
2021-03-11 14:00:13.800,1,0.3171080226267672,499.21781655423416,0.0,
2021-03-11 14:00:13.810,1,0.4260820212240294,503.1789735947463,0.0,
2021-03-11 14:00:13.820,1,0.4039656682729816,505.88315985048416,0.0,
2021-03-11 14:00:13.830,1,0.3611992264961508,505.2576936575428,0.0,
2021-03-11 14:00:13.840,1,0.4275273504231582,501.1826674878072,0.0,
2021-03-11 14:00:13.850,1,0.4172205141935515,495.203371721192,0.0,
2021-03-11 14:00:13.860,1,0.3286324107236657,500.0839499483495,0.0,
2021-03-11 14:00:13.870,1,0.3337871700000762,500.8707866837743,0.0,
2021-03-11 14:00:13.880,1,0.3208599538136595,503.1793921508973,0.0,
2021-03-11 14:00:13.890,1,0.3962009775098952,497.6382460042818,0.0,
2021-03-11 14:00:13.900,1,0.3195355464408133,494.69051145754344,0.0,
2021-03-11 14:00:13.910,1,0.4541018144210534,498.8124567356807,0.0,
2021-03-11 14:00:13.920,1,0.3900108137618183,496.46063445798586,0.0,
2021-03-11 14:00:13.930,1,0.4654409538316709,492.75544242497216,0.0,
2021-03-11 14:00:13.940,1,0.3789370011642493,494.5618642777593,0.0,
2021-03-11 14:00:13.950,1,0.4105894714342204,497.037484691867,0.0,
2021-03-11 14:00:13.960,1,0.4651260217224182,497.9301759670795,0.0,
2021-03-11 14:00:13.970,1,0.4113396032106868,492.68205781615217,0.0,
2021-03-11 14:00:13.980,1,0.4181789001619879,496.2079273863945,0.0,
2021-03-11 14:00:13.990,1,0.4103668127855513,495.12215186053567,0.0,
2021-03-11 14:00:14.000,1,0.3492047610057566,494.80914616244905,0.0,
2021-03-11 14:00:14.010,1,0.4765853870428222,496.02360989925177,0.0,
2021-03-11 14:00:14.020,1,0.3487780626586243,493.9456257780684,0.0,
2021-03-11 14:00:14.030,1,0.3864260030248355,493.6892171287626,0.0,
2021-03-11 14:00:14.040,1,0.4591097136248985,493.31374600618483,0.0,
2021-03-11 14:00:14.050,1,0.3399917084783849,499.7513750503297,0.0,
2021-03-11 14:00:14.060,1,0.3409884091086543,489.2704391585208,0.0,
2021-03-11 14:00:14.070,1,0.4137661024511112,495.1183198463343,0.0,
2021-03-11 14:00:14.080,1,0.3454212574929047,494.88332602688314,0.0,
2021-03-11 14:00:14.090,1,0.4903440395416826,491.4882226092662,0.0,
2021-03-11 14:00:14.100,1,0.4688366639883117,490.0061901499269,0.0,
2021-03-11 14:00:14.110,1,0.4116459142226548,493.0581273431594,0.0,
2021-03-11 14:00:14.120,1,0.386133152153623,496.11130272853035,0.0,
2021-03-11 14:00:14.130,1,0.3563998664207768,495.3647173515227,0.0,
2021-03-11 14:00:14.140,1,0.4277432291511686,496.51033686768125,0.0,
2021-03-11 14:00:14.150,1,0.4180312384216592,498.6899607919018,0.0,
2021-03-11 14:00:14.160,1,0.4157917098191935,496.72486029397936,0.0,
2021-03-11 14:00:14.170,1,0.4605331069003222,501.3736832305535,0.0,
2021-03-11 14:00:14.180,1,0.3634932088486175,495.5743893164502,0.0,
2021-03-11 14:00:14.190,1,0.4948339453141974,493.9645450442231,0.0,
2021-03-11 14:00:14.200,1,0.4579816940588604,502.0744260101731,0.0,
2021-03-11 14:00:14.210,1,0.4988346038878422,499.78707637555823,0.0,
2021-03-11 14:00:14.220,1,0.4816745663543832,500.5949359902105,0.0,
2021-03-11 14:00:14.230,1,0.4557160553708163,500.5052371436074,0.0,
2021-03-11 14:00:14.240,1,0.4437734569751633,497.2411340388719,0.0,
2021-03-11 14:00:14.250,1,0.4705006730379659,502.9633950174168,0.0,
2021-03-11 14:00:14.260,1,0.4472970654844329,505.4780820566701,0.0,
2021-03-11 14:00:14.270,1,0.4277063959784066,505.447471258476,0.0,
2021-03-11 14:00:14.280,1,0.3914277364768071,504.4840384169561,0.0,
2021-03-11 14:00:14.290,1,0.4656062103904989,504.1221115394328,0.0,
2021-03-11 14:00:14.300,1,0.34032268362559104,506.8199077267298,0.0,
2021-03-11 14:00:14.310,1,0.386728964340809,502.1834169056928,0.0,
2021-03-11 14:00:14.320,1,0.3321247306208046,507.47141094168745,0.0,
2021-03-11 14:00:14.330,1,0.3400997500662096,509.16701743854,0.0,
2021-03-11 14:00:14.340,1,0.3661346624691362,506.3512147474972,0.0,
2021-03-11 14:00:14.350,1,0.3706742777988221,506.03135437949487,0.0,
2021-03-11 14:00:14.360,1,0.4111071341600353,510.4257937359677,0.0,
2021-03-11 14:00:14.370,1,0.4071338244511388,506.90459074543264,0.0,
2021-03-11 14:00:14.380,1,0.3850498007547722,507.47303796046236,0.0,
2021-03-11 14:00:14.390,1,0.3697280327642455,506.64577034077416,0.0,
2021-03-11 14:00:14.400,1,0.3593120216367249,510.2916467875961,0.0,
2021-03-11 14:00:14.410,1,0.3829525562705831,510.4165407321574,0.0,
2021-03-11 14:00:14.420,1,0.4720849196350589,508.72587166779715,0.0,
2021-03-11 14:00:14.430,1,0.435833898500344,508.5986301932811,0.0,
2021-03-11 14:00:14.440,1,0.3413793102073576,511.46057458029935,0.0,
2021-03-11 14:00:14.450,1,0.3359445304983167,505.5252195007524,0.0,
2021-03-11 14:00:14.460,1,0.3901050504232939,511.03239569200105,0.0,
2021-03-11 14:00:14.470,1,0.3376415112279438,505.0248794508917,0.0,
2021-03-11 14:00:14.480,1,0.31640077045222303,501.68054677661,0.0,
2021-03-11 14:00:14.490,1,0.3879324938792332,504.71056290577,0.0,
2021-03-11 14:00:14.500,1,0.4472089094135913,508.4166636784885,0.0,
2021-03-11 14:00:14.510,1,0.3433995482192215,503.3337833913831,0.0,
2021-03-11 14:00:14.520,1,0.4050068639005003,508.9526690956231,0.0,
2021-03-11 14:00:14.530,1,0.3457263980754052,503.888634263872,0.0,
2021-03-11 14:00:14.540,1,0.3063814709529548,504.22400873661206,0.0,
2021-03-11 14:00:14.550,1,0.3916580898238829,505.8243187759976,0.0,
2021-03-11 14:00:14.560,1,0.4252364105974489,506.6586025346627,0.0,
2021-03-11 14:00:14.570,1,0.3104708659257613,507.43621788850106,0.0,
2021-03-11 14:00:14.580,1,0.3392904921857193,503.34994293986773,0.0,
2021-03-11 14:00:14.590,1,0.4243229161399695,502.72560441237715,0.0,
2021-03-11 14:00:14.600,1,0.4379040662783962,501.24989270678367,0.0,
2021-03-11 14:00:14.610,1,0.3999563155199431,503.8649605662739,0.0,
2021-03-11 14:00:14.620,1,0.3895381772108396,501.32471169002173,0.0,
2021-03-11 14:00:14.630,1,0.4357358108563418,504.0025388977317,0.0,
2021-03-11 14:00:14.640,1,0.4115234750224156,498.1162202726361,0.0,
2021-03-11 14:00:14.650,1,0.3608718173078496,498.5379771050403,0.0,
2021-03-11 14:00:14.660,1,0.3932334995493656,503.9380173422472,0.0,
2021-03-11 14:00:14.670,1,0.3396769339000571,500.5334105403634,0.0,
2021-03-11 14:00:14.680,1,0.3945993670888966,502.3744303491106,0.0,
2021-03-11 14:00:14.690,1,0.3211556624610089,503.3232535285282,0.0,
2021-03-11 14:00:14.700,1,0.3663722970156046,501.9442553380909,0.0,
2021-03-11 14:00:14.710,1,0.3544054752878741,497.3976298343201,0.0,
2021-03-11 14:00:14.720,1,0.4475009078287569,495.83472848074905,0.0,
2021-03-11 14:00:14.730,1,0.3174448626888428,498.0328939700398,0.0,
2021-03-11 14:00:14.740,1,0.4253579947740745,497.1305363655087,0.0,
2021-03-11 14:00:14.750,1,0.3897149166154484,497.686221819994,0.0,
2021-03-11 14:00:14.760,1,0.3510857030669963,497.02687206258287,0.0,
2021-03-11 14:00:14.770,1,0.4687695625919596,494.8115100946504,0.0,
2021-03-11 14:00:14.780,1,0.4833186034775015,500.75915594247925,0.0,
2021-03-11 14:00:14.790,1,0.3572684526698952,501.2637572894087,0.0,
2021-03-11 14:00:14.800,1,0.3996492071079868,500.6646547621102,0.0,
2021-03-11 14:00:14.810,1,0.3261756222043168,498.43558057090144,0.0,
2021-03-11 14:00:14.820,1,0.4381416044018542,497.6712324312844,0.0,
2021-03-11 14:00:14.830,1,0.4697169969928503,498.39684265532605,0.0,
2021-03-11 14:00:14.840,1,0.3854349899029774,499.6741201679645,0.0,
2021-03-11 14:00:14.850,1,0.3462727632082089,501.7099085198248,0.0,
2021-03-11 14:00:14.860,1,0.4894931046832749,495.70222581430085,0.0,
2021-03-11 14:00:14.870,1,0.4797717669628447,502.4070608074679,0.0,
2021-03-11 14:00:14.880,1,0.427694789897744,499.2673437322784,0.0,
2021-03-11 14:00:14.890,1,0.3813321354820688,499.78175944909583,0.0,
2021-03-11 14:00:14.900,1,0.3955331347166233,502.3880449926013,0.0,
2021-03-11 14:00:14.910,1,0.5210079059526638,502.7911933706594,0.0,
2021-03-11 14:00:14.920,1,0.4874497649880413,500.3450360906119,0.0,
2021-03-11 14:00:14.930,1,0.5333038952887167,502.065017146353,0.0,
2021-03-11 14:00:14.940,1,0.5351718945195615,503.63966905054906,0.0,
2021-03-11 14:00:14.950,1,0.4131734163073363,502.2681071062901,0.0,
2021-03-11 14:00:14.960,1,0.3740064013685299,504.12045882254273,0.0,
2021-03-11 14:00:14.970,1,0.3873236963923664,504.8617927390636,0.0,
2021-03-11 14:00:14.980,1,0.4179939412458752,502.0055094588305,0.0,
2021-03-11 14:00:14.990,1,0.502486823284676,506.76176784466765,0.0,
2021-03-11 14:00:15.000,1,0.4166271976999676,504.0385475347686,0.0,
2021-03-11 14:00:15.010,1,0.5405963069275538,500.55541797083083,0.0,
2021-03-11 14:00:15.020,1,0.4056923003062938,507.9895429616579,0.0,
2021-03-11 14:00:15.030,1,0.4692969512935533,504.17260036154886,0.0,
2021-03-11 14:00:15.040,1,0.3976862416316374,505.4081236850101,0.0,
2021-03-11 14:00:15.050,1,0.5419625055311241,504.2817116708548,0.0,
2021-03-11 14:00:15.060,1,0.5594092139699892,503.9292431853825,0.0,
2021-03-11 14:00:15.070,1,0.5163332678388304,506.9272896241144,0.0,
2021-03-11 14:00:15.080,1,0.5686722029955682,505.2017041929767,0.0,
2021-03-11 14:00:15.090,1,0.46163527493891,503.3878768911402,0.0,
2021-03-11 14:00:15.100,1,0.5576162545844114,507.95844199926,0.0,
2021-03-11 14:00:15.110,1,0.463813373561073,505.7131527240857,0.0,
2021-03-11 14:00:15.120,1,0.4507124735957191,506.8941902479776,0.0,
2021-03-11 14:00:15.130,1,0.5565563695808201,505.0480216131865,0.0,
2021-03-11 14:00:15.140,1,0.5611399717859232,502.48154581996147,0.0,
2021-03-11 14:00:15.150,1,0.4278593205955014,502.95277249047376,0.0,
2021-03-11 14:00:15.160,1,0.4803527303455426,503.26992141862365,0.0,
2021-03-11 14:00:15.170,1,0.464245161081308,506.8176224800642,0.0,
2021-03-11 14:00:15.180,1,0.5949337412696051,502.6604391261257,0.0,
2021-03-11 14:00:15.190,1,0.4593916834748685,500.49969863799936,0.0,
2021-03-11 14:00:15.200,1,0.5874951521294239,502.6098502829891,0.0,
2021-03-11 14:00:15.210,1,0.5539142918205737,500.1089725697705,0.0,
2021-03-11 14:00:15.220,1,0.5781134224557801,497.6682514278723,0.0,
2021-03-11 14:00:15.230,1,0.5068505796464104,496.9456110120624,0.0,
2021-03-11 14:00:15.240,1,0.5595510300903439,499.0023571688971,0.0,
2021-03-11 14:00:15.250,1,0.530866005814582,499.8418858415807,0.0,
2021-03-11 14:00:15.260,1,0.4471895128506546,491.4741049503109,0.0,
2021-03-11 14:00:15.270,1,0.5550363983719432,498.1622457606298,0.0,
2021-03-11 14:00:15.280,1,0.4892687095972271,497.487604337464,0.0,
2021-03-11 14:00:15.290,1,0.5030247981904601,490.4795281227835,0.0,
2021-03-11 14:00:15.300,1,0.434376182722599,494.5579843348114,0.0,
2021-03-11 14:00:15.310,1,0.5049572562938701,493.9656818612912,0.0,
2021-03-11 14:00:15.320,1,0.4185399215544456,493.9016130888997,0.0,
2021-03-11 14:00:15.330,1,0.5587481394626642,497.0391152244884,0.0,
2021-03-11 14:00:15.340,1,0.5300585165246005,493.0998910880236,0.0,
2021-03-11 14:00:15.350,1,0.4643050030289485,494.0703887474279,0.0,
2021-03-11 14:00:15.360,1,0.3937041484520913,489.2865049347406,0.0,
2021-03-11 14:00:15.370,1,0.5350141646727352,491.29281013902886,0.0,
2021-03-11 14:00:15.380,1,0.3799917665503219,493.6946675722256,0.0,
2021-03-11 14:00:15.390,1,0.4350061831490567,489.9538588671194,0.0,
2021-03-11 14:00:15.400,1,0.4212106887360208,490.9051531856826,0.0,
2021-03-11 14:00:15.410,1,0.5026061967176761,486.9909877366394,0.0,
2021-03-11 14:00:15.420,1,0.5309144020964865,489.7115466154181,0.0,
2021-03-11 14:00:15.430,1,0.5348310861513071,493.9224116577044,0.0,
2021-03-11 14:00:15.440,1,0.4003150635787871,488.80863088895103,0.0,
2021-03-11 14:00:15.450,1,0.4138418217737029,488.6863161754133,0.0,
2021-03-11 14:00:15.460,1,0.456355111561548,489.90927049472674,0.0,
2021-03-11 14:00:15.470,1,0.4499299709396396,491.1563319637152,0.0,
2021-03-11 14:00:15.480,1,0.3787360104848934,486.5239608209309,0.0,
2021-03-11 14:00:15.490,1,0.4080956740547855,489.63034765816064,0.0,
2021-03-11 14:00:15.500,1,0.4922997591576313,492.25676689286576,0.0,
2021-03-11 14:00:15.510,1,0.5146240496776358,490.1514376542038,0.0,
2021-03-11 14:00:15.520,1,0.4800509336170249,490.8040969283757,0.0,
2021-03-11 14:00:15.530,1,0.3467376295957549,492.29775177813315,0.0,
2021-03-11 14:00:15.540,1,0.3461987513416292,498.47390272462656,0.0,
2021-03-11 14:00:15.550,1,0.3914090984330237,492.9208379657997,0.0,
2021-03-11 14:00:15.560,1,0.3913314248821076,492.1904293057068,0.0,
2021-03-11 14:00:15.570,1,0.3829480847401255,495.4711638500476,0.0,
2021-03-11 14:00:15.580,1,0.34999587504945,494.2340585457437,0.0,
2021-03-11 14:00:15.590,1,0.4574244957787547,489.6925605013186,0.0,
2021-03-11 14:00:15.600,1,0.4475576857162383,495.3311004072021,0.0,
2021-03-11 14:00:15.610,1,0.420194080968164,492.4591258140523,0.0,
2021-03-11 14:00:15.620,1,0.4473512187726828,491.22400594542745,0.0,
2021-03-11 14:00:15.630,1,0.4289889561964746,496.1013417223768,0.0,
2021-03-11 14:00:15.640,1,0.3670141457423984,493.633941568449,0.0,
2021-03-11 14:00:15.650,1,0.437892081949749,490.47520088581115,0.0,
2021-03-11 14:00:15.660,1,0.4889673304163395,495.1708833759349,0.0,
2021-03-11 14:00:15.670,1,0.3429676874327643,497.8357948413162,0.0,
2021-03-11 14:00:15.680,1,0.3833721414449746,494.93851836979377,0.0,
2021-03-11 14:00:15.690,1,0.3703922383828459,500.33493176349816,0.0,
2021-03-11 14:00:15.700,1,0.3732801422197492,502.3404950568043,0.0,
2021-03-11 14:00:15.710,1,0.4470069486508031,501.7103302489309,0.0,
2021-03-11 14:00:15.720,1,0.3791756870786467,499.0878071490525,0.0,
2021-03-11 14:00:15.730,1,0.3483559261511809,503.14212456227636,0.0,
2021-03-11 14:00:15.740,1,0.361992988486177,501.2749770423652,0.0,
2021-03-11 14:00:15.750,1,0.4218927235076414,501.21511349526963,0.0,
2021-03-11 14:00:15.760,1,0.4404885328586708,497.0497024476815,0.0,
2021-03-11 14:00:15.770,1,0.3369241874507607,498.8583958083917,0.0,
2021-03-11 14:00:15.780,1,0.4412269059568225,499.78213467490286,0.0,
2021-03-11 14:00:15.790,1,0.4483847935660473,502.0863404346049,0.0,
2021-03-11 14:00:15.800,1,0.4598282716406673,498.9277595167705,0.0,
2021-03-11 14:00:15.810,1,0.3888312366685779,502.77538369952657,0.0,
2021-03-11 14:00:15.820,1,0.5245331764008069,499.77130817536795,0.0,
2021-03-11 14:00:15.830,1,0.3454324527077464,502.63499909919517,0.0,
2021-03-11 14:00:15.840,1,0.3486520973652274,501.54030630248064,0.0,
2021-03-11 14:00:15.850,1,0.4054084359727878,503.4840892207415,0.0,
2021-03-11 14:00:15.860,1,0.4698614717583088,499.9373772841243,0.0,
2021-03-11 14:00:15.870,1,0.4124104213457429,499.94452008269263,0.0,
2021-03-11 14:00:15.880,1,0.4164299445362657,497.7589408397657,0.0,
2021-03-11 14:00:15.890,1,0.4062605073245502,501.9985270330613,0.0,
2021-03-11 14:00:15.900,1,0.4690087671545492,499.12700818054464,0.0,
2021-03-11 14:00:15.910,1,0.5072314821133441,496.7449413508936,0.0,
2021-03-11 14:00:15.920,1,0.3959327858734218,495.97206869655184,0.0,
2021-03-11 14:00:15.930,1,0.4320493138182976,498.8582939289402,0.0,
2021-03-11 14:00:15.940,1,0.4307298416681136,499.1820674451821,0.0,
2021-03-11 14:00:15.950,1,0.433815520199086,499.6304411088541,0.0,
2021-03-11 14:00:15.960,1,0.5503023874564891,494.2221616592922,0.0,
2021-03-11 14:00:15.970,1,0.5147361728974461,499.5472215747032,0.0,
2021-03-11 14:00:15.980,1,0.439607440590225,495.3199998072464,0.0,
2021-03-11 14:00:15.990,1,0.3896059913707143,500.8394182914283,0.0,
2021-03-11 14:00:16.000,1,0.4299263230448048,496.62050675360985,0.0,
2021-03-11 14:00:16.010,1,0.4432884729024525,502.4226657431726,0.0,
2021-03-11 14:00:16.020,1,0.4523437724276903,495.0692761119865,0.0,
2021-03-11 14:00:16.030,1,0.5037712893969107,497.55083025771285,0.0,
2021-03-11 14:00:16.040,1,0.484381213636787,494.3858997752223,0.0,
2021-03-11 14:00:16.050,1,0.4632317001426705,491.3314915617533,0.0,
2021-03-11 14:00:16.060,1,0.4769355206832775,491.87833109389663,0.0,
2021-03-11 14:00:16.070,1,0.4994453329898995,491.94719983123593,0.0,
2021-03-11 14:00:16.080,1,0.4019767466086519,493.874560841823,0.0,
2021-03-11 14:00:16.090,1,0.4077929042100471,498.08618847732964,0.0,
2021-03-11 14:00:16.100,1,0.5238586125303087,494.92826388104,0.0,
2021-03-11 14:00:16.110,1,0.3910634823434105,493.6997288507306,0.0,
2021-03-11 14:00:16.120,1,0.4740761205485196,495.2467657676687,0.0,
2021-03-11 14:00:16.130,1,0.4136996645017594,495.55838532157713,0.0,
2021-03-11 14:00:16.140,1,0.461389291226262,498.5379094178006,0.0,
2021-03-11 14:00:16.150,1,0.4325809973759839,496.7606015875981,0.0,
2021-03-11 14:00:16.160,1,0.3966778574517046,497.0046325822503,0.0,
2021-03-11 14:00:16.170,1,0.5561562963043789,499.61416193158374,0.0,
2021-03-11 14:00:16.180,1,0.5164840161091434,495.0820313555848,0.0,
2021-03-11 14:00:16.190,1,0.4746248687297487,494.35551126214193,0.0,
2021-03-11 14:00:16.200,1,0.4802770779820587,496.8909156777693,0.0,
2021-03-11 14:00:16.210,1,0.4533618964952258,500.9299938930682,0.0,
2021-03-11 14:00:16.220,1,0.4831751922079088,496.98049141944915,0.0,
2021-03-11 14:00:16.230,1,0.4426103562777286,496.09366089901147,0.0,
2021-03-11 14:00:16.240,1,0.3751455548682608,501.5989072387593,0.0,
2021-03-11 14:00:16.250,1,0.398603547649796,501.3561485887866,0.0,
2021-03-11 14:00:16.260,1,0.5216961832323385,500.9168573756159,0.0,
2021-03-11 14:00:16.270,1,0.3809894755136548,496.7798413961278,0.0,
2021-03-11 14:00:16.280,1,0.3566557254800536,498.62549446608637,0.0,
2021-03-11 14:00:16.290,1,0.5087495552614494,504.2040776577728,0.0,
2021-03-11 14:00:16.300,1,0.5107487112330105,503.12349621980826,0.0,
2021-03-11 14:00:16.310,1,0.4880960702925168,508.0418951056082,0.0,
2021-03-11 14:00:16.320,1,0.3967132334281064,501.4187561666319,0.0,
2021-03-11 14:00:16.330,1,0.364855023742231,503.3237670353827,0.0,
2021-03-11 14:00:16.340,1,0.475685545725245,505.5998850144762,0.0,
2021-03-11 14:00:16.350,1,0.422481328970313,504.704266910738,0.0,
2021-03-11 14:00:16.360,1,0.4051215494686639,506.45072457812887,0.0,
2021-03-11 14:00:16.370,1,0.4895393552736388,509.42604507200025,0.0,
2021-03-11 14:00:16.380,1,0.3714050757455792,506.7203051773778,0.0,
2021-03-11 14:00:16.390,1,0.3501298082157262,513.0972521793537,0.0,
2021-03-11 14:00:16.400,1,0.3846727451497568,509.6593877080278,0.0,
2021-03-11 14:00:16.410,1,0.3266946174286526,507.3083094082269,0.0,
2021-03-11 14:00:16.420,1,0.3812979423556624,506.1809836615767,0.0,
2021-03-11 14:00:16.430,1,0.4284895367287962,513.1819447764067,0.0,
2021-03-11 14:00:16.440,1,0.4547567109571971,508.6210854296936,0.0,
2021-03-11 14:00:16.450,1,0.3903861612421875,516.1563879265533,0.0,
2021-03-11 14:00:16.460,1,0.3931577865003327,508.04465797775526,0.0,
2021-03-11 14:00:16.470,1,0.3457675066322404,509.99855388678424,0.0,
2021-03-11 14:00:16.480,1,0.4293469905514507,505.8704831600769,0.0,
2021-03-11 14:00:16.490,1,0.3525587978956664,508.7923041186174,0.0,
2021-03-11 14:00:16.500,1,0.3048617008822264,512.8336540603442,0.0,
2021-03-11 14:00:16.510,1,0.323293795328031,511.51515923342726,0.0,
2021-03-11 14:00:16.520,1,0.4096704820668794,513.6259974421781,0.0,
2021-03-11 14:00:16.530,1,0.4319697323627164,507.1011196255246,0.0,
2021-03-11 14:00:16.540,1,0.3642261768278301,511.1320842027368,0.0,
2021-03-11 14:00:16.550,1,0.4047138557258001,511.04856847089735,0.0,
2021-03-11 14:00:16.560,1,0.3431651069801109,509.0147830549569,0.0,
2021-03-11 14:00:16.570,1,0.4117339278518978,513.7799674026696,0.0,
2021-03-11 14:00:16.580,1,0.3434469960301735,507.04335404529434,0.0,
2021-03-11 14:00:16.590,1,0.4381301658943108,508.09485240016267,0.0,
2021-03-11 14:00:16.600,1,0.3916151988234101,504.01915342396035,0.0,
2021-03-11 14:00:16.610,1,0.3000998922741908,508.0108306797876,0.0,
2021-03-11 14:00:16.620,1,0.3967211769513604,507.4961611186672,0.0,
2021-03-11 14:00:16.630,1,0.4237319875866833,506.7751987948495,0.0,
2021-03-11 14:00:16.640,1,0.3782722580777264,503.31143938520034,0.0,
2021-03-11 14:00:16.650,1,0.3527471934147249,506.7298129980657,0.0,
2021-03-11 14:00:16.660,1,0.3375854087535727,504.1098053639358,0.0,
2021-03-11 14:00:16.670,1,0.4112355577391378,507.1295359792747,0.0,
2021-03-11 14:00:16.680,1,0.4242007648797206,505.2652466764145,0.0,
2021-03-11 14:00:16.690,1,0.3333731277720999,502.4050554562242,0.0,
2021-03-11 14:00:16.700,1,0.3684261435323912,499.1980731648097,0.0,
2021-03-11 14:00:16.710,1,0.3390253913192546,503.88882315382426,0.0,
2021-03-11 14:00:16.720,1,0.301987465320974,503.53652577608085,0.0,
2021-03-11 14:00:16.730,1,0.4018301193320061,505.0364367625756,0.0,
2021-03-11 14:00:16.740,1,0.4012108444975676,501.15441740576966,0.0,
2021-03-11 14:00:16.750,1,0.3696696987961688,499.8275881605603,0.0,
2021-03-11 14:00:16.760,1,0.4014319505449124,498.5495869474157,0.0,
2021-03-11 14:00:16.770,1,0.3500270663206783,500.5222149366272,0.0,
2021-03-11 14:00:16.780,1,0.4503340521083293,503.46456271541575,0.0,
2021-03-11 14:00:16.790,1,0.4182476014407249,498.9537937979185,0.0,
2021-03-11 14:00:16.800,1,0.3095922205971839,502.9099134790805,0.0,
2021-03-11 14:00:16.810,1,0.3445426489319317,495.585591413499,0.0,
2021-03-11 14:00:16.820,1,0.4193950401367995,503.2518247932754,0.0,
2021-03-11 14:00:16.830,1,0.4233309117142173,496.6881977333568,0.0,
2021-03-11 14:00:16.840,1,0.3384871152956024,499.41071367635834,0.0,
2021-03-11 14:00:16.850,1,0.4417270054916643,500.4273921558388,0.0,
2021-03-11 14:00:16.860,1,0.4437311997436816,504.41013024218836,0.0,
2021-03-11 14:00:16.870,1,0.3659887757105756,506.3533188460987,0.0,
2021-03-11 14:00:16.880,1,0.4509707784085016,497.53909706174795,0.0,
2021-03-11 14:00:16.890,1,0.3599730570272253,503.01065065801214,0.0,
2021-03-11 14:00:16.900,1,0.4270347556421281,504.10231961080115,0.0,
2021-03-11 14:00:16.910,1,0.4838900504597805,503.6938628070733,0.0,
2021-03-11 14:00:16.920,1,0.4648823243119464,501.3154993000164,0.0,
2021-03-11 14:00:16.930,1,0.49428964090954,505.883688299737,0.0,
2021-03-11 14:00:16.940,1,0.4053707084311175,505.3639754324131,0.0,
2021-03-11 14:00:16.950,1,0.3944090608526966,505.06580312330703,0.0,
2021-03-11 14:00:16.960,1,0.3954077909735872,503.98774525541154,0.0,
2021-03-11 14:00:16.970,1,0.4404994503104834,503.87934440066397,0.0,
2021-03-11 14:00:16.980,1,0.4012502861938585,509.0797926125992,0.0,
2021-03-11 14:00:16.990,1,0.3754695208456625,508.365033221221,0.0,
2021-03-11 14:00:17.000,1,0.3962325534808981,506.0694442171106,0.0,
2021-03-11 14:00:17.010,1,0.4923111509067963,508.31829677182816,0.0,
2021-03-11 14:00:17.020,1,0.3555922925306055,507.5322754881353,0.0,
2021-03-11 14:00:17.030,1,0.4396597664670456,507.79343855733237,0.0,
2021-03-11 14:00:17.040,1,0.4364323336932079,503.5446266472395,0.0,
2021-03-11 14:00:17.050,1,0.5123593663910839,508.8190338587052,0.0,
2021-03-11 14:00:17.060,1,0.4212997996129904,502.1822792268071,0.0,
2021-03-11 14:00:17.070,1,0.4429361099032574,508.4651318616653,0.0,
2021-03-11 14:00:17.080,1,0.4978515611385309,508.03557660095527,0.0,
2021-03-11 14:00:17.090,1,0.5399667902599559,508.1047384492072,0.0,
2021-03-11 14:00:17.100,1,0.4317397254968975,505.26469895082914,0.0,
2021-03-11 14:00:17.110,1,0.3944165694257374,504.17462662421264,0.0,
2021-03-11 14:00:17.120,1,0.4813387194759874,509.2541419254725,0.0,
2021-03-11 14:00:17.130,1,0.4967927238289425,507.06326824404977,0.0,
2021-03-11 14:00:17.140,1,0.3647759440649433,512.0183931632307,0.0,
2021-03-11 14:00:17.150,1,0.4531469929011378,509.0526153470442,0.0,
2021-03-11 14:00:17.160,1,0.4977397995016742,510.8845069453813,0.0,
2021-03-11 14:00:17.170,1,0.5216684703582386,507.3190291018625,0.0,
2021-03-11 14:00:17.180,1,0.4115055527907068,504.1804831049054,0.0,
2021-03-11 14:00:17.190,1,0.4420150346491792,504.9748575261783,0.0,
2021-03-11 14:00:17.200,1,0.4403950436799297,505.0562353359027,0.0,
2021-03-11 14:00:17.210,1,0.4816792971081668,502.38934462958815,0.0,
2021-03-11 14:00:17.220,1,0.3603478802216637,505.2284807395022,0.0,
2021-03-11 14:00:17.230,1,0.4005817269043061,502.55979541209325,0.0,
2021-03-11 14:00:17.240,1,0.5248893343603087,500.7827517802712,0.0,
2021-03-11 14:00:17.250,1,0.5211513124867221,500.3966439845901,0.0,
2021-03-11 14:00:17.260,1,0.4352131156491127,505.0579053249415,0.0,
2021-03-11 14:00:17.270,1,0.4752037530148061,497.6629855477573,0.0,
2021-03-11 14:00:17.280,1,0.381252281601533,500.2554372564176,0.0,
2021-03-11 14:00:17.290,1,0.4090341842737505,497.7749650935112,0.0,
2021-03-11 14:00:17.300,1,0.4372063999971927,498.22894293138563,0.0,
2021-03-11 14:00:17.310,1,0.399278783890984,495.42056483630216,0.0,
2021-03-11 14:00:17.320,1,0.4947669264448519,501.6069483206019,0.0,
2021-03-11 14:00:17.330,1,0.3914203934190134,495.5781551156333,0.0,
2021-03-11 14:00:17.340,1,0.4154761224371047,495.5944319054743,0.0,
2021-03-11 14:00:17.350,1,0.4957989418562026,493.04204852943496,0.0,
2021-03-11 14:00:17.360,1,0.4740635669618274,497.5266760637963,0.0,
2021-03-11 14:00:17.370,1,0.4169766994786972,495.6847628313955,0.0,
2021-03-11 14:00:17.380,1,0.4497734175631693,493.37996387692345,0.0,
2021-03-11 14:00:17.390,1,0.4298635753401954,493.87594280418887,0.0,
2021-03-11 14:00:17.400,1,0.474122642250447,491.8465871037252,0.0,
2021-03-11 14:00:17.410,1,0.4755910289081911,492.09079877109565,0.0,
2021-03-11 14:00:17.420,1,0.4312571179429572,489.5924109810359,0.0,
2021-03-11 14:00:17.430,1,0.4781315745223183,494.9667146250125,0.0,
2021-03-11 14:00:17.440,1,0.4721264638016936,493.2304510634742,0.0,
2021-03-11 14:00:17.450,1,0.4559268239818749,493.27303534579016,0.0,
2021-03-11 14:00:17.460,1,0.4572778291891231,489.6187747318372,0.0,
2021-03-11 14:00:17.470,1,0.3859629714026968,490.0963683831519,0.0,
2021-03-11 14:00:17.480,1,0.3483686159748441,496.0573300411632,0.0,
2021-03-11 14:00:17.490,1,0.4296375556857449,490.95952196196737,0.0,
2021-03-11 14:00:17.500,1,0.3437473716321509,493.48977899819977,0.0,
2021-03-11 14:00:17.510,1,0.4455443023601425,490.904446558989,0.0,
2021-03-11 14:00:17.520,1,0.4423813171538225,489.78788638681283,0.0,
2021-03-11 14:00:17.530,1,0.4350636758021621,488.391165968314,0.0,
2021-03-11 14:00:17.540,1,0.3969725249581048,494.0276891659036,0.0,
2021-03-11 14:00:17.550,1,0.4531278909718437,492.55492511956834,0.0,
2021-03-11 14:00:17.560,1,0.3629284138107271,494.22771462970496,0.0,
2021-03-11 14:00:17.570,1,0.3257756692015028,488.1268611154229,0.0,
2021-03-11 14:00:17.580,1,0.3264893125608412,492.9002635136147,0.0,
2021-03-11 14:00:17.590,1,0.3499404637598208,488.558390520898,0.0,
2021-03-11 14:00:17.600,1,0.4269356673884109,493.70965945562017,0.0,
2021-03-11 14:00:17.610,1,0.3981971596229579,496.5125820407808,0.0,
2021-03-11 14:00:17.620,1,0.3538484135595408,496.62714049676765,0.0,
2021-03-11 14:00:17.630,1,0.3218475614490881,486.0613002626013,0.0,
2021-03-11 14:00:17.640,1,0.3346904832050451,496.2492823761935,0.0,
2021-03-11 14:00:17.650,1,0.3272067232470443,500.10648560840536,0.0,
2021-03-11 14:00:17.660,1,0.4025924242889767,495.9073100145665,0.0,
2021-03-11 14:00:17.670,1,0.3891333173387621,498.27359571471726,0.0,
2021-03-11 14:00:17.680,1,0.3584264308648061,498.9592206572766,0.0,
2021-03-11 14:00:17.690,1,0.4149340150628689,495.1128484337282,0.0,
2021-03-11 14:00:17.700,1,0.4493997668392428,496.6412832603637,0.0,
2021-03-11 14:00:17.710,1,0.3248556122518471,498.3831749169952,0.0,
2021-03-11 14:00:17.720,1,0.3678678568409715,500.44642794387426,0.0,
2021-03-11 14:00:17.730,1,0.4392601820122628,497.5136284389724,0.0,
2021-03-11 14:00:17.740,1,0.4717217668905724,494.3445764685701,0.0,
2021-03-11 14:00:17.750,1,0.3779709763836196,501.88894872259766,0.0,
2021-03-11 14:00:17.760,1,0.4523215296431512,499.5858146737391,0.0,
2021-03-11 14:00:17.770,1,0.3575168423264432,503.4047184441188,0.0,
2021-03-11 14:00:17.780,1,0.4551641526189722,500.17111788571435,0.0,
2021-03-11 14:00:17.790,1,0.3986879225233872,494.60241861146284,0.0,
2021-03-11 14:00:17.800,1,0.397994473827464,500.91748813313575,0.0,
2021-03-11 14:00:17.810,1,0.3402454049524346,501.0145242610646,0.0,
2021-03-11 14:00:17.820,1,0.4478132536276,497.1191055703005,0.0,
2021-03-11 14:00:17.830,1,0.4528454412089654,498.55449668631485,0.0,
2021-03-11 14:00:17.840,1,0.3687995342869923,499.0344835045466,0.0,
2021-03-11 14:00:17.850,1,0.5175794791156421,495.8747200857683,0.0,
2021-03-11 14:00:17.860,1,0.4215090975564602,501.1265547193382,0.0,
2021-03-11 14:00:17.870,1,0.4649152403421435,499.9054974301584,0.0,
2021-03-11 14:00:17.880,1,0.3729990726576171,501.0980822944078,0.0,
2021-03-11 14:00:17.890,1,0.5172690930075983,497.1897305904673,0.0,
2021-03-11 14:00:17.900,1,0.4538404415037323,499.02500675736815,0.0,
2021-03-11 14:00:17.910,1,0.4978581486426194,500.1327520763344,0.0,
2021-03-11 14:00:17.920,1,0.3795362191566253,498.5716219801149,0.0,
2021-03-11 14:00:17.930,1,0.4587521281141083,497.8052237770261,0.0,
2021-03-11 14:00:17.940,1,0.4490762267845258,498.31231450586426,0.0,
2021-03-11 14:00:17.950,1,0.3755379360539163,497.50007866289855,0.0,
2021-03-11 14:00:17.960,1,0.3906821826422583,496.84079156521034,0.0,
2021-03-11 14:00:17.970,1,0.5292339689660568,492.2432957442877,0.0,
2021-03-11 14:00:17.980,1,0.41241479228739,493.4775861368045,0.0,
2021-03-11 14:00:17.990,1,0.5444961210421158,491.75455539060096,0.0,
2021-03-11 14:00:18.000,1,0.5112888619463868,492.386675053776,0.0,
2021-03-11 14:00:18.010,1,0.5397738162161061,493.1517892181035,0.0,
2021-03-11 14:00:18.020,1,0.5545702130845362,495.2609719823468,0.0,
2021-03-11 14:00:18.030,1,0.542358988966206,486.6219868607569,0.0,
2021-03-11 14:00:18.040,1,0.5155885874438777,493.3674490896466,0.0,
2021-03-11 14:00:18.050,1,0.4457753654633902,492.2909831491498,0.0,
2021-03-11 14:00:18.060,1,0.3773670704224598,487.0153528796001,0.0,
2021-03-11 14:00:18.070,1,0.4022582173472402,493.0267363589401,0.0,
2021-03-11 14:00:18.080,1,0.4873021791963798,490.4975425707519,0.0,
2021-03-11 14:00:18.090,1,0.5730815965041554,491.4169855266199,0.0,
2021-03-11 14:00:18.100,1,0.4285690775908058,493.0949667951612,0.0,
2021-03-11 14:00:18.110,1,0.391372392095589,491.2598534975824,0.0,
2021-03-11 14:00:18.120,1,0.5672043388229531,490.0097144836745,0.0,
2021-03-11 14:00:18.130,1,0.505363981502468,490.7539090199917,0.0,
2021-03-11 14:00:18.140,1,0.502260006867574,492.2652580930349,0.0,
2021-03-11 14:00:18.150,1,0.4693216927641563,492.35502168186713,0.0,
2021-03-11 14:00:18.160,1,0.4763143936154461,495.1260253300152,0.0,
2021-03-11 14:00:18.170,1,0.4458032589531273,489.94421635307367,0.0,
2021-03-11 14:00:18.180,1,0.4953617892070828,486.77196549022034,0.0,
2021-03-11 14:00:18.190,1,0.4290494142896137,493.26318783276116,0.0,
2021-03-11 14:00:18.200,1,0.4642330201125829,494.793408243514,0.0,
2021-03-11 14:00:18.210,1,0.5486974961944304,487.6909301998879,0.0,
2021-03-11 14:00:18.220,1,0.3939220200121355,492.6991374160006,0.0,
2021-03-11 14:00:18.230,1,0.4693771592934381,492.01107465096453,0.0,
2021-03-11 14:00:18.240,1,0.532031942218481,490.7182667656885,0.0,
2021-03-11 14:00:18.250,1,0.5382529226006355,494.7795613553464,0.0,
2021-03-11 14:00:18.260,1,0.5276489417445548,496.1711238591624,0.0,
2021-03-11 14:00:18.270,1,0.5342191650281193,495.58718570407234,0.0,
2021-03-11 14:00:18.280,1,0.4871813609140941,492.287527740569,0.0,
2021-03-11 14:00:18.290,1,0.5428626508446164,499.4992209430696,0.0,
2021-03-11 14:00:18.300,1,0.3744619433619945,495.2123339609684,0.0,
2021-03-11 14:00:18.310,1,0.3683109248110404,493.07434676068885,0.0,
2021-03-11 14:00:18.320,1,0.5122431768648618,499.948172750888,0.0,
2021-03-11 14:00:18.330,1,0.39638186237776296,496.68920672652496,0.0,
2021-03-11 14:00:18.340,1,0.5040593767734879,497.6082510931742,0.0,
2021-03-11 14:00:18.350,1,0.4065759962540013,496.3619993641146,0.0,
2021-03-11 14:00:18.360,1,0.3456843826552669,499.6692342122988,0.0,
2021-03-11 14:00:18.370,1,0.3402087270758523,496.3668252708064,0.0,
2021-03-11 14:00:18.380,1,0.4746101243262847,500.3656691720453,0.0,
2021-03-11 14:00:18.390,1,0.4305987897928582,497.4222500329833,0.0,
2021-03-11 14:00:18.400,1,0.4856564984941021,495.8307274577388,0.0,
2021-03-11 14:00:18.410,1,0.3631826898664448,502.9911853384919,0.0,
2021-03-11 14:00:18.420,1,0.3807244612464293,506.2500808003397,0.0,
2021-03-11 14:00:18.430,1,0.3479545293579621,501.652187510508,0.0,
2021-03-11 14:00:18.440,1,0.3824083909524522,501.53761234372536,0.0,
2021-03-11 14:00:18.450,1,0.4252942388871601,500.27287157022863,0.0,
2021-03-11 14:00:18.460,1,0.3848241389094846,507.1587977729139,0.0,
2021-03-11 14:00:18.470,1,0.325804823627089,501.8283482935216,0.0,
2021-03-11 14:00:18.480,1,0.3508991080452645,507.42258109044434,0.0,
2021-03-11 14:00:18.490,1,0.4029059419002914,504.06354992317114,0.0,
2021-03-11 14:00:18.500,1,0.3893364593843829,503.8193248760089,0.0,
2021-03-11 14:00:18.510,1,0.3728364878220587,502.8634959505858,0.0,
2021-03-11 14:00:18.520,1,0.4482396922324481,501.6046573776042,0.0,
2021-03-11 14:00:18.530,1,0.2978559915756997,502.6964767673989,0.0,
2021-03-11 14:00:18.540,1,0.4090002698369813,502.2056678409808,0.0,
2021-03-11 14:00:18.550,1,0.4039756388069564,499.50252578110087,0.0,
2021-03-11 14:00:18.560,1,0.3706853804392494,500.1240364920314,0.0,
2021-03-11 14:00:18.570,1,0.3514772648581957,501.9309809940508,0.0,
2021-03-11 14:00:18.580,1,0.3086167209145584,504.03591865760313,0.0,
2021-03-11 14:00:18.590,1,0.3028124008656015,499.7663037775636,0.0,
2021-03-11 14:00:18.600,1,0.392404744620084,496.76748542622175,0.0,
2021-03-11 14:00:18.610,1,0.3570890705481588,504.26330061456497,0.0,
2021-03-11 14:00:18.620,1,0.3173430736647883,505.08740775259173,0.0,
2021-03-11 14:00:18.630,1,0.3108326726643719,499.395705156226,0.0,
2021-03-11 14:00:18.640,1,0.3291960706194589,499.27721882045495,0.0,
2021-03-11 14:00:18.650,1,0.4173886128955725,499.2605052117461,0.0,
2021-03-11 14:00:18.660,1,0.3771740805815476,497.75592364447306,0.0,
2021-03-11 14:00:18.670,1,0.41830044947726,497.0745559607621,0.0,
2021-03-11 14:00:18.680,1,0.3535196314098741,497.7768743591842,0.0,
2021-03-11 14:00:18.690,1,0.3379291370006776,497.94465734577597,0.0,
2021-03-11 14:00:18.700,1,0.3208226066188296,492.7232785228337,0.0,
2021-03-11 14:00:18.710,1,0.4276743607710137,497.5332032143692,0.0,
2021-03-11 14:00:18.720,1,0.3129986918401071,490.938357623539,0.0,
2021-03-11 14:00:18.730,1,0.3707382549852223,495.90079579677024,0.0,
2021-03-11 14:00:18.740,1,0.3749187124559627,497.7531997042038,0.0,
2021-03-11 14:00:18.750,1,0.3911983217929156,490.2676112272076,0.0,
2021-03-11 14:00:18.760,1,0.3661980946215013,489.3204785492667,0.0,
2021-03-11 14:00:18.770,1,0.4372997299846834,489.50403355395684,0.0,
2021-03-11 14:00:18.780,1,0.3525413934878702,494.26507032069946,0.0,
2021-03-11 14:00:18.790,1,0.4117420603080162,488.4996581710844,0.0,
2021-03-11 14:00:18.800,1,0.3919881347112789,492.00812029821634,0.0,
2021-03-11 14:00:18.810,1,0.3986261539198364,493.590244827634,0.0,
2021-03-11 14:00:18.820,1,0.4166696732441409,490.85014458468095,0.0,
2021-03-11 14:00:18.830,1,0.4421146602987832,496.91039560822486,0.0,
2021-03-11 14:00:18.840,1,0.416594756391119,491.4206977149588,0.0,
2021-03-11 14:00:18.850,1,0.379880431279582,488.85321789250014,0.0,
2021-03-11 14:00:18.860,1,0.3945482452654187,488.4807798533721,0.0,
2021-03-11 14:00:18.870,1,0.4112830924857918,491.6420373123312,0.0,
2021-03-11 14:00:18.880,1,0.4348018176153619,494.84228907814975,0.0,
2021-03-11 14:00:18.890,1,0.3423660031306468,490.91854239303336,0.0,
2021-03-11 14:00:18.900,1,0.4187847333543171,493.20286986055453,0.0,
2021-03-11 14:00:18.910,1,0.4444934279822712,488.90504212254854,0.0,
2021-03-11 14:00:18.920,1,0.3189296575408376,486.7348539375973,0.0,
2021-03-11 14:00:18.930,1,0.3763312044507639,496.30333396567886,0.0,
2021-03-11 14:00:18.940,1,0.3261511054145266,494.11426668931466,0.0,
2021-03-11 14:00:18.950,1,0.3462605117996142,491.9008415374929,0.0,
2021-03-11 14:00:18.960,1,0.3771255910322792,497.4462064733757,0.0,
2021-03-11 14:00:18.970,1,0.3967070763536365,489.31193903043305,0.0,
2021-03-11 14:00:18.980,1,0.4639372648483558,492.53636596048597,0.0,
2021-03-11 14:00:18.990,1,0.3123087897860995,493.30452932677207,0.0,
2021-03-11 14:00:19.000,1,0.3942585824799458,497.9196228420769,0.0,
2021-03-11 14:00:19.010,1,0.4558435032574995,495.6661915904497,0.0,
2021-03-11 14:00:19.020,1,0.331349719644097,491.6616202826953,0.0,
2021-03-11 14:00:19.030,1,0.3266523668991414,491.6416612351979,0.0,
2021-03-11 14:00:19.040,1,0.4113034999869849,488.6716583425393,0.0,
2021-03-11 14:00:19.050,1,0.4406617605059335,497.3768172368431,0.0,
2021-03-11 14:00:19.060,1,0.4070489715355307,491.11044040567816,0.0,
2021-03-11 14:00:19.070,1,0.3606824673609135,494.5545229241568,0.0,
2021-03-11 14:00:19.080,1,0.3886318270475657,494.3796030502583,0.0,
2021-03-11 14:00:19.090,1,0.3901156858963687,495.3955936122582,0.0,
2021-03-11 14:00:19.100,1,0.415126803363014,497.27430456332917,0.0,
2021-03-11 14:00:19.110,1,0.3297941378950773,498.44230193515517,0.0,
2021-03-11 14:00:19.120,1,0.3938478906136695,492.5648445967241,0.0,
2021-03-11 14:00:19.130,1,0.3315656878036888,495.0072486872795,0.0,
2021-03-11 14:00:19.140,1,0.3710691169598923,498.35731908840586,0.0,
2021-03-11 14:00:19.150,1,0.3102549054815405,496.3132102461008,0.0,
2021-03-11 14:00:19.160,1,0.4181186762521744,493.9530081257798,0.0,
2021-03-11 14:00:19.170,1,0.4321561744278651,492.5226826141757,0.0,
2021-03-11 14:00:19.180,1,0.3914845766490644,492.2490297844426,0.0,
2021-03-11 14:00:19.190,1,0.3062698468763352,496.6841980683776,0.0,
2021-03-11 14:00:19.200,1,0.4451923217126819,496.51426389549835,0.0,
2021-03-11 14:00:19.210,1,0.3719251492117981,494.5464332690416,0.0,
2021-03-11 14:00:19.220,1,0.4052657915801285,498.068180923129,0.0,
2021-03-11 14:00:19.230,1,0.314498639817276,494.0931035413495,0.0,
2021-03-11 14:00:19.240,1,0.4144219670961982,491.0755057357837,0.0,
2021-03-11 14:00:19.250,1,0.3834729379778388,498.6594694068058,0.0,
2021-03-11 14:00:19.260,1,0.3103186091561837,490.5111936977557,0.0,
2021-03-11 14:00:19.270,1,0.3229419232282903,494.17967511917465,0.0,
2021-03-11 14:00:19.280,1,0.3561924243531956,491.73356554362687,0.0,
2021-03-11 14:00:19.290,1,0.4241722055688709,491.7052060335376,0.0,
2021-03-11 14:00:19.300,1,0.2854543245472632,488.66494066869285,0.0,
2021-03-11 14:00:19.310,1,0.3140355451520386,487.439029840462,0.0,
2021-03-11 14:00:19.320,1,0.3066479573088805,490.64201549802453,0.0,
2021-03-11 14:00:19.330,1,0.2847878941769169,483.8765531133346,0.0,
2021-03-11 14:00:19.340,1,0.3442640736028874,486.55520494249254,0.0,
2021-03-11 14:00:19.350,1,0.2975758049586707,485.44586654471254,0.0,
2021-03-11 14:00:19.360,1,0.3480796056157503,488.60674138634033,0.0,
2021-03-11 14:00:19.370,1,0.2978560183140039,489.4963599362009,0.0,
2021-03-11 14:00:19.380,1,0.3157547925877969,490.6424456021522,0.0,
2021-03-11 14:00:19.390,1,0.3139372683863901,489.88533899716055,0.0,
2021-03-11 14:00:19.400,1,0.2628422387702714,484.2903568165429,0.0,
2021-03-11 14:00:19.410,1,0.3119470485321104,485.8696396956916,0.0,
2021-03-11 14:00:19.420,1,0.3584915440218538,486.8494049640772,0.0,
2021-03-11 14:00:19.430,1,0.3606047255214186,481.26548060900717,0.0,
2021-03-11 14:00:19.440,1,0.3162609784946644,482.8783307825283,0.0,
2021-03-11 14:00:19.450,1,0.3104443739270875,480.46119393509537,0.0,
2021-03-11 14:00:19.460,1,0.3060278562573607,480.56134362691824,0.0,
2021-03-11 14:00:19.470,1,0.2406741814415171,480.1451148276538,0.0,
2021-03-11 14:00:19.480,1,0.264383511112842,480.3401761494423,0.0,
2021-03-11 14:00:19.490,1,0.2656770227111192,480.8002124041954,0.0,
2021-03-11 14:00:19.500,1,0.2294734206837188,477.78159267304375,0.0,
2021-03-11 14:00:19.510,1,0.3069378442707003,481.5272376120584,0.0,
2021-03-11 14:00:19.520,1,0.3013475875767138,479.8048176555671,0.0,
2021-03-11 14:00:19.530,1,0.2903449414599764,478.41939237793616,0.0,
2021-03-11 14:00:19.540,1,0.2721973474826252,477.2206702898592,0.0,
2021-03-11 14:00:19.550,1,0.2807272087595187,480.6577690232582,0.0,
2021-03-11 14:00:19.560,1,0.2493687674694873,485.2639232082575,0.0,
2021-03-11 14:00:19.570,1,0.2967163527995889,480.11664120074806,0.0,
2021-03-11 14:00:19.580,1,0.3193578924415154,475.90905200564345,0.0,
2021-03-11 14:00:19.590,1,0.2923321844864068,480.1315670777669,0.0,
2021-03-11 14:00:19.600,1,0.3066039366789779,477.24258675942895,0.0,
2021-03-11 14:00:19.610,1,0.2658015634337722,484.53789007217904,0.0,
2021-03-11 14:00:19.620,1,0.3054538103084293,480.0213569022723,0.0,
2021-03-11 14:00:19.630,1,0.3302134122436306,478.5631524040744,0.0,
2021-03-11 14:00:19.640,1,0.2500426577544573,478.393696421902,0.0,
2021-03-11 14:00:19.650,1,0.2241049957271551,485.3492919459356,0.0,
2021-03-11 14:00:19.660,1,0.2320299476624789,485.91615857747337,0.0,
2021-03-11 14:00:19.670,1,0.2687093448034994,482.7646036974849,0.0,
2021-03-11 14:00:19.680,1,0.3326370750702843,483.47604293383245,0.0,
2021-03-11 14:00:19.690,1,0.2561765816132808,486.1056042653343,0.0,
2021-03-11 14:00:19.700,1,0.3408619748290821,484.69283030099336,0.0,
2021-03-11 14:00:19.710,1,0.2686566282017044,487.3321100286112,0.0,
2021-03-11 14:00:19.720,1,0.3008329279784789,484.72378563786765,0.0,
2021-03-11 14:00:19.730,1,0.3276231594390589,488.0101988991751,0.0,
2021-03-11 14:00:19.740,1,0.2730182789926265,485.27822953627935,0.0,
2021-03-11 14:00:19.750,1,0.3230374302128933,487.00955906499115,0.0,
2021-03-11 14:00:19.760,1,0.2551813381698546,487.2534314617423,0.0,
2021-03-11 14:00:19.770,1,0.3274158031176422,488.8389034262585,0.0,
2021-03-11 14:00:19.780,1,0.3121820080577429,488.105903071204,0.0,
2021-03-11 14:00:19.790,1,0.302107877989813,489.5259999356957,0.0,
2021-03-11 14:00:19.800,1,0.25282464235565,490.23907433540086,0.0,
2021-03-11 14:00:19.810,1,0.3305150970919567,487.51044028888685,0.0,
2021-03-11 14:00:19.820,1,0.3066217625784792,491.7883057171772,0.0,
2021-03-11 14:00:19.830,1,0.262970730555967,489.26157337318506,0.0,
2021-03-11 14:00:19.840,1,0.3072935382060374,486.25837180299726,0.0,
2021-03-11 14:00:19.850,1,0.2776918041153742,487.75632723116166,0.0,
2021-03-11 14:00:19.860,1,0.267355347620464,492.0429285766547,0.0,
2021-03-11 14:00:19.870,1,0.2716471603864868,491.0538036918344,0.0,
2021-03-11 14:00:19.880,1,0.30562181159643603,491.3288289418914,0.0,
2021-03-11 14:00:19.890,1,0.3500441579262548,489.0973778205976,0.0,
2021-03-11 14:00:19.900,1,0.3583476495911372,490.33280846872947,0.0,
2021-03-11 14:00:19.910,1,0.3262639086419756,492.45473909061377,0.0,
2021-03-11 14:00:19.920,1,0.3583990966399714,492.74610055386484,0.0,
2021-03-11 14:00:19.930,1,0.3796826792843245,488.5771684347729,0.0,
2021-03-11 14:00:19.940,1,0.3103856929893329,490.9776608423578,0.0,
2021-03-11 14:00:19.950,1,0.3065554020118933,488.31051433749406,0.0,
2021-03-11 14:00:19.960,1,0.3711989720529626,487.381627895476,0.0,
2021-03-11 14:00:19.970,1,0.3523417075172665,484.83613873010063,0.0,
2021-03-11 14:00:19.980,1,0.4257589961772926,486.79378132529337,0.0,
2021-03-11 14:00:19.990,1,0.3416358056553993,489.06508261918617,0.0,
2021-03-11 14:00:20.000,1,0.292782298179404,483.9961020889618,0.0,
2021-03-11 14:00:20.010,1,0.3673795564466905,486.62443425336073,0.0,
2021-03-11 14:00:20.020,1,0.29514405492658896,489.7794010865704,0.0,
2021-03-11 14:00:20.030,1,0.3752114750763958,489.766163405942,0.0,
2021-03-11 14:00:20.040,1,0.3976853290945261,485.3483740982997,0.0,
2021-03-11 14:00:20.050,1,0.4115136787591773,483.43497401892176,0.0,
2021-03-11 14:00:20.060,1,0.3734459029137419,487.46533552759473,0.0,
2021-03-11 14:00:20.070,1,0.3035050701633502,487.07826226237574,0.0,
2021-03-11 14:00:20.080,1,0.3239297750667072,485.43707314196746,0.0,
2021-03-11 14:00:20.090,1,0.4488417085476333,485.2864394540146,0.0,
2021-03-11 14:00:20.100,1,0.3836519362243034,486.0304325828423,0.0,
2021-03-11 14:00:20.110,1,0.4026816154059535,483.2352947066647,0.0,
2021-03-11 14:00:20.120,1,0.3515641564141202,490.189504660452,0.0,
2021-03-11 14:00:20.130,1,0.3343588144666813,483.26600182525084,0.0,
2021-03-11 14:00:20.140,1,0.3494306438376001,484.3047248311973,0.0,
2021-03-11 14:00:20.150,1,0.458935330247285,484.9210005978364,0.0,
2021-03-11 14:00:20.160,1,0.3958275717352169,487.1795931633648,0.0,
2021-03-11 14:00:20.170,1,0.3325164286196274,486.7579460770912,0.0,
2021-03-11 14:00:20.180,1,0.3849166673359481,484.3145157237478,0.0,
2021-03-11 14:00:20.190,1,0.4535272870016546,486.2446639780835,0.0,
2021-03-11 14:00:20.200,1,0.3588381443036159,483.1571262849418,0.0,
2021-03-11 14:00:20.210,1,0.4307809161086494,486.1619584156255,0.0,
2021-03-11 14:00:20.220,1,0.4253859471957853,485.44074618762477,0.0,
2021-03-11 14:00:20.230,1,0.4404366723363196,482.5812005054143,0.0,
2021-03-11 14:00:20.240,1,0.3582421509544528,489.59469502523973,0.0,
2021-03-11 14:00:20.250,1,0.3652557661413634,486.79941084116257,0.0,
2021-03-11 14:00:20.260,1,0.3926615804062145,484.12107089755006,0.0,
2021-03-11 14:00:20.270,1,0.3900324849854127,483.164171267235,0.0,
2021-03-11 14:00:20.280,1,0.4325203572601033,486.5400243325583,0.0,
2021-03-11 14:00:20.290,1,0.4202204715907756,490.4743021638066,0.0,
2021-03-11 14:00:20.300,1,0.2982341124021911,484.51880143654114,0.0,
2021-03-11 14:00:20.310,1,0.4384677812225783,489.08303573327765,0.0,
2021-03-11 14:00:20.320,1,0.3228908471810712,490.2529706347632,0.0,
2021-03-11 14:00:20.330,1,0.420150548719168,494.14983778861694,0.0,
2021-03-11 14:00:20.340,1,0.4398969265091785,491.72152350705096,0.0,
2021-03-11 14:00:20.350,1,0.4048521512049164,493.152807117547,0.0,
2021-03-11 14:00:20.360,1,0.3685061233005784,491.45202404180014,0.0,
2021-03-11 14:00:20.370,1,0.4352785093100724,495.0441216632853,0.0,
2021-03-11 14:00:20.380,1,0.3309348309535391,500.2837268978208,0.0,
2021-03-11 14:00:20.390,1,0.4164410636008518,497.289037242956,0.0,
2021-03-11 14:00:20.400,1,0.4024970164250494,496.6214703005092,0.0,
2021-03-11 14:00:20.410,1,0.421397397607834,495.1932630832997,0.0,
2021-03-11 14:00:20.420,1,0.3450227222805985,497.6291552344457,0.0,
2021-03-11 14:00:20.430,1,0.3393052110706374,498.1929120771828,0.0,
2021-03-11 14:00:20.440,1,0.3027352769762513,501.0798800347016,0.0,
2021-03-11 14:00:20.450,1,0.3575733422696454,499.0288240769541,0.0,
2021-03-11 14:00:20.460,1,0.3382086563325179,501.86451831671394,0.0,
2021-03-11 14:00:20.470,1,0.4138873420319423,502.26027985164313,0.0,
2021-03-11 14:00:20.480,1,0.4056718556683565,500.6603184379557,0.0,
2021-03-11 14:00:20.490,1,0.4118874871522579,502.4690217655723,0.0,
2021-03-11 14:00:20.500,1,0.4031611680061288,501.4044725356712,0.0,
2021-03-11 14:00:20.510,1,0.4047157429913462,502.1232878390821,0.0,
2021-03-11 14:00:20.520,1,0.4180322088008452,500.3907460865668,0.0,
2021-03-11 14:00:20.530,1,0.3907317640933622,501.86686201590777,0.0,
2021-03-11 14:00:20.540,1,0.2983846430944746,500.6162575579586,0.0,
2021-03-11 14:00:20.550,1,0.328739576405998,498.69561009740056,0.0,
2021-03-11 14:00:20.560,1,0.3359188623629135,499.147880707173,0.0,
2021-03-11 14:00:20.570,1,0.3836760606515428,502.03574552547343,0.0,
2021-03-11 14:00:20.580,1,0.3619327108774789,500.3646787467114,0.0,
2021-03-11 14:00:20.590,1,0.4291200539664569,503.04712220955435,0.0,
2021-03-11 14:00:20.600,1,0.4037849778645894,503.74164054445487,0.0,
2021-03-11 14:00:20.610,1,0.3176727874689215,498.38051922293687,0.0,
2021-03-11 14:00:20.620,1,0.4369280197833791,500.3767347921309,0.0,
2021-03-11 14:00:20.630,1,0.3307134358334537,498.79950956863166,0.0,
2021-03-11 14:00:20.640,1,0.4316464713403751,498.73143182744576,0.0,
2021-03-11 14:00:20.650,1,0.3095895945962727,497.8535498198571,0.0,
2021-03-11 14:00:20.660,1,0.3482281549730142,505.0035758787315,0.0,
2021-03-11 14:00:20.670,1,0.3462141801258707,500.3704645830428,0.0,
2021-03-11 14:00:20.680,1,0.3311679430896316,496.249392003517,0.0,
2021-03-11 14:00:20.690,1,0.322683100561464,499.0282641562478,0.0,
2021-03-11 14:00:20.700,1,0.4484758989821981,498.9371880368672,0.0,
2021-03-11 14:00:20.710,1,0.3413509063237905,496.9350187293829,0.0,
2021-03-11 14:00:20.720,1,0.4044673791995492,500.8786857909069,0.0,
2021-03-11 14:00:20.730,1,0.3351426539452275,497.3352484244942,0.0,
2021-03-11 14:00:20.740,1,0.4105828664073701,497.9756727411661,0.0,
2021-03-11 14:00:20.750,1,0.3350320040250995,495.3364206360507,0.0,
2021-03-11 14:00:20.760,1,0.4319362701289088,494.51243839862167,0.0,
2021-03-11 14:00:20.770,1,0.3441975507782989,499.75068686287597,0.0,
2021-03-11 14:00:20.780,1,0.4675167183002429,492.90826879609153,0.0,
2021-03-11 14:00:20.790,1,0.3533710937246422,497.7231043833259,0.0,
2021-03-11 14:00:20.800,1,0.4873909999297318,492.9247663552904,0.0,
2021-03-11 14:00:20.810,1,0.4306734714764352,493.1543534468892,0.0,
2021-03-11 14:00:20.820,1,0.4152639263179472,494.87307262435775,0.0,
2021-03-11 14:00:20.830,1,0.5036693139861322,495.39886237633766,0.0,
2021-03-11 14:00:20.840,1,0.4047813153487028,494.90618034786627,0.0,
2021-03-11 14:00:20.850,1,0.4661562784675844,497.9159505700934,0.0,
2021-03-11 14:00:20.860,1,0.4318457155091961,497.25008169768824,0.0,
2021-03-11 14:00:20.870,1,0.514611668532202,495.8343732378999,0.0,
2021-03-11 14:00:20.880,1,0.3675039367772007,498.3105459573771,0.0,
2021-03-11 14:00:20.890,1,0.4273713864700329,495.0027482275914,0.0,
2021-03-11 14:00:20.900,1,0.4246470361921202,495.0006123686417,0.0,
2021-03-11 14:00:20.910,1,0.3847159156884499,494.2382381301394,0.0,
2021-03-11 14:00:20.920,1,0.4049092984152397,498.6060813293733,0.0,
2021-03-11 14:00:20.930,1,0.4805245029534523,491.19532054868586,0.0,
2021-03-11 14:00:20.940,1,0.4527556808432481,497.6002814487982,0.0,
2021-03-11 14:00:20.950,1,0.4553047607009233,493.89688961478953,0.0,
2021-03-11 14:00:20.960,1,0.5612759622829586,492.9557926217487,0.0,
2021-03-11 14:00:20.970,1,0.4185336844484206,497.0172049569728,0.0,
2021-03-11 14:00:20.980,1,0.4758598730069147,496.0079056340242,0.0,
2021-03-11 14:00:20.990,1,0.504187998123117,499.9648830167896,0.0,
2021-03-11 14:00:21.000,1,0.3882216702364022,495.254762460424,0.0,
2021-03-11 14:00:21.010,1,0.5248525804300919,498.33590154301095,0.0,
2021-03-11 14:00:21.020,1,0.4734945658839274,498.09676509857314,0.0,
2021-03-11 14:00:21.030,1,0.4028511208472858,498.6421761072768,0.0,
2021-03-11 14:00:21.040,1,0.5565372095721912,502.1934151872422,0.0,
2021-03-11 14:00:21.050,1,0.5298991284875401,503.326353747081,0.0,
2021-03-11 14:00:21.060,1,0.5012683259512863,496.52526511394507,0.0,
2021-03-11 14:00:21.070,1,0.5905072666114108,502.670391546771,0.0,
2021-03-11 14:00:21.080,1,0.5491794527320386,500.9814679445932,0.0,
2021-03-11 14:00:21.090,1,0.4195071076489071,499.46318949749855,0.0,
2021-03-11 14:00:21.100,1,0.4889220931875144,499.979523978893,0.0,
2021-03-11 14:00:21.110,1,0.4621198603846911,503.420972995343,0.0,
2021-03-11 14:00:21.120,1,0.4855476379518054,501.19608448006926,0.0,
2021-03-11 14:00:21.130,1,0.4520400455706271,503.4957517660977,0.0,
2021-03-11 14:00:21.140,1,0.4099773794630358,497.31247939878716,0.0,
2021-03-11 14:00:21.150,1,0.4198922628041913,500.4290307407009,0.0,
2021-03-11 14:00:21.160,1,0.5250538090206536,503.18904710866167,0.0,
2021-03-11 14:00:21.170,1,0.5296676515171147,503.7261131843063,0.0,
2021-03-11 14:00:21.180,1,0.5197315906267544,501.1352309608977,0.0,
2021-03-11 14:00:21.190,1,0.4532086760757374,501.7785286549975,0.0,
2021-03-11 14:00:21.200,1,0.4587316895493658,506.1272830475285,0.0,
2021-03-11 14:00:21.210,1,0.4916028769248619,508.0510677925266,0.0,
2021-03-11 14:00:21.220,1,0.4798779578038162,503.3883916826923,0.0,
2021-03-11 14:00:21.230,1,0.4551006825569046,498.7357761554212,0.0,
2021-03-11 14:00:21.240,1,0.5055711760925129,498.07966471612,0.0,
2021-03-11 14:00:21.250,1,0.4052791097533765,503.05811454959604,0.0,
2021-03-11 14:00:21.260,1,0.5255495736861632,503.1557509414489,0.0,
2021-03-11 14:00:21.270,1,0.4528491799507829,500.9207094254778,0.0,
2021-03-11 14:00:21.280,1,0.4149044189984409,506.3897742229216,0.0,
2021-03-11 14:00:21.290,1,0.5715302084943279,502.6708187658343,0.0,
2021-03-11 14:00:21.300,1,0.4462915634484425,499.6806839216077,0.0,
2021-03-11 14:00:21.310,1,0.5173689583254378,502.10278201087095,0.0,
2021-03-11 14:00:21.320,1,0.546355724317284,500.8599761847738,0.0,
2021-03-11 14:00:21.330,1,0.559348298632842,495.04668682952513,0.0,
2021-03-11 14:00:21.340,1,0.4960208745217931,501.90317795349745,0.0,
2021-03-11 14:00:21.350,1,0.4568427328172096,494.95560353473513,0.0,
2021-03-11 14:00:21.360,1,0.5651138833617435,499.81158921107595,0.0,
2021-03-11 14:00:21.370,1,0.4478002512640428,500.1162591129241,0.0,
2021-03-11 14:00:21.380,1,0.4879903307077108,496.83602427779886,0.0,
2021-03-11 14:00:21.390,1,0.5381642364020125,500.2001718291627,0.0,
2021-03-11 14:00:21.400,1,0.4971200112735232,497.47245477326754,0.0,
2021-03-11 14:00:21.410,1,0.4756752951338154,493.59209519579,0.0,
2021-03-11 14:00:21.420,1,0.4237974804849509,491.7347135606223,0.0,
2021-03-11 14:00:21.430,1,0.4272170600517436,495.62213469189203,0.0,
2021-03-11 14:00:21.440,1,0.3723612127878498,494.7913810756411,0.0,
2021-03-11 14:00:21.450,1,0.4964342533650622,495.2487806473278,0.0,
2021-03-11 14:00:21.460,1,0.4035241440284601,488.0913159782482,0.0,
2021-03-11 14:00:21.470,1,0.5283741994700006,489.1475255750586,0.0,
2021-03-11 14:00:21.480,1,0.3901952385571294,493.453933351603,0.0,
2021-03-11 14:00:21.490,1,0.5384547050736602,495.7406981884088,0.0,
2021-03-11 14:00:21.500,1,0.5083256899248451,492.4014894514934,0.0,
2021-03-11 14:00:21.510,1,0.5285323390572759,488.22965078885437,0.0,
2021-03-11 14:00:21.520,1,0.4845940963355663,491.67311612106454,0.0,
2021-03-11 14:00:21.530,1,0.4631223474162149,489.17245769011896,0.0,
2021-03-11 14:00:21.540,1,0.4424539737801145,494.71693154196197,0.0,
2021-03-11 14:00:21.550,1,0.4637174755021869,491.8110372700729,0.0,
2021-03-11 14:00:21.560,1,0.3712059914797679,492.506946381436,0.0,
2021-03-11 14:00:21.570,1,0.3843886849735863,495.3746746508048,0.0,
2021-03-11 14:00:21.580,1,0.3722540971885734,488.035500499068,0.0,
2021-03-11 14:00:21.590,1,0.4438205133603992,492.2445349665586,0.0,
2021-03-11 14:00:21.600,1,0.3594565841657059,493.0817207286528,0.0,
2021-03-11 14:00:21.610,1,0.3765218284186515,493.35039985305457,0.0,
2021-03-11 14:00:21.620,1,0.4890003675658284,493.7701769038911,0.0,
2021-03-11 14:00:21.630,1,0.4109587950363643,491.5594439951429,0.0,
2021-03-11 14:00:21.640,1,0.3961828224823061,495.1866968778056,0.0,
2021-03-11 14:00:21.650,1,0.5084044083178383,492.47462186029367,0.0,
2021-03-11 14:00:21.660,1,0.5230041412231262,495.09320618632415,0.0,
2021-03-11 14:00:21.670,1,0.4864463059895548,494.3998730108608,0.0,
2021-03-11 14:00:21.680,1,0.4492586167037513,491.90424208514406,0.0,
2021-03-11 14:00:21.690,1,0.4708721491730854,491.08223994172147,0.0,
2021-03-11 14:00:21.700,1,0.3742812099713349,497.1365420261979,0.0,
2021-03-11 14:00:21.710,1,0.499206351305217,494.8780667848008,0.0,
2021-03-11 14:00:21.720,1,0.4932547985092785,495.74843728870115,0.0,
2021-03-11 14:00:21.730,1,0.4812872686478992,497.74873708218576,0.0,
2021-03-11 14:00:21.740,1,0.3816428287145305,502.02487549894835,0.0,
2021-03-11 14:00:21.750,1,0.4040036374547334,495.6088502192271,0.0,
2021-03-11 14:00:21.760,1,0.4547239643441788,496.1134516229042,0.0,
2021-03-11 14:00:21.770,1,0.5272120210938507,502.1098395997445,0.0,
2021-03-11 14:00:21.780,1,0.4696592202623996,501.29594340448267,0.0,
2021-03-11 14:00:21.790,1,0.5497517918499883,500.81911369543747,0.0,
2021-03-11 14:00:21.800,1,0.4871297698305973,498.94151420351983,0.0,
2021-03-11 14:00:21.810,1,0.4810618346813223,503.0700776086888,0.0,
2021-03-11 14:00:21.820,1,0.3857935597351882,501.6001240014865,0.0,
2021-03-11 14:00:21.830,1,0.439304490684392,501.3859878093105,0.0,
2021-03-11 14:00:21.840,1,0.4164674889873129,500.2297401243435,0.0,
2021-03-11 14:00:21.850,1,0.5656338467221252,502.57732175871337,0.0,
2021-03-11 14:00:21.860,1,0.3856043762380503,501.941991419409,0.0,
2021-03-11 14:00:21.870,1,0.4902225766536668,500.53832628544995,0.0,
2021-03-11 14:00:21.880,1,0.4085460391153896,505.4822148024777,0.0,
2021-03-11 14:00:21.890,1,0.5442258055756541,506.3187161463712,0.0,
2021-03-11 14:00:21.900,1,0.4972308606502519,503.5107586721827,0.0,
2021-03-11 14:00:21.910,1,0.5507285793912482,508.3517440011957,0.0,
2021-03-11 14:00:21.920,1,0.5198237873100412,506.3720163102673,0.0,
2021-03-11 14:00:21.930,1,0.5146476280229594,506.76468026860624,0.0,
2021-03-11 14:00:21.940,1,0.5039650481163443,502.30985841962575,0.0,
2021-03-11 14:00:21.950,1,0.4766948151185491,498.35969221500517,0.0,
2021-03-11 14:00:21.960,1,0.4846700933821152,504.12422347574136,0.0,
2021-03-11 14:00:21.970,1,0.4794246423969799,503.68108525060285,0.0,
2021-03-11 14:00:21.980,1,0.5596311994430249,501.6978718261965,0.0,
2021-03-11 14:00:21.990,1,0.5614707345197965,509.260960372322,0.0,
2021-03-11 14:00:22.000,1,0.4879477448833951,500.03024442530665,0.0,
2021-03-11 14:00:22.010,1,0.4595123778418601,502.8924828992306,0.0,
2021-03-11 14:00:22.020,1,0.4112427230676085,505.3697862573285,0.0,
2021-03-11 14:00:22.030,1,0.4009778152267197,502.4107555448216,0.0,
2021-03-11 14:00:22.040,1,0.4793328034600874,499.85518853134766,0.0,
2021-03-11 14:00:22.050,1,0.4556976359959983,499.98291152524376,0.0,
2021-03-11 14:00:22.060,1,0.4664732719792041,500.642645711685,0.0,
2021-03-11 14:00:22.070,1,0.41618421474357103,497.8823198866504,0.0,
2021-03-11 14:00:22.080,1,0.4228565171582233,498.417972267145,0.0,
2021-03-11 14:00:22.090,1,0.5903091931313931,498.7493585201722,0.0,
2021-03-11 14:00:22.100,1,0.5213390366971179,495.6884758305882,0.0,
2021-03-11 14:00:22.110,1,0.4792548553322442,498.39050319250487,0.0,
2021-03-11 14:00:22.120,1,0.5209362116558387,497.0533496970672,0.0,
2021-03-11 14:00:22.130,1,0.517681312658651,494.94901790208144,0.0,
2021-03-11 14:00:22.140,1,0.5605486922404522,499.18606229300735,0.0,
2021-03-11 14:00:22.150,1,0.4431054648351261,496.8785837241842,0.0,
2021-03-11 14:00:22.160,1,0.5704231706439371,496.4108107342804,0.0,
2021-03-11 14:00:22.170,1,0.5205066548291316,499.55382534588927,0.0,
2021-03-11 14:00:22.180,1,0.4389000826297383,501.5771482649547,0.0,
2021-03-11 14:00:22.190,1,0.5433864031677987,497.64338098689313,0.0,
2021-03-11 14:00:22.200,1,0.5688001091909328,499.0490232982048,0.0,
2021-03-11 14:00:22.210,1,0.5488075157996353,496.1495669359154,0.0,
2021-03-11 14:00:22.220,1,0.4170445231040101,495.6800212898991,0.0,
2021-03-11 14:00:22.230,1,0.4596234166287533,500.05716154496764,0.0,
2021-03-11 14:00:22.240,1,0.444635422465995,497.9349137114298,0.0,
2021-03-11 14:00:22.250,1,0.481353501176443,498.8682965188393,0.0,
2021-03-11 14:00:22.260,1,0.5275441013063494,501.85305587766436,0.0,
2021-03-11 14:00:22.270,1,0.5185102132916353,499.3210004820047,0.0,
2021-03-11 14:00:22.280,1,0.4143974523610661,502.0078957832254,0.0,
2021-03-11 14:00:22.290,1,0.5144331377254862,501.3111145114341,0.0,
2021-03-11 14:00:22.300,1,0.4104545010119607,502.0240120343489,0.0,
2021-03-11 14:00:22.310,1,0.37379880925744,503.45391003133216,0.0,
2021-03-11 14:00:22.320,1,0.3844411799332981,506.4605491184655,0.0,
2021-03-11 14:00:22.330,1,0.4746655192422202,504.527312965353,0.0,
2021-03-11 14:00:22.340,1,0.4457626322728363,504.36496616533583,0.0,
2021-03-11 14:00:22.350,1,0.4272166671687568,504.59560493469513,0.0,
2021-03-11 14:00:22.360,1,0.5207120955930902,503.80060297510363,0.0,
2021-03-11 14:00:22.370,1,0.5012762000311012,505.30164777498686,0.0,
2021-03-11 14:00:22.380,1,0.5258557425834592,504.7994672357652,0.0,
2021-03-11 14:00:22.390,1,0.5193373063692649,503.7911769186225,0.0,
2021-03-11 14:00:22.400,1,0.4673384395061885,502.7271281935948,0.0,
2021-03-11 14:00:22.410,1,0.5004240636668138,504.2098100756188,0.0,
2021-03-11 14:00:22.420,1,0.5077471771043398,507.67016398133677,0.0,
2021-03-11 14:00:22.430,1,0.4734090377462241,505.537375539824,0.0,
2021-03-11 14:00:22.440,1,0.4297949550378307,510.4106630973861,0.0,
2021-03-11 14:00:22.450,1,0.5079678692243575,509.711618509523,0.0,
2021-03-11 14:00:22.460,1,0.4687159617903479,512.4764018260784,0.0,
2021-03-11 14:00:22.470,1,0.3436917465187405,514.0060985018159,0.0,
2021-03-11 14:00:22.480,1,0.3497538813127163,514.123192294091,0.0,
2021-03-11 14:00:22.490,1,0.4384383648823818,509.68214827864784,0.0,
2021-03-11 14:00:22.500,1,0.4567301127415009,512.0930650052303,0.0,
2021-03-11 14:00:22.510,1,0.4304799572228002,507.92352631024215,0.0,
2021-03-11 14:00:22.520,1,0.3795520160334095,511.2233769415622,0.0,
2021-03-11 14:00:22.530,1,0.3977103520829615,513.4144567006966,0.0,
2021-03-11 14:00:22.540,1,0.4734849434970645,513.2926891705786,0.0,
2021-03-11 14:00:22.550,1,0.3589211291360652,511.4029954841959,0.0,
2021-03-11 14:00:22.560,1,0.3916551749762195,514.6569243298089,0.0,
2021-03-11 14:00:22.570,1,0.3410794968262485,514.6145885995012,0.0,
2021-03-11 14:00:22.580,1,0.4168684119386576,513.9173101969867,0.0,
2021-03-11 14:00:22.590,1,0.3972316543865146,514.8846528910957,0.0,
2021-03-11 14:00:22.600,1,0.4397706976838793,512.732616371931,0.0,
2021-03-11 14:00:22.610,1,0.488650705549948,513.6358261364329,0.0,
2021-03-11 14:00:22.620,1,0.3415213419523886,516.1214604773563,0.0,
2021-03-11 14:00:22.630,1,0.3535162929688412,511.4889958986631,0.0,
2021-03-11 14:00:22.640,1,0.4430884953443606,510.6208092565767,0.0,
2021-03-11 14:00:22.650,1,0.4726937934273674,513.0173638841128,0.0,
2021-03-11 14:00:22.660,1,0.4194038378348471,512.934943360653,0.0,
2021-03-11 14:00:22.670,1,0.4635694044064526,508.8172240711652,0.0,
2021-03-11 14:00:22.680,1,0.4088425279891039,514.9692200854296,0.0,
2021-03-11 14:00:22.690,1,0.4849772648607421,508.6095532263218,0.0,
2021-03-11 14:00:22.700,1,0.4376247492927407,513.9400997510559,0.0,
2021-03-11 14:00:22.710,1,0.4172160934580788,511.830692431344,0.0,
2021-03-11 14:00:22.720,1,0.3331473980248238,515.7253557950393,0.0,
2021-03-11 14:00:22.730,1,0.3696705044867141,507.8392790398973,0.0,
2021-03-11 14:00:22.740,1,0.4727420744081597,510.6941263253332,0.0,
2021-03-11 14:00:22.750,1,0.3653642188054527,509.35280442132216,0.0,
2021-03-11 14:00:22.760,1,0.3511585163296734,507.39367616090965,0.0,
2021-03-11 14:00:22.770,1,0.3617336983748229,508.1148068262837,0.0,
2021-03-11 14:00:22.780,1,0.3514295093208819,508.26495028918686,0.0,
2021-03-11 14:00:22.790,1,0.4230737919775374,502.615274337759,0.0,
2021-03-11 14:00:22.800,1,0.3970480331696683,507.1361262749246,0.0,
2021-03-11 14:00:22.810,1,0.4242587928197704,509.4821442528889,0.0,
2021-03-11 14:00:22.820,1,0.3655003902916198,506.8338807839457,0.0,
2021-03-11 14:00:22.830,1,0.5098593677872973,506.9170830833124,0.0,
2021-03-11 14:00:22.840,1,0.5112107639427924,504.3491500517797,0.0,
2021-03-11 14:00:22.850,1,0.5172677378567772,505.9749755233913,0.0,
2021-03-11 14:00:22.860,1,0.4741521057245775,503.65294796205353,0.0,
2021-03-11 14:00:22.870,1,0.3857031091957655,507.7692500517186,0.0,
2021-03-11 14:00:22.880,1,0.4430570307744876,501.692916379376,0.0,
2021-03-11 14:00:22.890,1,0.5161350662488847,496.45530572293717,0.0,
2021-03-11 14:00:22.900,1,0.3758479310470707,503.61689054849154,0.0,
2021-03-11 14:00:22.910,1,0.4136494641766656,504.6333560964725,0.0,
2021-03-11 14:00:22.920,1,0.5581927383911994,501.7626628096682,0.0,
2021-03-11 14:00:22.930,1,0.5602096040771363,503.84182783356397,0.0,
2021-03-11 14:00:22.940,1,0.4215429199586889,507.39941847785593,0.0,
2021-03-11 14:00:22.950,1,0.5078013162018074,504.0544305575481,0.0,
2021-03-11 14:00:22.960,1,0.4501726823776103,501.39974397556716,0.0,
2021-03-11 14:00:22.970,1,0.5131076645782542,507.8100259915789,0.0,
2021-03-11 14:00:22.980,1,0.5141774014019619,501.3705735831885,0.0,
2021-03-11 14:00:22.990,1,0.4003410735764429,505.10368799704287,0.0,
2021-03-11 14:00:23.000,1,0.5499329939505713,505.6292189010049,0.0,
2021-03-11 14:00:23.010,1,0.4910635255389813,506.706201962975,0.0,
2021-03-11 14:00:23.020,1,0.4191135511930086,507.436693715365,0.0,
2021-03-11 14:00:23.030,1,0.5768448193173864,505.8028330805249,0.0,
2021-03-11 14:00:23.040,1,0.4677828030051155,509.0783727928112,0.0,
2021-03-11 14:00:23.050,1,0.4541558621272348,504.2680289326184,0.0,
2021-03-11 14:00:23.060,1,0.5177582539796343,509.520462647948,0.0,
2021-03-11 14:00:23.070,1,0.4468989624726344,506.94296868596354,0.0,
2021-03-11 14:00:23.080,1,0.5474188313173071,505.7218993703421,0.0,
2021-03-11 14:00:23.090,1,0.4131093124268288,504.7030725411487,0.0,
2021-03-11 14:00:23.100,1,0.4674287556177114,506.3510988279693,0.0,
2021-03-11 14:00:23.110,1,0.5316071549208117,504.0746589495762,0.0,
2021-03-11 14:00:23.120,1,0.5896471050932769,506.9992839418049,0.0,
2021-03-11 14:00:23.130,1,0.5643637535167724,506.8360965118999,0.0,
2021-03-11 14:00:23.140,1,0.4393128173780857,512.7257760850797,0.0,
2021-03-11 14:00:23.150,1,0.4413063678374439,509.1537921445895,0.0,
2021-03-11 14:00:23.160,1,0.5091960760574405,510.059881748426,0.0,
2021-03-11 14:00:23.170,1,0.5678496581147546,504.2050192181481,0.0,
2021-03-11 14:00:23.180,1,0.4799344390748689,507.912702917073,0.0,
2021-03-11 14:00:23.190,1,0.5363144406194813,509.5807922697956,0.0,
2021-03-11 14:00:23.200,1,0.4574424781593669,508.6303287306555,0.0,
2021-03-11 14:00:23.210,1,0.5467084146540904,505.8145474491024,0.0,
2021-03-11 14:00:23.220,1,0.4112091686334943,503.8501618693941,0.0,
2021-03-11 14:00:23.230,1,0.3858616387404478,504.0288540792369,0.0,
2021-03-11 14:00:23.240,1,0.3889564468929421,509.7425831693202,0.0,
2021-03-11 14:00:23.250,1,0.3868559337121074,507.41735503357046,0.0,
2021-03-11 14:00:23.260,1,0.5411489753883663,504.59089542147865,0.0,
2021-03-11 14:00:23.270,1,0.4337574927047094,505.1075711747905,0.0,
2021-03-11 14:00:23.280,1,0.5586459550762239,503.8989804131908,0.0,
2021-03-11 14:00:23.290,1,0.445168288263708,510.3934977022086,0.0,
2021-03-11 14:00:23.300,1,0.4832592423057749,510.0365189278234,0.0,
2021-03-11 14:00:23.310,1,0.4783885230487995,505.2082964918897,0.0,
2021-03-11 14:00:23.320,1,0.4964597826617528,501.1413283031704,0.0,
2021-03-11 14:00:23.330,1,0.4993304098876195,504.4449741996925,0.0,
2021-03-11 14:00:23.340,1,0.4346227556949079,501.9893005424418,0.0,
2021-03-11 14:00:23.350,1,0.4655630412691042,505.088409075724,0.0,
2021-03-11 14:00:23.360,1,0.4168911396768896,504.4754761694087,0.0,
2021-03-11 14:00:23.370,1,0.4938870144495655,509.22218790592973,0.0,
2021-03-11 14:00:23.380,1,0.4825526562184313,501.6164268336378,0.0,
2021-03-11 14:00:23.390,1,0.5252644393159781,500.93698282942773,0.0,
2021-03-11 14:00:23.400,1,0.433059105844346,496.4726477285517,0.0,
2021-03-11 14:00:23.410,1,0.3848218033006496,502.9413514839265,0.0,
2021-03-11 14:00:23.420,1,0.4326815545056002,502.6309478448703,0.0,
2021-03-11 14:00:23.430,1,0.4377545002171961,498.1888500539032,0.0,
2021-03-11 14:00:23.440,1,0.3870788703883157,496.16007105765146,0.0,
2021-03-11 14:00:23.450,1,0.3837120549561173,498.9992642672917,0.0,
2021-03-11 14:00:23.460,1,0.4083536275875511,499.25091187434884,0.0,
2021-03-11 14:00:23.470,1,0.4517615605464185,494.2436649908881,0.0,
2021-03-11 14:00:23.480,1,0.4348976320074573,495.0488617550665,0.0,
2021-03-11 14:00:23.490,1,0.4857950376395729,499.5049356298138,0.0,
2021-03-11 14:00:23.500,1,0.4688986420416374,491.14365673365455,0.0,
2021-03-11 14:00:23.510,1,0.4269564011427203,493.5792636521928,0.0,
2021-03-11 14:00:23.520,1,0.4546346723299775,497.74152367111276,0.0,
2021-03-11 14:00:23.530,1,0.4497711799459531,493.3411778614277,0.0,
2021-03-11 14:00:23.540,1,0.5203938868562572,495.4497935393063,0.0,
2021-03-11 14:00:23.550,1,0.3574871677842526,498.79382812055593,0.0,
2021-03-11 14:00:23.560,1,0.5159447389174098,490.5891462923522,0.0,
2021-03-11 14:00:23.570,1,0.4494984247800153,494.46531308991786,0.0,
2021-03-11 14:00:23.580,1,0.3735616374762837,490.7080920113745,0.0,
2021-03-11 14:00:23.590,1,0.4507050734603642,489.0128049742904,0.0,
2021-03-11 14:00:23.600,1,0.5103486317984289,494.2673872520556,0.0,
2021-03-11 14:00:23.610,1,0.3924880513695795,490.7855206276605,0.0,
2021-03-11 14:00:23.620,1,0.4011043249100078,487.6116247018678,0.0,
2021-03-11 14:00:23.630,1,0.4540210496514085,494.4447634218202,0.0,
2021-03-11 14:00:23.640,1,0.4464335282095601,489.41936186611366,0.0,
2021-03-11 14:00:23.650,1,0.3527688536164265,495.7742544222416,0.0,
2021-03-11 14:00:23.660,1,0.4962416510859134,490.0495885458732,0.0,
2021-03-11 14:00:23.670,1,0.5026417692371926,490.8426686610074,0.0,
2021-03-11 14:00:23.680,1,0.4370776327373261,493.4482569817648,0.0,
2021-03-11 14:00:23.690,1,0.389371623108958,495.08989119875605,0.0,
2021-03-11 14:00:23.700,1,0.371813741669404,497.1723115206414,0.0,
2021-03-11 14:00:23.710,1,0.3980570221187202,491.65771124927255,0.0,
2021-03-11 14:00:23.720,1,0.4217469586156792,492.9854559026593,0.0,
2021-03-11 14:00:23.730,1,0.5483605598226252,492.95083881740493,0.0,
2021-03-11 14:00:23.740,1,0.3929958184644231,497.68765977773285,0.0,
2021-03-11 14:00:23.750,1,0.3783004981517501,494.28919484439,0.0,
2021-03-11 14:00:23.760,1,0.4613094624731305,495.2849938353832,0.0,
2021-03-11 14:00:23.770,1,0.4559774327889587,494.0951501586742,0.0,
2021-03-11 14:00:23.780,1,0.4496503445061467,498.5605226796095,0.0,
2021-03-11 14:00:23.790,1,0.3714536411078031,495.1888178539636,0.0,
2021-03-11 14:00:23.800,1,0.5106699476079074,500.00513343036835,0.0,
2021-03-11 14:00:23.810,1,0.4661665618621476,498.35852395500564,0.0,
2021-03-11 14:00:23.820,1,0.55825909562939,499.43972132473993,0.0,
2021-03-11 14:00:23.830,1,0.5595636655354629,499.8589949446917,0.0,
2021-03-11 14:00:23.840,1,0.5281765737133565,498.9012528671112,0.0,
2021-03-11 14:00:23.850,1,0.491194708408641,503.1673467453009,0.0,
2021-03-11 14:00:23.860,1,0.5280646370927994,499.81165398803313,0.0,
2021-03-11 14:00:23.870,1,0.5413020943525179,501.84468301769516,0.0,
2021-03-11 14:00:23.880,1,0.4804233727484275,504.2477180840966,0.0,
2021-03-11 14:00:23.890,1,0.4669607728200008,500.9115759773977,0.0,
2021-03-11 14:00:23.900,1,0.4355619392151214,496.34289168759216,0.0,
2021-03-11 14:00:23.910,1,0.4553792459422743,503.189235191236,0.0,
2021-03-11 14:00:23.920,1,0.4961572131350505,499.7457665120039,0.0,
2021-03-11 14:00:23.930,1,0.5366674903504421,505.43164331644005,0.0,
2021-03-11 14:00:23.940,1,0.4342251940245836,502.1959273163731,0.0,
2021-03-11 14:00:23.950,1,0.5600924448073887,497.5465920996321,0.0,
2021-03-11 14:00:23.960,1,0.4025136067120088,500.1457632164782,0.0,
2021-03-11 14:00:23.970,1,0.5544387396103578,500.57878781695723,0.0,
2021-03-11 14:00:23.980,1,0.5235623075405024,494.78251914352836,0.0,
2021-03-11 14:00:23.990,1,0.5249165325822125,499.1853659212117,0.0,
2021-03-11 14:00:24.000,1,0.56712276946694,496.9649383690919,0.0,
2021-03-11 14:00:24.010,1,0.4456940694362908,499.3658963410722,0.0,
2021-03-11 14:00:24.020,1,0.575681776326045,500.31451508585474,0.0,
2021-03-11 14:00:24.030,1,0.5055207235884752,494.74510387656807,0.0,
2021-03-11 14:00:24.040,1,0.4519192282139387,496.76976523680196,0.0,
2021-03-11 14:00:24.050,1,0.4066026151375095,495.9788435060685,0.0,
2021-03-11 14:00:24.060,1,0.5009676137667771,493.9631809602097,0.0,
2021-03-11 14:00:24.070,1,0.5272424657828498,495.4073828099665,0.0,
2021-03-11 14:00:24.080,1,0.5234560132197654,496.71977403317595,0.0,
2021-03-11 14:00:24.090,1,0.554279224581455,495.32274310916125,0.0,
2021-03-11 14:00:24.100,1,0.4597510230133885,499.6760847070653,0.0,
2021-03-11 14:00:24.110,1,0.5548160228685443,496.67015038920687,0.0,
2021-03-11 14:00:24.120,1,0.429424218388528,488.616849285693,0.0,
2021-03-11 14:00:24.130,1,0.6038407787113903,492.50577045733996,0.0,
2021-03-11 14:00:24.140,1,0.4160631885242414,494.2724834402293,0.0,
2021-03-11 14:00:24.150,1,0.5985781294673961,492.0336191837843,0.0,
2021-03-11 14:00:24.160,1,0.4452950032064308,492.0216274958447,0.0,
2021-03-11 14:00:24.170,1,0.4644653593081533,491.6840059945425,0.0,
2021-03-11 14:00:24.180,1,0.478908074396416,496.40864397679536,0.0,
2021-03-11 14:00:24.190,1,0.4035918108986614,487.30346234024137,0.0,
2021-03-11 14:00:24.200,1,0.4038710432829485,492.79278970974036,0.0,
2021-03-11 14:00:24.210,1,0.4429695580157179,493.82084732079386,0.0,
2021-03-11 14:00:24.220,1,0.5554955791633326,490.6693638349459,0.0,
2021-03-11 14:00:24.230,1,0.5393417728004354,492.2150927067182,0.0,
2021-03-11 14:00:24.240,1,0.5526198912100369,491.87849489052354,0.0,
2021-03-11 14:00:24.250,1,0.5658868741238149,492.7592250147074,0.0,
2021-03-11 14:00:24.260,1,0.4222774519247756,486.4343163111554,0.0,
2021-03-11 14:00:24.270,1,0.4153546445348877,493.82577837158175,0.0,
2021-03-11 14:00:24.280,1,0.3891471632206367,496.57206031309914,0.0,
2021-03-11 14:00:24.290,1,0.4426006327786506,492.37156210089967,0.0,
2021-03-11 14:00:24.300,1,0.4782504067292384,495.0139027135705,0.0,
2021-03-11 14:00:24.310,1,0.5465705594429282,494.9204487463495,0.0,
2021-03-11 14:00:24.320,1,0.4909813814154057,494.89117107668375,0.0,
2021-03-11 14:00:24.330,1,0.4146286912842096,497.6948111735977,0.0,
2021-03-11 14:00:24.340,1,0.371085970226964,495.4095502386792,0.0,
2021-03-11 14:00:24.350,1,0.4565584323466717,495.6901304071182,0.0,
2021-03-11 14:00:24.360,1,0.5264169740673487,497.401343193502,0.0,
2021-03-11 14:00:24.370,1,0.3843272037131653,499.1296026137799,0.0,
2021-03-11 14:00:24.380,1,0.4501548114714344,490.97479838857873,0.0,
2021-03-11 14:00:24.390,1,0.442772363041524,497.5888113157097,0.0,
2021-03-11 14:00:24.400,1,0.4338321801169992,493.7683789087162,0.0,
2021-03-11 14:00:24.410,1,0.3977676275263342,499.2033708271714,0.0,
2021-03-11 14:00:24.420,1,0.3428605108396125,494.04507574870735,0.0,
2021-03-11 14:00:24.430,1,0.4562887587324595,494.76126311153433,0.0,
2021-03-11 14:00:24.440,1,0.486064937009995,500.7940924235633,0.0,
2021-03-11 14:00:24.450,1,0.4672652635370153,499.1665327831129,0.0,
2021-03-11 14:00:24.460,1,0.33999551225672403,500.2294426100039,0.0,
2021-03-11 14:00:24.470,1,0.3965929632542246,501.8995610937806,0.0,
2021-03-11 14:00:24.480,1,0.3641548487180007,501.1013059718729,0.0,
2021-03-11 14:00:24.490,1,0.4007103002009129,503.21220315367935,0.0,
2021-03-11 14:00:24.500,1,0.3924180841762948,499.0711524212692,0.0,
2021-03-11 14:00:24.510,1,0.4194277195192557,504.2609337834484,0.0,
2021-03-11 14:00:24.520,1,0.4374757007608157,498.065281288799,0.0,
2021-03-11 14:00:24.530,1,0.3493441009710565,502.2248130233688,0.0,
2021-03-11 14:00:24.540,1,0.3862207396638726,503.4511747823805,0.0,
2021-03-11 14:00:24.550,1,0.4551187931900782,504.1628112306376,0.0,
2021-03-11 14:00:24.560,1,0.4352237078331588,501.0213148777152,0.0,
2021-03-11 14:00:24.570,1,0.3569073029389097,505.78186584711443,0.0,
2021-03-11 14:00:24.580,1,0.3584694492944432,505.49438730125695,0.0,
2021-03-11 14:00:24.590,1,0.3657787087677828,503.3998978118615,0.0,
2021-03-11 14:00:24.600,1,0.4390573285910768,502.0238525142767,0.0,
2021-03-11 14:00:24.610,1,0.3310286118091233,507.44909007135857,0.0,
2021-03-11 14:00:24.620,1,0.3286947509953173,505.3217393575488,0.0,
2021-03-11 14:00:24.630,1,0.3349955723699906,502.6010562014298,0.0,
2021-03-11 14:00:24.640,1,0.3456605451871054,501.12772804486815,0.0,
2021-03-11 14:00:24.650,1,0.4001726413809127,499.16891558373095,0.0,
2021-03-11 14:00:24.660,1,0.3996853681976764,507.2832162942563,0.0,
2021-03-11 14:00:24.670,1,0.4208237719605183,508.22822974637137,0.0,
2021-03-11 14:00:24.680,1,0.3846029665434083,501.9449440777207,0.0,
2021-03-11 14:00:24.690,1,0.4444519125860363,502.23043122105867,0.0,
2021-03-11 14:00:24.700,1,0.3744242893144598,504.9767180426882,0.0,
2021-03-11 14:00:24.710,1,0.3867434474613246,501.0419284459983,0.0,
2021-03-11 14:00:24.720,1,0.3522249902556369,500.3691660236592,0.0,
2021-03-11 14:00:24.730,1,0.3713567219641773,502.60566247372947,0.0,
2021-03-11 14:00:24.740,1,0.3133595748770104,503.6834594069993,0.0,
2021-03-11 14:00:24.750,1,0.3349400756040176,502.0680170436769,0.0,
2021-03-11 14:00:24.760,1,0.3275486309432443,499.8188781824549,0.0,
2021-03-11 14:00:24.770,1,0.3326221749659295,498.1170035241064,0.0,
2021-03-11 14:00:24.780,1,0.3720884661343913,498.5073635950615,0.0,
2021-03-11 14:00:24.790,1,0.333300005255297,501.3400624600279,0.0,
2021-03-11 14:00:24.800,1,0.4254397819821026,498.6346236401809,0.0,
2021-03-11 14:00:24.810,1,0.4652004959787104,500.44587360306537,0.0,
2021-03-11 14:00:24.820,1,0.3379061128350699,501.52897326278844,0.0,
2021-03-11 14:00:24.830,1,0.3533229178087244,498.6499833729509,0.0,
2021-03-11 14:00:24.840,1,0.4655845822575243,496.4868742668576,0.0,
2021-03-11 14:00:24.850,1,0.4248636995040761,492.5876929663661,0.0,
2021-03-11 14:00:24.860,1,0.3500104431775695,496.700115632564,0.0,
2021-03-11 14:00:24.870,1,0.4884638107143869,495.77287429176687,0.0,
2021-03-11 14:00:24.880,1,0.4911864570030537,496.5899867073679,0.0,
2021-03-11 14:00:24.890,1,0.4883661305036749,495.6915810273398,0.0,
2021-03-11 14:00:24.900,1,0.404625008740536,493.227447959858,0.0,
2021-03-11 14:00:24.910,1,0.4212793230081529,492.8684330031456,0.0,
2021-03-11 14:00:24.920,1,0.3833206992783121,496.56628142710633,0.0,
2021-03-11 14:00:24.930,1,0.4389624598303673,495.12423132217714,0.0,
2021-03-11 14:00:24.940,1,0.4276260542811398,495.2238414080233,0.0,
2021-03-11 14:00:24.950,1,0.4117561153081383,493.01708884907913,0.0,
2021-03-11 14:00:24.960,1,0.3333750885355842,496.31676848192217,0.0,
2021-03-11 14:00:24.970,1,0.4281593157094161,492.38016622739104,0.0,
2021-03-11 14:00:24.980,1,0.4076960545322113,493.78728852634634,0.0,
2021-03-11 14:00:24.990,1,0.3834622602146961,492.17875881206294,0.0,
2021-03-11 14:00:25.000,1,0.3794240012605634,493.8322640427853,0.0,
2021-03-11 14:00:25.010,1,0.4009557275841355,492.6739373954853,0.0,
2021-03-11 14:00:25.020,1,0.3881661856439339,491.9230840533706,0.0,
2021-03-11 14:00:25.030,1,0.4054997983216558,497.692716338823,0.0,
2021-03-11 14:00:25.040,1,0.4844070280731994,495.6800498187625,0.0,
2021-03-11 14:00:25.050,1,0.3951586903287747,491.16834215246337,0.0,
2021-03-11 14:00:25.060,1,0.4593838068474223,496.047136156838,0.0,
2021-03-11 14:00:25.070,1,0.3998270036982203,492.9338097090455,0.0,
2021-03-11 14:00:25.080,1,0.3436814682986451,495.5838161944225,0.0,
2021-03-11 14:00:25.090,1,0.450926007384918,496.38181303253714,0.0,
2021-03-11 14:00:25.100,1,0.4791653188391584,492.5292207436725,0.0,
2021-03-11 14:00:25.110,1,0.3838916956516356,497.52526442558144,0.0,
2021-03-11 14:00:25.120,1,0.4874513742949423,502.6126877228036,0.0,
2021-03-11 14:00:25.130,1,0.3951075546957689,500.209045315394,0.0,
2021-03-11 14:00:25.140,1,0.4699725162559151,497.0461089416308,0.0,
2021-03-11 14:00:25.150,1,0.3791495540348697,498.02912564666815,0.0,
2021-03-11 14:00:25.160,1,0.3405770434948149,499.2056200415033,0.0,
2021-03-11 14:00:25.170,1,0.3983911228260958,498.2434406788532,0.0,
2021-03-11 14:00:25.180,1,0.4518072008775685,498.9571974303407,0.0,
2021-03-11 14:00:25.190,1,0.3494425772712958,496.88955225556185,0.0,
2021-03-11 14:00:25.200,1,0.4199623010879975,502.52407339521835,0.0,
2021-03-11 14:00:25.210,1,0.4566032440144854,503.8686682095322,0.0,
2021-03-11 14:00:25.220,1,0.4605508966402644,497.40562367740097,0.0,
2021-03-11 14:00:25.230,1,0.4591795143356355,496.1420172137704,0.0,
2021-03-11 14:00:25.240,1,0.4315515054606054,499.6898458549538,0.0,
2021-03-11 14:00:25.250,1,0.3198740673762622,493.06118310171166,0.0,
2021-03-11 14:00:25.260,1,0.3868587376598182,497.6730394601474,0.0,
2021-03-11 14:00:25.270,1,0.30833331433199296,498.4825410665325,0.0,
2021-03-11 14:00:25.280,1,0.4250526061136077,500.8159035373457,0.0,
2021-03-11 14:00:25.290,1,0.3384877689694442,498.22774581695137,0.0,
2021-03-11 14:00:25.300,1,0.3225477752175009,496.3729520976403,0.0,
2021-03-11 14:00:25.310,1,0.3014109342918169,497.995142102394,0.0,
2021-03-11 14:00:25.320,1,0.4175320288987928,500.9689502255921,0.0,
2021-03-11 14:00:25.330,1,0.4031686815071122,497.7072817114498,0.0,
2021-03-11 14:00:25.340,1,0.3478780794670056,495.420212928484,0.0,
2021-03-11 14:00:25.350,1,0.3015592856620374,492.8350585589906,0.0,
2021-03-11 14:00:25.360,1,0.4052385379595378,493.8206198271537,0.0,
2021-03-11 14:00:25.370,1,0.4049799328829515,496.79007679773287,0.0,
2021-03-11 14:00:25.380,1,0.3447408939454612,494.7626075170813,0.0,
2021-03-11 14:00:25.390,1,0.3259584892290719,493.97789445779597,0.0,
2021-03-11 14:00:25.400,1,0.3048691699464159,491.9198350125085,0.0,
2021-03-11 14:00:25.410,1,0.271760688648137,496.0875133160035,0.0,
2021-03-11 14:00:25.420,1,0.3493320085286146,492.5905444305909,0.0,
2021-03-11 14:00:25.430,1,0.3911803041377238,493.6072382518218,0.0,
2021-03-11 14:00:25.440,1,0.3135231477287519,494.2359599741695,0.0,
2021-03-11 14:00:25.450,1,0.2571884570928645,494.6875862653907,0.0,
2021-03-11 14:00:25.460,1,0.2896616759098949,489.7597083971002,0.0,
2021-03-11 14:00:25.470,1,0.2938659160635823,486.56656273377394,0.0,
2021-03-11 14:00:25.480,1,0.3159862890863985,486.59593606218834,0.0,
2021-03-11 14:00:25.490,1,0.2579976146569718,483.96687051874335,0.0,
2021-03-11 14:00:25.500,1,0.3803281413579628,492.7497364048796,0.0,
2021-03-11 14:00:25.510,1,0.2783948001099721,487.79863261487486,0.0,
2021-03-11 14:00:25.520,1,0.3387541080655604,484.97466712152686,0.0,
2021-03-11 14:00:25.530,1,0.3354358754220951,490.44231522314016,0.0,
2021-03-11 14:00:25.540,1,0.2715980950491418,483.4126818923097,0.0,
2021-03-11 14:00:25.550,1,0.3532217782301821,483.5594331053714,0.0,
2021-03-11 14:00:25.560,1,0.2729307017686227,486.26517535114283,0.0,
2021-03-11 14:00:25.570,1,0.2638392984311045,488.4879688951422,0.0,
2021-03-11 14:00:25.580,1,0.3610187405860764,486.4511402040071,0.0,
2021-03-11 14:00:25.590,1,0.2744103955277572,484.79875084502515,0.0,
2021-03-11 14:00:25.600,1,0.3289001865676466,477.67025671490455,0.0,
2021-03-11 14:00:25.610,1,0.2820317444513346,484.9797379127054,0.0,
2021-03-11 14:00:25.620,1,0.2666032161923085,483.9911763553579,0.0,
2021-03-11 14:00:25.630,1,0.3695802847467157,486.70404469786456,0.0,
2021-03-11 14:00:25.640,1,0.3716668829575598,485.4359634050042,0.0,
2021-03-11 14:00:25.650,1,0.2767283445123719,484.7244327291344,0.0,
2021-03-11 14:00:25.660,1,0.2650458114503685,482.62175752374435,0.0,
2021-03-11 14:00:25.670,1,0.3843887777448046,485.8209511989928,0.0,
2021-03-11 14:00:25.680,1,0.2949164457428569,485.8090299707173,0.0,
2021-03-11 14:00:25.690,1,0.3033416609624249,484.5955983929452,0.0,
2021-03-11 14:00:25.700,1,0.3353761582972598,480.9289199532121,0.0,
2021-03-11 14:00:25.710,1,0.3448823545398219,482.9200146474176,0.0,
2021-03-11 14:00:25.720,1,0.3057367355664453,491.334054631714,0.0,
2021-03-11 14:00:25.730,1,0.3068504422012476,486.0252163089805,0.0,
2021-03-11 14:00:25.740,1,0.3741720574560887,491.789974031169,0.0,
2021-03-11 14:00:25.750,1,0.3297199555085731,488.06833932135146,0.0,
2021-03-11 14:00:25.760,1,0.4113086786353183,486.42262350222063,0.0,
2021-03-11 14:00:25.770,1,0.4104735304245545,491.9130250409772,0.0,
2021-03-11 14:00:25.780,1,0.359556264754674,492.6325110151274,0.0,
2021-03-11 14:00:25.790,1,0.3202494103075802,483.7378687569261,0.0,
2021-03-11 14:00:25.800,1,0.3019007605918039,487.09031842124887,0.0,
2021-03-11 14:00:25.810,1,0.3048706882685932,494.00545364439887,0.0,
2021-03-11 14:00:25.820,1,0.3952386883244619,490.4948735304618,0.0,
2021-03-11 14:00:25.830,1,0.3746514759975422,493.6681637141278,0.0,
2021-03-11 14:00:25.840,1,0.4185359558397896,489.7809214231096,0.0,
2021-03-11 14:00:25.850,1,0.3299920981861709,492.43375103082,0.0,
2021-03-11 14:00:25.860,1,0.3004921360186836,492.2834581471215,0.0,
2021-03-11 14:00:25.870,1,0.330756306326027,490.5898811596303,0.0,
2021-03-11 14:00:25.880,1,0.4365636298120678,493.3575421627259,0.0,
2021-03-11 14:00:25.890,1,0.3943546589658606,490.56061741248635,0.0,
2021-03-11 14:00:25.900,1,0.4120554712468535,491.6526770421016,0.0,
2021-03-11 14:00:25.910,1,0.3792230136351073,496.6609427769666,0.0,
2021-03-11 14:00:25.920,1,0.4230632791644618,491.1130222145933,0.0,
2021-03-11 14:00:25.930,1,0.4005823937601898,493.2848281179761,0.0,
2021-03-11 14:00:25.940,1,0.3619591402121565,493.6601076540084,0.0,
2021-03-11 14:00:25.950,1,0.3710295925734948,492.66310200630164,0.0,
2021-03-11 14:00:25.960,1,0.3456295364982127,494.7791488669905,0.0,
2021-03-11 14:00:25.970,1,0.4636485387801416,492.0925903861598,0.0,
2021-03-11 14:00:25.980,1,0.3731829421781382,497.2531051011704,0.0,
2021-03-11 14:00:25.990,1,0.4337702961792605,491.0854989600098,0.0,
2021-03-11 14:00:26.000,1,0.3456823596947269,493.7250184763269,0.0,
2021-03-11 14:00:26.010,1,0.3697632507370333,496.6261486808367,0.0,
2021-03-11 14:00:26.020,1,0.4115748891988253,499.3924418075188,0.0,
2021-03-11 14:00:26.030,1,0.4613234059046805,492.2792163149932,0.0,
2021-03-11 14:00:26.040,1,0.3493561017194346,493.9903888008216,0.0,
2021-03-11 14:00:26.050,1,0.466793175426877,494.5198736064691,0.0,
2021-03-11 14:00:26.060,1,0.4043886460452799,494.36200394584137,0.0,
2021-03-11 14:00:26.070,1,0.3490593143556851,491.5266632685664,0.0,
2021-03-11 14:00:26.080,1,0.3585148015365132,490.2959768765253,0.0,
2021-03-11 14:00:26.090,1,0.4689276240171912,490.91909901276637,0.0,
2021-03-11 14:00:26.100,1,0.3846309395843118,495.4432876961495,0.0,
2021-03-11 14:00:26.110,1,0.4947564410598853,494.3851447655341,0.0,
2021-03-11 14:00:26.120,1,0.3573647804565572,493.03953765545685,0.0,
2021-03-11 14:00:26.130,1,0.4109449980630122,490.65516215541993,0.0,
2021-03-11 14:00:26.140,1,0.4114063092151636,485.7403436571333,0.0,
2021-03-11 14:00:26.150,1,0.3789467850579535,490.9100397104518,0.0,
2021-03-11 14:00:26.160,1,0.3846937175854191,490.1167570346309,0.0,
2021-03-11 14:00:26.170,1,0.3563699250588291,489.6775303141749,0.0,
2021-03-11 14:00:26.180,1,0.3485009997263213,489.1380157843757,0.0,
2021-03-11 14:00:26.190,1,0.3760259346026653,493.6162809287706,0.0,
2021-03-11 14:00:26.200,1,0.4501971106848357,486.50781521093126,0.0,
2021-03-11 14:00:26.210,1,0.4045940816989668,493.5272958043962,0.0,
2021-03-11 14:00:26.220,1,0.4241468297003021,489.43751553275473,0.0,
2021-03-11 14:00:26.230,1,0.4344933375698157,486.04327279074585,0.0,
2021-03-11 14:00:26.240,1,0.4045836734078379,486.5417370562228,0.0,
2021-03-11 14:00:26.250,1,0.3484482863201601,489.4784241991492,0.0,
2021-03-11 14:00:26.260,1,0.3947371689551514,491.6323953251413,0.0,
2021-03-11 14:00:26.270,1,0.4132449068237773,489.88306480747,0.0,
2021-03-11 14:00:26.280,1,0.3806462267259934,491.93748853013125,0.0,
2021-03-11 14:00:26.290,1,0.3798677268266555,489.2356985442018,0.0,
2021-03-11 14:00:26.300,1,0.4248596876532655,481.7640649129477,0.0,
2021-03-11 14:00:26.310,1,0.4115447887017538,491.52880650712973,0.0,
2021-03-11 14:00:26.320,1,0.3651432425927436,491.0075509002845,0.0,
2021-03-11 14:00:26.330,1,0.4594084675101834,487.68177547311774,0.0,
2021-03-11 14:00:26.340,1,0.4861857135953379,494.00603147212485,0.0,
2021-03-11 14:00:26.350,1,0.4686153829208065,490.6997575004338,0.0,
2021-03-11 14:00:26.360,1,0.388124567270824,490.3296243132718,0.0,
2021-03-11 14:00:26.370,1,0.4137352764484781,492.51973362940015,0.0,
2021-03-11 14:00:26.380,1,0.4407904531304927,488.50857749218255,0.0,
2021-03-11 14:00:26.390,1,0.395694483435163,495.57174238656637,0.0,
2021-03-11 14:00:26.400,1,0.4154708368488251,490.9500823244657,0.0,
2021-03-11 14:00:26.410,1,0.3584442336214989,492.5247956017862,0.0,
2021-03-11 14:00:26.420,1,0.4321581082584609,498.12655650189237,0.0,
2021-03-11 14:00:26.430,1,0.4601739818234809,496.7947263313382,0.0,
2021-03-11 14:00:26.440,1,0.3272532452759057,496.5934606194761,0.0,
2021-03-11 14:00:26.450,1,0.4476835694827798,501.02647790798864,0.0,
2021-03-11 14:00:26.460,1,0.3603646328476109,495.21046182108716,0.0,
2021-03-11 14:00:26.470,1,0.4406426877034941,497.36498639640433,0.0,
2021-03-11 14:00:26.480,1,0.4639473039411346,501.9176153299775,0.0,
2021-03-11 14:00:26.490,1,0.3084742956631173,498.81560475517614,0.0,
2021-03-11 14:00:26.500,1,0.4103932045114194,498.560452603536,0.0,
2021-03-11 14:00:26.510,1,0.4581970452744263,498.05201949577565,0.0,
2021-03-11 14:00:26.520,1,0.3449982540094584,499.2691175149365,0.0,
2021-03-11 14:00:26.530,1,0.3708234479422277,504.13206007302216,0.0,
2021-03-11 14:00:26.540,1,0.4108453203990085,504.6222589867369,0.0,
2021-03-11 14:00:26.550,1,0.4230084399740789,499.28119780322953,0.0,
2021-03-11 14:00:26.560,1,0.3832891793815282,504.9474087882489,0.0,
2021-03-11 14:00:26.570,1,0.4022162765401033,503.64747807919287,0.0,
2021-03-11 14:00:26.580,1,0.4623016104094971,505.0609761032188,0.0,
2021-03-11 14:00:26.590,1,0.427911432057883,497.7383714143223,0.0,
2021-03-11 14:00:26.600,1,0.4271656139361248,505.1905665795253,0.0,
2021-03-11 14:00:26.610,1,0.4628430850074193,507.7119664791297,0.0,
2021-03-11 14:00:26.620,1,0.3535660833129976,505.6052982182937,0.0,
2021-03-11 14:00:26.630,1,0.3469027766234527,509.7163953855519,0.0,
2021-03-11 14:00:26.640,1,0.3235394756420588,505.5203493393107,0.0,
2021-03-11 14:00:26.650,1,0.3428337926140284,504.51119255674575,0.0,
2021-03-11 14:00:26.660,1,0.3517525555689357,504.6046868595363,0.0,
2021-03-11 14:00:26.670,1,0.4257272474241854,503.82897449858825,0.0,
2021-03-11 14:00:26.680,1,0.3370220769330321,502.2556829819087,0.0,
2021-03-11 14:00:26.690,1,0.4007456358468461,500.0302723102909,0.0,
2021-03-11 14:00:26.700,1,0.3285829124656027,502.57903866152384,0.0,
2021-03-11 14:00:26.710,1,0.3812897899955152,501.5090187391083,0.0,
2021-03-11 14:00:26.720,1,0.4969475144931809,503.9610224416635,0.0,
2021-03-11 14:00:26.730,1,0.367786154169523,502.9736455396137,0.0,
2021-03-11 14:00:26.740,1,0.4631195211077156,501.6782553184625,0.0,
2021-03-11 14:00:26.750,1,0.362821491420564,502.5673569148537,0.0,
2021-03-11 14:00:26.760,1,0.4873818069043632,502.47973671610544,0.0,
2021-03-11 14:00:26.770,1,0.4756222343877233,498.83766949992486,0.0,
2021-03-11 14:00:26.780,1,0.3663829442449599,502.3440644382339,0.0,
2021-03-11 14:00:26.790,1,0.4400042208990375,495.771289635756,0.0,
2021-03-11 14:00:26.800,1,0.4009296361170288,498.2606708056694,0.0,
2021-03-11 14:00:26.810,1,0.3698586613727652,500.48558356009386,0.0,
2021-03-11 14:00:26.820,1,0.3979916745073425,498.73339331477416,0.0,
2021-03-11 14:00:26.830,1,0.4698964986548433,497.79136717699583,0.0,
2021-03-11 14:00:26.840,1,0.5193750611798151,498.6020925870591,0.0,
2021-03-11 14:00:26.850,1,0.419469538971423,500.2659545719129,0.0,
2021-03-11 14:00:26.860,1,0.4977884577519738,502.1572314471424,0.0,
2021-03-11 14:00:26.870,1,0.5265373443360791,496.1294998408628,0.0,
2021-03-11 14:00:26.880,1,0.5230067048660222,494.3110389716831,0.0,
2021-03-11 14:00:26.890,1,0.5631852892198329,500.65078046497,0.0,
2021-03-11 14:00:26.900,1,0.5571086573749218,494.87811166575904,0.0,
2021-03-11 14:00:26.910,1,0.4551193731060776,500.9050842408169,0.0,
2021-03-11 14:00:26.920,1,0.5208234960092,496.5570305437965,0.0,
2021-03-11 14:00:26.930,1,0.3861834651233467,495.7731058203434,0.0,
2021-03-11 14:00:26.940,1,0.4476608722546549,494.7783053789733,0.0,
2021-03-11 14:00:26.950,1,0.4582864056003828,493.5515922683783,0.0,
2021-03-11 14:00:26.960,1,0.3994978895773386,493.4886882353912,0.0,
2021-03-11 14:00:26.970,1,0.5157305590011352,493.3756292812616,0.0,
2021-03-11 14:00:26.980,1,0.5022925438558009,492.7676834291165,0.0,
2021-03-11 14:00:26.990,1,0.4625632788523921,492.6009537391689,0.0,
2021-03-11 14:00:27.000,1,0.404374068923969,496.55426319067396,0.0,
2021-03-11 14:00:27.010,1,0.5845249488195664,493.6595886723954,0.0,
2021-03-11 14:00:27.020,1,0.5180288390556107,493.42889761575134,0.0,
2021-03-11 14:00:27.030,1,0.4614363070360187,496.10193342141406,0.0,
2021-03-11 14:00:27.040,1,0.5218975652420282,494.8123435656065,0.0,
2021-03-11 14:00:27.050,1,0.5834136312838858,499.06327134251154,0.0,
2021-03-11 14:00:27.060,1,0.4981652045688074,497.1730815494664,0.0,
2021-03-11 14:00:27.070,1,0.5376864484814444,498.4560185175727,0.0,
2021-03-11 14:00:27.080,1,0.545255041032053,495.1681958147603,0.0,
2021-03-11 14:00:27.090,1,0.4337017205004504,499.78905048988486,0.0,
2021-03-11 14:00:27.100,1,0.4870804236172243,498.74078175366486,0.0,
2021-03-11 14:00:27.110,1,0.563757787909389,498.01775264296793,0.0,
2021-03-11 14:00:27.120,1,0.5677830272302932,496.7336293287973,0.0,
2021-03-11 14:00:27.130,1,0.4396647392791267,499.30854408190567,0.0,
2021-03-11 14:00:27.140,1,0.4173790714087221,497.4702561457298,0.0,
2021-03-11 14:00:27.150,1,0.578102724514896,494.47149703607363,0.0,
2021-03-11 14:00:27.160,1,0.5343827142128621,495.6179012817972,0.0,
2021-03-11 14:00:27.170,1,0.5168228697600626,502.2204185951838,0.0,
2021-03-11 14:00:27.180,1,0.4312407018322966,497.2517237459024,0.0,
2021-03-11 14:00:27.190,1,0.3839947581980686,496.0886170373252,0.0,
2021-03-11 14:00:27.200,1,0.5208861850846902,500.34445246513565,0.0,
2021-03-11 14:00:27.210,1,0.5470729409402065,505.20088445288206,0.0,
2021-03-11 14:00:27.220,1,0.5311881474404209,498.27386658770854,0.0,
2021-03-11 14:00:27.230,1,0.5111084847555298,501.41652224620316,0.0,
2021-03-11 14:00:27.240,1,0.5565025846891865,499.8890338836586,0.0,
2021-03-11 14:00:27.250,1,0.5409786106427154,498.8044883026725,0.0,
2021-03-11 14:00:27.260,1,0.5373401586664368,504.42852716840974,0.0,
2021-03-11 14:00:27.270,1,0.3957472172934914,506.3618034465229,0.0,
2021-03-11 14:00:27.280,1,0.3763701796578377,503.3098085482524,0.0,
2021-03-11 14:00:27.290,1,0.5311158925919641,502.4780041787285,0.0,
2021-03-11 14:00:27.300,1,0.4353918904703209,506.8059665311853,0.0,
2021-03-11 14:00:27.310,1,0.35247633500599296,499.74141949555946,0.0,
2021-03-11 14:00:27.320,1,0.3766937687228785,507.98930915190255,0.0,
2021-03-11 14:00:27.330,1,0.4602177703814141,497.8418668521389,0.0,
2021-03-11 14:00:27.340,1,0.4846227206077835,499.68244408464693,0.0,
2021-03-11 14:00:27.350,1,0.346856399997883,500.87203234068016,0.0,
2021-03-11 14:00:27.360,1,0.4954603212559951,498.65073945508993,0.0,
2021-03-11 14:00:27.370,1,0.3829111159343622,502.4890214198578,0.0,
2021-03-11 14:00:27.380,1,0.3912868037940545,502.801290560468,0.0,
2021-03-11 14:00:27.390,1,0.3848561444932203,496.6058762205889,0.0,
2021-03-11 14:00:27.400,1,0.3825604448448381,499.5973444956843,0.0,
2021-03-11 14:00:27.410,1,0.399302555840347,499.8593263013698,0.0,
2021-03-11 14:00:27.420,1,0.4209483106919841,494.8573824061183,0.0,
2021-03-11 14:00:27.430,1,0.3536981892214272,497.2031673197286,0.0,
2021-03-11 14:00:27.440,1,0.4499771658597271,498.26791546059087,0.0,
2021-03-11 14:00:27.450,1,0.3432814709344988,497.74244541258463,0.0,
2021-03-11 14:00:27.460,1,0.3861742598520375,494.18384080576163,0.0,
2021-03-11 14:00:27.470,1,0.3454477253283192,494.2633909005984,0.0,
2021-03-11 14:00:27.480,1,0.3264847344642336,494.62384419689636,0.0,
2021-03-11 14:00:27.490,1,0.4579484012621184,496.5844242227992,0.0,
2021-03-11 14:00:27.500,1,0.32807420585332203,494.59969939362287,0.0,
2021-03-11 14:00:27.510,1,0.4374376835686662,487.48281450941886,0.0,
2021-03-11 14:00:27.520,1,0.4346910758827492,487.82475545562585,0.0,
2021-03-11 14:00:27.530,1,0.4457290985831698,488.1744451250601,0.0,
2021-03-11 14:00:27.540,1,0.3163413976961572,492.06874013380434,0.0,
2021-03-11 14:00:27.550,1,0.3193884920581299,488.30651264612055,0.0,
2021-03-11 14:00:27.560,1,0.3575185532564384,484.7913119421777,0.0,
2021-03-11 14:00:27.570,1,0.4268615765107086,488.6365629342358,0.0,
2021-03-11 14:00:27.580,1,0.4217783725787717,485.1272676761814,0.0,
2021-03-11 14:00:27.590,1,0.4375040976598967,483.65177506650224,0.0,
2021-03-11 14:00:27.600,1,0.3760136936339112,488.81499534634116,0.0,
2021-03-11 14:00:27.610,1,0.3268485186706397,487.46539697501237,0.0,
2021-03-11 14:00:27.620,1,0.4038669621352482,486.6355560545915,0.0,
2021-03-11 14:00:27.630,1,0.3733373848488699,489.7978796125772,0.0,
2021-03-11 14:00:27.640,1,0.3254038445898535,486.7098248762813,0.0,
2021-03-11 14:00:27.650,1,0.407160953883747,483.5958570936515,0.0,
2021-03-11 14:00:27.660,1,0.3232663994394003,488.6034692570401,0.0,
2021-03-11 14:00:27.670,1,0.3292516690757602,482.5078769892928,0.0,
2021-03-11 14:00:27.680,1,0.3556342058133983,487.6829262654637,0.0,
2021-03-11 14:00:27.690,1,0.3218518219310929,485.95661157540945,0.0,
2021-03-11 14:00:27.700,1,0.3145552861595519,484.74794353920674,0.0,
2021-03-11 14:00:27.710,1,0.3878285619598006,482.6003774411496,0.0,
2021-03-11 14:00:27.720,1,0.3546992555748067,489.3895366539431,0.0,
2021-03-11 14:00:27.730,1,0.4111962263062131,489.1654708354517,0.0,
2021-03-11 14:00:27.740,1,0.3563143596614828,494.4530630967672,0.0,
2021-03-11 14:00:27.750,1,0.4343913696374031,489.32766604228135,0.0,
2021-03-11 14:00:27.760,1,0.4155577105200835,488.14367909464147,0.0,
2021-03-11 14:00:27.770,1,0.4327865379772326,485.8633485272055,0.0,
2021-03-11 14:00:27.780,1,0.4227419413603002,486.3670053936768,0.0,
2021-03-11 14:00:27.790,1,0.3489291652313613,488.1250338960582,0.0,
2021-03-11 14:00:27.800,1,0.3572500422247054,490.8259935687941,0.0,
2021-03-11 14:00:27.810,1,0.4331796378117136,491.3551825590104,0.0,
2021-03-11 14:00:27.820,1,0.3589918154612506,492.6139237874637,0.0,
2021-03-11 14:00:27.830,1,0.4369241998353072,495.7016026432079,0.0,
2021-03-11 14:00:27.840,1,0.417852639903302,489.8473622911482,0.0,
2021-03-11 14:00:27.850,1,0.3926348318710003,491.77603926934404,0.0,
2021-03-11 14:00:27.860,1,0.3499456689974131,493.35832924503563,0.0,
2021-03-11 14:00:27.870,1,0.3912512657846453,495.9075163543874,0.0,
2021-03-11 14:00:27.880,1,0.3917862897105199,494.32906466234283,0.0,
2021-03-11 14:00:27.890,1,0.4367181708206523,488.7279291162874,0.0,
2021-03-11 14:00:27.900,1,0.4020668353013389,493.99696799028993,0.0,
2021-03-11 14:00:27.910,1,0.4518208037061647,489.10537034368514,0.0,
2021-03-11 14:00:27.920,1,0.4859730504048574,495.1233847462025,0.0,
2021-03-11 14:00:27.930,1,0.3702864810414795,495.0519365663712,0.0,
2021-03-11 14:00:27.940,1,0.4045366127651896,494.47285601923966,0.0,
2021-03-11 14:00:27.950,1,0.3338464932074397,491.26919900182696,0.0,
2021-03-11 14:00:27.960,1,0.4744347457845048,497.28185279654485,0.0,
2021-03-11 14:00:27.970,1,0.3441611339958581,495.760115545233,0.0,
2021-03-11 14:00:27.980,1,0.4490886926462273,495.1441006555516,0.0,
2021-03-11 14:00:27.990,1,0.4940827019644287,494.94063145729035,0.0,
2021-03-11 14:00:28.000,1,0.440920428209503,499.59164261163977,0.0,
2021-03-11 14:00:28.010,1,0.3895494048595373,499.8317206481311,0.0,
2021-03-11 14:00:28.020,1,0.3812309444756775,494.81524850876775,0.0,
2021-03-11 14:00:28.030,1,0.4983716609207663,494.6151686732723,0.0,
2021-03-11 14:00:28.040,1,0.3963315896055989,494.7009784620269,0.0,
2021-03-11 14:00:28.050,1,0.4924222359520139,493.91551999218626,0.0,
2021-03-11 14:00:28.060,1,0.3327372403124856,494.05103646364546,0.0,
2021-03-11 14:00:28.070,1,0.3796396096485392,496.5281428815551,0.0,
2021-03-11 14:00:28.080,1,0.4632330825477185,496.7276760426524,0.0,
2021-03-11 14:00:28.090,1,0.4104395813366249,495.31978224175197,0.0,
2021-03-11 14:00:28.100,1,0.4479888265040602,491.2904469573904,0.0,
2021-03-11 14:00:28.110,1,0.4663077548012291,494.4613156702421,0.0,
2021-03-11 14:00:28.120,1,0.4245421218948204,489.01469053829874,0.0,
2021-03-11 14:00:28.130,1,0.3614498288451015,492.2759638024343,0.0,
2021-03-11 14:00:28.140,1,0.359214074990581,491.2291015555557,0.0,
2021-03-11 14:00:28.150,1,0.402606139565339,489.6056692833458,0.0,
2021-03-11 14:00:28.160,1,0.3465355148878682,490.4814018382562,0.0,
2021-03-11 14:00:28.170,1,0.3797211210188406,488.1598709350217,0.0,
2021-03-11 14:00:28.180,1,0.3219043010628538,488.80769929248197,0.0,
2021-03-11 14:00:28.190,1,0.3348765896322539,491.07366848264473,0.0,
2021-03-11 14:00:28.200,1,0.3635080684579788,490.2915912580205,0.0,
2021-03-11 14:00:28.210,1,0.3577886257101772,484.5587183398702,0.0,
2021-03-11 14:00:28.220,1,0.34558341754569105,490.1985862357814,0.0,
2021-03-11 14:00:28.230,1,0.4223323648793608,491.0110653455149,0.0,
2021-03-11 14:00:28.240,1,0.2943148026288251,486.5136887062548,0.0,
2021-03-11 14:00:28.250,1,0.4045274414081813,488.31044832170943,0.0,
2021-03-11 14:00:28.260,1,0.3897696252448605,488.1140282084765,0.0,
2021-03-11 14:00:28.270,1,0.3126350082536371,486.1750225513469,0.0,
2021-03-11 14:00:28.280,1,0.2947845548283084,486.8744560612117,0.0,
2021-03-11 14:00:28.290,1,0.3813839484163731,489.59927088252573,0.0,
2021-03-11 14:00:28.300,1,0.3995583768529263,487.1171052934504,0.0,
2021-03-11 14:00:28.310,1,0.3965840035303168,486.7875966938453,0.0,
2021-03-11 14:00:28.320,1,0.3325537118864602,484.55577285190736,0.0,
2021-03-11 14:00:28.330,1,0.3124218818611881,488.5816404371996,0.0,
2021-03-11 14:00:28.340,1,0.2933021602126247,492.4793825024863,0.0,
2021-03-11 14:00:28.350,1,0.3409664551940619,486.9240506605442,0.0,
2021-03-11 14:00:28.360,1,0.2818800629896884,490.53470173359307,0.0,
2021-03-11 14:00:28.370,1,0.2976540380989696,487.3882470322918,0.0,
2021-03-11 14:00:28.380,1,0.3473923654451322,484.24363922150735,0.0,
2021-03-11 14:00:28.390,1,0.3166907761538896,491.4486246160427,0.0,
2021-03-11 14:00:28.400,1,0.2564131869137923,485.8363176919026,0.0,
2021-03-11 14:00:28.410,1,0.3370390290069938,490.3127559489138,0.0,
2021-03-11 14:00:28.420,1,0.3328979653324762,492.6487224976128,0.0,
2021-03-11 14:00:28.430,1,0.2990136930488015,491.0921877805408,0.0,
2021-03-11 14:00:28.440,1,0.3199764406456957,495.8803824408792,0.0,
2021-03-11 14:00:28.450,1,0.2540582058386342,492.5353272524463,0.0,
2021-03-11 14:00:28.460,1,0.2701059482879795,490.05300469407285,0.0,
2021-03-11 14:00:28.470,1,0.3629300924745601,490.1699135034334,0.0,
2021-03-11 14:00:28.480,1,0.338358106229665,493.5301509044672,0.0,
2021-03-11 14:00:28.490,1,0.3533889224107143,489.4674094750408,0.0,
2021-03-11 14:00:28.500,1,0.2841616984182303,493.0826196120085,0.0,
2021-03-11 14:00:28.510,1,0.3004064509134477,492.8839184703865,0.0,
2021-03-11 14:00:28.520,1,0.3411265380832768,496.2004051252839,0.0,
2021-03-11 14:00:28.530,1,0.2962526068715727,493.3050954553474,0.0,
2021-03-11 14:00:28.540,1,0.3077016691460056,497.62669090586235,0.0,
2021-03-11 14:00:28.550,1,0.2461759318341881,495.72585704954764,0.0,
2021-03-11 14:00:28.560,1,0.3078306363337559,495.8049886540893,0.0,
2021-03-11 14:00:28.570,1,0.3424382862042103,495.8570988995487,0.0,
2021-03-11 14:00:28.580,1,0.2997318731306745,500.3068538980097,0.0,
2021-03-11 14:00:28.590,1,0.3184531073445313,496.59369638480416,0.0,
2021-03-11 14:00:28.600,1,0.3218778287303979,500.0352813528256,0.0,
2021-03-11 14:00:28.610,1,0.2576323113788845,497.0949804459684,0.0,
2021-03-11 14:00:28.620,1,0.2590350832801844,497.9649950947225,0.0,
2021-03-11 14:00:28.630,1,0.3514121557922732,500.5914871697431,0.0,
2021-03-11 14:00:28.640,1,0.3389939656141114,499.7565155964909,0.0,
2021-03-11 14:00:28.650,1,0.3227732486155247,500.43158181631406,0.0,
2021-03-11 14:00:28.660,1,0.2511366852733517,498.7890350908326,0.0,
2021-03-11 14:00:28.670,1,0.2720333266860812,495.5603555860824,0.0,
2021-03-11 14:00:28.680,1,0.2603218061690646,498.33656380392716,0.0,
2021-03-11 14:00:28.690,1,0.2478733727787974,498.8724073972325,0.0,
2021-03-11 14:00:28.700,1,0.3714631586454489,497.84514191605837,0.0,
2021-03-11 14:00:28.710,1,0.3245172947026282,498.1896634124758,0.0,
2021-03-11 14:00:28.720,1,0.2605937995141961,501.0769630357467,0.0,
2021-03-11 14:00:28.730,1,0.2860019752863544,498.4754407126744,0.0,
2021-03-11 14:00:28.740,1,0.2740775333335312,498.8780679469588,0.0,
2021-03-11 14:00:28.750,1,0.3908189662010172,496.9516086261376,0.0,
2021-03-11 14:00:28.760,1,0.2969719051788174,500.9689227212723,0.0,
2021-03-11 14:00:28.770,1,0.3404922080950193,496.35845674154024,0.0,
2021-03-11 14:00:28.780,1,0.3346473170239591,495.5044033351082,0.0,
2021-03-11 14:00:28.790,1,0.2701371179012134,495.46948925202,0.0,
2021-03-11 14:00:28.800,1,0.3122371097713474,494.6316606429612,0.0,
2021-03-11 14:00:28.810,1,0.3123148014425471,496.92757230010767,0.0,
2021-03-11 14:00:28.820,1,0.2930250081825401,494.61070689649597,0.0,
2021-03-11 14:00:28.830,1,0.3812658609127751,495.9971844496503,0.0,
2021-03-11 14:00:28.840,1,0.3072435424192376,496.0324620024272,0.0,
2021-03-11 14:00:28.850,1,0.4089270704137933,492.7595111261713,0.0,
2021-03-11 14:00:28.860,1,0.3091114403806392,491.18704740780197,0.0,
2021-03-11 14:00:28.870,1,0.3398038753901705,491.6938244162341,0.0,
2021-03-11 14:00:28.880,1,0.3435111393026443,492.9980328690741,0.0,
2021-03-11 14:00:28.890,1,0.3157442695945203,493.4121511603842,0.0,
2021-03-11 14:00:28.900,1,0.4181673176916591,490.0901244248732,0.0,
2021-03-11 14:00:28.910,1,0.3955924161009418,489.4795628504159,0.0,
2021-03-11 14:00:28.920,1,0.3786136529964089,490.5964690071891,0.0,
2021-03-11 14:00:28.930,1,0.4235873605681147,492.3328151310917,0.0,
2021-03-11 14:00:28.940,1,0.3324358552663476,487.76621445184924,0.0,
2021-03-11 14:00:28.950,1,0.3179746213244036,492.37462410797633,0.0,
2021-03-11 14:00:28.960,1,0.3756973350765673,490.3935914314763,0.0,
2021-03-11 14:00:28.970,1,0.4355994526221647,488.87219145590507,0.0,
2021-03-11 14:00:28.980,1,0.3871580329966945,487.5018605053312,0.0,
2021-03-11 14:00:28.990,1,0.2945825008620895,485.8738911979735,0.0,
2021-03-11 14:00:29.000,1,0.3663097769940016,485.86535628878255,0.0,
2021-03-11 14:00:29.010,1,0.3340625016384785,489.4033721496597,0.0,
2021-03-11 14:00:29.020,1,0.4033211080062134,478.97164522974487,0.0,
2021-03-11 14:00:29.030,1,0.3448925541180409,479.81233610281447,0.0,
2021-03-11 14:00:29.040,1,0.4111313717054494,487.64685187316735,0.0,
2021-03-11 14:00:29.050,1,0.3057760551438758,483.2193633485687,0.0,
2021-03-11 14:00:29.060,1,0.4180609181990832,489.13911240993104,0.0,
2021-03-11 14:00:29.070,1,0.3015760369190426,488.06053914855073,0.0,
2021-03-11 14:00:29.080,1,0.4222988168812437,488.8790155449517,0.0,
2021-03-11 14:00:29.090,1,0.3969920760956356,483.5133138998806,0.0,
2021-03-11 14:00:29.100,1,0.4217201391190547,486.97359827674825,0.0,
2021-03-11 14:00:29.110,1,0.3940746230958848,492.35761421218047,0.0,
2021-03-11 14:00:29.120,1,0.390155483674907,490.0810550621485,0.0,
2021-03-11 14:00:29.130,1,0.3675766398594137,486.5539626907511,0.0,
2021-03-11 14:00:29.140,1,0.3989642508032525,487.49047734149406,0.0,
2021-03-11 14:00:29.150,1,0.3432491562214921,489.0905802746336,0.0,
2021-03-11 14:00:29.160,1,0.3435745665547211,489.0289898231418,0.0,
2021-03-11 14:00:29.170,1,0.341422870027668,488.7660161963849,0.0,
2021-03-11 14:00:29.180,1,0.3736763506081128,493.1143009102192,0.0,
2021-03-11 14:00:29.190,1,0.3069548073556908,488.1404592174113,0.0,
2021-03-11 14:00:29.200,1,0.3724547891658812,489.6825314794014,0.0,
2021-03-11 14:00:29.210,1,0.3793530009363263,487.41476517338685,0.0,
2021-03-11 14:00:29.220,1,0.2890827269627407,489.7689753450209,0.0,
2021-03-11 14:00:29.230,1,0.3831781777752678,495.3963165571937,0.0,
2021-03-11 14:00:29.240,1,0.31496517592228995,489.7499517801146,0.0,
2021-03-11 14:00:29.250,1,0.2942713230993123,492.2589397155146,0.0,
2021-03-11 14:00:29.260,1,0.3393617287922411,494.3831478145237,0.0,
2021-03-11 14:00:29.270,1,0.370699366789867,493.64113455067053,0.0,
2021-03-11 14:00:29.280,1,0.2875874908524303,490.07652322910735,0.0,
2021-03-11 14:00:29.290,1,0.2766515051343429,492.850864720423,0.0,
2021-03-11 14:00:29.300,1,0.3695134371415343,492.4066361399514,0.0,
2021-03-11 14:00:29.310,1,0.3563683287892756,497.8437286806628,0.0,
2021-03-11 14:00:29.320,1,0.3835121336849261,490.8474374511489,0.0,
2021-03-11 14:00:29.330,1,0.2952370681146668,490.5061161342152,0.0,
2021-03-11 14:00:29.340,1,0.3701949055044494,491.6170233877243,0.0,
2021-03-11 14:00:29.350,1,0.2688746859943425,493.8069052496727,0.0,
2021-03-11 14:00:29.360,1,0.3899817544907338,488.6053321548637,0.0,
2021-03-11 14:00:29.370,1,0.2724689293306064,484.8655678305377,0.0,
2021-03-11 14:00:29.380,1,0.2856370009100957,489.47246946177285,0.0,
2021-03-11 14:00:29.390,1,0.3061160436838046,487.0443762360747,0.0,
2021-03-11 14:00:29.400,1,0.2570357680871235,488.2731742766075,0.0,
2021-03-11 14:00:29.410,1,0.3517337791678189,488.12268371237366,0.0,
2021-03-11 14:00:29.420,1,0.356682584822464,488.42500627025817,0.0,
2021-03-11 14:00:29.430,1,0.3045726104583973,489.74446866946334,0.0,
2021-03-11 14:00:29.440,1,0.3466871918227178,487.1487474533475,0.0,
2021-03-11 14:00:29.450,1,0.3573664857368071,480.5824211133556,0.0,
2021-03-11 14:00:29.460,1,0.2846834159464001,485.27059208417313,0.0,
2021-03-11 14:00:29.470,1,0.256315710383796,483.35183705625366,0.0,
2021-03-11 14:00:29.480,1,0.3010581997881426,488.6705902707212,0.0,
2021-03-11 14:00:29.490,1,0.3550766777276352,480.2079831466386,0.0,
2021-03-11 14:00:29.500,1,0.3310406177910661,489.70895785245835,0.0,
2021-03-11 14:00:29.510,1,0.3221295956563703,479.72903334864486,0.0,
2021-03-11 14:00:29.520,1,0.2593248649813253,479.3374227858232,0.0,
2021-03-11 14:00:29.530,1,0.3642498420548787,481.5717996925895,0.0,
2021-03-11 14:00:29.540,1,0.3530453419412145,480.5294913533441,0.0,
2021-03-11 14:00:29.550,1,0.3499658766862404,483.29578158025015,0.0,
2021-03-11 14:00:29.560,1,0.2909716643528899,478.47809297770516,0.0,
2021-03-11 14:00:29.570,1,0.3009204071266347,478.09904378451216,0.0,
2021-03-11 14:00:29.580,1,0.3572397273922363,473.4009055294753,0.0,
2021-03-11 14:00:29.590,1,0.3764560826225028,484.76885119379165,0.0,
2021-03-11 14:00:29.600,1,0.3259554906445225,476.1768133790731,0.0,
2021-03-11 14:00:29.610,1,0.3756519657203975,477.4938937108609,0.0,
2021-03-11 14:00:29.620,1,0.2873001187665186,476.0819272967273,0.0,
2021-03-11 14:00:29.630,1,0.2988540295662997,476.20680660563386,0.0,
2021-03-11 14:00:29.640,1,0.3798704510984938,477.34983375333877,0.0,
2021-03-11 14:00:29.650,1,0.318254995663093,470.6281940620054,0.0,
2021-03-11 14:00:29.660,1,0.3478526157279819,477.6893758169711,0.0,
2021-03-11 14:00:29.670,1,0.3114910392567411,478.79728557748086,0.0,
2021-03-11 14:00:29.680,1,0.3470431803070045,472.7514545644336,0.0,
2021-03-11 14:00:29.690,1,0.3275021202763268,472.82949549383085,0.0,
2021-03-11 14:00:29.700,1,0.3533667211231225,470.9545857478541,0.0,
2021-03-11 14:00:29.710,1,0.3022696851552236,477.56672119272974,0.0,
2021-03-11 14:00:29.720,1,0.3644980782032355,478.64903612369807,0.0,
2021-03-11 14:00:29.730,1,0.2855215562906582,477.7378014004569,0.0,
2021-03-11 14:00:29.740,1,0.3005758626289799,476.5059383523936,0.0,
2021-03-11 14:00:29.750,1,0.3601621749252877,473.6944569412892,0.0,
2021-03-11 14:00:29.760,1,0.4071339086160109,471.6450855926765,0.0,
2021-03-11 14:00:29.770,1,0.4002901890189004,476.15012809975997,0.0,
2021-03-11 14:00:29.780,1,0.3216877994963948,477.0947813248426,0.0,
2021-03-11 14:00:29.790,1,0.3973703954019064,474.9622508689536,0.0,
2021-03-11 14:00:29.800,1,0.296059375378841,476.6590841842744,0.0,
2021-03-11 14:00:29.810,1,0.4146749638494285,477.31656971067235,0.0,
2021-03-11 14:00:29.820,1,0.2914319924686142,481.74451702798444,0.0,
2021-03-11 14:00:29.830,1,0.3329938475724461,481.26710901923883,0.0,
2021-03-11 14:00:29.840,1,0.325621157049402,483.3991703132612,0.0,
2021-03-11 14:00:29.850,1,0.3287052669045592,478.5953920175294,0.0,
2021-03-11 14:00:29.860,1,0.3133106357086159,481.58281444475335,0.0,
2021-03-11 14:00:29.870,1,0.3829764938285411,482.3074040319841,0.0,
2021-03-11 14:00:29.880,1,0.4463343633186182,480.8058654916387,0.0,
2021-03-11 14:00:29.890,1,0.4177147363180518,479.50309853985016,0.0,
2021-03-11 14:00:29.900,1,0.4673751643347175,480.5863912986584,0.0,
2021-03-11 14:00:29.910,1,0.4084652854977492,481.8421068938219,0.0,
2021-03-11 14:00:29.920,1,0.3718966790874509,483.11168692335457,0.0,
2021-03-11 14:00:29.930,1,0.4247110717038877,483.64367735942915,0.0,
2021-03-11 14:00:29.940,1,0.4635836737354613,481.7100444689032,0.0,
2021-03-11 14:00:29.950,1,0.3843460766191223,477.34417680592986,0.0,
2021-03-11 14:00:29.960,1,0.3513629942094045,478.8790296166802,0.0,
2021-03-11 14:00:29.970,1,0.4402763196476917,487.0850886277526,0.0,
2021-03-11 14:00:29.980,1,0.461655278901629,487.9831052965899,0.0,
2021-03-11 14:00:29.990,1,0.3975899446657188,483.9816380019533,0.0,
2021-03-11 14:00:30.000,1,0.4701952297498478,482.96636270265634,0.0,
2021-03-11 14:00:30.010,1,0.3160376408807311,482.8282210374995,0.0,
2021-03-11 14:00:30.020,1,0.3773291308621493,484.856661335592,0.0,
2021-03-11 14:00:30.030,1,0.4113746392052307,482.5471449762508,0.0,
2021-03-11 14:00:30.040,1,0.4152665713925861,487.62863551929763,0.0,
2021-03-11 14:00:30.050,1,0.4347452647894436,482.335422018403,0.0,
2021-03-11 14:00:30.060,1,0.4397166823581122,484.8464023578325,0.0,
2021-03-11 14:00:30.070,1,0.4007926165518941,479.71343287948235,0.0,
2021-03-11 14:00:30.080,1,0.4397939546350077,485.75191250559647,0.0,
2021-03-11 14:00:30.090,1,0.4073634480205349,482.09155993649233,0.0,
2021-03-11 14:00:30.100,1,0.4112940483276194,486.2914883999413,0.0,
2021-03-11 14:00:30.110,1,0.3425239000647007,488.6596862769397,0.0,
2021-03-11 14:00:30.120,1,0.4068395188525833,481.7697920658328,0.0,
2021-03-11 14:00:30.130,1,0.3179898509549109,480.52065700543966,0.0,
2021-03-11 14:00:30.140,1,0.3988681947127119,481.8493031277913,0.0,
2021-03-11 14:00:30.150,1,0.3643808080289111,485.8362795128564,0.0,
2021-03-11 14:00:30.160,1,0.4136162026036242,482.54484999799485,0.0,
2021-03-11 14:00:30.170,1,0.4504983148760129,481.50506918600684,0.0,
2021-03-11 14:00:30.180,1,0.3100958690921562,480.8211483696738,0.0,
2021-03-11 14:00:30.190,1,0.4260930805854444,485.6400715431009,0.0,
2021-03-11 14:00:30.200,1,0.442343934914846,482.0244614779091,0.0,
2021-03-11 14:00:30.210,1,0.4287774526890583,478.9665839128885,0.0,
2021-03-11 14:00:30.220,1,0.3870521242993775,479.6150001049398,0.0,
2021-03-11 14:00:30.230,1,0.3044906476079002,481.3688891437183,0.0,
2021-03-11 14:00:30.240,1,0.3880145624277281,479.1938648616481,0.0,
2021-03-11 14:00:30.250,1,0.3013474503974071,478.4917406112913,0.0,
2021-03-11 14:00:30.260,1,0.3553666444674214,479.1632543943257,0.0,
2021-03-11 14:00:30.270,1,0.3644772295553881,483.96171828959166,0.0,
2021-03-11 14:00:30.280,1,0.3535005545519123,478.6390320630829,0.0,
2021-03-11 14:00:30.290,1,0.2818154748278147,479.47279203211286,0.0,
2021-03-11 14:00:30.300,1,0.2972404984326984,475.80683919936445,0.0,
2021-03-11 14:00:30.310,1,0.3548884524240813,479.2567974862407,0.0,
2021-03-11 14:00:30.320,1,0.3672910834104925,477.23685629058883,0.0,
2021-03-11 14:00:30.330,1,0.2686693455926046,475.6451610598536,0.0,
2021-03-11 14:00:30.340,1,0.3044025801884311,479.51002394489484,0.0,
2021-03-11 14:00:30.350,1,0.3134011967768217,476.9356233077342,0.0,
2021-03-11 14:00:30.360,1,0.4000169777653755,480.3941564585988,0.0,
2021-03-11 14:00:30.370,1,0.3524143190958673,480.5841582507194,0.0,
2021-03-11 14:00:30.380,1,0.3690457684830058,478.83684872965887,0.0,
2021-03-11 14:00:30.390,1,0.3167006342694047,483.2690347667263,0.0,
2021-03-11 14:00:30.400,1,0.2974560538253469,480.28316810018777,0.0,
2021-03-11 14:00:30.410,1,0.3611723256891449,482.69526728176805,0.0,
2021-03-11 14:00:30.420,1,0.2922057237810747,478.34873086030814,0.0,
2021-03-11 14:00:30.430,1,0.2674049588681798,480.0320083818372,0.0,
2021-03-11 14:00:30.440,1,0.2930583280850561,479.92535912800463,0.0,
2021-03-11 14:00:30.450,1,0.31351874566465804,483.49728397621016,0.0,
2021-03-11 14:00:30.460,1,0.3583222939708049,483.8968573321682,0.0,
2021-03-11 14:00:30.470,1,0.3260206706376565,478.5432219909581,0.0,
2021-03-11 14:00:30.480,1,0.2416119002690695,485.6030877047739,0.0,
2021-03-11 14:00:30.490,1,0.2699968919965922,487.7994504948695,0.0,
2021-03-11 14:00:30.500,1,0.333307235420707,483.33277433400843,0.0,
2021-03-11 14:00:30.510,1,0.3052135176733602,479.6078775456977,0.0,
2021-03-11 14:00:30.520,1,0.3477073079370727,487.80009680053763,0.0,
2021-03-11 14:00:30.530,1,0.3434469695872245,483.27668788851645,0.0,
2021-03-11 14:00:30.540,1,0.2525069361416596,488.5648778992871,0.0,
2021-03-11 14:00:30.550,1,0.2613570642514589,483.7302676890097,0.0,
2021-03-11 14:00:30.560,1,0.2849559899242408,489.32373605079397,0.0,
2021-03-11 14:00:30.570,1,0.3149300107200524,486.7573018556109,0.0,
2021-03-11 14:00:30.580,1,0.2858157225527314,490.25275521426164,0.0,
2021-03-11 14:00:30.590,1,0.3266346062603222,488.0231838121072,0.0,
2021-03-11 14:00:30.600,1,0.259107843911881,491.1358860699642,0.0,
2021-03-11 14:00:30.610,1,0.3592969182306488,489.79373046849366,0.0,
2021-03-11 14:00:30.620,1,0.35974127804557793,489.87090369272426,0.0,
2021-03-11 14:00:30.630,1,0.2987226344798739,492.0228240363511,0.0,
2021-03-11 14:00:30.640,1,0.24818943423824,487.4940519638264,0.0,
2021-03-11 14:00:30.650,1,0.3502585980938716,497.5488076161438,0.0,
2021-03-11 14:00:30.660,1,0.3067072450280552,494.1923987511965,0.0,
2021-03-11 14:00:30.670,1,0.2927277586565494,491.6855919696465,0.0,
2021-03-11 14:00:30.680,1,0.2663538295890745,495.3795567585945,0.0,
2021-03-11 14:00:30.690,1,0.3686529932553659,492.57980626282836,0.0,
2021-03-11 14:00:30.700,1,0.2698065190169896,492.97864890316885,0.0,
2021-03-11 14:00:30.710,1,0.314858603017178,494.3803896621257,0.0,
2021-03-11 14:00:30.720,1,0.3333721537308498,489.9551514654786,0.0,
2021-03-11 14:00:30.730,1,0.2852992749291109,496.6227126212226,0.0,
2021-03-11 14:00:30.740,1,0.3302744023299701,496.31002770917803,0.0,
2021-03-11 14:00:30.750,1,0.3793293418044145,492.6869610445188,0.0,
2021-03-11 14:00:30.760,1,0.2837899272462877,496.4296548954466,0.0,
2021-03-11 14:00:30.770,1,0.2736972912016576,491.8387869703592,0.0,
2021-03-11 14:00:30.780,1,0.3092841703683119,491.9086675173242,0.0,
2021-03-11 14:00:30.790,1,0.3696727236947225,496.1687912962315,0.0,
2021-03-11 14:00:30.800,1,0.3252503038490629,488.82572673895515,0.0,
2021-03-11 14:00:30.810,1,0.3495784415847474,494.21846996928025,0.0,
2021-03-11 14:00:30.820,1,0.2941650512142598,500.1268462125434,0.0,
2021-03-11 14:00:30.830,1,0.3955955267982807,492.28461729706015,0.0,
2021-03-11 14:00:30.840,1,0.2766595307297585,491.9220061359692,0.0,
2021-03-11 14:00:30.850,1,0.3462171129140033,491.42981649155007,0.0,
2021-03-11 14:00:30.860,1,0.3618796911662446,489.255965645862,0.0,
2021-03-11 14:00:30.870,1,0.3717906619057806,491.8831140768253,0.0,
2021-03-11 14:00:30.880,1,0.3449036241657316,489.82505886014206,0.0,
2021-03-11 14:00:30.890,1,0.3950267666327758,490.36980013474937,0.0,
2021-03-11 14:00:30.900,1,0.3560632373200787,486.32709832611937,0.0,
2021-03-11 14:00:30.910,1,0.3987051865370937,489.28242478413216,0.0,
2021-03-11 14:00:30.920,1,0.2876202644065846,484.15958890990953,0.0,
2021-03-11 14:00:30.930,1,0.3795535782928023,487.35062455867927,0.0,
2021-03-11 14:00:30.940,1,0.2876871029501552,486.9270919819603,0.0,
2021-03-11 14:00:30.950,1,0.2951528031534763,489.1454321583602,0.0,
2021-03-11 14:00:30.960,1,0.3713664571781112,486.35132201383317,0.0,
2021-03-11 14:00:30.970,1,0.3048105064699779,484.6530510642578,0.0,
2021-03-11 14:00:30.980,1,0.3459538929811445,487.2652343364518,0.0,
2021-03-11 14:00:30.990,1,0.42198045534882,482.3097959520688,0.0,
2021-03-11 14:00:31.000,1,0.3369261106220255,487.4126324494478,0.0,
2021-03-11 14:00:31.010,1,0.40654536714598,478.2382692602628,0.0,
2021-03-11 14:00:31.020,1,0.3456125347907028,481.99997455158615,0.0,
2021-03-11 14:00:31.030,1,0.3191783604115722,487.6422828628588,0.0,
2021-03-11 14:00:31.040,1,0.3478758083242522,487.5168054742762,0.0,
2021-03-11 14:00:31.050,1,0.365163685641989,484.5176776779821,0.0,
2021-03-11 14:00:31.060,1,0.3016448423739852,485.1504450428466,0.0,
2021-03-11 14:00:31.070,1,0.3186526031491343,488.8054698381231,0.0,
2021-03-11 14:00:31.080,1,0.35832286859369705,483.2706361086636,0.0,
2021-03-11 14:00:31.090,1,0.3279856553934024,484.2784618298192,0.0,
2021-03-11 14:00:31.100,1,0.3682830657802644,485.81362778049487,0.0,
2021-03-11 14:00:31.110,1,0.4202360166883787,490.5290227103894,0.0,
2021-03-11 14:00:31.120,1,0.3938648964737015,483.3149979704061,0.0,
2021-03-11 14:00:31.130,1,0.3375676514501433,488.65545245722535,0.0,
2021-03-11 14:00:31.140,1,0.4076302084763165,487.7785951799841,0.0,
2021-03-11 14:00:31.150,1,0.2858153325287924,484.4063478904682,0.0,
2021-03-11 14:00:31.160,1,0.2927720788698278,488.297872801445,0.0,
2021-03-11 14:00:31.170,1,0.2930275704941488,485.1591691392761,0.0,
2021-03-11 14:00:31.180,1,0.3789516118041899,485.7197816200288,0.0,
2021-03-11 14:00:31.190,1,0.3693363236281158,490.2542676089996,0.0,
2021-03-11 14:00:31.200,1,0.3008690636226679,489.4615972112664,0.0,
2021-03-11 14:00:31.210,1,0.2744217979015453,491.31858125389135,0.0,
2021-03-11 14:00:31.220,1,0.3682312328094491,487.3779365962805,0.0,
2021-03-11 14:00:31.230,1,0.3186020508638901,489.8528955067438,0.0,
2021-03-11 14:00:31.240,1,0.2755379710883261,490.79754065881554,0.0,
2021-03-11 14:00:31.250,1,0.3831184989166666,489.0216205513981,0.0,
2021-03-11 14:00:31.260,1,0.2781512674585638,485.83320013558335,0.0,
2021-03-11 14:00:31.270,1,0.3836283912349252,488.6592545093692,0.0,
2021-03-11 14:00:31.280,1,0.2947257851266161,489.3463556264505,0.0,
2021-03-11 14:00:31.290,1,0.3354708856040674,494.76308379896693,0.0,
2021-03-11 14:00:31.300,1,0.2575968892579829,492.751221163075,0.0,
2021-03-11 14:00:31.310,1,0.3177683303890955,489.7039040124273,0.0,
2021-03-11 14:00:31.320,1,0.2542417209067867,491.41012784910777,0.0,
2021-03-11 14:00:31.330,1,0.3202973187247111,494.27129326942713,0.0,
2021-03-11 14:00:31.340,1,0.3502176206339774,491.97000169163084,0.0,
2021-03-11 14:00:31.350,1,0.24750092001446306,492.06642908573684,0.0,
2021-03-11 14:00:31.360,1,0.2498150917414614,491.42677912085935,0.0,
2021-03-11 14:00:31.370,1,0.3335516228687058,496.0699912796418,0.0,
2021-03-11 14:00:31.380,1,0.2521215570980496,489.95880392440523,0.0,
2021-03-11 14:00:31.390,1,0.2601309629953815,492.79415916996015,0.0,
2021-03-11 14:00:31.400,1,0.2795428306890862,495.6744393581626,0.0,
2021-03-11 14:00:31.410,1,0.2420309064947154,492.2346183720039,0.0,
2021-03-11 14:00:31.420,1,0.2884778059881913,490.2014948083061,0.0,
2021-03-11 14:00:31.430,1,0.2670021899019147,484.76798720997436,0.0,
2021-03-11 14:00:31.440,1,0.3112310635200169,491.8705481216151,0.0,
2021-03-11 14:00:31.450,1,0.3374438016536554,490.4696843805835,0.0,
2021-03-11 14:00:31.460,1,0.2740507157763142,484.078340425968,0.0,
2021-03-11 14:00:31.470,1,0.2777161281059984,488.2173757086865,0.0,
2021-03-11 14:00:31.480,1,0.3614322704677114,488.44189553015923,0.0,
2021-03-11 14:00:31.490,1,0.33281205271172104,492.14555291870863,0.0,
2021-03-11 14:00:31.500,1,0.3215541573402279,489.0040514603243,0.0,
2021-03-11 14:00:31.510,1,0.3055424640421613,490.6299950571151,0.0,
2021-03-11 14:00:31.520,1,0.3174808257452653,494.9814522522652,0.0,
2021-03-11 14:00:31.530,1,0.3626960333418456,485.7529604456352,0.0,
2021-03-11 14:00:31.540,1,0.2871304710345998,482.6715634731332,0.0,
2021-03-11 14:00:31.550,1,0.27003991410480604,488.1367626295053,0.0,
2021-03-11 14:00:31.560,1,0.3641257437303561,485.5177544749597,0.0,
2021-03-11 14:00:31.570,1,0.2761033321636095,483.61233540529497,0.0,
2021-03-11 14:00:31.580,1,0.306799483828806,487.5407474377817,0.0,
2021-03-11 14:00:31.590,1,0.3290056248885205,475.0073289850064,0.0,
2021-03-11 14:00:31.600,1,0.2912446476349872,486.4146217792977,0.0,
2021-03-11 14:00:31.610,1,0.2680949194167725,483.7122831513896,0.0,
2021-03-11 14:00:31.620,1,0.380910645223691,482.6306620185491,0.0,
2021-03-11 14:00:31.630,1,0.31822701637763395,481.1894775303313,0.0,
2021-03-11 14:00:31.640,1,0.3218798370771712,486.10518835921965,0.0,
2021-03-11 14:00:31.650,1,0.3184695176366441,484.904554867624,0.0,
2021-03-11 14:00:31.660,1,0.3807660757079266,484.12021517430605,0.0,
2021-03-11 14:00:31.670,1,0.3985385685585131,481.324565924295,0.0,
2021-03-11 14:00:31.680,1,0.3340905660605978,480.58767993289,0.0,
2021-03-11 14:00:31.690,1,0.3677039821933104,482.31129407041357,0.0,
2021-03-11 14:00:31.700,1,0.3212490530378082,482.62508014930717,0.0,
2021-03-11 14:00:31.710,1,0.2829471219241199,485.9076536757095,0.0,
2021-03-11 14:00:31.720,1,0.3983938071963184,484.4232177831258,0.0,
2021-03-11 14:00:31.730,1,0.4116068215569837,479.671438772438,0.0,
2021-03-11 14:00:31.740,1,0.2823994694845076,483.9234881389109,0.0,
2021-03-11 14:00:31.750,1,0.3388907098451634,477.30095397105055,0.0,
2021-03-11 14:00:31.760,1,0.34358105786894,480.3687307592357,0.0,
2021-03-11 14:00:31.770,1,0.3297490862023546,480.9273117309569,0.0,
2021-03-11 14:00:31.780,1,0.3806227785784316,483.0302136995089,0.0,
2021-03-11 14:00:31.790,1,0.3097936949500431,484.46603466599646,0.0,
2021-03-11 14:00:31.800,1,0.3349769035992848,479.3982648951778,0.0,
2021-03-11 14:00:31.810,1,0.3320132675057071,481.93814116584883,0.0,
2021-03-11 14:00:31.820,1,0.3507379848272972,483.3121368420822,0.0,
2021-03-11 14:00:31.830,1,0.3927361230166836,483.71187862059446,0.0,
2021-03-11 14:00:31.840,1,0.4207315776051765,485.40809611627685,0.0,
2021-03-11 14:00:31.850,1,0.3798199637166455,485.1033409216042,0.0,
2021-03-11 14:00:31.860,1,0.3451071659945713,484.3822763437738,0.0,
2021-03-11 14:00:31.870,1,0.4174719162814764,489.9859211169496,0.0,
2021-03-11 14:00:31.880,1,0.3658807073132506,486.8012506722761,0.0,
2021-03-11 14:00:31.890,1,0.3542403093223498,489.7034960930298,0.0,
2021-03-11 14:00:31.900,1,0.4775101574834573,489.21878463814346,0.0,
2021-03-11 14:00:31.910,1,0.3621511054050107,490.3581597188765,0.0,
2021-03-11 14:00:31.920,1,0.4236925860017733,489.96235023525253,0.0,
2021-03-11 14:00:31.930,1,0.4186234064747372,487.4697886449232,0.0,
2021-03-11 14:00:31.940,1,0.4322993774171398,492.0265205459397,0.0,
2021-03-11 14:00:31.950,1,0.3933789500787539,487.61132828622453,0.0,
2021-03-11 14:00:31.960,1,0.4535641952068963,492.62644600469713,0.0,
2021-03-11 14:00:31.970,1,0.5016223255842572,490.9738341286576,0.0,
2021-03-11 14:00:31.980,1,0.3445305010506695,490.51819783017424,0.0,
2021-03-11 14:00:31.990,1,0.5067604791048678,492.4713822537152,0.0,
2021-03-11 14:00:32.000,1,0.5164378032081121,497.3361806409062,0.0,
2021-03-11 14:00:32.010,1,0.5024903067366465,493.0141156125288,0.0,
2021-03-11 14:00:32.020,1,0.4787755741108011,493.5024636765283,0.0,
2021-03-11 14:00:32.030,1,0.4409658717466556,493.6552069956694,0.0,
2021-03-11 14:00:32.040,1,0.5086749713735049,495.5586434726782,0.0,
2021-03-11 14:00:32.050,1,0.4909247288327618,495.3787146929112,0.0,
2021-03-11 14:00:32.060,1,0.4345513806586213,493.27460206196486,0.0,
2021-03-11 14:00:32.070,1,0.4585424432288639,494.65883210694085,0.0,
2021-03-11 14:00:32.080,1,0.5224714605707441,494.1949296230616,0.0,
2021-03-11 14:00:32.090,1,0.4636164105206157,499.0794525986819,0.0,
2021-03-11 14:00:32.100,1,0.4637330754125014,492.56003406376175,0.0,
2021-03-11 14:00:32.110,1,0.5052794963307186,494.71664906681434,0.0,
2021-03-11 14:00:32.120,1,0.4222119004430627,493.97697175519653,0.0,
2021-03-11 14:00:32.130,1,0.5057091625924071,489.1799940346344,0.0,
2021-03-11 14:00:32.140,1,0.3946889374256637,488.5778464752205,0.0,
2021-03-11 14:00:32.150,1,0.358448491368758,494.51192427121015,0.0,
2021-03-11 14:00:32.160,1,0.4614596504620498,493.1869452064659,0.0,
2021-03-11 14:00:32.170,1,0.4762505988803954,492.72608002587793,0.0,
2021-03-11 14:00:32.180,1,0.4220733111492162,498.0252029959484,0.0,
2021-03-11 14:00:32.190,1,0.5164555809209304,491.87959355993286,0.0,
2021-03-11 14:00:32.200,1,0.4638600464584912,491.17319428851664,0.0,
2021-03-11 14:00:32.210,1,0.3674940420184063,498.16998922464205,0.0,
2021-03-11 14:00:32.220,1,0.4858915016695129,496.5235499925278,0.0,
2021-03-11 14:00:32.230,1,0.4140379830503904,495.20216903606354,0.0,
2021-03-11 14:00:32.240,1,0.3504742994263983,490.9609021806834,0.0,
2021-03-11 14:00:32.250,1,0.4327866642231179,486.3213902379287,0.0,
2021-03-11 14:00:32.260,1,0.4832051989306913,496.48447940862,0.0,
2021-03-11 14:00:32.270,1,0.3716923894016714,492.0067498751125,0.0,
2021-03-11 14:00:32.280,1,0.4511457099367707,490.39546483959083,0.0,
2021-03-11 14:00:32.290,1,0.5004974575446571,494.0012263568972,0.0,
2021-03-11 14:00:32.300,1,0.4951611772731728,492.0411665177575,0.0,
2021-03-11 14:00:32.310,1,0.4104019062311266,488.970876717888,0.0,
2021-03-11 14:00:32.320,1,0.3885659801887284,490.78711865056715,0.0,
2021-03-11 14:00:32.330,1,0.4152135108607101,491.3829714942708,0.0,
2021-03-11 14:00:32.340,1,0.4272619347582533,494.3410287393579,0.0,
2021-03-11 14:00:32.350,1,0.3439026862799297,490.25661723903283,0.0,
2021-03-11 14:00:32.360,1,0.3691839249417297,492.8132033169413,0.0,
2021-03-11 14:00:32.370,1,0.379331758069284,490.79091551013397,0.0,
2021-03-11 14:00:32.380,1,0.4777667230910019,494.6481072889225,0.0,
2021-03-11 14:00:32.390,1,0.4534844524802759,493.86976341456136,0.0,
2021-03-11 14:00:32.400,1,0.3410172261865218,488.23950024562765,0.0,
2021-03-11 14:00:32.410,1,0.4242135722521704,490.7581372635779,0.0,
2021-03-11 14:00:32.420,1,0.4044521413528498,491.32839387690484,0.0,
2021-03-11 14:00:32.430,1,0.4624472696846674,493.5389892338082,0.0,
2021-03-11 14:00:32.440,1,0.3486887728207538,494.630673793871,0.0,
2021-03-11 14:00:32.450,1,0.4238415040062008,495.4882477074588,0.0,
2021-03-11 14:00:32.460,1,0.3457637311510544,492.47442706603175,0.0,
2021-03-11 14:00:32.470,1,0.4262657373341827,491.69879182275673,0.0,
2021-03-11 14:00:32.480,1,0.4531277800956656,494.0083231320951,0.0,
2021-03-11 14:00:32.490,1,0.3737000604625745,493.26854935916987,0.0,
2021-03-11 14:00:32.500,1,0.3589613961378456,492.17556918702974,0.0,
2021-03-11 14:00:32.510,1,0.3766966604750636,495.9687387243079,0.0,
2021-03-11 14:00:32.520,1,0.3604459496796016,492.7963333292779,0.0,
2021-03-11 14:00:32.530,1,0.4450425982665772,496.560292810988,0.0,
2021-03-11 14:00:32.540,1,0.4591136871376066,498.0432618617932,0.0,
2021-03-11 14:00:32.550,1,0.3872816945052955,494.0888315248183,0.0,
2021-03-11 14:00:32.560,1,0.4968314578653453,499.56834903241736,0.0,
2021-03-11 14:00:32.570,1,0.3745058108395991,499.5679839291782,0.0,
2021-03-11 14:00:32.580,1,0.501480424346379,506.21217070246666,0.0,
2021-03-11 14:00:32.590,1,0.4478643928067349,500.51429282579085,0.0,
2021-03-11 14:00:32.600,1,0.3699969466885985,497.79602889218637,0.0,
2021-03-11 14:00:32.610,1,0.4829170418943026,499.6339554838861,0.0,
2021-03-11 14:00:32.620,1,0.4690095109342331,507.08955448863645,0.0,
2021-03-11 14:00:32.630,1,0.4840268585809534,504.1996407613818,0.0,
2021-03-11 14:00:32.640,1,0.4465028774533323,502.4375456697599,0.0,
2021-03-11 14:00:32.650,1,0.4003149108546111,504.822938543988,0.0,
2021-03-11 14:00:32.660,1,0.4606260691837861,505.52169615626383,0.0,
2021-03-11 14:00:32.670,1,0.4342422252747806,510.1125929887108,0.0,
2021-03-11 14:00:32.680,1,0.4604343966987644,507.6765175667422,0.0,
2021-03-11 14:00:32.690,1,0.5370051956492847,509.42722762106916,0.0,
2021-03-11 14:00:32.700,1,0.4263043355614143,506.7188427041592,0.0,
2021-03-11 14:00:32.710,1,0.4370839641954921,504.491644169438,0.0,
2021-03-11 14:00:32.720,1,0.4718043940180672,507.6017482102414,0.0,
2021-03-11 14:00:32.730,1,0.4463299016761588,506.6005317805126,0.0,
2021-03-11 14:00:32.740,1,0.5384920016911977,507.77049151392237,0.0,
2021-03-11 14:00:32.750,1,0.5381829031524658,507.9524784082528,0.0,
2021-03-11 14:00:32.760,1,0.5255991863220658,507.57194224513154,0.0,
2021-03-11 14:00:32.770,1,0.4718064754093982,508.0087940521035,0.0,
2021-03-11 14:00:32.780,1,0.5223860776830219,511.0529694439744,0.0,
2021-03-11 14:00:32.790,1,0.5523012906810438,505.41869327935217,0.0,
2021-03-11 14:00:32.800,1,0.5073047408649887,505.5231872260362,0.0,
2021-03-11 14:00:32.810,1,0.5496748790209955,510.46447504801944,0.0,
2021-03-11 14:00:32.820,1,0.5408352134798254,507.7195086551185,0.0,
2021-03-11 14:00:32.830,1,0.5930806761070295,506.4901888920195,0.0,
2021-03-11 14:00:32.840,1,0.4125792875371346,507.2889723924467,0.0,
2021-03-11 14:00:32.850,1,0.4625238287673321,507.3069103902996,0.0,
2021-03-11 14:00:32.860,1,0.5676609682097695,506.0813929164129,0.0,
2021-03-11 14:00:32.870,1,0.4457432928481988,504.8948934094988,0.0,
2021-03-11 14:00:32.880,1,0.5588290133400896,502.1352924982807,0.0,
2021-03-11 14:00:32.890,1,0.5560206790152762,506.01582978205664,0.0,
2021-03-11 14:00:32.900,1,0.4338051141917461,502.5637572019184,0.0,
2021-03-11 14:00:32.910,1,0.5842588484117496,504.4116210862019,0.0,
2021-03-11 14:00:32.920,1,0.4424726741061029,502.5312550059424,0.0,
2021-03-11 14:00:32.930,1,0.4369392476811167,503.5342876739483,0.0,
2021-03-11 14:00:32.940,1,0.5395565282556585,502.6365022823996,0.0,
2021-03-11 14:00:32.950,1,0.4888729792035967,501.23380231002665,0.0,
2021-03-11 14:00:32.960,1,0.4421062833939118,502.5257388372619,0.0,
2021-03-11 14:00:32.970,1,0.4210991679160319,498.4436557007568,0.0,
2021-03-11 14:00:32.980,1,0.4202034705032132,503.0721259655696,0.0,
2021-03-11 14:00:32.990,1,0.6114508353018053,498.678617292902,0.0,
2021-03-11 14:00:33.000,1,0.5941756742526929,501.04206664844514,0.0,
2021-03-11 14:00:33.010,1,0.5626173719295655,500.16285956193764,0.0,
2021-03-11 14:00:33.020,1,0.5341961497845832,497.15201531551696,0.0,
2021-03-11 14:00:33.030,1,0.5510731863823608,496.1074395673098,0.0,
2021-03-11 14:00:33.040,1,0.6177740188132114,495.8845796337465,0.0,
2021-03-11 14:00:33.050,1,0.4593395105479445,500.3527385229958,0.0,
2021-03-11 14:00:33.060,1,0.4625052731237143,496.4097787337015,0.0,
2021-03-11 14:00:33.070,1,0.5113565721325293,503.9293502788514,0.0,
2021-03-11 14:00:33.080,1,0.5419853636236986,496.35445714185465,0.0,
2021-03-11 14:00:33.090,1,0.41695737441036895,500.4551247215458,0.0,
2021-03-11 14:00:33.100,1,0.4295095133346105,498.9143677034058,0.0,
2021-03-11 14:00:33.110,1,0.4333693131913927,498.8974955749263,0.0,
2021-03-11 14:00:33.120,1,0.5628916566595891,496.7836449227912,0.0,
2021-03-11 14:00:33.130,1,0.5628289613582106,499.7039444537181,0.0,
2021-03-11 14:00:33.140,1,0.5433528003283211,497.6138077776301,0.0,
2021-03-11 14:00:33.150,1,0.4036548127687495,497.4738337337348,0.0,
2021-03-11 14:00:33.160,1,0.493499317346796,501.6238273694794,0.0,
2021-03-11 14:00:33.170,1,0.5621601408972432,495.9077633990947,0.0,
2021-03-11 14:00:33.180,1,0.5124163892156839,495.7266004106054,0.0,
2021-03-11 14:00:33.190,1,0.4998264445691148,492.4783972071289,0.0,
2021-03-11 14:00:33.200,1,0.519244177261914,499.2798280429502,0.0,
2021-03-11 14:00:33.210,1,0.447404192695656,502.02630489118314,0.0,
2021-03-11 14:00:33.220,1,0.3835951243853782,499.8266885656397,0.0,
2021-03-11 14:00:33.230,1,0.5235843602611544,498.89457424730523,0.0,
2021-03-11 14:00:33.240,1,0.3965437749497028,501.39196283755103,0.0,
2021-03-11 14:00:33.250,1,0.4105940775137178,503.16193047947627,0.0,
2021-03-11 14:00:33.260,1,0.4134507819660711,504.0994165038632,0.0,
2021-03-11 14:00:33.270,1,0.464081112941586,506.1009767345963,0.0,
2021-03-11 14:00:33.280,1,0.4265500083015817,500.88019824636,0.0,
2021-03-11 14:00:33.290,1,0.4858328823334121,503.23034457963104,0.0,
2021-03-11 14:00:33.300,1,0.4778152658981882,496.90376638862665,0.0,
2021-03-11 14:00:33.310,1,0.5067195477627988,501.43443127773736,0.0,
2021-03-11 14:00:33.320,1,0.4657948451241291,501.61829406367826,0.0,
2021-03-11 14:00:33.330,1,0.4879892347299219,501.590705022702,0.0,
2021-03-11 14:00:33.340,1,0.4359267055526075,502.14038635309714,0.0,
2021-03-11 14:00:33.350,1,0.502266012104791,507.07075712936216,0.0,
2021-03-11 14:00:33.360,1,0.3530101394770957,502.6659554586989,0.0,
2021-03-11 14:00:33.370,1,0.3629581298803535,506.7170359466812,0.0,
2021-03-11 14:00:33.380,1,0.5153469855393712,503.94407482348913,0.0,
2021-03-11 14:00:33.390,1,0.4108631278637674,503.2827168203058,0.0,
2021-03-11 14:00:33.400,1,0.3686858839432363,501.12285989994047,0.0,
2021-03-11 14:00:33.410,1,0.39126305528805705,502.98305710088687,0.0,
2021-03-11 14:00:33.420,1,0.412511701985833,504.5438355758312,0.0,
2021-03-11 14:00:33.430,1,0.4150424114246124,503.5740535053226,0.0,
2021-03-11 14:00:33.440,1,0.3943482231635454,503.6640627505745,0.0,
2021-03-11 14:00:33.450,1,0.4125463533834094,505.68368135754713,0.0,
2021-03-11 14:00:33.460,1,0.3558567833999871,504.09311308053566,0.0,
2021-03-11 14:00:33.470,1,0.3822346839218214,499.7752060713005,0.0,
2021-03-11 14:00:33.480,1,0.3582212478901374,503.5915898323721,0.0,
2021-03-11 14:00:33.490,1,0.4004335095558482,500.22386328766487,0.0,
2021-03-11 14:00:33.500,1,0.4388173958348458,498.6661637564988,0.0,
2021-03-11 14:00:33.510,1,0.40579173218194,497.99265228816,0.0,
2021-03-11 14:00:33.520,1,0.4457600011628926,503.0977420067313,0.0,
2021-03-11 14:00:33.530,1,0.3422603076448597,503.703536768589,0.0,
2021-03-11 14:00:33.540,1,0.4242151336363216,500.289056206386,0.0,
2021-03-11 14:00:33.550,1,0.3681030848411864,502.0099990682058,0.0,
2021-03-11 14:00:33.560,1,0.4827819755775764,498.3183198161977,0.0,
2021-03-11 14:00:33.570,1,0.3760128758668561,493.5015690003058,0.0,
2021-03-11 14:00:33.580,1,0.4701172755214611,496.16640370851684,0.0,
2021-03-11 14:00:33.590,1,0.4420752602766616,498.2419541405568,0.0,
2021-03-11 14:00:33.600,1,0.3895047038872175,497.64890427501433,0.0,
2021-03-11 14:00:33.610,1,0.431586234061891,499.5479124059738,0.0,
2021-03-11 14:00:33.620,1,0.4755517011901233,493.39244402493017,0.0,
2021-03-11 14:00:33.630,1,0.3905394277471981,496.0651878084558,0.0,
2021-03-11 14:00:33.640,1,0.4463822753330281,491.811071636378,0.0,
2021-03-11 14:00:33.650,1,0.4856564828162688,491.67904647512114,0.0,
2021-03-11 14:00:33.660,1,0.4606376517798587,493.3945866780269,0.0,
2021-03-11 14:00:33.670,1,0.4345723425387457,496.3925386990383,0.0,
2021-03-11 14:00:33.680,1,0.4726512833333496,493.73107741102086,0.0,
2021-03-11 14:00:33.690,1,0.3781427269494585,487.63375434336143,0.0,
2021-03-11 14:00:33.700,1,0.454325090006396,493.255041481072,0.0,
2021-03-11 14:00:33.710,1,0.4645385987451857,492.46050588916466,0.0,
2021-03-11 14:00:33.720,1,0.3445495448953601,486.17805115392997,0.0,
2021-03-11 14:00:33.730,1,0.3334295015702467,489.5661400472297,0.0,
2021-03-11 14:00:33.740,1,0.3588866646190967,494.84770901669657,0.0,
2021-03-11 14:00:33.750,1,0.3636462414221782,488.1671799418364,0.0,
2021-03-11 14:00:33.760,1,0.4616241429611897,489.1769456730752,0.0,
2021-03-11 14:00:33.770,1,0.4390642447253904,487.38956391466377,0.0,
2021-03-11 14:00:33.780,1,0.3647646848140382,489.9531035322075,0.0,
2021-03-11 14:00:33.790,1,0.4801388681111485,490.9608566942612,0.0,
2021-03-11 14:00:33.800,1,0.4989906342799661,486.493522645313,0.0,
2021-03-11 14:00:33.810,1,0.3944649414199893,484.8536672161294,0.0,
2021-03-11 14:00:33.820,1,0.3783857385544208,490.60175884341606,0.0,
2021-03-11 14:00:33.830,1,0.5004021852082201,489.7538365035185,0.0,
2021-03-11 14:00:33.840,1,0.3549900585346066,490.2373178348662,0.0,
2021-03-11 14:00:33.850,1,0.4535372115570474,490.4156831908101,0.0,
2021-03-11 14:00:33.860,1,0.4479157316301133,493.28971528323774,0.0,
2021-03-11 14:00:33.870,1,0.4049266077890976,491.1374053255719,0.0,
2021-03-11 14:00:33.880,1,0.3925327073031006,495.46792315682717,0.0,
2021-03-11 14:00:33.890,1,0.5078046686545136,489.5635075636489,0.0,
2021-03-11 14:00:33.900,1,0.4553423476985935,496.27350652682486,0.0,
2021-03-11 14:00:33.910,1,0.4727696074887657,494.7423889395952,0.0,
2021-03-11 14:00:33.920,1,0.4646554540139296,494.3447806649129,0.0,
2021-03-11 14:00:33.930,1,0.4059523079838927,494.5614271228128,0.0,
2021-03-11 14:00:33.940,1,0.3814727032138384,493.95518650131567,0.0,
2021-03-11 14:00:33.950,1,0.4370588217247379,495.454864347734,0.0,
2021-03-11 14:00:33.960,1,0.5127718993444582,488.91380272644585,0.0,
2021-03-11 14:00:33.970,1,0.39730755799761,493.49469620073984,0.0,
2021-03-11 14:00:33.980,1,0.4794299553132738,492.10051780607597,0.0,
2021-03-11 14:00:33.990,1,0.4690795599978605,494.02408746516403,0.0,
2021-03-11 14:00:34.000,1,0.4626816578419256,495.6956851777239,0.0,
2021-03-11 14:00:34.010,1,0.362397932728444,496.0413064446277,0.0,
2021-03-11 14:00:34.020,1,0.3497679721083621,496.9628463317177,0.0,
2021-03-11 14:00:34.030,1,0.4718067007304258,496.5090160541619,0.0,
2021-03-11 14:00:34.040,1,0.3668393164074873,498.5227194578618,0.0,
2021-03-11 14:00:34.050,1,0.3662867854537076,499.7252696215276,0.0,
2021-03-11 14:00:34.060,1,0.3367144860906473,497.2594787191752,0.0,
2021-03-11 14:00:34.070,1,0.435309730642873,496.98882677585283,0.0,
2021-03-11 14:00:34.080,1,0.3548689256429955,494.98207461287353,0.0,
2021-03-11 14:00:34.090,1,0.3797786620671817,494.0007963747413,0.0,
2021-03-11 14:00:34.100,1,0.4626367697685329,497.56694524890105,0.0,
2021-03-11 14:00:34.110,1,0.4298587399927929,500.68611161754023,0.0,
2021-03-11 14:00:34.120,1,0.3643667364102536,497.0365184042552,0.0,
2021-03-11 14:00:34.130,1,0.3777286687779219,498.4129688897748,0.0,
2021-03-11 14:00:34.140,1,0.3644176256568791,495.7807766033676,0.0,
2021-03-11 14:00:34.150,1,0.4732136678451359,495.08147277921,0.0,
2021-03-11 14:00:34.160,1,0.4396698212515528,497.0474572487696,0.0,
2021-03-11 14:00:34.170,1,0.3835671308369739,496.795814002308,0.0,
2021-03-11 14:00:34.180,1,0.3228540100717401,497.88141350195747,0.0,
2021-03-11 14:00:34.190,1,0.3717787048448235,494.7646105322197,0.0,
2021-03-11 14:00:34.200,1,0.439117408779931,496.0875660540737,0.0,
2021-03-11 14:00:34.210,1,0.3446061920326753,494.6485646775533,0.0,
2021-03-11 14:00:34.220,1,0.3819884143975133,497.971726178887,0.0,
2021-03-11 14:00:34.230,1,0.3233954068940955,499.759804976431,0.0,
2021-03-11 14:00:34.240,1,0.3645884176225112,496.95441874837644,0.0,
2021-03-11 14:00:34.250,1,0.3380533401750222,494.001146087568,0.0,
2021-03-11 14:00:34.260,1,0.2929660819363949,494.42079229127336,0.0,
2021-03-11 14:00:34.270,1,0.3155872277983425,493.65732432659246,0.0,
2021-03-11 14:00:34.280,1,0.3372292345625657,494.0338087546332,0.0,
2021-03-11 14:00:34.290,1,0.3213142149767679,494.0816876321427,0.0,
2021-03-11 14:00:34.300,1,0.2987329041370386,493.5033241315674,0.0,
2021-03-11 14:00:34.310,1,0.3338496789006663,494.23464751855767,0.0,
2021-03-11 14:00:34.320,1,0.3422331566346417,493.885974793164,0.0,
2021-03-11 14:00:34.330,1,0.3885421638524864,494.1111282023761,0.0,
2021-03-11 14:00:34.340,1,0.3901349283245153,493.3306615306994,0.0,
2021-03-11 14:00:34.350,1,0.3220361511219898,494.6036454778354,0.0,
2021-03-11 14:00:34.360,1,0.3943952307868794,495.4880868112578,0.0,
2021-03-11 14:00:34.370,1,0.3972946613348037,497.36981737551116,0.0,
2021-03-11 14:00:34.380,1,0.3940949206817066,489.81286245949593,0.0,
2021-03-11 14:00:34.390,1,0.36412576476386704,492.2529468537653,0.0,
2021-03-11 14:00:34.400,1,0.3706786271883473,496.4905499758906,0.0,
2021-03-11 14:00:34.410,1,0.3400012962754346,486.1475527540326,0.0,
2021-03-11 14:00:34.420,1,0.2676769723284006,488.57144580316566,0.0,
2021-03-11 14:00:34.430,1,0.2998453555316047,487.23546900475793,0.0,
2021-03-11 14:00:34.440,1,0.3681868756058143,490.05050115073664,0.0,
2021-03-11 14:00:34.450,1,0.3575666212238467,488.900534431464,0.0,
2021-03-11 14:00:34.460,1,0.3828407761428384,490.4354558274626,0.0,
2021-03-11 14:00:34.470,1,0.3072342156025823,491.7767583003662,0.0,
2021-03-11 14:00:34.480,1,0.3358045898933594,492.36825752584053,0.0,
2021-03-11 14:00:34.490,1,0.3488481445413244,489.8130074204719,0.0,
2021-03-11 14:00:34.500,1,0.3700866752611303,493.5821380729527,0.0,
2021-03-11 14:00:34.510,1,0.2890107689891694,488.973606289356,0.0,
2021-03-11 14:00:34.520,1,0.267042283328761,494.5992498992881,0.0,
2021-03-11 14:00:34.530,1,0.3714976731069767,492.852121785632,0.0,
2021-03-11 14:00:34.540,1,0.3245812820786041,490.6163587247862,0.0,
2021-03-11 14:00:34.550,1,0.2921428121211856,490.9674089111325,0.0,
2021-03-11 14:00:34.560,1,0.3584331658636201,498.8301596192112,0.0,
2021-03-11 14:00:34.570,1,0.3050622132552097,494.6352559651013,0.0,
2021-03-11 14:00:34.580,1,0.2614684916803472,502.04600812960126,0.0,
2021-03-11 14:00:34.590,1,0.2777758427706027,496.2225311072781,0.0,
2021-03-11 14:00:34.600,1,0.3688776303819501,498.4287432444561,0.0,
2021-03-11 14:00:34.610,1,0.3087953979139032,494.1352644474012,0.0,
2021-03-11 14:00:34.620,1,0.3575474674744437,498.0170884699108,0.0,
2021-03-11 14:00:34.630,1,0.3175381852337361,502.1588239896894,0.0,
2021-03-11 14:00:34.640,1,0.2676318845519841,498.3240536273757,0.0,
2021-03-11 14:00:34.650,1,0.3509688500558772,498.89414485409065,0.0,
2021-03-11 14:00:34.660,1,0.3451715100865911,504.42826355621804,0.0,
2021-03-11 14:00:34.670,1,0.2733088209620291,500.5769469298444,0.0,
2021-03-11 14:00:34.680,1,0.3520334007242202,504.23418407150683,0.0,
2021-03-11 14:00:34.690,1,0.3919739702321899,499.7949971540916,0.0,
2021-03-11 14:00:34.700,1,0.2980790592327941,506.80125468788793,0.0,
2021-03-11 14:00:34.710,1,0.3388120556634454,499.69834219325423,0.0,
2021-03-11 14:00:34.720,1,0.3580308561319162,502.0594937071162,0.0,
2021-03-11 14:00:34.730,1,0.3412946266610266,501.42280004796163,0.0,
2021-03-11 14:00:34.740,1,0.4096830647410505,503.219127917946,0.0,
2021-03-11 14:00:34.750,1,0.3802930625214133,502.0983466692007,0.0,
2021-03-11 14:00:34.760,1,0.3370476024441514,501.980370641453,0.0,
2021-03-11 14:00:34.770,1,0.3433655368320857,503.6254490293943,0.0,
2021-03-11 14:00:34.780,1,0.4353602495577994,505.4317750672192,0.0,
2021-03-11 14:00:34.790,1,0.3158657347375244,502.58950686695437,0.0,
2021-03-11 14:00:34.800,1,0.3756760453024549,501.88251405003234,0.0,
2021-03-11 14:00:34.810,1,0.3919399034770434,499.0423098716226,0.0,
2021-03-11 14:00:34.820,1,0.4037656978264333,497.7097224716687,0.0,
2021-03-11 14:00:34.830,1,0.3553010882221831,502.14107128751516,0.0,
2021-03-11 14:00:34.840,1,0.4438698122836461,501.1605071507849,0.0,
2021-03-11 14:00:34.850,1,0.4329605631302328,503.19189959075965,0.0,
2021-03-11 14:00:34.860,1,0.346075828276068,501.83852532027396,0.0,
2021-03-11 14:00:34.870,1,0.3519213566034431,502.3474376262938,0.0,
2021-03-11 14:00:34.880,1,0.3430743641726121,502.14790702698684,0.0,
2021-03-11 14:00:34.890,1,0.3801551418120837,499.66540706853516,0.0,
2021-03-11 14:00:34.900,1,0.4063824160222967,499.11065644584437,0.0,
2021-03-11 14:00:34.910,1,0.3493324898887907,495.806502867312,0.0,
2021-03-11 14:00:34.920,1,0.3302481199416279,500.66814466434914,0.0,
2021-03-11 14:00:34.930,1,0.4357406609534954,497.18942238214396,0.0,
2021-03-11 14:00:34.940,1,0.4334962898499946,497.64145378100153,0.0,
2021-03-11 14:00:34.950,1,0.3717153683654268,503.09819688842765,0.0,
2021-03-11 14:00:34.960,1,0.3949724774635386,492.7738945849514,0.0,
2021-03-11 14:00:34.970,1,0.441071326961591,496.6272544381445,0.0,
2021-03-11 14:00:34.980,1,0.463501572618592,496.7410839878687,0.0,
2021-03-11 14:00:34.990,1,0.4425110216652627,492.556931050518,0.0,
2021-03-11 14:00:35.000,1,0.4630244671903436,498.7271226967369,0.0,
2021-03-11 14:00:35.010,1,0.420805131634256,492.95340163703116,0.0,
2021-03-11 14:00:35.020,1,0.429475426540528,490.39484096048966,0.0,
2021-03-11 14:00:35.030,1,0.4191054686575046,493.62575816723,0.0,
2021-03-11 14:00:35.040,1,0.4733857918669215,494.49770755113485,0.0,
2021-03-11 14:00:35.050,1,0.4572705863320385,490.65028384375336,0.0,
2021-03-11 14:00:35.060,1,0.4167358623934865,490.97991262148,0.0,
2021-03-11 14:00:35.070,1,0.4287442985879905,491.87838721696886,0.0,
2021-03-11 14:00:35.080,1,0.427280578940222,489.7023398895116,0.0,
2021-03-11 14:00:35.090,1,0.3536566249857033,490.47193645280885,0.0,
2021-03-11 14:00:35.100,1,0.4427450106040105,491.39642327239824,0.0,
2021-03-11 14:00:35.110,1,0.4231354088219849,490.7108872034598,0.0,
2021-03-11 14:00:35.120,1,0.44677891283777504,490.31727819908735,0.0,
2021-03-11 14:00:35.130,1,0.3980558374023442,484.6933747204442,0.0,
2021-03-11 14:00:35.140,1,0.3598427740428772,490.4274905248896,0.0,
2021-03-11 14:00:35.150,1,0.3743049204069543,493.2718525999253,0.0,
2021-03-11 14:00:35.160,1,0.3366638528609064,489.6926453604487,0.0,
2021-03-11 14:00:35.170,1,0.4100086130381884,487.91754317723746,0.0,
2021-03-11 14:00:35.180,1,0.4459716672961418,495.02722512712114,0.0,
2021-03-11 14:00:35.190,1,0.4454079407007695,490.0899683078337,0.0,
2021-03-11 14:00:35.200,1,0.4365212752963239,489.7822061335178,0.0,
2021-03-11 14:00:35.210,1,0.3163598992305956,488.0627169762649,0.0,
2021-03-11 14:00:35.220,1,0.4137160599697506,490.3351856565493,0.0,
2021-03-11 14:00:35.230,1,0.3542197042378262,490.42256006363607,0.0,
2021-03-11 14:00:35.240,1,0.4378208170003502,493.7836376342753,0.0,
2021-03-11 14:00:35.250,1,0.4468933046007456,493.31491499679606,0.0,
2021-03-11 14:00:35.260,1,0.3110584644537789,491.8117231255978,0.0,
2021-03-11 14:00:35.270,1,0.427120698278706,493.519914670681,0.0,
2021-03-11 14:00:35.280,1,0.3788648425232485,496.4428475535368,0.0,
2021-03-11 14:00:35.290,1,0.3617805443900203,495.0375195826827,0.0,
2021-03-11 14:00:35.300,1,0.38391829532733,496.0390352820083,0.0,
2021-03-11 14:00:35.310,1,0.3334005818944879,490.6208820801382,0.0,
2021-03-11 14:00:35.320,1,0.3552796291355323,491.0903889286905,0.0,
2021-03-11 14:00:35.330,1,0.3685569003459071,494.0289926616944,0.0,
2021-03-11 14:00:35.340,1,0.3502049398322543,494.88086487535867,0.0,
2021-03-11 14:00:35.350,1,0.313708285411541,497.6979846189257,0.0,
2021-03-11 14:00:35.360,1,0.3265866886551444,498.4725236227746,0.0,
2021-03-11 14:00:35.370,1,0.2907479579557005,492.94486084554086,0.0,
2021-03-11 14:00:35.380,1,0.3122018980091254,494.284148949414,0.0,
2021-03-11 14:00:35.390,1,0.3416808458323174,497.295751814434,0.0,
2021-03-11 14:00:35.400,1,0.3920379091419018,493.9740943699953,0.0,
2021-03-11 14:00:35.410,1,0.2843800549779378,493.77797692483546,0.0,
2021-03-11 14:00:35.420,1,0.4037869774231197,493.68815473685953,0.0,
2021-03-11 14:00:35.430,1,0.29666367100185304,497.9339620139262,0.0,
2021-03-11 14:00:35.440,1,0.4030122579795538,492.731077930164,0.0,
2021-03-11 14:00:35.450,1,0.3460359470030551,495.4898705825364,0.0,
2021-03-11 14:00:35.460,1,0.3195108102303052,492.1615701892068,0.0,
2021-03-11 14:00:35.470,1,0.3707994663302504,489.6236951272531,0.0,
2021-03-11 14:00:35.480,1,0.3383835196734,493.6132440422847,0.0,
2021-03-11 14:00:35.490,1,0.287626258924392,494.4384124139843,0.0,
2021-03-11 14:00:35.500,1,0.338000274740382,493.5182026311325,0.0,
2021-03-11 14:00:35.510,1,0.3642710482343211,491.8016144792077,0.0,
2021-03-11 14:00:35.520,1,0.314907327884308,487.81939862285856,0.0,
2021-03-11 14:00:35.530,1,0.2938387627237834,491.03624634882823,0.0,
2021-03-11 14:00:35.540,1,0.4205887603108533,488.9486390073739,0.0,
2021-03-11 14:00:35.550,1,0.28163148676112804,495.2243769341532,0.0,
2021-03-11 14:00:35.560,1,0.308655783580116,489.4295090526042,0.0,
2021-03-11 14:00:35.570,1,0.3048513972597615,490.5014667788151,0.0,
2021-03-11 14:00:35.580,1,0.3231648476008592,494.5969155236758,0.0,
2021-03-11 14:00:35.590,1,0.4151829958793027,490.51146009324685,0.0,
2021-03-11 14:00:35.600,1,0.3984346009657313,490.459836687834,0.0,
2021-03-11 14:00:35.610,1,0.3985761190274362,490.2730974038989,0.0,
2021-03-11 14:00:35.620,1,0.2964596026139571,488.5523001079273,0.0,
2021-03-11 14:00:35.630,1,0.3182230238198346,486.7531207091751,0.0,
2021-03-11 14:00:35.640,1,0.396095148726194,488.32997990907654,0.0,
2021-03-11 14:00:35.650,1,0.3757354587237053,488.4182759681252,0.0,
2021-03-11 14:00:35.660,1,0.3329086039127957,486.1337954784738,0.0,
2021-03-11 14:00:35.670,1,0.3125226453291864,479.45535236762635,0.0,
2021-03-11 14:00:35.680,1,0.4134837865501582,484.2380136946738,0.0,
2021-03-11 14:00:35.690,1,0.4419451838624622,482.9872956014826,0.0,
2021-03-11 14:00:35.700,1,0.4013230361953013,482.59766498455565,0.0,
2021-03-11 14:00:35.710,1,0.3757713321092481,483.29394194976203,0.0,
2021-03-11 14:00:35.720,1,0.4578057889241438,484.2120114283566,0.0,
2021-03-11 14:00:35.730,1,0.3408468528548847,475.0051829893828,0.0,
2021-03-11 14:00:35.740,1,0.4437983207525997,478.45809084057976,0.0,
2021-03-11 14:00:35.750,1,0.4199679935119756,481.4047760301028,0.0,
2021-03-11 14:00:35.760,1,0.3400779967038158,481.6351761066461,0.0,
2021-03-11 14:00:35.770,1,0.4028326109856563,484.45855874511705,0.0,
2021-03-11 14:00:35.780,1,0.4338138154897726,479.4396129205586,0.0,
2021-03-11 14:00:35.790,1,0.4540584814472297,481.09756372302064,0.0,
2021-03-11 14:00:35.800,1,0.3818709637940431,477.3713389741417,0.0,
2021-03-11 14:00:35.810,1,0.3895947522231498,477.1029640046252,0.0,
2021-03-11 14:00:35.820,1,0.3461259374745946,482.8593198460466,0.0,
2021-03-11 14:00:35.830,1,0.3526370542005026,482.67890257765237,0.0,
2021-03-11 14:00:35.840,1,0.4509550150583385,477.9287525443918,0.0,
2021-03-11 14:00:35.850,1,0.4053661486257193,481.9147522768827,0.0,
2021-03-11 14:00:35.860,1,0.4722859706291722,484.4694508434675,0.0,
2021-03-11 14:00:35.870,1,0.4338217224944694,481.8351021077341,0.0,
2021-03-11 14:00:35.880,1,0.5030932333220782,479.8437578207052,0.0,
2021-03-11 14:00:35.890,1,0.4160156027218216,481.92900958694094,0.0,
2021-03-11 14:00:35.900,1,0.3721950591482969,483.2111961268192,0.0,
2021-03-11 14:00:35.910,1,0.4934944037407969,486.1532311414181,0.0,
2021-03-11 14:00:35.920,1,0.4144574507626102,482.5939992721087,0.0,
2021-03-11 14:00:35.930,1,0.3611948230955528,484.7904559896229,0.0,
2021-03-11 14:00:35.940,1,0.454804642294983,483.2907284446717,0.0,
2021-03-11 14:00:35.950,1,0.4668413738240137,482.9608793349941,0.0,
2021-03-11 14:00:35.960,1,0.3690556332665817,484.09818242561516,0.0,
2021-03-11 14:00:35.970,1,0.4328280200508944,484.1896843418151,0.0,
2021-03-11 14:00:35.980,1,0.3601277982076143,485.06324922131927,0.0,
2021-03-11 14:00:35.990,1,0.3754649526414542,488.5976445175961,0.0,
2021-03-11 14:00:36.000,1,0.4804641253907903,481.2235427419134,0.0,
2021-03-11 14:00:36.010,1,0.4498050096366818,485.41386877083283,0.0,
2021-03-11 14:00:36.020,1,0.3960041341271396,488.7020455975914,0.0,
2021-03-11 14:00:36.030,1,0.353273751991115,489.6134736720396,0.0,
2021-03-11 14:00:36.040,1,0.4711270803959688,488.5204191013812,0.0,
2021-03-11 14:00:36.050,1,0.4349913821021764,485.9512139059471,0.0,
2021-03-11 14:00:36.060,1,0.4991531678113725,491.1194862079821,0.0,
2021-03-11 14:00:36.070,1,0.494440441797081,488.67176856523065,0.0,
2021-03-11 14:00:36.080,1,0.4313905982607687,488.70269148980316,0.0,
2021-03-11 14:00:36.090,1,0.4710333885352745,494.5670562997248,0.0,
2021-03-11 14:00:36.100,1,0.41815674954619,493.9605100628389,0.0,
2021-03-11 14:00:36.110,1,0.4138777039587609,490.25515158318535,0.0,
2021-03-11 14:00:36.120,1,0.4799644049209516,487.4295776170296,0.0,
2021-03-11 14:00:36.130,1,0.41497546051997,491.2525828886813,0.0,
2021-03-11 14:00:36.140,1,0.3669821383716063,488.9542479486311,0.0,
2021-03-11 14:00:36.150,1,0.3183015776517316,489.07350786716853,0.0,
2021-03-11 14:00:36.160,1,0.4475148287536881,488.94157203532006,0.0,
2021-03-11 14:00:36.170,1,0.3783450536452138,494.65554982468313,0.0,
2021-03-11 14:00:36.180,1,0.3578511694058133,492.4109724623786,0.0,
2021-03-11 14:00:36.190,1,0.3652863844971206,491.96621482612915,0.0,
2021-03-11 14:00:36.200,1,0.4385411240185989,491.48450186557335,0.0,
2021-03-11 14:00:36.210,1,0.4048836800915241,492.084232646558,0.0,
2021-03-11 14:00:36.220,1,0.430057729896127,491.3610090114655,0.0,
2021-03-11 14:00:36.230,1,0.3523384271051408,490.5056013366308,0.0,
2021-03-11 14:00:36.240,1,0.3115792014381446,487.72634288323263,0.0,
2021-03-11 14:00:36.250,1,0.4052071541023522,487.7710107099233,0.0,
2021-03-11 14:00:36.260,1,0.3417421681524393,489.6987140431261,0.0,
2021-03-11 14:00:36.270,1,0.4196885850276759,493.43268045576485,0.0,
2021-03-11 14:00:36.280,1,0.4171319777995579,492.4891192563162,0.0,
2021-03-11 14:00:36.290,1,0.4159210293686068,487.5485020944322,0.0,
2021-03-11 14:00:36.300,1,0.3580241983898876,490.6906469823342,0.0,
2021-03-11 14:00:36.310,1,0.3629589278152709,491.0505201283249,0.0,
2021-03-11 14:00:36.320,1,0.3547144389072874,489.3682709628892,0.0,
2021-03-11 14:00:36.330,1,0.3038567832000571,489.10600883654763,0.0,
2021-03-11 14:00:36.340,1,0.3565600611621276,484.0870012050349,0.0,
2021-03-11 14:00:36.350,1,0.3749376656728697,485.7051270458167,0.0,
2021-03-11 14:00:36.360,1,0.3327173671210345,487.83223383262686,0.0,
2021-03-11 14:00:36.370,1,0.3847841173104458,486.6069246847956,0.0,
2021-03-11 14:00:36.380,1,0.2889339271598543,485.9256300795184,0.0,
2021-03-11 14:00:36.390,1,0.2937358268660262,486.9660530115394,0.0,
2021-03-11 14:00:36.400,1,0.2803680919222023,487.91683891908616,0.0,
2021-03-11 14:00:36.410,1,0.3117220878869852,489.72654613066805,0.0,
2021-03-11 14:00:36.420,1,0.3952707224020664,487.2599483798848,0.0,
2021-03-11 14:00:36.430,1,0.3175948073451084,488.30494434472166,0.0,
2021-03-11 14:00:36.440,1,0.3457512653883761,483.2979316600103,0.0,
2021-03-11 14:00:36.450,1,0.2831046551352216,485.65453421583845,0.0,
2021-03-11 14:00:36.460,1,0.3359449536192004,479.5716406276658,0.0,
2021-03-11 14:00:36.470,1,0.3119451164623102,483.07831020669573,0.0,
2021-03-11 14:00:36.480,1,0.3337835284213843,489.8681957685287,0.0,
2021-03-11 14:00:36.490,1,0.3032498826784486,482.35695546009316,0.0,
2021-03-11 14:00:36.500,1,0.3541493064744885,488.25110828974437,0.0,
2021-03-11 14:00:36.510,1,0.3449462910841027,485.5810253835417,0.0,
2021-03-11 14:00:36.520,1,0.2804935332442326,490.7859478036378,0.0,
2021-03-11 14:00:36.530,1,0.3275715911567884,485.80315430775914,0.0,
2021-03-11 14:00:36.540,1,0.3005396516406923,489.1359278277201,0.0,
2021-03-11 14:00:36.550,1,0.3433106411213522,487.65872644423234,0.0,
2021-03-11 14:00:36.560,1,0.3216588148020553,490.1234015149345,0.0,
2021-03-11 14:00:36.570,1,0.278204218144529,490.4950291371395,0.0,
2021-03-11 14:00:36.580,1,0.2936197464705529,491.4345685772874,0.0,
2021-03-11 14:00:36.590,1,0.2942224178606761,491.2687628728178,0.0,
2021-03-11 14:00:36.600,1,0.2582499514629047,489.71186537202004,0.0,
2021-03-11 14:00:36.610,1,0.3695751225246261,492.88654627462495,0.0,
2021-03-11 14:00:36.620,1,0.3182581552536707,490.67564696475966,0.0,
2021-03-11 14:00:36.630,1,0.3937276993007171,492.29976973639816,0.0,
2021-03-11 14:00:36.640,1,0.3745720814190065,491.7627863146017,0.0,
2021-03-11 14:00:36.650,1,0.3147546023514513,494.5940499632591,0.0,
2021-03-11 14:00:36.660,1,0.3624975639449348,493.7533695871846,0.0,
2021-03-11 14:00:36.670,1,0.2862730994656894,496.9144454312049,0.0,
2021-03-11 14:00:36.680,1,0.2953987788359126,493.52617021204605,0.0,
2021-03-11 14:00:36.690,1,0.3436584242810471,496.6962542503592,0.0,
2021-03-11 14:00:36.700,1,0.3733211317426803,497.99560302931854,0.0,
2021-03-11 14:00:36.710,1,0.2711766075170721,496.5517150208725,0.0,
2021-03-11 14:00:36.720,1,0.30832879783544204,496.4938676400186,0.0,
2021-03-11 14:00:36.730,1,0.3478147290574045,500.5711749122184,0.0,
2021-03-11 14:00:36.740,1,0.314883197257741,498.2691467248392,0.0,
2021-03-11 14:00:36.750,1,0.3783852565029206,502.2938639846422,0.0,
2021-03-11 14:00:36.760,1,0.4073552114067465,503.3774625303325,0.0,
2021-03-11 14:00:36.770,1,0.4172752990246197,496.6175719917005,0.0,
2021-03-11 14:00:36.780,1,0.31330483661741904,498.1802109806632,0.0,
2021-03-11 14:00:36.790,1,0.391057121507875,506.2733408991601,0.0,
2021-03-11 14:00:36.800,1,0.4136254161575511,499.43370424843835,0.0,
2021-03-11 14:00:36.810,1,0.3564965310742795,499.4441884061004,0.0,
2021-03-11 14:00:36.820,1,0.3736954897005782,498.9414681809733,0.0,
2021-03-11 14:00:36.830,1,0.4271171874187797,504.32665353504797,0.0,
2021-03-11 14:00:36.840,1,0.3071395548890019,500.3766539605962,0.0,
2021-03-11 14:00:36.850,1,0.2885063241719827,500.6003789612622,0.0,
2021-03-11 14:00:36.860,1,0.3341554822682708,502.4857870651426,0.0,
2021-03-11 14:00:36.870,1,0.2980081213395142,501.06845945575736,0.0,
2021-03-11 14:00:36.880,1,0.3704984440552458,499.0011991099653,0.0,
2021-03-11 14:00:36.890,1,0.3761215120967134,503.8351350114247,0.0,
2021-03-11 14:00:36.900,1,0.3645825550232847,498.3986312054772,0.0,
2021-03-11 14:00:36.910,1,0.309908490302656,498.5632018737026,0.0,
2021-03-11 14:00:36.920,1,0.4051893930975658,498.7565683935728,0.0,
2021-03-11 14:00:36.930,1,0.4215648055083836,499.14546683076446,0.0,
2021-03-11 14:00:36.940,1,0.32650086176284804,498.58504723425057,0.0,
2021-03-11 14:00:36.950,1,0.4057724345885304,498.94202007042037,0.0,
2021-03-11 14:00:36.960,1,0.3153523925512841,498.4144711753965,0.0,
2021-03-11 14:00:36.970,1,0.3837158029072941,500.02289232491273,0.0,
2021-03-11 14:00:36.980,1,0.3518002126607993,498.28006607705817,0.0,
2021-03-11 14:00:36.990,1,0.4125343779128492,496.85112096144246,0.0,
2021-03-11 14:00:37.000,1,0.3642318531709913,498.1792532533947,0.0,
2021-03-11 14:00:37.010,1,0.3030401903813767,499.2999319213478,0.0,
2021-03-11 14:00:37.020,1,0.3087790272856117,495.9920305168306,0.0,
2021-03-11 14:00:37.030,1,0.4020108489165082,491.970292382566,0.0,
2021-03-11 14:00:37.040,1,0.3779902339594911,498.3220473737365,0.0,
2021-03-11 14:00:37.050,1,0.3952565404196602,493.9056313026271,0.0,
2021-03-11 14:00:37.060,1,0.4153486204603901,489.0680109432202,0.0,
2021-03-11 14:00:37.070,1,0.3304861500693701,496.26680271444695,0.0,
2021-03-11 14:00:37.080,1,0.3357827174527034,491.61953760202624,0.0,
2021-03-11 14:00:37.090,1,0.3000279108738301,487.935875055662,0.0,
2021-03-11 14:00:37.100,1,0.3690164709935942,488.199357434502,0.0,
2021-03-11 14:00:37.110,1,0.3274789884025191,494.5333052737632,0.0,
2021-03-11 14:00:37.120,1,0.3729185176206276,499.6219601271949,0.0,
2021-03-11 14:00:37.130,1,0.2858769150863992,490.3543156127806,0.0,
2021-03-11 14:00:37.140,1,0.3032168165180269,493.090145710684,0.0,
2021-03-11 14:00:37.150,1,0.3984880227777065,487.7501682370272,0.0,
2021-03-11 14:00:37.160,1,0.372933316089206,493.15326456911345,0.0,
2021-03-11 14:00:37.170,1,0.3155341237088753,488.6769079455879,0.0,
2021-03-11 14:00:37.180,1,0.2934594547508254,489.0778038107196,0.0,
2021-03-11 14:00:37.190,1,0.2798410027126788,489.6532428920927,0.0,
2021-03-11 14:00:37.200,1,0.3780756772329514,494.7301359445725,0.0,
2021-03-11 14:00:37.210,1,0.3269385323892101,491.7569090064672,0.0,
2021-03-11 14:00:37.220,1,0.3848751347540989,489.71392080703936,0.0,
2021-03-11 14:00:37.230,1,0.2684788521411713,491.8660918559206,0.0,
2021-03-11 14:00:37.240,1,0.3963501147875344,493.43170387315683,0.0,
2021-03-11 14:00:37.250,1,0.3461791219974578,488.0515873021353,0.0,
2021-03-11 14:00:37.260,1,0.3150643876616896,491.2816981522322,0.0,
2021-03-11 14:00:37.270,1,0.3839428347879804,493.5754036138598,0.0,
2021-03-11 14:00:37.280,1,0.3263358390860064,496.82069993920135,0.0,
2021-03-11 14:00:37.290,1,0.3442832057909977,496.7526564687033,0.0,
2021-03-11 14:00:37.300,1,0.34709354231249,492.86223028287736,0.0,
2021-03-11 14:00:37.310,1,0.2766800217223751,497.331688384878,0.0,
2021-03-11 14:00:37.320,1,0.3745212194889909,492.1817222304525,0.0,
2021-03-11 14:00:37.330,1,0.331127455444692,494.60284933318536,0.0,
2021-03-11 14:00:37.340,1,0.3005908328912652,495.4165723511807,0.0,
2021-03-11 14:00:37.350,1,0.3103735978495309,496.5133517979261,0.0,
2021-03-11 14:00:37.360,1,0.342822290849227,493.8879925557,0.0,
2021-03-11 14:00:37.370,1,0.337822574939931,494.8796379962803,0.0,
2021-03-11 14:00:37.380,1,0.3190326424145435,495.1017049223169,0.0,
2021-03-11 14:00:37.390,1,0.2543359930580575,496.2045680339752,0.0,
2021-03-11 14:00:37.400,1,0.2781445629744683,497.619328255586,0.0,
2021-03-11 14:00:37.410,1,0.2488637063515017,498.3979785250646,0.0,
2021-03-11 14:00:37.420,1,0.3155355408688423,499.32974306589546,0.0,
2021-03-11 14:00:37.430,1,0.2657443309690687,499.86849733368217,0.0,
2021-03-11 14:00:37.440,1,0.296586510059272,495.2256269700776,0.0,
2021-03-11 14:00:37.450,1,0.2742411024918531,494.440475693176,0.0,
2021-03-11 14:00:37.460,1,0.2778466532108914,498.0562103173097,0.0,
2021-03-11 14:00:37.470,1,0.248825125955468,493.4666080621859,0.0,
2021-03-11 14:00:37.480,1,0.3589821622794293,501.20525394556137,0.0,
2021-03-11 14:00:37.490,1,0.3095878968908556,500.9295876282618,0.0,
2021-03-11 14:00:37.500,1,0.3618227440255708,493.11709320570236,0.0,
2021-03-11 14:00:37.510,1,0.3419531301471068,494.7655911448565,0.0,
2021-03-11 14:00:37.520,1,0.3449926324429305,495.38826054323687,0.0,
2021-03-11 14:00:37.530,1,0.274468004452173,496.002596579208,0.0,
2021-03-11 14:00:37.540,1,0.2435418669947656,498.76363948297546,0.0,
2021-03-11 14:00:37.550,1,0.3614538443226862,494.851633479661,0.0,
2021-03-11 14:00:37.560,1,0.2986522305684274,496.3538166640498,0.0,
2021-03-11 14:00:37.570,1,0.2672850832415692,493.27839895023453,0.0,
2021-03-11 14:00:37.580,1,0.3466217964369196,498.76572511432863,0.0,
2021-03-11 14:00:37.590,1,0.2938098848415873,496.1338718405563,0.0,
2021-03-11 14:00:37.600,1,0.260347872914136,491.4231107647188,0.0,
2021-03-11 14:00:37.610,1,0.3340428404618527,492.5069900782079,0.0,
2021-03-11 14:00:37.620,1,0.3898236552244986,493.6669143305861,0.0,
2021-03-11 14:00:37.630,1,0.3359652312550883,489.95354689947663,0.0,
2021-03-11 14:00:37.640,1,0.2910809511696735,493.7039236951213,0.0,
2021-03-11 14:00:37.650,1,0.3011645043843841,486.5053726776668,0.0,
2021-03-11 14:00:37.660,1,0.29572421072361604,488.30143889484566,0.0,
2021-03-11 14:00:37.670,1,0.3958528722275466,492.2294424583381,0.0,
2021-03-11 14:00:37.680,1,0.3552723979407195,486.7128572108196,0.0,
2021-03-11 14:00:37.690,1,0.3680468535235427,487.25347054116287,0.0,
2021-03-11 14:00:37.700,1,0.4016099238623061,489.59358564611534,0.0,
2021-03-11 14:00:37.710,1,0.4135488890004217,490.6869899559338,0.0,
2021-03-11 14:00:37.720,1,0.3923683411041774,489.9731439545562,0.0,
2021-03-11 14:00:37.730,1,0.3476970442162121,485.02595691901365,0.0,
2021-03-11 14:00:37.740,1,0.3538658984125483,486.23547451628923,0.0,
2021-03-11 14:00:37.750,1,0.3139518959237577,483.9873351803133,0.0,
2021-03-11 14:00:37.760,1,0.3723207804756751,487.4752760632509,0.0,
2021-03-11 14:00:37.770,1,0.3297057493279008,483.4439730597651,0.0,
2021-03-11 14:00:37.780,1,0.3584774591300827,483.4749542367414,0.0,
2021-03-11 14:00:37.790,1,0.3041630856809061,486.71016577194166,0.0,
2021-03-11 14:00:37.800,1,0.4205248433584109,489.7907315295678,0.0,
2021-03-11 14:00:37.810,1,0.3934312383964182,481.444209341624,0.0,
2021-03-11 14:00:37.820,1,0.4195769861250916,482.06837259173113,0.0,
2021-03-11 14:00:37.830,1,0.3879282025591291,487.3774104185282,0.0,
2021-03-11 14:00:37.840,1,0.3219944274486139,481.28852290414017,0.0,
2021-03-11 14:00:37.850,1,0.4625161049090476,483.87422932770966,0.0,
2021-03-11 14:00:37.860,1,0.4589681168473782,488.0877629445177,0.0,
2021-03-11 14:00:37.870,1,0.3162173968485172,484.2405930520075,0.0,
2021-03-11 14:00:37.880,1,0.4714557488246358,480.60229598821996,0.0,
2021-03-11 14:00:37.890,1,0.4366704242099919,489.43045130214006,0.0,
2021-03-11 14:00:37.900,1,0.3389748743476274,485.5159198468267,0.0,
2021-03-11 14:00:37.910,1,0.3308466010256248,489.3118018824237,0.0,
2021-03-11 14:00:37.920,1,0.4111967567545757,486.69027140225455,0.0,
2021-03-11 14:00:37.930,1,0.413320985339111,489.1881956415244,0.0,
2021-03-11 14:00:37.940,1,0.4711131033375949,483.62095696071856,0.0,
2021-03-11 14:00:37.950,1,0.4126251725075256,488.6659342778033,0.0,
2021-03-11 14:00:37.960,1,0.4784953612568191,486.3961169174347,0.0,
2021-03-11 14:00:37.970,1,0.3735610695851906,483.69392076968137,0.0,
2021-03-11 14:00:37.980,1,0.4381804169246863,486.6545358265478,0.0,
2021-03-11 14:00:37.990,1,0.3703786146754703,487.763293321536,0.0,
2021-03-11 14:00:38.000,1,0.3576314408345266,487.7964878448903,0.0,
2021-03-11 14:00:38.010,1,0.3842079338829706,487.7313604625895,0.0,
2021-03-11 14:00:38.020,1,0.354474440689417,494.4560366120215,0.0,
2021-03-11 14:00:38.030,1,0.3889543061071778,492.7874265250535,0.0,
2021-03-11 14:00:38.040,1,0.4001310306445215,492.53039247265485,0.0,
2021-03-11 14:00:38.050,1,0.3336224854991264,492.58922759648203,0.0,
2021-03-11 14:00:38.060,1,0.473335452047597,488.4292449998048,0.0,
2021-03-11 14:00:38.070,1,0.4630508668264169,495.5417669834716,0.0,
2021-03-11 14:00:38.080,1,0.4449694191818313,493.7682590134819,0.0,
2021-03-11 14:00:38.090,1,0.3766141022899482,488.7422192477182,0.0,
2021-03-11 14:00:38.100,1,0.3561736920224238,492.62643423651895,0.0,
2021-03-11 14:00:38.110,1,0.3791540664795488,493.8403562536629,0.0,
2021-03-11 14:00:38.120,1,0.3395093164840141,493.3353753679006,0.0,
2021-03-11 14:00:38.130,1,0.4050967433027983,495.6327905195642,0.0,
2021-03-11 14:00:38.140,1,0.3471639530718856,497.4856714610689,0.0,
2021-03-11 14:00:38.150,1,0.3578322869981806,497.33256574742876,0.0,
2021-03-11 14:00:38.160,1,0.4573828161105734,498.4154784349882,0.0,
2021-03-11 14:00:38.170,1,0.3777374178337753,499.23512406265513,0.0,
2021-03-11 14:00:38.180,1,0.3239055840351644,497.56531363906714,0.0,
2021-03-11 14:00:38.190,1,0.4034190496058025,498.46955226205773,0.0,
2021-03-11 14:00:38.200,1,0.3684629838557056,493.9691885401982,0.0,
2021-03-11 14:00:38.210,1,0.3301733229319571,494.6362690746956,0.0,
2021-03-11 14:00:38.220,1,0.3203832443088243,497.4740608532956,0.0,
2021-03-11 14:00:38.230,1,0.379854844753289,493.02436570032563,0.0,
2021-03-11 14:00:38.240,1,0.4591623825063126,494.68378190150736,0.0,
2021-03-11 14:00:38.250,1,0.3401746898919331,495.2711662955108,0.0,
2021-03-11 14:00:38.260,1,0.4073841408802834,492.6702987767545,0.0,
2021-03-11 14:00:38.270,1,0.3983428368634018,492.72122284211457,0.0,
2021-03-11 14:00:38.280,1,0.3102450741990632,492.2117206023208,0.0,
2021-03-11 14:00:38.290,1,0.3150912713060994,494.3135001263746,0.0,
2021-03-11 14:00:38.300,1,0.3861633635586006,492.43292304004507,0.0,
2021-03-11 14:00:38.310,1,0.3299953118491922,492.79960864501504,0.0,
2021-03-11 14:00:38.320,1,0.3639513127178937,490.4731298956466,0.0,
2021-03-11 14:00:38.330,1,0.400444403590471,492.0686057376629,0.0,
2021-03-11 14:00:38.340,1,0.3747457485385663,495.866849392799,0.0,
2021-03-11 14:00:38.350,1,0.2881873946212481,491.2761999121012,0.0,
2021-03-11 14:00:38.360,1,0.4146533353120412,491.2969835744146,0.0,
2021-03-11 14:00:38.370,1,0.3368430398558145,493.2208171338658,0.0,
2021-03-11 14:00:38.380,1,0.347312677988659,488.81348473729753,0.0,
2021-03-11 14:00:38.390,1,0.4197630569389185,488.8074742650445,0.0,
2021-03-11 14:00:38.400,1,0.3759555240458591,492.9995033112796,0.0,
2021-03-11 14:00:38.410,1,0.3311527259472205,488.5066915423443,0.0,
2021-03-11 14:00:38.420,1,0.399571022261215,489.6674442831186,0.0,
2021-03-11 14:00:38.430,1,0.3223018256427322,489.48877668534516,0.0,
2021-03-11 14:00:38.440,1,0.3878199590384425,489.99668541951456,0.0,
2021-03-11 14:00:38.450,1,0.3883008927780644,489.3436461672841,0.0,
2021-03-11 14:00:38.460,1,0.3839201507871042,489.98685077628824,0.0,
2021-03-11 14:00:38.470,1,0.4156756008725804,489.82009021451637,0.0,
2021-03-11 14:00:38.480,1,0.3641906700912295,490.7681824096614,0.0,
2021-03-11 14:00:38.490,1,0.3304706373101423,492.06051219238077,0.0,
2021-03-11 14:00:38.500,1,0.3547512135195146,487.3443376824436,0.0,
2021-03-11 14:00:38.510,1,0.3609254531960141,487.18822641956797,0.0,
2021-03-11 14:00:38.520,1,0.3001249469340059,490.4371208298608,0.0,
2021-03-11 14:00:38.530,1,0.3628346850942403,489.8439735231708,0.0,
2021-03-11 14:00:38.540,1,0.3919384865110887,489.8293661918421,0.0,
2021-03-11 14:00:38.550,1,0.3868794625318627,487.5314958360692,0.0,
2021-03-11 14:00:38.560,1,0.2934723189369213,489.7657964809488,0.0,
2021-03-11 14:00:38.570,1,0.2910014752678871,487.7935365666909,0.0,
2021-03-11 14:00:38.580,1,0.4244784575838803,490.81117955914834,0.0,
2021-03-11 14:00:38.590,1,0.3517557160170337,490.1094188740951,0.0,
2021-03-11 14:00:38.600,1,0.3594300137172783,492.45329187722064,0.0,
2021-03-11 14:00:38.610,1,0.430126604026411,490.8024161051886,0.0,
2021-03-11 14:00:38.620,1,0.3833597384463739,492.2183089423549,0.0,
2021-03-11 14:00:38.630,1,0.4238501468538205,492.97986079985407,0.0,
2021-03-11 14:00:38.640,1,0.3694232785422681,495.4092437056578,0.0,
2021-03-11 14:00:38.650,1,0.4003351992721958,489.1706423147476,0.0,
2021-03-11 14:00:38.660,1,0.4320625107813294,494.92684661842577,0.0,
2021-03-11 14:00:38.670,1,0.4287831935179342,493.2369439316557,0.0,
2021-03-11 14:00:38.680,1,0.4103642859838692,497.8082786769811,0.0,
2021-03-11 14:00:38.690,1,0.3231510747417389,494.64939629112,0.0,
2021-03-11 14:00:38.700,1,0.3126349831795232,496.41257961051286,0.0,
2021-03-11 14:00:38.710,1,0.464000391223245,498.1513158797252,0.0,
2021-03-11 14:00:38.720,1,0.4399380270129321,499.2614871453434,0.0,
2021-03-11 14:00:38.730,1,0.3228834572911589,501.5096702392994,0.0,
2021-03-11 14:00:38.740,1,0.4596567542365199,492.5720989605796,0.0,
2021-03-11 14:00:38.750,1,0.3511763877431887,497.928311605585,0.0,
2021-03-11 14:00:38.760,1,0.3738718026029203,500.5340070634017,0.0,
2021-03-11 14:00:38.770,1,0.4516258166216418,502.4316186541269,0.0,
2021-03-11 14:00:38.780,1,0.4503451612852981,499.295150014206,0.0,
2021-03-11 14:00:38.790,1,0.3213902296113989,502.4374003677874,0.0,
2021-03-11 14:00:38.800,1,0.3878219596572566,500.2507049925953,0.0,
2021-03-11 14:00:38.810,1,0.3894382891770944,497.93612838047653,0.0,
2021-03-11 14:00:38.820,1,0.3841678311899233,502.1823399101157,0.0,
2021-03-11 14:00:38.830,1,0.4443787218766691,500.0193313070528,0.0,
2021-03-11 14:00:38.840,1,0.3309173012476143,498.7669658764688,0.0,
2021-03-11 14:00:38.850,1,0.4821830987809152,497.4774357842499,0.0,
2021-03-11 14:00:38.860,1,0.3559536991899538,497.6908010770572,0.0,
2021-03-11 14:00:38.870,1,0.4550522075927276,503.18754423565565,0.0,
2021-03-11 14:00:38.880,1,0.41335139574243895,503.63526755540636,0.0,
2021-03-11 14:00:38.890,1,0.3699052409400555,502.0830830357488,0.0,
2021-03-11 14:00:38.900,1,0.33790731103950106,499.8877904745031,0.0,
2021-03-11 14:00:38.910,1,0.476709310715295,498.09675889252367,0.0,
2021-03-11 14:00:38.920,1,0.4327684743026545,498.49808156528536,0.0,
2021-03-11 14:00:38.930,1,0.4461172695143594,495.77094897119963,0.0,
2021-03-11 14:00:38.940,1,0.4809899998896711,501.73711796463834,0.0,
2021-03-11 14:00:38.950,1,0.4640227580719001,498.1090165609663,0.0,
2021-03-11 14:00:38.960,1,0.4242487173064511,500.5448469326603,0.0,
2021-03-11 14:00:38.970,1,0.4466675348680805,495.71352172385565,0.0,
2021-03-11 14:00:38.980,1,0.3678524348884529,498.6431492259982,0.0,
2021-03-11 14:00:38.990,1,0.4559490272777935,495.81465516550577,0.0,
2021-03-11 14:00:39.000,1,0.4042197465493692,493.1672623736692,0.0,
2021-03-11 14:00:39.010,1,0.4164754179787167,493.5434382397936,0.0,
2021-03-11 14:00:39.020,1,0.3655306253904699,496.0006851951316,0.0,
2021-03-11 14:00:39.030,1,0.3762866901379798,494.2690744284005,0.0,
2021-03-11 14:00:39.040,1,0.4150113859034612,492.7950142443297,0.0,
2021-03-11 14:00:39.050,1,0.4667317041294351,498.41899748360817,0.0,
2021-03-11 14:00:39.060,1,0.3778785995609782,492.9339496977346,0.0,
2021-03-11 14:00:39.070,1,0.3278271844464668,492.5557228338699,0.0,
2021-03-11 14:00:39.080,1,0.3514543844398885,488.62536812998513,0.0,
2021-03-11 14:00:39.090,1,0.465580690686715,496.73089022056513,0.0,
2021-03-11 14:00:39.100,1,0.4321395793043279,491.26895119109236,0.0,
2021-03-11 14:00:39.110,1,0.4212749081159068,489.0568322466916,0.0,
2021-03-11 14:00:39.120,1,0.3582908113512075,492.3911836262426,0.0,
2021-03-11 14:00:39.130,1,0.397582562185183,489.8101939629639,0.0,
2021-03-11 14:00:39.140,1,0.4381535278034158,489.82305736388986,0.0,
2021-03-11 14:00:39.150,1,0.3279962799051581,494.131700356495,0.0,
2021-03-11 14:00:39.160,1,0.38582829739127705,487.3403124848678,0.0,
2021-03-11 14:00:39.170,1,0.4228346748787775,485.4090240347202,0.0,
2021-03-11 14:00:39.180,1,0.3558596853894692,488.6623519702221,0.0,
2021-03-11 14:00:39.190,1,0.4199580313930957,491.88679782285436,0.0,
2021-03-11 14:00:39.200,1,0.3525905731320155,491.4712015074029,0.0,
2021-03-11 14:00:39.210,1,0.359469074468809,490.2413598722455,0.0,
2021-03-11 14:00:39.220,1,0.3202503693909347,486.762013907666,0.0,
2021-03-11 14:00:39.230,1,0.2803594762439904,488.6988571981436,0.0,
2021-03-11 14:00:39.240,1,0.2944685143107818,487.4429310690742,0.0,
2021-03-11 14:00:39.250,1,0.3840831326423565,491.05171619704345,0.0,
2021-03-11 14:00:39.260,1,0.3128874819042424,485.1282429208785,0.0,
2021-03-11 14:00:39.270,1,0.28265783449179804,489.1612708620894,0.0,
2021-03-11 14:00:39.280,1,0.3453625219935438,487.9324334410052,0.0,
2021-03-11 14:00:39.290,1,0.2767495217777026,485.1137678860498,0.0,
2021-03-11 14:00:39.300,1,0.2662912331136297,487.6683539791731,0.0,
2021-03-11 14:00:39.310,1,0.2946028301643706,493.30939197547895,0.0,
2021-03-11 14:00:39.320,1,0.2761240184201305,493.7427911945298,0.0,
2021-03-11 14:00:39.330,1,0.251530756954195,488.4382058954689,0.0,
2021-03-11 14:00:39.340,1,0.2707053107922785,489.2623071478282,0.0,
2021-03-11 14:00:39.350,1,0.286906201705326,491.44998259651015,0.0,
2021-03-11 14:00:39.360,1,0.2758537881089797,494.3566605582668,0.0,
2021-03-11 14:00:39.370,1,0.3368848799793946,485.13526747389017,0.0,
2021-03-11 14:00:39.380,1,0.3247382340481471,492.2129444069807,0.0,
2021-03-11 14:00:39.390,1,0.2695536223947444,488.3943421741965,0.0,
2021-03-11 14:00:39.400,1,0.2616192469437253,488.59099700810737,0.0,
2021-03-11 14:00:39.410,1,0.2855276648927901,492.81803464663284,0.0,
2021-03-11 14:00:39.420,1,0.3191384768636414,486.4266549204372,0.0,
2021-03-11 14:00:39.430,1,0.335346326813129,490.45978261482696,0.0,
2021-03-11 14:00:39.440,1,0.3068132126787051,485.32091083348337,0.0,
2021-03-11 14:00:39.450,1,0.3208064928730899,495.9806802782769,0.0,
2021-03-11 14:00:39.460,1,0.2467394104722243,487.7226175154474,0.0,
2021-03-11 14:00:39.470,1,0.3088949739999636,493.5882925942207,0.0,
2021-03-11 14:00:39.480,1,0.2673424708398803,494.0198598008357,0.0,
2021-03-11 14:00:39.490,1,0.3212439017596553,491.1102805981942,0.0,
2021-03-11 14:00:39.500,1,0.2727631216378876,493.5459640648476,0.0,
2021-03-11 14:00:39.510,1,0.2405109169712592,492.5951075883567,0.0,
2021-03-11 14:00:39.520,1,0.3025402125922737,497.4901196550374,0.0,
2021-03-11 14:00:39.530,1,0.2771053215588331,491.9433253342977,0.0,
2021-03-11 14:00:39.540,1,0.3039464247966608,491.8434483143203,0.0,
2021-03-11 14:00:39.550,1,0.2552504798326091,491.2740965106698,0.0,
2021-03-11 14:00:39.560,1,0.280038982310703,489.43701804205284,0.0,
2021-03-11 14:00:39.570,1,0.2139900769367865,493.42639682650633,0.0,
2021-03-11 14:00:39.580,1,0.2219100459718174,493.916389030018,0.0,
2021-03-11 14:00:39.590,1,0.3171541122126592,489.3012636610891,0.0,
2021-03-11 14:00:39.600,1,0.2931646684641457,485.3877544879509,0.0,
2021-03-11 14:00:39.610,1,0.2618409506682117,490.26198831031684,0.0,
2021-03-11 14:00:39.620,1,0.2796892113871356,486.91512676465175,0.0,
2021-03-11 14:00:39.630,1,0.247794477258804,484.5586035118951,0.0,
2021-03-11 14:00:39.640,1,0.2891438774697097,484.28198382756636,0.0,
2021-03-11 14:00:39.650,1,0.2745806371769473,482.8546931100991,0.0,
2021-03-11 14:00:39.660,1,0.2349513934553938,485.53448537556505,0.0,
2021-03-11 14:00:39.670,1,0.3091216026338604,480.8726158039626,0.0,
2021-03-11 14:00:39.680,1,0.3112995566827503,482.4987126781745,0.0,
2021-03-11 14:00:39.690,1,0.2555449643109127,482.46486074840914,0.0,
2021-03-11 14:00:39.700,1,0.2532897008098243,479.8958797980927,0.0,
2021-03-11 14:00:39.710,1,0.23436151190243,482.6015835552272,0.0,
2021-03-11 14:00:39.720,1,0.2672670252129219,479.00337265516237,0.0,
2021-03-11 14:00:39.730,1,0.3265268694876072,480.6836716060324,0.0,
2021-03-11 14:00:39.740,1,0.3254332265129517,483.87825254037176,0.0,
2021-03-11 14:00:39.750,1,0.2458209079726826,479.45216893812795,0.0,
2021-03-11 14:00:39.760,1,0.2776575760312399,479.8073584504122,0.0,
2021-03-11 14:00:39.770,1,0.2987099080513312,478.06603201093816,0.0,
2021-03-11 14:00:39.780,1,0.3400401010091074,476.7871616314863,0.0,
2021-03-11 14:00:39.790,1,0.3438762888180254,476.72453008667975,0.0,
2021-03-11 14:00:39.800,1,0.2861794249986262,478.71559872140404,0.0,
2021-03-11 14:00:39.810,1,0.2874334426648198,475.84308437752617,0.0,
2021-03-11 14:00:39.820,1,0.2585228452411461,478.3439949341196,0.0,
2021-03-11 14:00:39.830,1,0.2737588058736201,474.58835849775284,0.0,
2021-03-11 14:00:39.840,1,0.2934837646994363,475.4411790812597,0.0,
2021-03-11 14:00:39.850,1,0.2733441260134674,475.78617001420236,0.0,
2021-03-11 14:00:39.860,1,0.3114338720914614,475.0548439898867,0.0,
2021-03-11 14:00:39.870,1,0.3380627374080898,473.67508786622454,0.0,
2021-03-11 14:00:39.880,1,0.2558037795442812,479.0077848102507,0.0,
2021-03-11 14:00:39.890,1,0.2376863213485665,475.6990572191787,0.0,
2021-03-11 14:00:39.900,1,0.3041182235332584,479.1551824923017,0.0,
2021-03-11 14:00:39.910,1,0.3022280665412086,473.10690840931886,0.0,
2021-03-11 14:00:39.920,1,0.2637780774850183,477.0706887388974,0.0,
2021-03-11 14:00:39.930,1,0.33766879428507296,480.00985768720636,0.0,
2021-03-11 14:00:39.940,1,0.2679573089973238,476.562948814359,0.0,
2021-03-11 14:00:39.950,1,0.2671859604174963,473.2725641597706,0.0,
2021-03-11 14:00:39.960,1,0.3123952496962311,476.4174452300669,0.0,
2021-03-11 14:00:39.970,1,0.2807681647136955,475.7812777824816,0.0,
2021-03-11 14:00:39.980,1,0.2860829024406376,481.9409743415665,0.0,
2021-03-11 14:00:39.990,1,0.3212269127008517,476.82337516695236,0.0,
2021-03-11 14:00:40.000,1,0.2721689201148631,474.8888548161618,0.0,
2021-03-11 14:00:40.010,1,0.2467089198208751,479.4323370665487,0.0,
2021-03-11 14:00:40.020,1,0.2476710077907885,483.34262272773736,0.0,
2021-03-11 14:00:40.030,1,0.3200534380760709,482.88612336806506,0.0,
2021-03-11 14:00:40.040,1,0.2565131358609355,484.2477634792746,0.0,
2021-03-11 14:00:40.050,1,0.246648849976524,480.22705331827035,0.0,
2021-03-11 14:00:40.060,1,0.2931997345877235,479.3251699058247,0.0,
2021-03-11 14:00:40.070,1,0.2470139095820204,481.075450459376,0.0,
2021-03-11 14:00:40.080,1,0.3272241154543538,476.56302248384804,0.0,
2021-03-11 14:00:40.090,1,0.233595448580348,481.691567055442,0.0,
2021-03-11 14:00:40.100,1,0.229889579011469,484.106854827046,0.0,
2021-03-11 14:00:40.110,1,0.2447651436539676,489.57171743479086,0.0,
2021-03-11 14:00:40.120,1,0.3118888240350859,482.82013779171655,0.0,
2021-03-11 14:00:40.130,1,0.3227745944926745,484.5891322553841,0.0,
2021-03-11 14:00:40.140,1,0.27883324852575203,482.6627549518937,0.0,
2021-03-11 14:00:40.150,1,0.2521641239732813,485.0328210100554,0.0,
2021-03-11 14:00:40.160,1,0.2566726806185792,482.48631654589286,0.0,
2021-03-11 14:00:40.170,1,0.2941628835279966,483.7807616856865,0.0,
2021-03-11 14:00:40.180,1,0.2712823312284263,489.239707955475,0.0,
2021-03-11 14:00:40.190,1,0.2780285880915566,482.9158866013133,0.0,
2021-03-11 14:00:40.200,1,0.2384356686642243,486.4616245344687,0.0,
2021-03-11 14:00:40.210,1,0.2080373800778555,486.20648450630796,0.0,
2021-03-11 14:00:40.220,1,0.2528523888766527,485.2406615138511,0.0,
2021-03-11 14:00:40.230,1,0.2929709603510973,484.0907897142512,0.0,
2021-03-11 14:00:40.240,1,0.2236110121406626,486.3602418722427,0.0,
2021-03-11 14:00:40.250,1,0.2285174953533713,483.6545079657552,0.0,
2021-03-11 14:00:40.260,1,0.2739958693755407,482.76243688641966,0.0,
2021-03-11 14:00:40.270,1,0.2363969681590309,486.40206700518127,0.0,
2021-03-11 14:00:40.280,1,0.2440102286167023,480.6778644404743,0.0,
2021-03-11 14:00:40.290,1,0.2514728430533371,484.68485283801294,0.0,
2021-03-11 14:00:40.300,1,0.239374741817017,484.63890688906054,0.0,
2021-03-11 14:00:40.310,1,0.2485060032642288,481.1430934166928,0.0,
2021-03-11 14:00:40.320,1,0.2630875196155113,482.2024950091061,0.0,
2021-03-11 14:00:40.330,1,0.22447385297773606,482.0880647874537,0.0,
2021-03-11 14:00:40.340,1,0.2049859364822504,482.7250815263066,0.0,
2021-03-11 14:00:40.350,1,0.1933354350351449,488.1507426915388,0.0,
2021-03-11 14:00:40.360,1,0.2478475972150424,483.8322234832472,0.0,
2021-03-11 14:00:40.370,1,0.2058620100632259,487.5123506191532,0.0,
2021-03-11 14:00:40.380,1,0.2421263748073401,482.8172302124123,0.0,
2021-03-11 14:00:40.390,1,0.2481003260068229,477.5009730590782,0.0,
2021-03-11 14:00:40.400,1,0.202316154693308,478.1703213000259,0.0,
2021-03-11 14:00:40.410,1,0.1995784919250857,480.8888236683574,0.0,
2021-03-11 14:00:40.420,1,0.2474468754860601,484.85010646145116,0.0,
2021-03-11 14:00:40.430,1,0.1983172277095287,481.6223435598145,0.0,
2021-03-11 14:00:40.440,1,0.1672552286118301,481.54792702470337,0.0,
2021-03-11 14:00:40.450,1,0.2500212795180001,477.7026145791729,0.0,
2021-03-11 14:00:40.460,1,0.2006473408935739,482.2653674996904,0.0,
2021-03-11 14:00:40.470,1,0.2055736841905364,481.67975439554476,0.0,
2021-03-11 14:00:40.480,1,0.2559958171818587,479.25534177082574,0.0,
2021-03-11 14:00:40.490,1,0.1938773687479129,477.9224114669205,0.0,
2021-03-11 14:00:40.500,1,0.1800003772831299,476.2147313220154,0.0,
2021-03-11 14:00:40.510,1,0.2540341181726481,476.4643261539447,0.0,
2021-03-11 14:00:40.520,1,0.1780245990077017,479.8578464105323,0.0,
2021-03-11 14:00:40.530,1,0.24715282098635505,477.2402082032434,0.0,
2021-03-11 14:00:40.540,1,0.1900884252371275,482.1039199947657,0.0,
2021-03-11 14:00:40.550,1,0.2166370119749255,476.0046832144529,0.0,
2021-03-11 14:00:40.560,1,0.2452688787192009,475.44800669813196,0.0,
2021-03-11 14:00:40.570,1,0.2066797079944968,482.6743099313121,0.0,
2021-03-11 14:00:40.580,1,0.2678372806250277,481.0423016245933,0.0,
2021-03-11 14:00:40.590,1,0.1976292741419706,479.9589533898651,0.0,
2021-03-11 14:00:40.600,1,0.2262754732228282,483.3636049671149,0.0,
2021-03-11 14:00:40.610,1,0.2599950734274374,480.58316417905235,0.0,
2021-03-11 14:00:40.620,1,0.2285530110154488,486.1239978852957,0.0,
2021-03-11 14:00:40.630,1,0.2272278578919735,484.9447965175434,0.0,
2021-03-11 14:00:40.640,1,0.2740406440162783,483.1766644592379,0.0,
2021-03-11 14:00:40.650,1,0.2407967966654683,485.88023293631835,0.0,
2021-03-11 14:00:40.660,1,0.2621755091360541,484.3201458704488,0.0,
2021-03-11 14:00:40.670,1,0.2890302067147005,485.6217497516304,0.0,
2021-03-11 14:00:40.680,1,0.2505045074333177,484.95604544791746,0.0,
2021-03-11 14:00:40.690,1,0.2211898741793214,485.4842486976456,0.0,
2021-03-11 14:00:40.700,1,0.3012997739813964,485.6473871407727,0.0,
2021-03-11 14:00:40.710,1,0.2169364778691545,488.4010857064901,0.0,
2021-03-11 14:00:40.720,1,0.2489111165217749,486.0274036653915,0.0,
2021-03-11 14:00:40.730,1,0.33900582241683097,487.39527785550524,0.0,
2021-03-11 14:00:40.740,1,0.2889842323287706,485.1614348402855,0.0,
2021-03-11 14:00:40.750,1,0.3258665085262326,490.90168995941735,0.0,
2021-03-11 14:00:40.760,1,0.3429130787802807,486.6964578335188,0.0,
2021-03-11 14:00:40.770,1,0.2735477442189834,482.9285860731199,0.0,
2021-03-11 14:00:40.780,1,0.3504969369956749,489.9999493825361,0.0,
2021-03-11 14:00:40.790,1,0.33069271628377,487.8126414428842,0.0,
2021-03-11 14:00:40.800,1,0.3028693154389436,489.99910753305534,0.0,
2021-03-11 14:00:40.810,1,0.3093643757583018,490.2546849417213,0.0,
2021-03-11 14:00:40.820,1,0.2633164904249668,486.5079471063542,0.0,
2021-03-11 14:00:40.830,1,0.3054454317288859,488.921890019473,0.0,
2021-03-11 14:00:40.840,1,0.293138643113277,490.89288754043497,0.0,
2021-03-11 14:00:40.850,1,0.3471084620162797,491.8191369019714,0.0,
2021-03-11 14:00:40.860,1,0.2623465076367341,492.3008072512923,0.0,
2021-03-11 14:00:40.870,1,0.2941334785407379,493.20233047820915,0.0,
2021-03-11 14:00:40.880,1,0.3337743774221506,490.1212066917846,0.0,
2021-03-11 14:00:40.890,1,0.3180159404470272,489.6791934261855,0.0,
2021-03-11 14:00:40.900,1,0.3816884351242255,492.02706471927314,0.0,
2021-03-11 14:00:40.910,1,0.3691447337663796,490.1846280311545,0.0,
2021-03-11 14:00:40.920,1,0.2847394415589346,492.5185553679705,0.0,
2021-03-11 14:00:40.930,1,0.258898231321652,491.434863774876,0.0,
2021-03-11 14:00:40.940,1,0.3492329936675262,491.6460925496554,0.0,
2021-03-11 14:00:40.950,1,0.3108142650830304,491.42785114256037,0.0,
2021-03-11 14:00:40.960,1,0.3944628197551182,488.25239247402044,0.0,
2021-03-11 14:00:40.970,1,0.3168001290530463,487.9157798222789,0.0,
2021-03-11 14:00:40.980,1,0.4056472717714443,489.1266153966108,0.0,
2021-03-11 14:00:40.990,1,0.2747654658848827,492.7576680108276,0.0,
2021-03-11 14:00:41.000,1,0.390905608995034,491.26657723821563,0.0,
2021-03-11 14:00:41.010,1,0.2682695706176022,488.78078668926463,0.0,
2021-03-11 14:00:41.020,1,0.2811659255376089,491.49632127643827,0.0,
2021-03-11 14:00:41.030,1,0.3976033951560909,485.29725581796,0.0,
2021-03-11 14:00:41.040,1,0.4011076106791735,489.9568350280201,0.0,
2021-03-11 14:00:41.050,1,0.2944381872943996,486.4069489047809,0.0,
2021-03-11 14:00:41.060,1,0.3301927692668766,488.31966990746383,0.0,
2021-03-11 14:00:41.070,1,0.4007491472152263,486.8797511571628,0.0,
2021-03-11 14:00:41.080,1,0.2970673384420076,482.3057515767791,0.0,
2021-03-11 14:00:41.090,1,0.3324516490852145,491.16557476105345,0.0,
2021-03-11 14:00:41.100,1,0.2991715357729124,485.81123749359887,0.0,
2021-03-11 14:00:41.110,1,0.34720305281317504,480.0880917863742,0.0,
2021-03-11 14:00:41.120,1,0.3017350702215421,484.9759989501069,0.0,
2021-03-11 14:00:41.130,1,0.3430921390670895,484.0707093797415,0.0,
2021-03-11 14:00:41.140,1,0.2827339460880385,483.7363421148007,0.0,
2021-03-11 14:00:41.150,1,0.2939442785558918,480.0794942963957,0.0,
2021-03-11 14:00:41.160,1,0.335786150180532,481.9205301873807,0.0,
2021-03-11 14:00:41.170,1,0.2939113176958081,481.4474674036709,0.0,
2021-03-11 14:00:41.180,1,0.2890103950913184,486.24352620688876,0.0,
2021-03-11 14:00:41.190,1,0.3449486370255123,478.8331609679128,0.0,
2021-03-11 14:00:41.200,1,0.2616047704782061,485.5798519976152,0.0,
2021-03-11 14:00:41.210,1,0.3535421822323936,483.8184281179225,0.0,
2021-03-11 14:00:41.220,1,0.3364270853001909,483.1893645331604,0.0,
2021-03-11 14:00:41.230,1,0.3500017421478312,483.1709150373987,0.0,
2021-03-11 14:00:41.240,1,0.3420419614121532,481.16526271521116,0.0,
2021-03-11 14:00:41.250,1,0.3695054119107357,482.3211887413434,0.0,
2021-03-11 14:00:41.260,1,0.3159671664640873,485.5966460675936,0.0,
2021-03-11 14:00:41.270,1,0.3787130393697943,482.4119645375245,0.0,
2021-03-11 14:00:41.280,1,0.2766164615846221,481.4545041479409,0.0,
2021-03-11 14:00:41.290,1,0.2969808681059174,484.0917249108872,0.0,
2021-03-11 14:00:41.300,1,0.3125903941082096,483.4418230314059,0.0,
2021-03-11 14:00:41.310,1,0.2661209544919831,485.9821623982346,0.0,
2021-03-11 14:00:41.320,1,0.3500740509158232,485.4160127086914,0.0,
2021-03-11 14:00:41.330,1,0.2531320906433147,482.1849199870092,0.0,
2021-03-11 14:00:41.340,1,0.2722345169827684,482.769905955149,0.0,
2021-03-11 14:00:41.350,1,0.32674311422755803,483.98994635997286,0.0,
2021-03-11 14:00:41.360,1,0.2871575972093528,482.8234927880599,0.0,
2021-03-11 14:00:41.370,1,0.3337112566631036,486.1980298490108,0.0,
2021-03-11 14:00:41.380,1,0.3123976368556189,487.4156769600528,0.0,
2021-03-11 14:00:41.390,1,0.3075309664040908,485.30538636801435,0.0,
2021-03-11 14:00:41.400,1,0.2495233586089127,487.0323351808154,0.0,
2021-03-11 14:00:41.410,1,0.316056114475197,490.3964651090818,0.0,
2021-03-11 14:00:41.420,1,0.2636686076554949,480.75767053380144,0.0,
2021-03-11 14:00:41.430,1,0.3490382301147242,490.2354478748066,0.0,
2021-03-11 14:00:41.440,1,0.3210654712546091,487.7485336614972,0.0,
2021-03-11 14:00:41.450,1,0.2942370533063296,486.7402607885413,0.0,
2021-03-11 14:00:41.460,1,0.292133989173339,482.9917077496077,0.0,
2021-03-11 14:00:41.470,1,1.2898148263123703,486.53121722844696,0.0,
2021-03-11 14:00:41.480,1,0.3652343886042323,491.2106261975154,0.0,
2021-03-11 14:00:41.490,1,0.2870796240962352,488.4076541156085,0.0,
2021-03-11 14:00:41.500,1,0.2614459509617177,489.50081504168406,0.0,
2021-03-11 14:00:41.510,1,0.3698239181859205,488.1917285966939,0.0,
2021-03-11 14:00:41.520,1,0.3165975743120313,492.9227706189592,0.0,
2021-03-11 14:00:41.530,1,0.2898600157330907,491.7998296056205,0.0,
2021-03-11 14:00:41.540,1,0.3177339700559017,491.2967346226546,0.0,
2021-03-11 14:00:41.550,1,0.3459617147391474,487.0812955644896,0.0,
2021-03-11 14:00:41.560,1,0.2721851168412191,487.2857078480658,0.0,
2021-03-11 14:00:41.570,1,0.3387982268274049,489.0378390039165,0.0,
2021-03-11 14:00:41.580,1,0.3189039094972214,489.55545683014986,0.0,
2021-03-11 14:00:41.590,1,0.3009582884036443,491.7425837401765,0.0,
2021-03-11 14:00:41.600,1,0.3536424109100703,489.1631253894727,0.0,
2021-03-11 14:00:41.610,1,0.2761028892013238,485.7625765906141,0.0,
2021-03-11 14:00:41.620,1,0.2831422937517177,487.1929608084234,0.0,
2021-03-11 14:00:41.630,1,0.3539962811186515,486.50804694416667,0.0,
2021-03-11 14:00:41.640,1,0.3337472766764792,489.4003130275457,0.0,
2021-03-11 14:00:41.650,1,0.2853543402092157,483.7335833929357,0.0,
2021-03-11 14:00:41.660,1,0.2806453671686195,489.44846675291376,0.0,
2021-03-11 14:00:41.670,1,0.3111140161161987,486.16539968158025,0.0,
2021-03-11 14:00:41.680,1,0.3940033303326106,481.6253821193272,0.0,
2021-03-11 14:00:41.690,1,0.4281438797166045,487.84251390718146,0.0,
2021-03-11 14:00:41.700,1,0.3502212428885181,487.62055399904375,0.0,
2021-03-11 14:00:41.710,1,0.4110838822116553,486.9229530663481,0.0,
2021-03-11 14:00:41.720,1,0.3132571898782399,481.5304064400028,0.0,
2021-03-11 14:00:41.730,1,0.3482087063666483,482.6569372202626,0.0,
2021-03-11 14:00:41.740,1,0.3349466692809293,483.91549049167526,0.0,
2021-03-11 14:00:41.750,1,0.4486290703589446,483.9738006671118,0.0,
2021-03-11 14:00:41.760,1,0.3591227554603619,482.6346065253573,0.0,
2021-03-11 14:00:41.770,1,0.3549504473863413,479.2834298380562,0.0,
2021-03-11 14:00:41.780,1,0.3963083556693307,483.1951126141553,0.0,
2021-03-11 14:00:41.790,1,0.4265335418446516,478.8878017248507,0.0,
2021-03-11 14:00:41.800,1,0.4089303746935493,476.5636703966764,0.0,
2021-03-11 14:00:41.810,1,0.3434674361641344,480.72550796860793,0.0,
2021-03-11 14:00:41.820,1,0.3585037633838188,479.7373476178632,0.0,
2021-03-11 14:00:41.830,1,0.3556879119666166,476.3414502850403,0.0,
2021-03-11 14:00:41.840,1,0.3404442907562578,479.29450388283163,0.0,
2021-03-11 14:00:41.850,1,0.325297092287891,474.59507596327387,0.0,
2021-03-11 14:00:41.860,1,0.3489739492524343,482.38394103716246,0.0,
2021-03-11 14:00:41.870,1,0.4791393062795963,476.99611643335146,0.0,
2021-03-11 14:00:41.880,1,0.3519749301235381,476.9644960450734,0.0,
2021-03-11 14:00:41.890,1,0.4171061244593838,475.2924361193535,0.0,
2021-03-11 14:00:41.900,1,0.3662236724852495,475.1660240194656,0.0,
2021-03-11 14:00:41.910,1,0.3634556263774575,476.61358386714585,0.0,
2021-03-11 14:00:41.920,1,0.4959051153743477,475.8168489190709,0.0,
2021-03-11 14:00:41.930,1,0.3337833543008552,473.73828005046136,0.0,
2021-03-11 14:00:41.940,1,0.4506906095386795,478.50732095514604,0.0,
2021-03-11 14:00:41.950,1,0.4601992609364816,477.9462454217138,0.0,
2021-03-11 14:00:41.960,1,0.3729648113365515,483.4828672066927,0.0,
2021-03-11 14:00:41.970,1,0.3279251609149357,481.7172843142675,0.0,
2021-03-11 14:00:41.980,1,0.4412408189383973,483.8519801421887,0.0,
2021-03-11 14:00:41.990,1,0.4271162850728907,478.9976575835695,0.0,
2021-03-11 14:00:42.000,1,0.4824762916089827,479.3286248078225,0.0,
2021-03-11 14:00:42.010,1,0.4241888789359486,477.76984315438926,0.0,
2021-03-11 14:00:42.020,1,0.4369028160820551,477.13533593858335,0.0,
2021-03-11 14:00:42.030,1,0.4801279688646802,486.4477970637088,0.0,
2021-03-11 14:00:42.040,1,0.4406975174407512,483.8415293096123,0.0,
2021-03-11 14:00:42.050,1,0.4119086554639898,485.0085177744738,0.0,
2021-03-11 14:00:42.060,1,0.3286319231175087,482.09576108153436,0.0,
2021-03-11 14:00:42.070,1,0.3526953039906573,484.27045511235946,0.0,
2021-03-11 14:00:42.080,1,0.34286493361085496,481.6587826003514,0.0,
2021-03-11 14:00:42.090,1,0.3903020264299799,484.6209568441813,0.0,
2021-03-11 14:00:42.100,1,0.4461937996940117,482.39703620786383,0.0,
2021-03-11 14:00:42.110,1,0.3790575902412776,489.62147084954665,0.0,
2021-03-11 14:00:42.120,1,0.442830888122584,486.4927975538494,0.0,
2021-03-11 14:00:42.130,1,0.3447383801515905,486.4308066235403,0.0,
2021-03-11 14:00:42.140,1,0.4348998300676532,492.0131713048621,0.0,
2021-03-11 14:00:42.150,1,0.4024996930536352,489.3883710253817,0.0,
2021-03-11 14:00:42.160,1,0.4579991085537598,487.3408041394711,0.0,
2021-03-11 14:00:42.170,1,0.4251207307998073,493.39409386633207,0.0,
2021-03-11 14:00:42.180,1,0.3930610947668176,490.54669637777397,0.0,
2021-03-11 14:00:42.190,1,0.4071681161412865,487.6773272492159,0.0,
2021-03-11 14:00:42.200,1,0.4334571389453527,490.9135058889229,0.0,
2021-03-11 14:00:42.210,1,0.3280789856890591,489.3316886552642,0.0,
2021-03-11 14:00:42.220,1,0.3491715137211678,495.18756123144266,0.0,
2021-03-11 14:00:42.230,1,0.3670927579129873,493.65199485344857,0.0,
2021-03-11 14:00:42.240,1,0.3585815468125284,493.9969776234069,0.0,
2021-03-11 14:00:42.250,1,0.3554457665701367,492.3586125045463,0.0,
2021-03-11 14:00:42.260,1,0.2817881390784765,490.55859113120016,0.0,
2021-03-11 14:00:42.270,1,0.4125618861938471,489.2091103712948,0.0,
2021-03-11 14:00:42.280,1,0.4144304961101459,495.1759984987192,0.0,
2021-03-11 14:00:42.290,1,0.3457087682013618,489.89653893670084,0.0,
2021-03-11 14:00:42.300,1,0.4144738059574579,494.1311066537772,0.0,
2021-03-11 14:00:42.310,1,0.3895408061133288,495.1995077996193,0.0,
2021-03-11 14:00:42.320,1,0.3875640845878483,494.92359155821146,0.0,
2021-03-11 14:00:42.330,1,0.3635650169663371,492.3034317338916,0.0,
2021-03-11 14:00:42.340,1,0.3943238176801669,494.2421586322063,0.0,
2021-03-11 14:00:42.350,1,0.4029175857877675,490.3740016189868,0.0,
2021-03-11 14:00:42.360,1,0.3257161918955319,490.3105721242407,0.0,
2021-03-11 14:00:42.370,1,0.389757022546258,492.99822046828626,0.0,
2021-03-11 14:00:42.380,1,0.2975345866102833,486.15426989188836,0.0,
2021-03-11 14:00:42.390,1,0.3948984724715404,491.9394065409574,0.0,
2021-03-11 14:00:42.400,1,0.3380396932312365,491.7426216558727,0.0,
2021-03-11 14:00:42.410,1,0.3299078874080625,491.20647901341624,0.0,
2021-03-11 14:00:42.420,1,0.3523892095991804,492.3829621210178,0.0,
2021-03-11 14:00:42.430,1,0.2633643192843991,490.5401114522343,0.0,
2021-03-11 14:00:42.440,1,0.2750562486683024,491.373159562308,0.0,
2021-03-11 14:00:42.450,1,0.2828948141604861,491.18127264595563,0.0,
2021-03-11 14:00:42.460,1,0.3291855601477874,489.3441935798302,0.0,
2021-03-11 14:00:42.470,1,0.3984804130096435,489.7279780508533,0.0,
2021-03-11 14:00:42.480,1,0.3504454861018356,487.97467925949655,0.0,
2021-03-11 14:00:42.490,1,0.3915104987778429,489.7233155648796,0.0,
2021-03-11 14:00:42.500,1,0.3134937891297845,487.81138619398683,0.0,
2021-03-11 14:00:42.510,1,0.2850118307050515,490.12936931425287,0.0,
2021-03-11 14:00:42.520,1,0.3377496189431499,492.3682902456365,0.0,
2021-03-11 14:00:42.530,1,0.3836647493010321,489.461080915725,0.0,
2021-03-11 14:00:42.540,1,0.3870010786756183,488.6375323298522,0.0,
2021-03-11 14:00:42.550,1,0.3596733533460431,491.59273336619066,0.0,
2021-03-11 14:00:42.560,1,0.2873010522627522,489.2664121686114,0.0,
2021-03-11 14:00:42.570,1,0.3722827153325764,491.9306144182693,0.0,
2021-03-11 14:00:42.580,1,0.3488245157964373,489.3333510253737,0.0,
2021-03-11 14:00:42.590,1,0.32892185661087,485.88318442013235,0.0,
2021-03-11 14:00:42.600,1,0.374392037803498,491.7738199522576,0.0,
2021-03-11 14:00:42.610,1,0.3184380563316669,488.47869872111335,0.0,
2021-03-11 14:00:42.620,1,0.3654934610118658,491.6696394772201,0.0,
2021-03-11 14:00:42.630,1,0.3575661469947245,496.28486020073615,0.0,
2021-03-11 14:00:42.640,1,0.3706173348623824,494.08638725142606,0.0,
2021-03-11 14:00:42.650,1,0.3248679889101299,490.19485659367007,0.0,
2021-03-11 14:00:42.660,1,0.3121284256354479,491.5434793121646,0.0,
2021-03-11 14:00:42.670,1,0.3332879605599885,494.07296683457207,0.0,
2021-03-11 14:00:42.680,1,0.2995637544173771,495.57175428793295,0.0,
2021-03-11 14:00:42.690,1,0.4114589734858588,497.5523276016025,0.0,
2021-03-11 14:00:42.700,1,0.3264416871673187,497.8329414233664,0.0,
2021-03-11 14:00:42.710,1,0.4171485367522183,500.70544277223365,0.0,
2021-03-11 14:00:42.720,1,0.3985998757500193,500.3451146909992,0.0,
2021-03-11 14:00:42.730,1,0.322097746488135,497.2030802269245,0.0,
2021-03-11 14:00:42.740,1,0.3360060902405068,496.02377934773284,0.0,
2021-03-11 14:00:42.750,1,0.3553586341230397,499.4025309024749,0.0,
2021-03-11 14:00:42.760,1,0.3696261493760467,500.6349343891382,0.0,
2021-03-11 14:00:42.770,1,0.3312190984647259,496.98627631974296,0.0,
2021-03-11 14:00:42.780,1,0.3552714420928312,506.1089552687009,0.0,
2021-03-11 14:00:42.790,1,0.4220962653806779,501.0746905323442,0.0,
2021-03-11 14:00:42.800,1,0.4660280185813257,501.2654942286402,0.0,
2021-03-11 14:00:42.810,1,0.3689520976920636,506.3447639566774,0.0,
2021-03-11 14:00:42.820,1,0.3571864254835856,507.023647852168,0.0,
2021-03-11 14:00:42.830,1,0.3575249083120785,503.7896853290635,0.0,
2021-03-11 14:00:42.840,1,0.3766043830509956,504.6246388212186,0.0,
2021-03-11 14:00:42.850,1,0.3399045400923505,504.57581247535757,0.0,
2021-03-11 14:00:42.860,1,0.3874252471794846,505.2334902539146,0.0,
2021-03-11 14:00:42.870,1,0.3662097696586204,507.3405370738276,0.0,
2021-03-11 14:00:42.880,1,0.4620616702600227,509.1670602069162,0.0,
2021-03-11 14:00:42.890,1,0.4539476939809879,505.32589896837527,0.0,
2021-03-11 14:00:42.900,1,0.3571818185911782,512.5123485489296,0.0,
2021-03-11 14:00:42.910,1,0.4849199619646968,506.6541903135877,0.0,
2021-03-11 14:00:42.920,1,0.3690047515858431,510.2305490715258,0.0,
2021-03-11 14:00:42.930,1,0.4168763190367267,504.46093676620796,0.0,
2021-03-11 14:00:42.940,1,0.4600252162683881,510.9934245524218,0.0,
2021-03-11 14:00:42.950,1,0.4097942453239547,513.181540580576,0.0,
2021-03-11 14:00:42.960,1,0.3870801984323835,503.9054183893641,0.0,
2021-03-11 14:00:42.970,1,0.3530940075587342,507.8990769640956,0.0,
2021-03-11 14:00:42.980,1,0.3846819432360151,509.5633272362632,0.0,
2021-03-11 14:00:42.990,1,0.38706291732225,506.6757828491715,0.0,
2021-03-11 14:00:43.000,1,0.3637054308115741,507.25119134944396,0.0,
2021-03-11 14:00:43.010,1,0.481332845805141,505.1422631186359,0.0,
2021-03-11 14:00:43.020,1,0.4364859708767942,503.716410158235,0.0,
2021-03-11 14:00:43.030,1,0.3355959848332037,505.3655059393645,0.0,
2021-03-11 14:00:43.040,1,0.4213911941743138,507.8902966303598,0.0,
2021-03-11 14:00:43.050,1,0.318429032812739,500.9989236020183,0.0,
2021-03-11 14:00:43.060,1,0.4798604226930512,499.7110692787097,0.0,
2021-03-11 14:00:43.070,1,0.36840564917854296,504.1429743262094,0.0,
2021-03-11 14:00:43.080,1,0.4047161333375258,504.3402065353839,0.0,
2021-03-11 14:00:43.090,1,0.3669707462172633,505.44497561714724,0.0,
2021-03-11 14:00:43.100,1,0.3470894002202921,507.0850614929523,0.0,
2021-03-11 14:00:43.110,1,0.4507102109955533,503.64597411992224,0.0,
2021-03-11 14:00:43.120,1,0.3201517348571369,504.4307444530386,0.0,
2021-03-11 14:00:43.130,1,0.3571987897757056,500.7718996364629,0.0,
2021-03-11 14:00:43.140,1,0.4425179415502665,502.6394475264872,0.0,
2021-03-11 14:00:43.150,1,0.4088857564852751,499.884564640658,0.0,
2021-03-11 14:00:43.160,1,0.3789732132157716,497.8695604744367,0.0,
2021-03-11 14:00:43.170,1,0.4352770451481737,496.4020503257744,0.0,
2021-03-11 14:00:43.180,1,0.3285041753855811,499.6754436205938,0.0,
2021-03-11 14:00:43.190,1,0.4300975887590397,499.19547842217736,0.0,
2021-03-11 14:00:43.200,1,0.4473879374070356,500.259111334565,0.0,
2021-03-11 14:00:43.210,1,0.3767416572410729,502.03716885444624,0.0,
2021-03-11 14:00:43.220,1,0.3173278830925593,502.05651420800115,0.0,
2021-03-11 14:00:43.230,1,0.3632971420895084,500.781067860074,0.0,
2021-03-11 14:00:43.240,1,0.3721846874029287,497.75432624860946,0.0,
2021-03-11 14:00:43.250,1,0.4064111368683999,499.74829406994087,0.0,
2021-03-11 14:00:43.260,1,0.2900499201927101,496.33355342829503,0.0,
2021-03-11 14:00:43.270,1,0.3502062392240184,495.18483424895834,0.0,
2021-03-11 14:00:43.280,1,0.3487989267808434,497.05403208973206,0.0,
2021-03-11 14:00:43.290,1,0.3944278576397033,501.7177230163159,0.0,
2021-03-11 14:00:43.300,1,0.3229987786001966,498.479572170744,0.0,
2021-03-11 14:00:43.310,1,0.2834201753209901,498.4246939373922,0.0,
2021-03-11 14:00:43.320,1,0.3103617444634556,500.1940494788211,0.0,
2021-03-11 14:00:43.330,1,0.2799049521146858,499.27267791762137,0.0,
2021-03-11 14:00:43.340,1,0.3705400750551459,499.47562338617485,0.0,
2021-03-11 14:00:43.350,1,0.3848710248411022,500.2158941006424,0.0,
2021-03-11 14:00:43.360,1,0.2851251846522592,499.8848887582351,0.0,
2021-03-11 14:00:43.370,1,0.4031982076635101,501.14216710452536,0.0,
2021-03-11 14:00:43.380,1,0.3067192720603431,497.697388599078,0.0,
2021-03-11 14:00:43.390,1,0.2934290395654189,501.8880880057029,0.0,
2021-03-11 14:00:43.400,1,0.3643683905375439,499.96350565393743,0.0,
2021-03-11 14:00:43.410,1,0.3094245911805598,497.7390731720718,0.0,
2021-03-11 14:00:43.420,1,0.2908063661231569,504.5750153294191,0.0,
2021-03-11 14:00:43.430,1,0.3480203046597306,503.94527457857316,0.0,
2021-03-11 14:00:43.440,1,0.3652877371587242,500.3087949386911,0.0,
2021-03-11 14:00:43.450,1,0.3027392272236665,499.7715127359212,0.0,
2021-03-11 14:00:43.460,1,0.3799841004932398,503.4317174034935,0.0,
2021-03-11 14:00:43.470,1,0.4077810349283887,504.11106519742896,0.0,
2021-03-11 14:00:43.480,1,0.4016564158034509,500.7004186734296,0.0,
2021-03-11 14:00:43.490,1,0.3157679513192797,501.0997415638802,0.0,
2021-03-11 14:00:43.500,1,0.3545670664325555,502.6953898394161,0.0,
2021-03-11 14:00:43.510,1,0.3828867992914386,504.8432890059901,0.0,
2021-03-11 14:00:43.520,1,0.3260476229242445,503.81479303917763,0.0,
2021-03-11 14:00:43.530,1,0.31154241744406,505.1450376285083,0.0,
2021-03-11 14:00:43.540,1,0.4041262145975766,502.6501483486374,0.0,
2021-03-11 14:00:43.550,1,0.3986053276633537,504.7615628415126,0.0,
2021-03-11 14:00:43.560,1,0.43960302478209495,499.7929906607893,0.0,
2021-03-11 14:00:43.570,1,0.2945437367888239,498.2699903998606,0.0,
2021-03-11 14:00:43.580,1,0.3610555974021991,504.4668199983074,0.0,
2021-03-11 14:00:43.590,1,0.3459183957341974,500.73237145906415,0.0,
2021-03-11 14:00:43.600,1,0.3839639256534021,501.9170476178823,0.0,
2021-03-11 14:00:43.610,1,0.3678672467317402,501.19151887927137,0.0,
2021-03-11 14:00:43.620,1,0.3737171127507911,505.30730149233136,0.0,
2021-03-11 14:00:43.630,1,0.3524221755216169,501.53252932834056,0.0,
2021-03-11 14:00:43.640,1,0.4213131833177568,502.11581004651663,0.0,
2021-03-11 14:00:43.650,1,0.4482850780237852,501.93673633147074,0.0,
2021-03-11 14:00:43.660,1,0.4406830305601771,499.5309876556434,0.0,
2021-03-11 14:00:43.670,1,0.4826728788586314,505.5038985334239,0.0,
2021-03-11 14:00:43.680,1,0.3632943101364914,501.59117204320677,0.0,
2021-03-11 14:00:43.690,1,0.4324759282851186,500.23023203780366,0.0,
2021-03-11 14:00:43.700,1,0.4269307751306038,506.1632231490088,0.0,
2021-03-11 14:00:43.710,1,0.3363321931909545,504.5977074109356,0.0,
2021-03-11 14:00:43.720,1,0.4291905495678861,502.76301024020063,0.0,
2021-03-11 14:00:43.730,1,0.3968063282448809,499.71009570708367,0.0,
2021-03-11 14:00:43.740,1,0.4251633728774149,495.3002027543523,0.0,
2021-03-11 14:00:43.750,1,0.3527085937320447,497.5000585125158,0.0,
2021-03-11 14:00:43.760,1,0.3830636974482438,494.5466446696473,0.0,
2021-03-11 14:00:43.770,1,0.4908670731520962,503.6064684735728,0.0,
2021-03-11 14:00:43.780,1,0.3878251224475403,498.1398149777668,0.0,
2021-03-11 14:00:43.790,1,0.5154970311661379,493.38177441194716,0.0,
2021-03-11 14:00:43.800,1,0.5122352725532788,490.303669939988,0.0,
2021-03-11 14:00:43.810,1,0.5045982647936035,492.38707020013123,0.0,
2021-03-11 14:00:43.820,1,0.4642270739900008,491.4777411131044,0.0,
2021-03-11 14:00:43.830,1,0.3809303127719424,492.7229185887376,0.0,
2021-03-11 14:00:43.840,1,0.4076281492861786,491.4886562288946,0.0,
2021-03-11 14:00:43.850,1,0.4400747715625603,488.61781001473366,0.0,
2021-03-11 14:00:43.860,1,0.4064400993312487,491.7278800041623,0.0,
2021-03-11 14:00:43.870,1,0.4586162796736815,498.1153284227002,0.0,
2021-03-11 14:00:43.880,1,0.4705735681036619,488.8841933635749,0.0,
2021-03-11 14:00:43.890,1,0.4555843028358369,491.7503759950342,0.0,
2021-03-11 14:00:43.900,1,0.4058252433332397,488.2609836390809,0.0,
2021-03-11 14:00:43.910,1,0.454696600750064,495.38097825876366,0.0,
2021-03-11 14:00:43.920,1,0.4812333511870243,495.4343787622142,0.0,
2021-03-11 14:00:43.930,1,0.4888607214589388,494.0475799545199,0.0,
2021-03-11 14:00:43.940,1,0.5169086897195524,490.70258019780226,0.0,
2021-03-11 14:00:43.950,1,0.5238743888829089,489.2712096542977,0.0,
2021-03-11 14:00:43.960,1,0.5144604296475161,491.8548718672042,0.0,
2021-03-11 14:00:43.970,1,0.4219960535732482,491.43419567000086,0.0,
2021-03-11 14:00:43.980,1,0.5004058198245164,492.5157463453319,0.0,
2021-03-11 14:00:43.990,1,0.4324790634954082,489.7633297912377,0.0,
2021-03-11 14:00:44.000,1,0.4507363419486395,489.857284343868,0.0,
2021-03-11 14:00:44.010,1,0.4899746250140124,495.6307411437561,0.0,
2021-03-11 14:00:44.020,1,0.4301100152937229,493.45754964675416,0.0,
2021-03-11 14:00:44.030,1,0.4080965222930849,493.7582891779782,0.0,
2021-03-11 14:00:44.040,1,0.3725928229479835,493.2665529731169,0.0,
2021-03-11 14:00:44.050,1,0.4008229541361254,496.8755669664449,0.0,
2021-03-11 14:00:44.060,1,0.4714485520731444,492.37354799739234,0.0,
2021-03-11 14:00:44.070,1,0.5431553391683465,497.23647813171135,0.0,
2021-03-11 14:00:44.080,1,0.4720810440426324,493.7017042328612,0.0,
2021-03-11 14:00:44.090,1,0.4882894213916698,496.0102149326665,0.0,
2021-03-11 14:00:44.100,1,0.4752450532733274,499.3955170254406,0.0,
2021-03-11 14:00:44.110,1,0.5091931346271382,500.9048201815405,0.0,
2021-03-11 14:00:44.120,1,0.4070329446140595,495.0242828657557,0.0,
2021-03-11 14:00:44.130,1,0.5298351439795087,496.2765012930574,0.0,
2021-03-11 14:00:44.140,1,0.4738466650847265,500.7693830517871,0.0,
2021-03-11 14:00:44.150,1,0.3895381891867816,496.1184894967417,0.0,
2021-03-11 14:00:44.160,1,0.3634205895465197,496.78094437317736,0.0,
2021-03-11 14:00:44.170,1,0.525519739486399,497.2888139939572,0.0,
2021-03-11 14:00:44.180,1,0.3809010117126336,500.01097136530564,0.0,
2021-03-11 14:00:44.190,1,0.5110750619680975,503.75093385870514,0.0,
2021-03-11 14:00:44.200,1,0.4615547466963668,501.7936717692685,0.0,
2021-03-11 14:00:44.210,1,0.4903010690937069,502.42664884579096,0.0,
2021-03-11 14:00:44.220,1,0.3614251299659586,500.76535062964143,0.0,
2021-03-11 14:00:44.230,1,0.3786209838929926,502.10510553038233,0.0,
2021-03-11 14:00:44.240,1,0.3431437828166669,503.98845558351655,0.0,
2021-03-11 14:00:44.250,1,0.4319860348863966,500.3720865867487,0.0,
2021-03-11 14:00:44.260,1,0.4461548643938384,500.63660470400634,0.0,
2021-03-11 14:00:44.270,1,0.4234284657226688,507.7339162524417,0.0,
2021-03-11 14:00:44.280,1,0.4853235355209835,504.14470803392487,0.0,
2021-03-11 14:00:44.290,1,0.4138671176769127,503.41761289207807,0.0,
2021-03-11 14:00:44.300,1,0.44827447526209896,504.8627254456458,0.0,
2021-03-11 14:00:44.310,1,0.4742014441832924,503.7238784184938,0.0,
2021-03-11 14:00:44.320,1,0.4798817948348127,500.22509342378464,0.0,
2021-03-11 14:00:44.330,1,0.4787674475742258,505.35867402456915,0.0,
2021-03-11 14:00:44.340,1,0.4409204514697883,505.8845681985559,0.0,
2021-03-11 14:00:44.350,1,0.4358968426300512,504.3615885344712,0.0,
2021-03-11 14:00:44.360,1,0.4404869507003508,502.5231478597409,0.0,
2021-03-11 14:00:44.370,1,0.4272740186728686,501.2524332149213,0.0,
2021-03-11 14:00:44.380,1,0.4347777467144612,500.74749931894877,0.0,
2021-03-11 14:00:44.390,1,0.4750109307735516,500.15880487917394,0.0,
2021-03-11 14:00:44.400,1,0.4158252740468715,503.17641143069915,0.0,
2021-03-11 14:00:44.410,1,0.3437225158532119,501.2683693495546,0.0,
2021-03-11 14:00:44.420,1,0.3726419507730327,502.04831162996317,0.0,
2021-03-11 14:00:44.430,1,0.4573867613705329,500.5660619624088,0.0,
2021-03-11 14:00:44.440,1,0.319175371259951,505.92307442898425,0.0,
2021-03-11 14:00:44.450,1,0.3722264151686237,503.0653075848719,0.0,
2021-03-11 14:00:44.460,1,0.4751119829706006,498.4992393295053,0.0,
2021-03-11 14:00:44.470,1,0.3914499741348382,501.0561529469442,0.0,
2021-03-11 14:00:44.480,1,0.3230420056079396,496.0462831334668,0.0,
2021-03-11 14:00:44.490,1,0.3854180172219019,498.6201985954248,0.0,
2021-03-11 14:00:44.500,1,0.4627791013719873,495.10567450109664,0.0,
2021-03-11 14:00:44.510,1,0.4026361378991394,496.3049500390702,0.0,
2021-03-11 14:00:44.520,1,0.4857170731744493,494.1415084479752,0.0,
2021-03-11 14:00:44.530,1,0.4071708920392867,492.5751076747383,0.0,
2021-03-11 14:00:44.540,1,0.3552776074209778,497.0828986762716,0.0,
2021-03-11 14:00:44.550,1,0.3727371670657107,493.3095580050209,0.0,
2021-03-11 14:00:44.560,1,0.3866800460087813,498.6719990818966,0.0,
2021-03-11 14:00:44.570,1,0.3790881814309149,497.19563306727514,0.0,
2021-03-11 14:00:44.580,1,0.3696982642474112,498.2399157158857,0.0,
2021-03-11 14:00:44.590,1,0.4177203822967006,503.71055772366094,0.0,
2021-03-11 14:00:44.600,1,0.4435856379969321,493.9089095486882,0.0,
2021-03-11 14:00:44.610,1,0.3423733845405315,493.8151483640115,0.0,
2021-03-11 14:00:44.620,1,0.3474385201332352,497.2727385787225,0.0,
2021-03-11 14:00:44.630,1,0.3403925697972263,500.0786099989576,0.0,
2021-03-11 14:00:44.640,1,0.3895338696741504,493.1579825096408,0.0,
2021-03-11 14:00:44.650,1,0.4107605733764101,496.67009974783264,0.0,
2021-03-11 14:00:44.660,1,0.4220086506828303,497.813093559754,0.0,
2021-03-11 14:00:44.670,1,0.431156082973514,495.49111367414116,0.0,
2021-03-11 14:00:44.680,1,0.4036220887073409,495.8405708118766,0.0,
2021-03-11 14:00:44.690,1,0.4352753565988907,497.0764235912716,0.0,
2021-03-11 14:00:44.700,1,0.3526366389312576,498.2768570015633,0.0,
2021-03-11 14:00:44.710,1,0.4245065069885487,492.8941582382233,0.0,
2021-03-11 14:00:44.720,1,0.4178483829335167,498.6975171534514,0.0,
2021-03-11 14:00:44.730,1,0.4471964281442846,501.92101458451964,0.0,
2021-03-11 14:00:44.740,1,0.4369354864093361,504.0013420211,0.0,
2021-03-11 14:00:44.750,1,0.3831339084342083,503.24326338971537,0.0,
2021-03-11 14:00:44.760,1,0.4550462362740592,504.6545056454647,0.0,
2021-03-11 14:00:44.770,1,0.3882387359760893,504.7048322364233,0.0,
2021-03-11 14:00:44.780,1,0.4922310944408867,505.13011425753604,0.0,
2021-03-11 14:00:44.790,1,0.4292163217111153,500.79529198922506,0.0,
2021-03-11 14:00:44.800,1,0.4173446778953262,503.0444136503849,0.0,
2021-03-11 14:00:44.810,1,0.5033889089437085,505.7620127531514,0.0,
2021-03-11 14:00:44.820,1,0.3801963634217535,505.6773252635196,0.0,
2021-03-11 14:00:44.830,1,0.4168872618562095,507.48014904478083,0.0,
2021-03-11 14:00:44.840,1,0.37900039879528,511.2224765182577,0.0,
2021-03-11 14:00:44.850,1,0.4236160205949807,504.61966946619935,0.0,
2021-03-11 14:00:44.860,1,0.3726131549535144,508.9435239922228,0.0,
2021-03-11 14:00:44.870,1,0.420017750379894,506.3089665453333,0.0,
2021-03-11 14:00:44.880,1,0.4078196153353668,508.8258634000895,0.0,
2021-03-11 14:00:44.890,1,0.4520164609597552,505.9454337580214,0.0,
2021-03-11 14:00:44.900,1,0.5243166029729678,509.7535094527745,0.0,
2021-03-11 14:00:44.910,1,0.4322564818756098,510.6049090280798,0.0,
2021-03-11 14:00:44.920,1,0.5155863790247498,510.07860895239793,0.0,
2021-03-11 14:00:44.930,1,0.5036892011374986,507.38654435118417,0.0,
2021-03-11 14:00:44.940,1,0.4488345576953539,514.1104964721435,0.0,
2021-03-11 14:00:44.950,1,0.3712869895908628,507.4074115687477,0.0,
2021-03-11 14:00:44.960,1,0.495175543976725,511.633919805536,0.0,
2021-03-11 14:00:44.970,1,0.4989054842085457,509.7920201534066,0.0,
2021-03-11 14:00:44.980,1,0.3595081052137474,510.247346488134,0.0,
2021-03-11 14:00:44.990,1,0.5190607075513257,508.1284154244466,0.0,
2021-03-11 14:00:45.000,1,0.4248576920316925,506.9163094212967,0.0,
2021-03-11 14:00:45.010,1,0.4942442759717123,506.046257026802,0.0,
2021-03-11 14:00:45.020,1,0.4641533506010614,504.7064068123326,0.0,
2021-03-11 14:00:45.030,1,0.4528568802923105,508.0384526366452,0.0,
2021-03-11 14:00:45.040,1,0.3456478716409379,504.4617418917143,0.0,
2021-03-11 14:00:45.050,1,0.4488285042839918,505.79561344564905,0.0,
2021-03-11 14:00:45.060,1,0.3392887831704756,503.31651641373224,0.0,
2021-03-11 14:00:45.070,1,0.3590978191421223,506.3117424809281,0.0,
2021-03-11 14:00:45.080,1,0.3841958885822867,502.5645484589695,0.0,
2021-03-11 14:00:45.090,1,0.4140710145762489,504.64787688049563,0.0,
2021-03-11 14:00:45.100,1,0.41526530611468493,510.31104046530197,0.0,
2021-03-11 14:00:45.110,1,0.4719987190475955,509.0966327248793,0.0,
2021-03-11 14:00:45.120,1,0.3295326826474091,503.4943919805257,0.0,
2021-03-11 14:00:45.130,1,0.3164957416265646,498.6692792331858,0.0,
2021-03-11 14:00:45.140,1,0.4083110985927352,503.3151640785667,0.0,
2021-03-11 14:00:45.150,1,0.4247376140221198,504.72993541476546,0.0,
2021-03-11 14:00:45.160,1,0.3720008473464731,501.0465456165756,0.0,
2021-03-11 14:00:45.170,1,0.383431982011538,500.16149535710434,0.0,
2021-03-11 14:00:45.180,1,0.3128962991454371,500.06782725419794,0.0,
2021-03-11 14:00:45.190,1,0.3831321220899277,499.9278848937738,0.0,
2021-03-11 14:00:45.200,1,0.3954247973655014,499.56063165276566,0.0,
2021-03-11 14:00:45.210,1,0.3749096869216209,497.3127724589006,0.0,
2021-03-11 14:00:45.220,1,0.3968151465475634,497.66566190200456,0.0,
2021-03-11 14:00:45.230,1,0.3580926451269063,498.8830065620282,0.0,
2021-03-11 14:00:45.240,1,0.3966700401917457,496.41380157040464,0.0,
2021-03-11 14:00:45.250,1,0.3075026029738758,494.1296213806295,0.0,
2021-03-11 14:00:45.260,1,0.3149910773807485,496.05730535214576,0.0,
2021-03-11 14:00:45.270,1,0.3717192963079358,500.8563051252314,0.0,
2021-03-11 14:00:45.280,1,0.3821330687892275,496.223705913255,0.0,
2021-03-11 14:00:45.290,1,0.3687455630586375,497.63733265696686,0.0,
2021-03-11 14:00:45.300,1,0.402917102026364,491.2069897170469,0.0,
2021-03-11 14:00:45.310,1,0.3491874811749196,496.306261984732,0.0,
2021-03-11 14:00:45.320,1,0.3338405369683503,490.1257990917424,0.0,
2021-03-11 14:00:45.330,1,0.3609239267250744,492.48732231741593,0.0,
2021-03-11 14:00:45.340,1,0.3255092007592632,496.0883690563072,0.0,
2021-03-11 14:00:45.350,1,0.3313555746071949,492.15178372785607,0.0,
2021-03-11 14:00:45.360,1,0.286589833587482,490.82707844021246,0.0,
2021-03-11 14:00:45.370,1,0.3726700534326527,494.26606991760315,0.0,
2021-03-11 14:00:45.380,1,0.328015967270415,497.71940834585365,0.0,
2021-03-11 14:00:45.390,1,0.3698702802198088,498.6465944643225,0.0,
2021-03-11 14:00:45.400,1,0.2759293477696333,501.5548384452733,0.0,
2021-03-11 14:00:45.410,1,0.2918198845924635,496.39404849152396,0.0,
2021-03-11 14:00:45.420,1,0.2697038909191852,492.00232259221673,0.0,
2021-03-11 14:00:45.430,1,0.2932327036061312,496.6855805194433,0.0,
2021-03-11 14:00:45.440,1,0.2803835186394401,501.52682632252885,0.0,
2021-03-11 14:00:45.450,1,0.3381784567527658,496.0170719355214,0.0,
2021-03-11 14:00:45.460,1,0.3150535055172645,499.111467083388,0.0,
2021-03-11 14:00:45.470,1,0.2490850529525582,497.9543425720379,0.0,
2021-03-11 14:00:45.480,1,0.255131674510862,499.352919269015,0.0,
2021-03-11 14:00:45.490,1,0.3094554089637495,497.30464913938573,0.0,
2021-03-11 14:00:45.500,1,0.3012796146756219,496.8015474507892,0.0,
2021-03-11 14:00:45.510,1,0.31274636454103005,502.2186751575,0.0,
2021-03-11 14:00:45.520,1,0.3045212314719035,495.3002966384069,0.0,
2021-03-11 14:00:45.530,1,0.2905968121525328,498.1680416320906,0.0,
2021-03-11 14:00:45.540,1,0.2553013139007565,499.53874782163086,0.0,
2021-03-11 14:00:45.550,1,0.2537419428025811,502.9801455292975,0.0,
2021-03-11 14:00:45.560,1,0.3205123883052981,501.9127322704711,0.0,
2021-03-11 14:00:45.570,1,0.3406252922836505,496.2694064611104,0.0,
2021-03-11 14:00:45.580,1,0.2659247679596845,501.59264356742284,0.0,
2021-03-11 14:00:45.590,1,0.2854287616086714,498.7847912314208,0.0,
2021-03-11 14:00:45.600,1,0.3424508778507154,498.69578281214086,0.0,
2021-03-11 14:00:45.610,1,0.35873807062211,499.66612540005946,0.0,
2021-03-11 14:00:45.620,1,0.2534360601612623,495.83589916165744,0.0,
2021-03-11 14:00:45.630,1,0.3368274467864212,504.0481889802404,0.0,
2021-03-11 14:00:45.640,1,0.3599574753470507,502.05991726072153,0.0,
2021-03-11 14:00:45.650,1,0.3265629078760455,498.9017263767191,0.0,
2021-03-11 14:00:45.660,1,0.2708186432958417,498.26199770705136,0.0,
2021-03-11 14:00:45.670,1,0.3025070469176737,496.4632124171476,0.0,
2021-03-11 14:00:45.680,1,0.3678299849511811,497.252037185658,0.0,
2021-03-11 14:00:45.690,1,0.3568100107911753,498.5439122022456,0.0,
2021-03-11 14:00:45.700,1,0.3393421827749758,496.93697241937116,0.0,
2021-03-11 14:00:45.710,1,0.3567061934814783,498.83004094236014,0.0,
2021-03-11 14:00:45.720,1,0.3162150538396369,496.31249866208395,0.0,
2021-03-11 14:00:45.730,1,0.3630632543432896,493.92690311750516,0.0,
2021-03-11 14:00:45.740,1,0.3895799730047212,491.1443857445482,0.0,
2021-03-11 14:00:45.750,1,0.3049154761728361,497.867704132494,0.0,
2021-03-11 14:00:45.760,1,0.3938596994719376,496.63320840939963,0.0,
2021-03-11 14:00:45.770,1,0.3222048100873557,488.89511317193114,0.0,
2021-03-11 14:00:45.780,1,0.3645514689270441,495.8238614636388,0.0,
2021-03-11 14:00:45.790,1,0.3340560889669169,490.8687747830639,0.0,
2021-03-11 14:00:45.800,1,0.3552408579035709,490.82153338536006,0.0,
2021-03-11 14:00:45.810,1,0.4030784896303034,486.0395139383151,0.0,
2021-03-11 14:00:45.820,1,0.4011616135310323,491.98703715830885,0.0,
2021-03-11 14:00:45.830,1,0.3549796480025879,489.6269965826554,0.0,
2021-03-11 14:00:45.840,1,0.3136298452369961,483.24059455927323,0.0,
2021-03-11 14:00:45.850,1,0.3159123280727291,487.8718043983165,0.0,
2021-03-11 14:00:45.860,1,0.3800572260681874,483.46576540723663,0.0,
2021-03-11 14:00:45.870,1,0.3401787622943426,485.9580628708093,0.0,
2021-03-11 14:00:45.880,1,0.2938764886678744,485.78187993102927,0.0,
2021-03-11 14:00:45.890,1,0.372503235723971,484.3084023680771,0.0,
2021-03-11 14:00:45.900,1,0.3860873142693873,483.0502144385632,0.0,
2021-03-11 14:00:45.910,1,0.3906758233655494,485.67179310768796,0.0,
2021-03-11 14:00:45.920,1,0.3366793508530674,486.4300542526602,0.0,
2021-03-11 14:00:45.930,1,0.2786200294816153,482.55378290626464,0.0,
2021-03-11 14:00:45.940,1,0.3353302343481806,487.0204856157698,0.0,
2021-03-11 14:00:45.950,1,0.375805708910259,489.3695476005073,0.0,
2021-03-11 14:00:45.960,1,0.4029804357193686,480.13256819573695,0.0,
2021-03-11 14:00:45.970,1,0.3950763511313402,490.27042580965406,0.0,
2021-03-11 14:00:45.980,1,0.3825701412706114,486.49465679364823,0.0,
2021-03-11 14:00:45.990,1,0.3633805057849312,489.25395935582185,0.0,
2021-03-11 14:00:46.000,1,0.3325454940457272,488.3102477137699,0.0,
2021-03-11 14:00:46.010,1,0.281521989979555,487.0728217851109,0.0,
2021-03-11 14:00:46.020,1,0.3381185441665198,485.2563120351467,0.0,
2021-03-11 14:00:46.030,1,0.3777262055575789,482.7610498758498,0.0,
2021-03-11 14:00:46.040,1,0.3550895945838389,481.69840300888114,0.0,
2021-03-11 14:00:46.050,1,0.2607550743840205,485.0694015022247,0.0,
2021-03-11 14:00:46.060,1,0.3802817314751012,479.7559709113778,0.0,
2021-03-11 14:00:46.070,1,0.3563122697355241,482.0886859102695,0.0,
2021-03-11 14:00:46.080,1,0.2844629533942993,486.0601760396697,0.0,
2021-03-11 14:00:46.090,1,0.2915734500196965,487.703506839604,0.0,
2021-03-11 14:00:46.100,1,0.2608434025126,485.34575405142624,0.0,
2021-03-11 14:00:46.110,1,0.3246648546814327,485.35439155732917,0.0,
2021-03-11 14:00:46.120,1,0.2441610227502958,488.45035039243095,0.0,
2021-03-11 14:00:46.130,1,0.307256592803193,485.7891932332402,0.0,
2021-03-11 14:00:46.140,1,0.3004651479463469,487.9451948550874,0.0,
2021-03-11 14:00:46.150,1,0.2633234080875187,486.866306585003,0.0,
2021-03-11 14:00:46.160,1,0.2699755142269422,491.1494564524221,0.0,
2021-03-11 14:00:46.170,1,0.3209751270894836,491.6222460379627,0.0,
2021-03-11 14:00:46.180,1,0.2970668438652653,495.2601042726159,0.0,
2021-03-11 14:00:46.190,1,0.2521606157790369,487.0272652416725,0.0,
2021-03-11 14:00:46.200,1,0.2435206025278222,492.271862982946,0.0,
2021-03-11 14:00:46.210,1,0.2631513531379544,491.3731272214719,0.0,
2021-03-11 14:00:46.220,1,0.2651493466626994,490.83224593677636,0.0,
2021-03-11 14:00:46.230,1,0.3356639013071803,493.33729376238364,0.0,
2021-03-11 14:00:46.240,1,0.2346985005015877,494.7368152810955,0.0,
2021-03-11 14:00:46.250,1,0.2623634869843567,491.3758641476474,0.0,
2021-03-11 14:00:46.260,1,0.2514838022621784,497.4094592501026,0.0,
2021-03-11 14:00:46.270,1,0.2747152740027726,500.11984694772696,0.0,
2021-03-11 14:00:46.280,1,0.2863119573930479,492.9299489464012,0.0,
2021-03-11 14:00:46.290,1,0.2294907224670941,496.64674921437415,0.0,
2021-03-11 14:00:46.300,1,0.2222205910620739,493.98642719797067,0.0,
2021-03-11 14:00:46.310,1,0.2691450393558323,500.3200043452605,0.0,
2021-03-11 14:00:46.320,1,0.3182102247147507,496.2185293746247,0.0,
2021-03-11 14:00:46.330,1,0.2710441241453267,495.2513671579658,0.0,
2021-03-11 14:00:46.340,1,0.2405850656720894,498.0266334503176,0.0,
2021-03-11 14:00:46.350,1,0.24533413183904604,495.1008202955552,0.0,
2021-03-11 14:00:46.360,1,0.3243093270378792,495.2755663720411,0.0,
2021-03-11 14:00:46.370,1,0.245586224365806,493.7474389411817,0.0,
2021-03-11 14:00:46.380,1,0.3004228525051969,496.04911385613286,0.0,
2021-03-11 14:00:46.390,1,0.2574702562748121,494.6223757180124,0.0,
2021-03-11 14:00:46.400,1,0.2325366555649608,491.0542863267816,0.0,
2021-03-11 14:00:46.410,1,0.2353762598577565,495.0626650972477,0.0,
2021-03-11 14:00:46.420,1,0.2585880514105068,493.32965984414665,0.0,
2021-03-11 14:00:46.430,1,0.2401083014676457,490.8080099594301,0.0,
2021-03-11 14:00:46.440,1,0.2978940332824773,495.00150293822816,0.0,
2021-03-11 14:00:46.450,1,0.223598388963525,496.8135894059157,0.0,
2021-03-11 14:00:46.460,1,0.3059037441813844,492.5465777513738,0.0,
2021-03-11 14:00:46.470,1,0.2569351516541689,497.9636637882392,0.0,
2021-03-11 14:00:46.480,1,0.3245643301046142,495.74364925315706,0.0,
2021-03-11 14:00:46.490,1,0.2277621766214599,492.96994479507487,0.0,
2021-03-11 14:00:46.500,1,0.294855633597072,492.1219208145046,0.0,
2021-03-11 14:00:46.510,1,0.2309554941266389,488.3643725658431,0.0,
2021-03-11 14:00:46.520,1,0.3278176129711783,491.85041211230435,0.0,
2021-03-11 14:00:46.530,1,0.2337889576228922,489.79979248269683,0.0,
2021-03-11 14:00:46.540,1,0.2781299977095034,487.7090970689632,0.0,
2021-03-11 14:00:46.550,1,0.3270088564790659,489.4408742012979,0.0,
2021-03-11 14:00:46.560,1,0.3518543987348288,490.39874869822273,0.0,
2021-03-11 14:00:46.570,1,0.3266776260998268,488.79224761558083,0.0,
2021-03-11 14:00:46.580,1,0.3262134989014583,496.4223772480101,0.0,
2021-03-11 14:00:46.590,1,0.2532376767666688,493.0270793435826,0.0,
2021-03-11 14:00:46.600,1,0.3128540564478275,489.633136585393,0.0,
2021-03-11 14:00:46.610,1,0.2922734309976802,488.5024702078337,0.0,
2021-03-11 14:00:46.620,1,0.3703657586090225,489.1060966405259,0.0,
2021-03-11 14:00:46.630,1,0.2897398463364796,490.67752797555056,0.0,
2021-03-11 14:00:46.640,1,0.2594186921602324,490.1949517841269,0.0,
2021-03-11 14:00:46.650,1,0.3610451444510851,487.5296411371189,0.0,
2021-03-11 14:00:46.660,1,0.3895686176136901,495.60959717140054,0.0,
2021-03-11 14:00:46.670,1,0.3804740725835456,489.901938705653,0.0,
2021-03-11 14:00:46.680,1,0.375931862520122,493.15570641167596,0.0,
2021-03-11 14:00:46.690,1,0.3672202703950808,491.24508764476684,0.0,
2021-03-11 14:00:46.700,1,0.3044632117763096,492.37696329195455,0.0,
2021-03-11 14:00:46.710,1,0.3382316184409766,495.84334593707536,0.0,
2021-03-11 14:00:46.720,1,0.3789713436629821,491.01825108707015,0.0,
2021-03-11 14:00:46.730,1,0.3372331898879765,493.3711943746012,0.0,
2021-03-11 14:00:46.740,1,0.2904819513294658,492.4988141810745,0.0,
2021-03-11 14:00:46.750,1,0.3950498071703223,493.03247234802194,0.0,
2021-03-11 14:00:46.760,1,0.3064945534712641,498.0935496184753,0.0,
2021-03-11 14:00:46.770,1,0.3969411564220595,494.50820612613165,0.0,
2021-03-11 14:00:46.780,1,0.425879104993027,493.8985842575918,0.0,
2021-03-11 14:00:46.790,1,0.3661675900802823,496.4456462780232,0.0,
2021-03-11 14:00:46.800,1,0.3765592756925255,495.1091410227291,0.0,
2021-03-11 14:00:46.810,1,0.4203019260686515,495.48535286141197,0.0,
2021-03-11 14:00:46.820,1,0.3597403784801932,499.5227819772789,0.0,
2021-03-11 14:00:46.830,1,0.3700894776575719,500.2806739403435,0.0,
2021-03-11 14:00:46.840,1,0.3418814531513159,500.8348276853152,0.0,
2021-03-11 14:00:46.850,1,0.4581556071693782,500.5882951062592,0.0,
2021-03-11 14:00:46.860,1,0.4620686587747654,497.4250333733335,0.0,
2021-03-11 14:00:46.870,1,0.3169850226998021,502.7222786752465,0.0,
2021-03-11 14:00:46.880,1,0.3665201873281115,505.3891396741782,0.0,
2021-03-11 14:00:46.890,1,0.330939665523742,502.241198604531,0.0,
2021-03-11 14:00:46.900,1,0.3805621584790088,507.53425137661316,0.0,
2021-03-11 14:00:46.910,1,0.3254443206061914,500.4975018713806,0.0,
2021-03-11 14:00:46.920,1,0.411428446067776,505.52879581507074,0.0,
2021-03-11 14:00:46.930,1,0.4115291920932711,501.03143944261353,0.0,
2021-03-11 14:00:46.940,1,0.4589985623534079,505.9467359005777,0.0,
2021-03-11 14:00:46.950,1,0.3965716576978791,503.632992020864,0.0,
2021-03-11 14:00:46.960,1,0.417081361935699,503.5583680968924,0.0,
2021-03-11 14:00:46.970,1,0.3559447967203085,501.1994102081677,0.0,
2021-03-11 14:00:46.980,1,0.4435971173615884,501.4939598952636,0.0,
2021-03-11 14:00:46.990,1,0.3242544696293958,503.1544407561686,0.0,
2021-03-11 14:00:47.000,1,0.4703659736457329,505.46133359924596,0.0,
2021-03-11 14:00:47.010,1,0.3427054669525523,504.0579013979932,0.0,
2021-03-11 14:00:47.020,1,0.4418946004544258,504.30837554564397,0.0,
2021-03-11 14:00:47.030,1,0.4732812778921711,504.9014141744986,0.0,
2021-03-11 14:00:47.040,1,0.4686059783765126,503.6933226327504,0.0,
2021-03-11 14:00:47.050,1,0.319389151374122,503.4422016273922,0.0,
2021-03-11 14:00:47.060,1,0.3620721611184673,504.34435344052736,0.0,
2021-03-11 14:00:47.070,1,0.3608295321943075,503.22916264271316,0.0,
2021-03-11 14:00:47.080,1,0.3510932332525709,504.12042223488174,0.0,
2021-03-11 14:00:47.090,1,0.4278779153987708,505.03437537414095,0.0,
2021-03-11 14:00:47.100,1,0.3292500932873612,503.0399639286464,0.0,
2021-03-11 14:00:47.110,1,0.3115792178531789,505.72620850511566,0.0,
2021-03-11 14:00:47.120,1,0.3920844084538823,500.584824718676,0.0,
2021-03-11 14:00:47.130,1,0.3623196276855185,503.6135945550561,0.0,
2021-03-11 14:00:47.140,1,0.4570755018582277,501.10805825754056,0.0,
2021-03-11 14:00:47.150,1,0.3616033968314877,501.3259828166264,0.0,
2021-03-11 14:00:47.160,1,0.3573412100055804,500.4763262495668,0.0,
2021-03-11 14:00:47.170,1,0.4238037273154938,500.9015792390633,0.0,
2021-03-11 14:00:47.180,1,0.402495299898089,497.66138570670853,0.0,
2021-03-11 14:00:47.190,1,0.3968935992519272,500.1360546959206,0.0,
2021-03-11 14:00:47.200,1,0.3812039151597386,499.1694418682917,0.0,
2021-03-11 14:00:47.210,1,0.4122725691648806,495.74669875900815,0.0,
2021-03-11 14:00:47.220,1,0.4242790095368489,498.6816202209347,0.0,
2021-03-11 14:00:47.230,1,0.3677473033316579,497.9450795598597,0.0,
2021-03-11 14:00:47.240,1,0.3948820038103462,496.6543054434996,0.0,
2021-03-11 14:00:47.250,1,0.3427874136860082,496.9535024856741,0.0,
2021-03-11 14:00:47.260,1,0.3431501964187379,496.4125328821042,0.0,
2021-03-11 14:00:47.270,1,0.3221728051803046,494.3647029578771,0.0,
2021-03-11 14:00:47.280,1,0.3304739713500745,494.13740387140814,0.0,
2021-03-11 14:00:47.290,1,0.2813426173497993,489.91448275422823,0.0,
2021-03-11 14:00:47.300,1,0.3905530717167581,493.2436997360718,0.0,
2021-03-11 14:00:47.310,1,0.4101938947842179,496.4051890167414,0.0,
2021-03-11 14:00:47.320,1,0.3317647877470594,495.48469304301284,0.0,
2021-03-11 14:00:47.330,1,0.3609378754527733,492.9554867155549,0.0,
2021-03-11 14:00:47.340,1,0.3251284373700089,493.7240367815454,0.0,
2021-03-11 14:00:47.350,1,0.4210614003727855,495.0646207871493,0.0,
2021-03-11 14:00:47.360,1,0.3003146870541891,492.48610203758415,0.0,
2021-03-11 14:00:47.370,1,0.3465838747102284,492.70021961320725,0.0,
2021-03-11 14:00:47.380,1,0.3965081300182563,492.0370256304828,0.0,
2021-03-11 14:00:47.390,1,0.2992010251114437,494.24748539785037,0.0,
2021-03-11 14:00:47.400,1,0.4255135360551429,494.4641358761039,0.0,
2021-03-11 14:00:47.410,1,0.4007471584990298,498.3190413211465,0.0,
2021-03-11 14:00:47.420,1,0.3625764836559053,492.73691435132025,0.0,
2021-03-11 14:00:47.430,1,0.4211598772886451,491.45235733823546,0.0,
2021-03-11 14:00:47.440,1,0.3289770480934997,492.408232049906,0.0,
2021-03-11 14:00:47.450,1,0.3074032773401089,494.9804056546556,0.0,
2021-03-11 14:00:47.460,1,0.3217595424560844,496.51697969149217,0.0,
2021-03-11 14:00:47.470,1,0.2882048837000631,496.5177182420415,0.0,
2021-03-11 14:00:47.480,1,0.4140588597780026,498.8723168882109,0.0,
2021-03-11 14:00:47.490,1,0.4145202734779802,498.7880562917728,0.0,
2021-03-11 14:00:47.500,1,0.4062107332071533,492.83793735595003,0.0,
2021-03-11 14:00:47.510,1,0.3122412527938922,494.22357746777885,0.0,
2021-03-11 14:00:47.520,1,0.3638351013185821,499.58920757453245,0.0,
2021-03-11 14:00:47.530,1,0.3708623649863794,497.21848061962527,0.0,
2021-03-11 14:00:47.540,1,0.4302648683933205,496.1588649245922,0.0,
2021-03-11 14:00:47.550,1,0.4178962955955857,498.53783536478113,0.0,
2021-03-11 14:00:47.560,1,0.4453237039526283,501.0951315765277,0.0,
2021-03-11 14:00:47.570,1,0.3724269796303948,502.73138098299836,0.0,
2021-03-11 14:00:47.580,1,0.4165159699148751,501.75486078700243,0.0,
2021-03-11 14:00:47.590,1,0.3308444932662925,496.678980715625,0.0,
2021-03-11 14:00:47.600,1,0.4475910949115131,496.1033092926307,0.0,
2021-03-11 14:00:47.610,1,0.3455680548296887,499.19901126403136,0.0,
2021-03-11 14:00:47.620,1,0.4289477303708155,498.82055376770796,0.0,
2021-03-11 14:00:47.630,1,0.4071897226840085,503.49262143724405,0.0,
2021-03-11 14:00:47.640,1,0.4502572592426196,496.5080237274102,0.0,
2021-03-11 14:00:47.650,1,0.3760741485132895,503.86305581460675,0.0,
2021-03-11 14:00:47.660,1,0.3189812196040667,498.2622938811359,0.0,
2021-03-11 14:00:47.670,1,0.4427805003789029,501.16622420791816,0.0,
2021-03-11 14:00:47.680,1,0.411491784549719,497.3672890587263,0.0,
2021-03-11 14:00:47.690,1,0.3976659643026383,501.87831928677963,0.0,
2021-03-11 14:00:47.700,1,0.4302616159330463,498.500097648161,0.0,
2021-03-11 14:00:47.710,1,0.3542898930617648,498.1607236525882,0.0,
2021-03-11 14:00:47.720,1,0.4945639447785772,495.8396719172328,0.0,
2021-03-11 14:00:47.730,1,0.4860365931686478,500.16601190522016,0.0,
2021-03-11 14:00:47.740,1,0.3977389838263218,493.1563803302769,0.0,
2021-03-11 14:00:47.750,1,0.3730599226310168,500.2948290206999,0.0,
2021-03-11 14:00:47.760,1,0.3953564840552763,500.0790431770329,0.0,
2021-03-11 14:00:47.770,1,0.4151159709017553,500.4452520778133,0.0,
2021-03-11 14:00:47.780,1,0.3991852663473562,493.79643411797315,0.0,
2021-03-11 14:00:47.790,1,0.4398727479344144,491.14315975294227,0.0,
2021-03-11 14:00:47.800,1,0.4184077528754709,493.26988773647423,0.0,
2021-03-11 14:00:47.810,1,0.460325310501829,497.16734064905745,0.0,
2021-03-11 14:00:47.820,1,0.4003769854847334,490.6981035500255,0.0,
2021-03-11 14:00:47.830,1,0.5078915192538571,494.85211280408447,0.0,
2021-03-11 14:00:47.840,1,0.4980740400262103,495.3453224948303,0.0,
2021-03-11 14:00:47.850,1,0.4608092058835711,492.4940611114975,0.0,
2021-03-11 14:00:47.860,1,0.3489859771610483,492.5921278146366,0.0,
2021-03-11 14:00:47.870,1,0.3401143359392126,490.2937253570309,0.0,
2021-03-11 14:00:47.880,1,0.4022174093692175,493.50194115250525,0.0,
2021-03-11 14:00:47.890,1,0.3665708138784827,493.9743943784118,0.0,
2021-03-11 14:00:47.900,1,0.4681003519624181,493.72560165229515,0.0,
2021-03-11 14:00:47.910,1,0.3735472036705483,486.1996412270258,0.0,
2021-03-11 14:00:47.920,1,0.4235623224866409,482.8656762613266,0.0,
2021-03-11 14:00:47.930,1,0.4779713405510838,487.6700766800474,0.0,
2021-03-11 14:00:47.940,1,0.4380965188188437,490.24710491959314,0.0,
2021-03-11 14:00:47.950,1,0.480387634407775,487.35002757315874,0.0,
2021-03-11 14:00:47.960,1,0.4422411384479844,482.46763803193284,0.0,
2021-03-11 14:00:47.970,1,0.4678820531596199,488.0768899264546,0.0,
2021-03-11 14:00:47.980,1,0.3528571553246393,488.19029047053664,0.0,
2021-03-11 14:00:47.990,1,0.343354673470572,487.12288827568113,0.0,
2021-03-11 14:00:48.000,1,0.3748827162344096,483.5635321209547,0.0,
2021-03-11 14:00:48.010,1,0.4069018851067806,491.359034285346,0.0,
2021-03-11 14:00:48.020,1,0.4454681760497486,490.4709783219348,0.0,
2021-03-11 14:00:48.030,1,0.3554237590485173,492.4349638725715,0.0,
2021-03-11 14:00:48.040,1,0.4262819810685066,489.1656475053762,0.0,
2021-03-11 14:00:48.050,1,0.4359512373328237,494.4397980000359,0.0,
2021-03-11 14:00:48.060,1,0.3170020090987014,488.4185699363684,0.0,
2021-03-11 14:00:48.070,1,0.3805036953765055,489.49905016411225,0.0,
2021-03-11 14:00:48.080,1,0.4213137827624436,488.88974347233915,0.0,
2021-03-11 14:00:48.090,1,0.3427788118848661,490.1462188663025,0.0,
2021-03-11 14:00:48.100,1,0.3413630489655003,492.7019259969751,0.0,
2021-03-11 14:00:48.110,1,0.4203513014225806,487.8126258956698,0.0,
2021-03-11 14:00:48.120,1,0.3557087499708956,489.75413007517335,0.0,
2021-03-11 14:00:48.130,1,0.416027523247117,491.7231742749742,0.0,
2021-03-11 14:00:48.140,1,0.3153328256857954,491.9374145137433,0.0,
2021-03-11 14:00:48.150,1,0.4475801246470393,492.48496801261876,0.0,
2021-03-11 14:00:48.160,1,0.3872796374883548,494.0599572094764,0.0,
2021-03-11 14:00:48.170,1,0.4357634478339564,495.0561520616604,0.0,
2021-03-11 14:00:48.180,1,0.3235250898946906,490.66944193101926,0.0,
2021-03-11 14:00:48.190,1,0.3418664532247469,493.7230102897979,0.0,
2021-03-11 14:00:48.200,1,0.3401850196056916,496.77777087091584,0.0,
2021-03-11 14:00:48.210,1,0.4241475397141089,496.0699232622029,0.0,
2021-03-11 14:00:48.220,1,0.3355049815549222,496.31820302091523,0.0,
2021-03-11 14:00:48.230,1,0.2851027610895559,500.9741175042671,0.0,
2021-03-11 14:00:48.240,1,0.3866052858473393,499.00044493671027,0.0,
2021-03-11 14:00:48.250,1,0.3580909023089586,501.69386108697904,0.0,
2021-03-11 14:00:48.260,1,0.4094369417636387,499.68948504179434,0.0,
2021-03-11 14:00:48.270,1,0.326594683064758,498.6667994925437,0.0,
2021-03-11 14:00:48.280,1,0.3502309952376914,498.4964118834394,0.0,
2021-03-11 14:00:48.290,1,0.3931796151401634,498.7883954284976,0.0,
2021-03-11 14:00:48.300,1,0.2673816473738616,502.6510151014483,0.0,
2021-03-11 14:00:48.310,1,0.2819170597970296,501.59465422001887,0.0,
2021-03-11 14:00:48.320,1,0.3372841110771853,502.759443276344,0.0,
2021-03-11 14:00:48.330,1,0.3880209086400669,498.3309458267044,0.0,
2021-03-11 14:00:48.340,1,0.331078406021807,504.2895448415184,0.0,
2021-03-11 14:00:48.350,1,0.2619027135303653,500.8481791791906,0.0,
2021-03-11 14:00:48.360,1,0.2727852652515524,504.6811933059957,0.0,
2021-03-11 14:00:48.370,1,0.2622262126463117,501.55764345689397,0.0,
2021-03-11 14:00:48.380,1,0.2544730584352581,499.5405058567324,0.0,
2021-03-11 14:00:48.390,1,0.2938921232265721,501.6041243869391,0.0,
2021-03-11 14:00:48.400,1,0.3331652005295946,498.35092496794226,0.0,
2021-03-11 14:00:48.410,1,0.3578621930452404,499.91906807325967,0.0,
2021-03-11 14:00:48.420,1,0.2659800208654682,501.0308098465076,0.0,
2021-03-11 14:00:48.430,1,0.2587344213920096,500.7169163380018,0.0,
2021-03-11 14:00:48.440,1,0.3403534420612074,501.68908306181487,0.0,
2021-03-11 14:00:48.450,1,0.3255336834983081,501.5711665069345,0.0,
2021-03-11 14:00:48.460,1,0.270834538282948,501.1045410504805,0.0,
2021-03-11 14:00:48.470,1,0.3635302859914822,502.8545140788301,0.0,
2021-03-11 14:00:48.480,1,0.3551937011267955,503.86413967033485,0.0,
2021-03-11 14:00:48.490,1,0.2853413242879442,499.626095892802,0.0,
2021-03-11 14:00:48.500,1,0.3419937492289641,496.39710388428335,0.0,
2021-03-11 14:00:48.510,1,0.3616373322000055,502.9198528231933,0.0,
2021-03-11 14:00:48.520,1,0.2916070007836251,501.39623574657446,0.0,
2021-03-11 14:00:48.530,1,0.3298878343233755,500.6830666776812,0.0,
2021-03-11 14:00:48.540,1,0.2716205153539596,500.37250278518303,0.0,
2021-03-11 14:00:48.550,1,0.2883569560673892,496.623643700041,0.0,
2021-03-11 14:00:48.560,1,0.3071762081581981,495.4406867328922,0.0,
2021-03-11 14:00:48.570,1,0.2733392491071794,498.1692122584824,0.0,
2021-03-11 14:00:48.580,1,0.2968861782544167,499.10707372333616,0.0,
2021-03-11 14:00:48.590,1,0.2736668499409553,496.3347352814911,0.0,
2021-03-11 14:00:48.600,1,0.2715589215806028,498.4629808644149,0.0,
2021-03-11 14:00:48.610,1,0.3115365657460145,497.13164334851126,0.0,
2021-03-11 14:00:48.620,1,0.3811365986262395,499.14350708374036,0.0,
2021-03-11 14:00:48.630,1,0.3273393266707833,496.27500277644964,0.0,
2021-03-11 14:00:48.640,1,0.3367512692240763,497.6654755932717,0.0,
2021-03-11 14:00:48.650,1,0.4024696496341897,497.3339982019603,0.0,
2021-03-11 14:00:48.660,1,0.3947234329677939,493.7810718888248,0.0,
2021-03-11 14:00:48.670,1,0.2739971442270396,494.7878648555367,0.0,
2021-03-11 14:00:48.680,1,0.2846976544726426,493.56499329624467,0.0,
2021-03-11 14:00:48.690,1,0.344090111652461,496.9856911145845,0.0,
2021-03-11 14:00:48.700,1,0.3005448468671026,492.88714281113886,0.0,
2021-03-11 14:00:48.710,1,0.3105310031235082,498.14631721969016,0.0,
2021-03-11 14:00:48.720,1,0.2808767168333749,493.11295454523247,0.0,
2021-03-11 14:00:48.730,1,0.35199412197963104,498.08659136312434,0.0,
2021-03-11 14:00:48.740,1,0.3642347130419649,498.26135427491363,0.0,
2021-03-11 14:00:48.750,1,0.3562840875907757,499.309017512648,0.0,
2021-03-11 14:00:48.760,1,0.3577114929034285,497.0646084931285,0.0,
2021-03-11 14:00:48.770,1,0.3368744261060449,495.74662072499154,0.0,
2021-03-11 14:00:48.780,1,0.3076562402041313,498.81772424183714,0.0,
2021-03-11 14:00:48.790,1,0.3041628910471153,498.8276359154066,0.0,
2021-03-11 14:00:48.800,1,0.3949059375386366,499.0323114436092,0.0,
2021-03-11 14:00:48.810,1,0.3466500576537347,501.4199672828576,0.0,
2021-03-11 14:00:48.820,1,0.3604611822057346,500.8537338012529,0.0,
2021-03-11 14:00:48.830,1,0.3761693436212492,497.01993019662905,0.0,
2021-03-11 14:00:48.840,1,0.4075199725943906,501.55413583064177,0.0,
2021-03-11 14:00:48.850,1,0.413366772917389,502.24909991810455,0.0,
2021-03-11 14:00:48.860,1,0.421071534806217,502.8329840698198,0.0,
2021-03-11 14:00:48.870,1,0.3279669922213943,503.8173416616095,0.0,
2021-03-11 14:00:48.880,1,0.359514419591332,510.5495889997174,0.0,
2021-03-11 14:00:48.890,1,0.322509956008199,501.17529633112684,0.0,
2021-03-11 14:00:48.900,1,0.4229730181873571,510.2731972214513,0.0,
2021-03-11 14:00:48.910,1,0.4014513848727263,509.3058264850782,0.0,
2021-03-11 14:00:48.920,1,0.3487005408714347,506.8583707002482,0.0,
2021-03-11 14:00:48.930,1,0.302151338562195,505.3004186262822,0.0,
2021-03-11 14:00:48.940,1,0.332472937641484,504.2837159599852,0.0,
2021-03-11 14:00:48.950,1,0.4118622618836147,509.0056717023912,0.0,
2021-03-11 14:00:48.960,1,0.3917029472088129,509.85571106811767,0.0,
2021-03-11 14:00:48.970,1,0.3654299272422765,507.26321379594435,0.0,
2021-03-11 14:00:48.980,1,0.4252363750425943,508.72193564109534,0.0,
2021-03-11 14:00:48.990,1,0.3330230288805954,509.23418580300535,0.0,
2021-03-11 14:00:49.000,1,0.2833702324504886,507.6531402473595,0.0,
2021-03-11 14:00:49.010,1,0.3120786995451746,505.23211393615236,0.0,
2021-03-11 14:00:49.020,1,0.2950045546529501,509.20815622020797,0.0,
2021-03-11 14:00:49.030,1,0.3662133719133513,504.5718141496386,0.0,
2021-03-11 14:00:49.040,1,0.3147967454071928,507.2649361990005,0.0,
2021-03-11 14:00:49.050,1,0.3417968019873157,502.5980887293448,0.0,
2021-03-11 14:00:49.060,1,0.3294265242154028,511.1486999327424,0.0,
2021-03-11 14:00:49.070,1,0.3299116764858044,508.1969563174628,0.0,
2021-03-11 14:00:49.080,1,0.2824592018333363,506.8308106912959,0.0,
2021-03-11 14:00:49.090,1,0.2965120299301564,508.208859829859,0.0,
2021-03-11 14:00:49.100,1,0.2934421311493188,509.7992692398954,0.0,
2021-03-11 14:00:49.110,1,0.2887589054583007,505.3515746923962,0.0,
2021-03-11 14:00:49.120,1,0.3577505425133249,505.67159577814704,0.0,
2021-03-11 14:00:49.130,1,0.2662954824299403,506.63615971318063,0.0,
2021-03-11 14:00:49.140,1,0.3125581336468079,504.9925024836015,0.0,
2021-03-11 14:00:49.150,1,0.2936023272240397,507.0141844832795,0.0,
2021-03-11 14:00:49.160,1,0.3506728985883152,504.16170620300016,0.0,
2021-03-11 14:00:49.170,1,0.3349466824049613,503.8904970901233,0.0,
2021-03-11 14:00:49.180,1,0.2717532055584341,501.42272983675764,0.0,
2021-03-11 14:00:49.190,1,0.2948422916331377,501.9907138442293,0.0,
2021-03-11 14:00:49.200,1,0.3435801399465,504.1641702327405,0.0,
2021-03-11 14:00:49.210,1,0.345509504093308,499.4070528697194,0.0,
2021-03-11 14:00:49.220,1,0.3056630421444954,502.1098462976419,0.0,
2021-03-11 14:00:49.230,1,0.2760363964716785,510.5358763873866,0.0,
2021-03-11 14:00:49.240,1,0.3046336600039695,502.1500747688078,0.0,
2021-03-11 14:00:49.250,1,0.2718477244465328,501.0934333404613,0.0,
2021-03-11 14:00:49.260,1,0.2942060043867272,499.6840622068498,0.0,
2021-03-11 14:00:49.270,1,0.2949472726429387,501.197289080662,0.0,
2021-03-11 14:00:49.280,1,0.2876583150772974,498.1320325979094,0.0,
2021-03-11 14:00:49.290,1,0.2543502978057201,501.0547914987242,0.0,
2021-03-11 14:00:49.300,1,0.2519893276451888,498.46728506478723,0.0,
2021-03-11 14:00:49.310,1,0.2701955138934837,497.4814717847732,0.0,
2021-03-11 14:00:49.320,1,0.2898508782702267,497.0435154703752,0.0,
2021-03-11 14:00:49.330,1,0.3204845178870049,498.8635305949994,0.0,
2021-03-11 14:00:49.340,1,0.2429595768566206,499.52745149943803,0.0,
2021-03-11 14:00:49.350,1,0.2702343971043917,494.8675699151439,0.0,
2021-03-11 14:00:49.360,1,0.2773363666227839,495.5643468907556,0.0,
2021-03-11 14:00:49.370,1,0.2447543886422429,494.7028795366423,0.0,
2021-03-11 14:00:49.380,1,0.2512290865824103,495.3572611993415,0.0,
2021-03-11 14:00:49.390,1,0.2418430385894028,497.22752221191183,0.0,
2021-03-11 14:00:49.400,1,0.3455211386951219,494.2899111897435,0.0,
2021-03-11 14:00:49.410,1,0.2314114460554587,498.9804858570519,0.0,
2021-03-11 14:00:49.420,1,0.2910826851446046,491.29511006382967,0.0,
2021-03-11 14:00:49.430,1,0.3041283347554953,498.1610681298267,0.0,
2021-03-11 14:00:49.440,1,0.233995319643463,494.2848598358609,0.0,
2021-03-11 14:00:49.450,1,0.257022998814342,493.23449206383196,0.0,
2021-03-11 14:00:49.460,1,0.3335665773692152,497.76976625491164,0.0,
2021-03-11 14:00:49.470,1,0.2332060280925367,499.0963213922538,0.0,
2021-03-11 14:00:49.480,1,0.2683459619952188,498.10049303813827,0.0,
2021-03-11 14:00:49.490,1,0.2573943161566717,497.13677716483915,0.0,
2021-03-11 14:00:49.500,1,0.2940698985006192,495.15997047183157,0.0,
2021-03-11 14:00:49.510,1,0.336541286253414,492.0828867345061,0.0,
2021-03-11 14:00:49.520,1,0.2536358565840028,496.879504177284,0.0,
2021-03-11 14:00:49.530,1,0.3311831108282163,496.6978642514272,0.0,
2021-03-11 14:00:49.540,1,0.2967142590687411,498.0107982738471,0.0,
2021-03-11 14:00:49.550,1,0.3577113063268712,499.1126887817559,0.0,
2021-03-11 14:00:49.560,1,0.3639428776133198,496.6189147974618,0.0,
2021-03-11 14:00:49.570,1,0.2622159974277266,498.25550560974165,0.0,
2021-03-11 14:00:49.580,1,0.3229635692442618,496.5484305679962,0.0,
2021-03-11 14:00:49.590,1,0.2869627875848458,497.5484783167784,0.0,
2021-03-11 14:00:49.600,1,0.3177465982135204,502.058680401442,0.0,
2021-03-11 14:00:49.610,1,0.3846152926460457,499.8085875328392,0.0,
2021-03-11 14:00:49.620,1,0.3903542230147999,500.24715021440005,0.0,
2021-03-11 14:00:49.630,1,0.3160849180108466,500.2292143404141,0.0,
2021-03-11 14:00:49.640,1,0.32026143289101194,501.84719108891596,0.0,
2021-03-11 14:00:49.650,1,0.2761303032327038,496.78787762891005,0.0,
2021-03-11 14:00:49.660,1,0.35958479519066106,501.39301369779037,0.0,
2021-03-11 14:00:49.670,1,0.2718617185701427,498.4655119349514,0.0,
2021-03-11 14:00:49.680,1,0.3274275647385172,500.83657899922105,0.0,
2021-03-11 14:00:49.690,1,0.3783526780877221,499.4935970313487,0.0,
2021-03-11 14:00:49.700,1,0.3626854097079235,500.72418108586373,0.0,
2021-03-11 14:00:49.710,1,0.3438864859935599,497.68429508817917,0.0,
2021-03-11 14:00:49.720,1,0.3596755273428893,497.50408175246287,0.0,
2021-03-11 14:00:49.730,1,0.4021207502123106,497.2778650518981,0.0,
2021-03-11 14:00:49.740,1,0.3099269810193726,493.06803218462403,0.0,
2021-03-11 14:00:49.750,1,0.4026078859101247,497.8412993008752,0.0,
2021-03-11 14:00:49.760,1,0.3870363087256171,496.0465307521842,0.0,
2021-03-11 14:00:49.770,1,0.2918014427607986,495.6404316019001,0.0,
2021-03-11 14:00:49.780,1,0.4130000282812813,498.96783724007264,0.0,
2021-03-11 14:00:49.790,1,0.3223339288622758,494.88409091206637,0.0,
2021-03-11 14:00:49.800,1,0.3080448799842024,500.44579494133,0.0,
2021-03-11 14:00:49.810,1,0.3542854494027382,495.1301697109749,0.0,
2021-03-11 14:00:49.820,1,0.446676255501137,489.90834406957197,0.0,
2021-03-11 14:00:49.830,1,0.4268872937608571,492.7929929170546,0.0,
2021-03-11 14:00:49.840,1,0.4429798841282754,491.9629192258061,0.0,
2021-03-11 14:00:49.850,1,0.3475833681977883,490.56392927311447,0.0,
2021-03-11 14:00:49.860,1,0.4463914565097823,494.28841696065524,0.0,
2021-03-11 14:00:49.870,1,0.3543840102560058,491.6376864954853,0.0,
2021-03-11 14:00:49.880,1,0.4057446451588138,489.99724835700164,0.0,
2021-03-11 14:00:49.890,1,0.3406477722889565,486.94073160410767,0.0,
2021-03-11 14:00:49.900,1,0.3686871769329409,489.0564784842659,0.0,
2021-03-11 14:00:49.910,1,0.4389072076482686,489.6456765812623,0.0,
2021-03-11 14:00:49.920,1,0.4392788576988204,489.35794458761,0.0,
2021-03-11 14:00:49.930,1,0.3506024850693231,486.1402212611342,0.0,
2021-03-11 14:00:49.940,1,0.3337095128530055,485.3882399960164,0.0,
2021-03-11 14:00:49.950,1,0.3510622246541789,487.7874379162492,0.0,
2021-03-11 14:00:49.960,1,0.3220858451208735,486.0575229089629,0.0,
2021-03-11 14:00:49.970,1,0.3489157996130548,482.73555896414126,0.0,
2021-03-11 14:00:49.980,1,0.3314828415111185,484.5369169961388,0.0,
2021-03-11 14:00:49.990,1,0.372133409720098,483.6688608772667,0.0,
2021-03-11 14:00:50.000,1,0.4269632211826656,480.8118224109239,0.0,
2021-03-11 14:00:50.010,1,0.3023691070719765,486.4709955949782,0.0,
2021-03-11 14:00:50.020,1,0.3528277908982316,487.2472299667354,0.0,
2021-03-11 14:00:50.030,1,0.298158840052184,485.313454213319,0.0,
2021-03-11 14:00:50.040,1,0.3101419318179945,480.1036383475139,0.0,
2021-03-11 14:00:50.050,1,0.3368397319671662,481.85637573388937,0.0,
2021-03-11 14:00:50.060,1,0.3591871500558052,480.5967397131093,0.0,
2021-03-11 14:00:50.070,1,0.3959824586100273,483.7360924406611,0.0,
2021-03-11 14:00:50.080,1,0.2937067097875218,480.8607645143882,0.0,
2021-03-11 14:00:50.090,1,0.3254806815191133,482.8068246724762,0.0,
2021-03-11 14:00:50.100,1,0.4035450874175225,485.45671733546067,0.0,
2021-03-11 14:00:50.110,1,0.3586474905617943,480.4368317418345,0.0,
2021-03-11 14:00:50.120,1,0.3243123598099586,483.45740437735856,0.0,
2021-03-11 14:00:50.130,1,0.3347801588540269,479.25943680479867,0.0,
2021-03-11 14:00:50.140,1,0.3783006301133292,488.5906476210342,0.0,
2021-03-11 14:00:50.150,1,0.2890573629113269,484.9506359119746,0.0,
2021-03-11 14:00:50.160,1,0.3629291654801735,487.67654631076937,0.0,
2021-03-11 14:00:50.170,1,0.2742235931974217,488.3004799875493,0.0,
2021-03-11 14:00:50.180,1,0.3485850212459344,490.695018046474,0.0,
2021-03-11 14:00:50.190,1,0.3236255905416967,486.8976215588023,0.0,
2021-03-11 14:00:50.200,1,0.325103892529133,491.01133542068567,0.0,
2021-03-11 14:00:50.210,1,0.3404813347492386,486.85979285197317,0.0,
2021-03-11 14:00:50.220,1,0.3606257167121913,485.7767719270723,0.0,
2021-03-11 14:00:50.230,1,0.3809467637629736,490.81374571684097,0.0,
2021-03-11 14:00:50.240,1,0.2827650988631577,490.8721534957961,0.0,
2021-03-11 14:00:50.250,1,0.2769392405907849,487.0934375624434,0.0,
2021-03-11 14:00:50.260,1,0.2939899224553128,489.887323858614,0.0,
2021-03-11 14:00:50.270,1,0.3016404515289806,487.53842966186767,0.0,
2021-03-11 14:00:50.280,1,0.3347241128260987,492.9529960171532,0.0,
2021-03-11 14:00:50.290,1,0.3337516395000706,492.06937690774834,0.0,
2021-03-11 14:00:50.300,1,0.2861059574643811,491.36171863309687,0.0,
2021-03-11 14:00:50.310,1,0.3382807129687941,492.9276981553898,0.0,
2021-03-11 14:00:50.320,1,0.2646371156222941,494.1398327820698,0.0,
2021-03-11 14:00:50.330,1,0.2940458984656721,486.2103167290202,0.0,
2021-03-11 14:00:50.340,1,0.3142330914507517,494.41332744199775,0.0,
2021-03-11 14:00:50.350,1,0.28311515646817,493.60744639569634,0.0,
2021-03-11 14:00:50.360,1,0.3090563808848833,491.7489626345752,0.0,
2021-03-11 14:00:50.370,1,0.2837760773140884,494.5354137316774,0.0,
2021-03-11 14:00:50.380,1,0.2722242814119032,495.24360321560783,0.0,
2021-03-11 14:00:50.390,1,0.2399057527441416,490.2683626712082,0.0,
2021-03-11 14:00:50.400,1,0.3212874805743839,494.5572408062858,0.0,
2021-03-11 14:00:50.410,1,0.2461943344527013,496.90207064205663,0.0,
2021-03-11 14:00:50.420,1,0.3050968756397453,494.5602520207129,0.0,
2021-03-11 14:00:50.430,1,0.3639220017799291,498.7183138549492,0.0,
2021-03-11 14:00:50.440,1,0.3134046534277101,493.32498103278175,0.0,
2021-03-11 14:00:50.450,1,0.3354321235060459,491.71459563967545,0.0,
2021-03-11 14:00:50.460,1,0.2790912751337975,493.1103969573082,0.0,
2021-03-11 14:00:50.470,1,0.3219059119985936,494.8630099737855,0.0,
2021-03-11 14:00:50.480,1,0.2575934013544638,488.8101464546977,0.0,
2021-03-11 14:00:50.490,1,0.2850886147891286,492.5445807352493,0.0,
2021-03-11 14:00:50.500,1,0.3694534111816367,496.7358514364693,0.0,
2021-03-11 14:00:50.510,1,0.3694239298545375,493.2408680323249,0.0,
2021-03-11 14:00:50.520,1,0.2972694585011077,484.9612832835042,0.0,
2021-03-11 14:00:50.530,1,0.3466267289437827,490.7190948355624,0.0,
2021-03-11 14:00:50.540,1,0.2799045748798913,493.06515454266054,0.0,
2021-03-11 14:00:50.550,1,0.2639891376313688,494.5768217588878,0.0,
2021-03-11 14:00:50.560,1,0.3489294366576717,491.9679808882587,0.0,
2021-03-11 14:00:50.570,1,0.3332368740125778,492.2412925944439,0.0,
2021-03-11 14:00:50.580,1,0.3594559825752622,492.8012749378843,0.0,
2021-03-11 14:00:50.590,1,0.3815555186529979,486.0768748002086,0.0,
2021-03-11 14:00:50.600,1,0.3018560550297527,488.785565418992,0.0,
2021-03-11 14:00:50.610,1,0.3298684718754504,487.51815783716523,0.0,
2021-03-11 14:00:50.620,1,0.3021164465480639,490.30929443389573,0.0,
2021-03-11 14:00:50.630,1,0.3798077042145326,489.8997493768888,0.0,
2021-03-11 14:00:50.640,1,0.3153569398580916,489.2032098168332,0.0,
2021-03-11 14:00:50.650,1,0.30086876109830896,486.76898477675024,0.0,
2021-03-11 14:00:50.660,1,0.3149779626365451,490.36285216227,0.0,
2021-03-11 14:00:50.670,1,0.351701616636356,489.81835180979033,0.0,
2021-03-11 14:00:50.680,1,0.3800913419414847,485.8327472811355,0.0,
2021-03-11 14:00:50.690,1,0.3210254455375508,485.823111008905,0.0,
2021-03-11 14:00:50.700,1,0.3764923608901765,490.563451307505,0.0,
2021-03-11 14:00:50.710,1,0.3740201359341912,489.08551908628084,0.0,
2021-03-11 14:00:50.720,1,0.4094156517163872,488.5945909019784,0.0,
2021-03-11 14:00:50.730,1,0.3829164498563732,485.308156893023,0.0,
2021-03-11 14:00:50.740,1,0.4099707935991741,492.7122721202202,0.0,
2021-03-11 14:00:50.750,1,0.337757675570396,486.7636463098973,0.0,
2021-03-11 14:00:50.760,1,0.280475733614808,491.035034420586,0.0,
2021-03-11 14:00:50.770,1,0.3852668811017389,492.6367780631817,0.0,
2021-03-11 14:00:50.780,1,0.359548914042438,487.923569083189,0.0,
2021-03-11 14:00:50.790,1,0.3661281722452771,490.0332476371365,0.0,
2021-03-11 14:00:50.800,1,0.3046951288132994,490.2126106851492,0.0,
2021-03-11 14:00:50.810,1,0.3808728888025116,487.8951396290774,0.0,
2021-03-11 14:00:50.820,1,0.3183618929425361,490.6213082693547,0.0,
2021-03-11 14:00:50.830,1,0.3335892090748914,491.5390763976378,0.0,
2021-03-11 14:00:50.840,1,0.4086100892502044,490.31230499492017,0.0,
2021-03-11 14:00:50.850,1,0.35693609184575,492.11212755194094,0.0,
2021-03-11 14:00:50.860,1,0.3832556646701405,491.8535678853965,0.0,
2021-03-11 14:00:50.870,1,0.3093957111811526,493.9087622889898,0.0,
2021-03-11 14:00:50.880,1,0.3979740892656574,493.26433742444834,0.0,
2021-03-11 14:00:50.890,1,0.3759741224007662,495.07352150972054,0.0,
2021-03-11 14:00:50.900,1,0.4090461765701299,487.85954410375916,0.0,
2021-03-11 14:00:50.910,1,0.3639593240133808,494.5908905881852,0.0,
2021-03-11 14:00:50.920,1,0.3059982516146276,495.2523933267299,0.0,
2021-03-11 14:00:50.930,1,0.3376920299872944,499.17109942634283,0.0,
2021-03-11 14:00:50.940,1,0.3768027958699811,496.1623307414087,0.0,
2021-03-11 14:00:50.950,1,0.3355599046131112,499.3922138756272,0.0,
2021-03-11 14:00:50.960,1,0.2775030409985261,498.20053749798575,0.0,
2021-03-11 14:00:50.970,1,0.3096139211382898,498.6489986736451,0.0,
2021-03-11 14:00:50.980,1,0.3235663987634029,495.267927830809,0.0,
2021-03-11 14:00:50.990,1,0.3436192833757315,499.6990534362326,0.0,
2021-03-11 14:00:51.000,1,0.3531585171715533,493.8469981661639,0.0,
2021-03-11 14:00:51.010,1,0.3392127089338259,502.8858210918828,0.0,
2021-03-11 14:00:51.020,1,0.3350605032403299,501.334939764551,0.0,
2021-03-11 14:00:51.030,1,0.2947821216035837,497.947143075278,0.0,
2021-03-11 14:00:51.040,1,0.3289378705942445,497.60430172096085,0.0,
2021-03-11 14:00:51.050,1,0.3454170140412975,495.2417841333293,0.0,
2021-03-11 14:00:51.060,1,0.2857842633113915,498.729701143354,0.0,
2021-03-11 14:00:51.070,1,0.3264273566484024,494.181271881916,0.0,
2021-03-11 14:00:51.080,1,0.2500473142850769,497.1843368696554,0.0,
2021-03-11 14:00:51.090,1,0.3047917417403163,502.0557558195314,0.0,
2021-03-11 14:00:51.100,1,0.3241936122997181,494.6511055055966,0.0,
2021-03-11 14:00:51.110,1,0.2698813227185873,496.5294923808522,0.0,
2021-03-11 14:00:51.120,1,0.3171342635102545,496.9907273249111,0.0,
2021-03-11 14:00:51.130,1,0.2942820347777954,497.6087663203405,0.0,
2021-03-11 14:00:51.140,1,0.335344282022985,494.4700446086413,0.0,
2021-03-11 14:00:51.150,1,0.2593516779391743,498.22400084661933,0.0,
2021-03-11 14:00:51.160,1,0.3278452070401053,492.11222964445017,0.0,
2021-03-11 14:00:51.170,1,0.2962336430469919,495.0236972824678,0.0,
2021-03-11 14:00:51.180,1,0.274353428400117,494.48086502508363,0.0,
2021-03-11 14:00:51.190,1,0.2403552508821633,498.00460627424917,0.0,
2021-03-11 14:00:51.200,1,0.2612220030312501,493.9511538771736,0.0,
2021-03-11 14:00:51.210,1,0.2494064918887205,497.24647462318796,0.0,
2021-03-11 14:00:51.220,1,0.2316409898898451,494.91530429315765,0.0,
2021-03-11 14:00:51.230,1,0.2813379005165757,495.39571506678885,0.0,
2021-03-11 14:00:51.240,1,0.2660714012619359,491.4676156689666,0.0,
2021-03-11 14:00:51.250,1,0.2453731112302025,493.3101224928415,0.0,
2021-03-11 14:00:51.260,1,0.2600519783687337,491.6453225338922,0.0,
2021-03-11 14:00:51.270,1,0.2188068926221947,491.0910257026277,0.0,
2021-03-11 14:00:51.280,1,0.2661238001390226,487.216549863041,0.0,
2021-03-11 14:00:51.290,1,0.21411484535676106,486.80479566241166,0.0,
2021-03-11 14:00:51.300,1,0.2450898940053479,489.2772784492472,0.0,
2021-03-11 14:00:51.310,1,0.2544010067605829,491.2592693542823,0.0,
2021-03-11 14:00:51.320,1,0.2652195063583292,487.7509085634794,0.0,
2021-03-11 14:00:51.330,1,0.2182316323229278,491.98689259067686,0.0,
2021-03-11 14:00:51.340,1,0.19325997795292105,486.2380623424432,0.0,
2021-03-11 14:00:51.350,1,0.2402895331133064,488.9533110052954,0.0,
2021-03-11 14:00:51.360,1,0.2424690521070086,484.7985413368652,0.0,
2021-03-11 14:00:51.370,1,0.2298368158807278,482.6294357832279,0.0,
2021-03-11 14:00:51.380,1,0.2706231243270273,486.4519106615449,0.0,
2021-03-11 14:00:51.390,1,0.190878432978737,481.59304272450754,0.0,
2021-03-11 14:00:51.400,1,0.2722412158931923,488.75407049687135,0.0,
2021-03-11 14:00:51.410,1,0.2796811939784346,488.2555192127703,0.0,
2021-03-11 14:00:51.420,1,0.2111931125035403,484.2521617485344,0.0,
2021-03-11 14:00:51.430,1,0.2384086294405653,489.3475837138111,0.0,
2021-03-11 14:00:51.440,1,0.2542388328328297,486.2058756384994,0.0,
2021-03-11 14:00:51.450,1,0.2054627858237455,487.2113472716396,0.0,
2021-03-11 14:00:51.460,1,0.2080261476375417,489.3150473216999,0.0,
2021-03-11 14:00:51.470,1,0.2271473428784685,486.9801468887843,0.0,
2021-03-11 14:00:51.480,1,0.2573399976006235,488.3661351496566,0.0,
2021-03-11 14:00:51.490,1,0.2412288659626372,489.2766499115469,0.0,
2021-03-11 14:00:51.500,1,0.2630993307349064,489.9598756708374,0.0,
2021-03-11 14:00:51.510,1,0.2623799081761753,489.6741677307022,0.0,
2021-03-11 14:00:51.520,1,0.2652150329274733,490.55317546783584,0.0,
2021-03-11 14:00:51.530,1,0.2975722332555275,486.4924286020588,0.0,
2021-03-11 14:00:51.540,1,0.2520766084061447,490.8768155205384,0.0,
2021-03-11 14:00:51.550,1,0.2197926545876593,490.5829615347152,0.0,
2021-03-11 14:00:51.560,1,0.2041890387462802,484.6224929219555,0.0,
2021-03-11 14:00:51.570,1,0.2832393158075111,489.9722711632947,0.0,
2021-03-11 14:00:51.580,1,0.2732766964723988,490.1407484650787,0.0,
2021-03-11 14:00:51.590,1,0.2800215096823283,493.1563980946939,0.0,
2021-03-11 14:00:51.600,1,0.274716945889255,489.2471929275415,0.0,
2021-03-11 14:00:51.610,1,0.2777297923677423,487.9963148778453,0.0,
2021-03-11 14:00:51.620,1,0.2805259340552949,488.2754919839954,0.0,
2021-03-11 14:00:51.630,1,0.3214712792601503,490.84619680462464,0.0,
2021-03-11 14:00:51.640,1,0.22701332361637,491.38867830925415,0.0,
2021-03-11 14:00:51.650,1,0.2835142957928422,493.440102725799,0.0,
2021-03-11 14:00:51.660,1,0.3165742351931582,490.537121232019,0.0,
2021-03-11 14:00:51.670,1,0.3211169310909529,488.65059252887056,0.0,
2021-03-11 14:00:51.680,1,0.3358973755075198,497.2221578408052,0.0,
2021-03-11 14:00:51.690,1,0.2568637029021339,490.5867864540893,0.0,
2021-03-11 14:00:51.700,1,0.287171179288656,492.71248271314585,0.0,
2021-03-11 14:00:51.710,1,0.2350424182884916,491.56706253338166,0.0,
2021-03-11 14:00:51.720,1,0.3440662850047548,491.430804280122,0.0,
2021-03-11 14:00:51.730,1,0.2350270348605354,491.8444125492765,0.0,
2021-03-11 14:00:51.740,1,0.3398242662723886,490.6133459794893,0.0,
2021-03-11 14:00:51.750,1,0.3161189496732965,494.0804158298207,0.0,
2021-03-11 14:00:51.760,1,0.2554351579771731,492.1921993598561,0.0,
2021-03-11 14:00:51.770,1,0.2605610284615509,493.607046048006,0.0,
2021-03-11 14:00:51.780,1,0.3021606614474761,487.4927226265908,0.0,
2021-03-11 14:00:51.790,1,0.2668623454089678,491.5433790123524,0.0,
2021-03-11 14:00:51.800,1,0.3687806298711532,490.2318918940214,0.0,
2021-03-11 14:00:51.810,1,0.3334261036028884,491.735050676964,0.0,
2021-03-11 14:00:51.820,1,0.3227958129326486,491.1609235253409,0.0,
2021-03-11 14:00:51.830,1,0.3524628579276673,490.34870600804084,0.0,
2021-03-11 14:00:51.840,1,0.2744699310561735,488.4103051076855,0.0,
2021-03-11 14:00:51.850,1,0.3595949379531571,490.63247823647566,0.0,
2021-03-11 14:00:51.860,1,0.3402299197280481,485.1844929033896,0.0,
2021-03-11 14:00:51.870,1,0.3008012426546252,485.696350142245,0.0,
2021-03-11 14:00:51.880,1,0.3651597979256708,487.66265662019686,0.0,
2021-03-11 14:00:51.890,1,0.3593615360777403,486.98680496110796,0.0,
2021-03-11 14:00:51.900,1,0.3507594703480742,492.3106837034262,0.0,
2021-03-11 14:00:51.910,1,0.3121260717239116,486.030434289388,0.0,
2021-03-11 14:00:51.920,1,0.3016132840435693,485.72687711762063,0.0,
2021-03-11 14:00:51.930,1,0.34285602019944506,486.9923319988282,0.0,
2021-03-11 14:00:51.940,1,0.3484029569941358,482.6418236778788,0.0,
2021-03-11 14:00:51.950,1,0.270947903371767,487.5954562183336,0.0,
2021-03-11 14:00:51.960,1,0.2804876613771578,486.48064036083457,0.0,
2021-03-11 14:00:51.970,1,0.2569927059600724,482.9836810382917,0.0,
2021-03-11 14:00:51.980,1,0.3679483734646985,481.02108787138656,0.0,
2021-03-11 14:00:51.990,1,0.3284423052836394,481.3079568640783,0.0,
2021-03-11 14:00:52.000,1,0.3652036678686914,483.43622713999235,0.0,
2021-03-11 14:00:52.010,1,0.3190023623482413,484.5783949428948,0.0,
2021-03-11 14:00:52.020,1,0.3024606136298316,480.9802312107976,0.0,
2021-03-11 14:00:52.030,1,0.3635825754951972,485.530119198916,0.0,
2021-03-11 14:00:52.040,1,0.3380560677027509,480.0943307902224,0.0,
2021-03-11 14:00:52.050,1,0.3507431087943399,481.7960041094023,0.0,
2021-03-11 14:00:52.060,1,0.3463630541074092,479.1378312327144,0.0,
2021-03-11 14:00:52.070,1,0.3217975244427481,483.8610282761096,0.0,
2021-03-11 14:00:52.080,1,0.3343085705757508,478.5880152960708,0.0,
2021-03-11 14:00:52.090,1,0.3353698329772258,482.8332230816368,0.0,
2021-03-11 14:00:52.100,1,0.3431899056924361,484.6680960556601,0.0,
2021-03-11 14:00:52.110,1,0.3158123358822963,486.45467265650115,0.0,
2021-03-11 14:00:52.120,1,0.2871897780500138,483.4736909484355,0.0,
2021-03-11 14:00:52.130,1,0.2769416822975298,483.4282773620416,0.0,
2021-03-11 14:00:52.140,1,0.2542848124425986,483.9088917520072,0.0,
2021-03-11 14:00:52.150,1,0.3268467804991131,482.70683413607736,0.0,
2021-03-11 14:00:52.160,1,0.3160652599487171,485.3655344709636,0.0,
2021-03-11 14:00:52.170,1,0.3179108516927382,483.4172493220644,0.0,
2021-03-11 14:00:52.180,1,0.3288342659958911,484.3630057738008,0.0,
2021-03-11 14:00:52.190,1,0.3423154692178208,486.5596529192716,0.0,
2021-03-11 14:00:52.200,1,0.3042254800053762,488.26045236350336,0.0,
2021-03-11 14:00:52.210,1,0.3182433842701192,481.5865402398281,0.0,
2021-03-11 14:00:52.220,1,0.2789943502590978,486.22624411572036,0.0,
2021-03-11 14:00:52.230,1,0.2507513619026142,488.0755444814647,0.0,
2021-03-11 14:00:52.240,1,0.3294515066568946,487.3308497022525,0.0,
2021-03-11 14:00:52.250,1,0.2364262936358242,490.17671041724014,0.0,
2021-03-11 14:00:52.260,1,0.279954918195481,486.5766540208884,0.0,
2021-03-11 14:00:52.270,1,0.3234790630503212,489.7887534761832,0.0,
2021-03-11 14:00:52.280,1,0.2433701868779561,483.8330974479252,0.0,
2021-03-11 14:00:52.290,1,0.2396992611177892,489.26396915201417,0.0,
2021-03-11 14:00:52.300,1,0.3393562614123472,494.58148883825163,0.0,
2021-03-11 14:00:52.310,1,0.2373565713506473,493.85957657222696,0.0,
2021-03-11 14:00:52.320,1,0.313981029669197,495.19214082098296,0.0,
2021-03-11 14:00:52.330,1,0.3080764115844765,492.5001880843152,0.0,
2021-03-11 14:00:52.340,1,0.3031355734276155,493.6626744550101,0.0,
2021-03-11 14:00:52.350,1,0.2390974616395409,487.1483033409923,0.0,
2021-03-11 14:00:52.360,1,0.2590302410597189,493.14854648852076,0.0,
2021-03-11 14:00:52.370,1,0.3270730966081624,492.87151253388464,0.0,
2021-03-11 14:00:52.380,1,0.3482942877164077,496.4401362558663,0.0,
2021-03-11 14:00:52.390,1,0.3343513905949676,495.2280825933794,0.0,
2021-03-11 14:00:52.400,1,0.2543870126250846,497.0941460720171,0.0,
2021-03-11 14:00:52.410,1,0.30663149963304603,499.6187786047573,0.0,
2021-03-11 14:00:52.420,1,0.2840020146171926,499.4530635230937,0.0,
2021-03-11 14:00:52.430,1,0.2561995302816344,495.0677000882041,0.0,
2021-03-11 14:00:52.440,1,0.2606235503176919,494.47641809274893,0.0,
2021-03-11 14:00:52.450,1,0.3175794431335816,497.7344386788581,0.0,
2021-03-11 14:00:52.460,1,0.2707402936239157,495.78799441515287,0.0,
2021-03-11 14:00:52.470,1,0.3264189415697342,495.97019596959655,0.0,
2021-03-11 14:00:52.480,1,0.3673417011323333,495.739756823725,0.0,
2021-03-11 14:00:52.490,1,0.262376420739884,493.2307996864569,0.0,
2021-03-11 14:00:52.500,1,0.3385265382500623,498.92935345233184,0.0,
2021-03-11 14:00:52.510,1,0.3454904366571218,495.94791911562737,0.0,
2021-03-11 14:00:52.520,1,0.2926907912523687,499.2040360754936,0.0,
2021-03-11 14:00:52.530,1,0.2784848782647059,492.63477399130363,0.0,
2021-03-11 14:00:52.540,1,0.2908661186368146,496.45724198451234,0.0,
2021-03-11 14:00:52.550,1,0.3694130828077679,498.82359657553855,0.0,
2021-03-11 14:00:52.560,1,0.2942995254712632,491.0085193763228,0.0,
2021-03-11 14:00:52.570,1,0.3330755644846969,497.266554935795,0.0,
2021-03-11 14:00:52.580,1,0.3824121462737374,495.5046427655365,0.0,
2021-03-11 14:00:52.590,1,0.2893974768869966,495.4209688067362,0.0,
2021-03-11 14:00:52.600,1,0.3354191015205554,492.3424530499978,0.0,
2021-03-11 14:00:52.610,1,0.2983893508623195,494.50948834952317,0.0,
2021-03-11 14:00:52.620,1,0.3529739008484735,493.6000469477111,0.0,
2021-03-11 14:00:52.630,1,0.4167997753701471,501.5366015855479,0.0,
2021-03-11 14:00:52.640,1,0.4373671465940466,494.594378179002,0.0,
2021-03-11 14:00:52.650,1,0.4098490903404732,498.05926669705536,0.0,
2021-03-11 14:00:52.660,1,0.3797909421580053,493.26879508702285,0.0,
2021-03-11 14:00:52.670,1,0.4293779195071405,490.63069294478277,0.0,
2021-03-11 14:00:52.680,1,0.4388647928601863,491.678541088905,0.0,
2021-03-11 14:00:52.690,1,0.4282724634744468,491.24693347701583,0.0,
2021-03-11 14:00:52.700,1,0.3306946806645537,491.10808117783165,0.0,
2021-03-11 14:00:52.710,1,0.3534708332946354,492.12085577653914,0.0,
2021-03-11 14:00:52.720,1,0.4228599836061995,491.5180726877495,0.0,
2021-03-11 14:00:52.730,1,0.4388072222676061,494.6553515557603,0.0,
2021-03-11 14:00:52.740,1,0.3429138903850726,494.1507435636452,0.0,
2021-03-11 14:00:52.750,1,0.3382915291849404,494.0857635795364,0.0,
2021-03-11 14:00:52.760,1,0.3636073258463907,493.0232429383234,0.0,
2021-03-11 14:00:52.770,1,0.3626556793496461,491.64872486854375,0.0,
2021-03-11 14:00:52.780,1,0.3896669392557709,495.83977056168436,0.0,
2021-03-11 14:00:52.790,1,0.4795593245457286,491.7044278473617,0.0,
2021-03-11 14:00:52.800,1,0.4313171467677808,492.909389408038,0.0,
2021-03-11 14:00:52.810,1,0.4735881966801876,497.2589490626426,0.0,
2021-03-11 14:00:52.820,1,0.4307030741784263,494.01587638916135,0.0,
2021-03-11 14:00:52.830,1,0.5246547416264418,497.0086316049197,0.0,
2021-03-11 14:00:52.840,1,0.3715005865906394,498.0043977184883,0.0,
2021-03-11 14:00:52.850,1,0.5171238765630903,498.6844796932068,0.0,
2021-03-11 14:00:52.860,1,0.376902491098755,498.5080813740513,0.0,
2021-03-11 14:00:52.870,1,0.4200416924392001,498.6423586232766,0.0,
2021-03-11 14:00:52.880,1,0.3788026783481036,502.6527075623642,0.0,
2021-03-11 14:00:52.890,1,0.4444542611917992,500.2204644743778,0.0,
2021-03-11 14:00:52.900,1,0.4672879647228525,501.7100609179667,0.0,
2021-03-11 14:00:52.910,1,0.3843442724844871,502.4033080686309,0.0,
2021-03-11 14:00:52.920,1,0.441016127439798,499.67386715436027,0.0,
2021-03-11 14:00:52.930,1,0.4120629696512927,503.08463597948446,0.0,
2021-03-11 14:00:52.940,1,0.4141318249576339,505.0167325386541,0.0,
2021-03-11 14:00:52.950,1,0.4763072127057646,499.95665227161817,0.0,
2021-03-11 14:00:52.960,1,0.4294533604615063,501.95846365718336,0.0,
2021-03-11 14:00:52.970,1,0.4404955361925701,506.9007909504789,0.0,
2021-03-11 14:00:52.980,1,0.5167394099092929,510.5311242898353,0.0,
2021-03-11 14:00:52.990,1,0.4979157635903953,502.6328657749597,0.0,
2021-03-11 14:00:53.000,1,0.5074479152802724,505.2206006383186,0.0,
2021-03-11 14:00:53.010,1,0.366313580781919,508.09436223717347,0.0,
2021-03-11 14:00:53.020,1,0.5020011991450316,509.9385145311929,0.0,
2021-03-11 14:00:53.030,1,0.4720754981506023,510.2619201956875,0.0,
2021-03-11 14:00:53.040,1,0.4458083352666305,507.22826925298114,0.0,
2021-03-11 14:00:53.050,1,0.422167086489451,513.0169135250759,0.0,
2021-03-11 14:00:53.060,1,0.3882882449246116,508.51178603525136,0.0,
2021-03-11 14:00:53.070,1,0.3979981032951843,509.10826361044616,0.0,
2021-03-11 14:00:53.080,1,0.4300810404780535,510.23194169312853,0.0,
2021-03-11 14:00:53.090,1,0.4292800972000303,510.1143424484824,0.0,
2021-03-11 14:00:53.100,1,0.3861129204356555,512.2969167234884,0.0,
2021-03-11 14:00:53.110,1,0.4862591089947521,508.5952555679399,0.0,
2021-03-11 14:00:53.120,1,0.4656655494196472,509.973124473314,0.0,
2021-03-11 14:00:53.130,1,0.3566925257956779,509.02871836388977,0.0,
2021-03-11 14:00:53.140,1,0.4565531731631637,511.42849593915224,0.0,
2021-03-11 14:00:53.150,1,0.4713240531903727,509.3590143094404,0.0,
2021-03-11 14:00:53.160,1,0.437724765260679,510.15297300644994,0.0,
2021-03-11 14:00:53.170,1,0.4262225215513719,508.1793556229216,0.0,
2021-03-11 14:00:53.180,1,0.4054561193686357,506.52443517428077,0.0,
2021-03-11 14:00:53.190,1,0.4393507518511587,508.7424131596096,0.0,
2021-03-11 14:00:53.200,1,0.4920712901184643,510.9321009750501,0.0,
2021-03-11 14:00:53.210,1,0.3599338615639634,509.399251257632,0.0,
2021-03-11 14:00:53.220,1,0.3607590414105889,510.629061845619,0.0,
2021-03-11 14:00:53.230,1,0.4880211863718801,505.9328134052428,0.0,
2021-03-11 14:00:53.240,1,0.3891782879454094,509.1468264842583,0.0,
2021-03-11 14:00:53.250,1,0.3959031076395202,507.55205201419113,0.0,
2021-03-11 14:00:53.260,1,0.3760192432246518,505.95949957855635,0.0,
2021-03-11 14:00:53.270,1,0.4686154030786136,506.02715542267373,0.0,
2021-03-11 14:00:53.280,1,0.4152970655714784,501.5413723630478,0.0,
2021-03-11 14:00:53.290,1,0.4165111941883243,501.12103318380076,0.0,
2021-03-11 14:00:53.300,1,0.479704033806337,505.74256377598226,0.0,
2021-03-11 14:00:53.310,1,0.4692448309518423,506.7081723315125,0.0,
2021-03-11 14:00:53.320,1,0.3863700601329292,507.9515315920832,0.0,
2021-03-11 14:00:53.330,1,0.35871396921135706,502.8658257787465,0.0,
2021-03-11 14:00:53.340,1,0.3386785866468311,503.35463758147364,0.0,
2021-03-11 14:00:53.350,1,0.4518859613780246,501.34080646787766,0.0,
2021-03-11 14:00:53.360,1,0.3466112420194756,502.3728466573308,0.0,
2021-03-11 14:00:53.370,1,0.4909333481771879,498.0376513533394,0.0,
2021-03-11 14:00:53.380,1,0.4204143463293147,499.8692243641565,0.0,
2021-03-11 14:00:53.390,1,0.4135092542028135,501.2093399386383,0.0,
2021-03-11 14:00:53.400,1,0.3410708527057705,498.89904780843887,0.0,
2021-03-11 14:00:53.410,1,0.4230467032726351,501.1920737939199,0.0,
2021-03-11 14:00:53.420,1,0.4059957398534993,500.15515326438543,0.0,
2021-03-11 14:00:53.430,1,0.4714886402828427,500.6960713319542,0.0,
2021-03-11 14:00:53.440,1,0.3961654108836751,502.9375688085905,0.0,
2021-03-11 14:00:53.450,1,0.3732203053965756,500.90966338998567,0.0,
2021-03-11 14:00:53.460,1,0.373409544610601,500.2806510177162,0.0,
2021-03-11 14:00:53.470,1,0.3716091902572191,500.86960050603966,0.0,
2021-03-11 14:00:53.480,1,0.3933598581655854,499.6457137349321,0.0,
2021-03-11 14:00:53.490,1,0.4438148890128965,499.0666872799057,0.0,
2021-03-11 14:00:53.500,1,0.4458826425601856,499.5217624441111,0.0,
2021-03-11 14:00:53.510,1,0.4862440623123604,502.0355490652761,0.0,
2021-03-11 14:00:53.520,1,0.3653281407776581,498.90549009349996,0.0,
2021-03-11 14:00:53.530,1,0.5059466800099108,503.1141614469754,0.0,
2021-03-11 14:00:53.540,1,0.3677639445944497,502.40732350534006,0.0,
2021-03-11 14:00:53.550,1,0.5119916841942721,502.1539306891725,0.0,
2021-03-11 14:00:53.560,1,0.4213691818428313,503.2742446575229,0.0,
2021-03-11 14:00:53.570,1,0.4488872210934688,503.7367861812288,0.0,
2021-03-11 14:00:53.580,1,0.4409411091111405,500.64234475305574,0.0,
2021-03-11 14:00:53.590,1,0.3888704613733378,502.8156430882231,0.0,
2021-03-11 14:00:53.600,1,0.3863799270501144,507.6002845765767,0.0,
2021-03-11 14:00:53.610,1,0.3803627115861038,504.4772647404429,0.0,
2021-03-11 14:00:53.620,1,0.446982577333457,507.38209104437743,0.0,
2021-03-11 14:00:53.630,1,0.4794443851855076,508.43822086950087,0.0,
2021-03-11 14:00:53.640,1,0.4402835567085361,499.35324387219697,0.0,
2021-03-11 14:00:53.650,1,0.4676501070850085,505.6177584485212,0.0,
2021-03-11 14:00:53.660,1,0.4415442055263078,502.75079493763087,0.0,
2021-03-11 14:00:53.670,1,0.4407724313404854,508.5939476350489,0.0,
2021-03-11 14:00:53.680,1,0.4806684356223627,504.1131585234476,0.0,
2021-03-11 14:00:53.690,1,0.4319594528390316,505.84652094867994,0.0,
2021-03-11 14:00:53.700,1,0.4276705477581405,506.36949651458417,0.0,
2021-03-11 14:00:53.710,1,0.4800055969126414,508.9987750875702,0.0,
2021-03-11 14:00:53.720,1,0.5476383551546999,509.3795019581376,0.0,
2021-03-11 14:00:53.730,1,0.5358068134094618,505.65544967468367,0.0,
2021-03-11 14:00:53.740,1,0.5291946429564562,507.876958194651,0.0,
2021-03-11 14:00:53.750,1,0.5216422521188331,507.1771744638785,0.0,
2021-03-11 14:00:53.760,1,0.4780970084172893,506.533287065849,0.0,
2021-03-11 14:00:53.770,1,0.4919672624214372,510.0665721923505,0.0,
2021-03-11 14:00:53.780,1,0.4465233826001684,506.2108012690903,0.0,
2021-03-11 14:00:53.790,1,0.4894513044822629,509.86620141752036,0.0,
2021-03-11 14:00:53.800,1,0.55913001438767,504.73062969021316,0.0,
2021-03-11 14:00:53.810,1,0.5692960804900976,510.15450512678285,0.0,
2021-03-11 14:00:53.820,1,0.4525834956812879,506.3381173040637,0.0,
2021-03-11 14:00:53.830,1,0.5216339070654569,506.5553903767779,0.0,
2021-03-11 14:00:53.840,1,0.5034362090144902,504.15585485381683,0.0,
2021-03-11 14:00:53.850,1,0.4024625014837364,503.9201144022091,0.0,
2021-03-11 14:00:53.860,1,0.5766173278039927,505.452422136961,0.0,
2021-03-11 14:00:53.870,1,0.5566899988067946,504.23591601373323,0.0,
2021-03-11 14:00:53.880,1,0.4597296243778295,505.8468365452458,0.0,
2021-03-11 14:00:53.890,1,0.4439182212836769,500.9755119578897,0.0,
2021-03-11 14:00:53.900,1,0.4821366989733356,503.6374694235117,0.0,
2021-03-11 14:00:53.910,1,0.5438331159877584,499.001623343565,0.0,
2021-03-11 14:00:53.920,1,0.4496178191441612,504.8762752579057,0.0,
2021-03-11 14:00:53.930,1,0.4664636001553567,501.3405861793967,0.0,
2021-03-11 14:00:53.940,1,0.4299244032877188,503.1619366419279,0.0,
2021-03-11 14:00:53.950,1,0.4553098073275749,503.12946277757584,0.0,
2021-03-11 14:00:53.960,1,0.5229783742575908,500.5704990534661,0.0,
2021-03-11 14:00:53.970,1,0.4538167257509393,503.38545271436953,0.0,
2021-03-11 14:00:53.980,1,0.5529646971167256,496.2893110782723,0.0,
2021-03-11 14:00:53.990,1,0.4229253621932904,497.5380581887521,0.0,
2021-03-11 14:00:54.000,1,0.4333340829337732,499.6146939959078,0.0,
2021-03-11 14:00:54.010,1,0.43325426941821,496.20927253800056,0.0,
2021-03-11 14:00:54.020,1,0.3864186685906087,499.3539874539547,0.0,
2021-03-11 14:00:54.030,1,0.4439555912500203,496.0178803447689,0.0,
2021-03-11 14:00:54.040,1,0.4025725088802794,498.4051266771245,0.0,
2021-03-11 14:00:54.050,1,0.4616773348764949,498.20646465756704,0.0,
2021-03-11 14:00:54.060,1,0.3941422510300005,491.7086382042804,0.0,
2021-03-11 14:00:54.070,1,0.4584639254271642,498.14714681440523,0.0,
2021-03-11 14:00:54.080,1,0.4598338627700832,497.99077627673853,0.0,
2021-03-11 14:00:54.090,1,0.4521145375093627,497.42515662003035,0.0,
2021-03-11 14:00:54.100,1,0.4804349376380061,498.2578604221978,0.0,
2021-03-11 14:00:54.110,1,0.4991288684028248,488.1709567780911,0.0,
2021-03-11 14:00:54.120,1,0.3967760306971074,494.2680778479962,0.0,
2021-03-11 14:00:54.130,1,0.4514101118865291,496.4192932809776,0.0,
2021-03-11 14:00:54.140,1,0.4426827496037183,492.1541294960337,0.0,
2021-03-11 14:00:54.150,1,0.4699697109045974,498.7382323794803,0.0,
2021-03-11 14:00:54.160,1,0.3804500927133664,499.7851179242466,0.0,
2021-03-11 14:00:54.170,1,0.4004094821894723,495.19601342272176,0.0,
2021-03-11 14:00:54.180,1,0.3823554633192198,494.456132268765,0.0,
2021-03-11 14:00:54.190,1,0.3623774675367564,501.0503635803038,0.0,
2021-03-11 14:00:54.200,1,0.3494955830625338,497.9006819747081,0.0,
2021-03-11 14:00:54.210,1,0.4716884691892137,498.9527813857799,0.0,
2021-03-11 14:00:54.220,1,0.4294893818470233,497.8486254579776,0.0,
2021-03-11 14:00:54.230,1,0.4203782835503638,500.086474065004,0.0,
2021-03-11 14:00:54.240,1,0.3189211179119511,498.898807124362,0.0,
2021-03-11 14:00:54.250,1,0.3577126997942353,501.82154984095985,0.0,
2021-03-11 14:00:54.260,1,0.3358112739146875,497.84094661248633,0.0,
2021-03-11 14:00:54.270,1,0.3615935922501779,499.8486361798886,0.0,
2021-03-11 14:00:54.280,1,0.3950958411713357,501.77046260286295,0.0,
2021-03-11 14:00:54.290,1,0.3564353197535528,500.4618169382599,0.0,
2021-03-11 14:00:54.300,1,0.3830927725284023,501.2060642685704,0.0,
2021-03-11 14:00:54.310,1,0.4108219150800916,503.9355782979573,0.0,
2021-03-11 14:00:54.320,1,0.309332818582532,503.5157106551717,0.0,
2021-03-11 14:00:54.330,1,0.2964540970631996,503.6392546611302,0.0,
2021-03-11 14:00:54.340,1,0.4461777621926052,506.5318878496282,0.0,
2021-03-11 14:00:54.350,1,0.3856406484062608,509.54192933888083,0.0,
2021-03-11 14:00:54.360,1,0.2962014139355379,508.1781733260517,0.0,
2021-03-11 14:00:54.370,1,0.3487814548863852,505.4450096743652,0.0,
2021-03-11 14:00:54.380,1,0.3145540652349715,506.2871101107544,0.0,
2021-03-11 14:00:54.390,1,0.3089542682241021,508.8587191611364,0.0,
2021-03-11 14:00:54.400,1,0.3001568030963992,506.9055194758152,0.0,
2021-03-11 14:00:54.410,1,0.3400717026101961,513.8343005187136,0.0,
2021-03-11 14:00:54.420,1,0.4434828410392531,506.27786272355536,0.0,
2021-03-11 14:00:54.430,1,0.3739409229331745,509.8459064554123,0.0,
2021-03-11 14:00:54.440,1,0.4023069030493741,514.9099947250161,0.0,
2021-03-11 14:00:54.450,1,0.3466051950124708,513.1642602177425,0.0,
2021-03-11 14:00:54.460,1,0.4420809674168776,509.7951860298823,0.0,
2021-03-11 14:00:54.470,1,0.3804259067832605,507.8090548712212,0.0,
2021-03-11 14:00:54.480,1,0.3375618162666162,510.526033019549,0.0,
2021-03-11 14:00:54.490,1,0.3099062180569629,515.9016901596357,0.0,
2021-03-11 14:00:54.500,1,0.4525739222890821,514.4619390965196,0.0,
2021-03-11 14:00:54.510,1,0.3934321500319224,510.0089762561204,0.0,
2021-03-11 14:00:54.520,1,0.3255666162970851,511.3909311669661,0.0,
2021-03-11 14:00:54.530,1,0.3602560064602508,508.840309659235,0.0,
2021-03-11 14:00:54.540,1,0.4232633569757517,507.2665997538186,0.0,
2021-03-11 14:00:54.550,1,0.3118960769677878,509.4802757790503,0.0,
2021-03-11 14:00:54.560,1,0.418627817965016,508.0366966005232,0.0,
2021-03-11 14:00:54.570,1,0.4152757924104309,513.5865383361058,0.0,
2021-03-11 14:00:54.580,1,0.4317280488277002,505.34980739861743,0.0,
2021-03-11 14:00:54.590,1,0.3174863404755614,508.5174984933036,0.0,
2021-03-11 14:00:54.600,1,0.4143891171580693,504.8253650381922,0.0,
2021-03-11 14:00:54.610,1,0.4751463336050791,507.8925208836368,0.0,
2021-03-11 14:00:54.620,1,0.4625404666132321,507.38651682746286,0.0,
2021-03-11 14:00:54.630,1,0.4545121844748725,509.0217121230297,0.0,
2021-03-11 14:00:54.640,1,0.3700767308193873,505.3153470446912,0.0,
2021-03-11 14:00:54.650,1,0.3804717124950156,505.40053998128434,0.0,
2021-03-11 14:00:54.660,1,0.4628365166364073,508.30848415412316,0.0,
2021-03-11 14:00:54.670,1,0.3341431852053493,505.5678197644246,0.0,
2021-03-11 14:00:54.680,1,0.4846769007249334,508.3300425631752,0.0,
2021-03-11 14:00:54.690,1,0.393751950838334,505.95155714896674,0.0,
2021-03-11 14:00:54.700,1,0.4018846904034389,503.96093165113405,0.0,
2021-03-11 14:00:54.710,1,0.4547979369261117,500.62347713155884,0.0,
2021-03-11 14:00:54.720,1,0.4044406539844337,507.86726218633277,0.0,
2021-03-11 14:00:54.730,1,0.3846757481606507,503.23263493620595,0.0,
2021-03-11 14:00:54.740,1,0.4229918816259865,500.27894478435206,0.0,
2021-03-11 14:00:54.750,1,0.4102498213372969,506.8179381358353,0.0,
2021-03-11 14:00:54.760,1,0.3993619561624333,505.3689984298397,0.0,
2021-03-11 14:00:54.770,1,0.4720466732947012,503.3174317803389,0.0,
2021-03-11 14:00:54.780,1,0.4456078596459878,503.194380651686,0.0,
2021-03-11 14:00:54.790,1,0.4675485740407242,498.8781012987269,0.0,
2021-03-11 14:00:54.800,1,0.4679042624793954,508.9575004289769,0.0,
2021-03-11 14:00:54.810,1,0.4703370929602983,507.0533213669163,0.0,
2021-03-11 14:00:54.820,1,0.3817353273103648,504.5525188067588,0.0,
2021-03-11 14:00:54.830,1,0.3596230383055455,508.70179427873046,0.0,
2021-03-11 14:00:54.840,1,0.438640869505238,503.61518598370634,0.0,
2021-03-11 14:00:54.850,1,0.4289609421607001,503.90426495569125,0.0,
2021-03-11 14:00:54.860,1,0.3717338261732799,503.25658413386816,0.0,
2021-03-11 14:00:54.870,1,0.4372537872905973,504.3802967542279,0.0,
2021-03-11 14:00:54.880,1,0.5023231644307592,510.93400859129616,0.0,
2021-03-11 14:00:54.890,1,0.5019691951515376,512.1392703016945,0.0,
2021-03-11 14:00:54.900,1,0.3534596444029992,509.2677598549759,0.0,
2021-03-11 14:00:54.910,1,0.3978847702579461,503.8334742222222,0.0,
2021-03-11 14:00:54.920,1,0.4258805939829505,510.51490983578634,0.0,
2021-03-11 14:00:54.930,1,0.3580865145085858,512.5380793549136,0.0,
2021-03-11 14:00:54.940,1,0.4123636695006433,511.410566198672,0.0,
2021-03-11 14:00:54.950,1,0.3934063483210437,511.4127843367738,0.0,
2021-03-11 14:00:54.960,1,0.3437197782897257,511.8713471294751,0.0,
2021-03-11 14:00:54.970,1,0.4044200594096121,508.7900944621975,0.0,
2021-03-11 14:00:54.980,1,0.4100555377913475,506.74536412732766,0.0,
2021-03-11 14:00:54.990,1,0.3388082834046104,513.5622360661623,0.0,
2021-03-11 14:00:55.000,1,0.3296983100208284,514.4950190208353,0.0,
2021-03-11 14:00:55.010,1,0.4669150365063504,511.928366477848,0.0,
2021-03-11 14:00:55.020,1,0.3621673715254621,513.9550613353347,0.0,
2021-03-11 14:00:55.030,1,0.435605541885427,516.686004623268,0.0,
2021-03-11 14:00:55.040,1,0.3614999164079502,512.4225477611565,0.0,
2021-03-11 14:00:55.050,1,0.4298079827821176,515.0175310904912,0.0,
2021-03-11 14:00:55.060,1,0.3637951566128418,515.6150021843904,0.0,
2021-03-11 14:00:55.070,1,0.3903363444861149,513.4704980490752,0.0,
2021-03-11 14:00:55.080,1,0.3504272306101416,515.2380769992974,0.0,
2021-03-11 14:00:55.090,1,0.4052083522492379,516.7218535103358,0.0,
2021-03-11 14:00:55.100,1,0.3834219292088238,512.2966700977304,0.0,
2021-03-11 14:00:55.110,1,0.3769207361088968,516.5237850699061,0.0,
2021-03-11 14:00:55.120,1,0.3783309624883916,514.7534929920331,0.0,
2021-03-11 14:00:55.130,1,0.4169413149077921,518.9753762272079,0.0,
2021-03-11 14:00:55.140,1,0.3606004752257011,519.5527118640033,0.0,
2021-03-11 14:00:55.150,1,0.3032304536726286,519.3004810609935,0.0,
2021-03-11 14:00:55.160,1,0.3984304993748917,511.9243474433265,0.0,
2021-03-11 14:00:55.170,1,0.398311972748256,516.0101283878682,0.0,
2021-03-11 14:00:55.180,1,0.3653374468003889,511.5312833142577,0.0,
2021-03-11 14:00:55.190,1,0.3862409431149922,515.0908553702319,0.0,
2021-03-11 14:00:55.200,1,0.2977649255216681,519.6431487619482,0.0,
2021-03-11 14:00:55.210,1,0.3349224375623342,515.5241009867286,0.0,
2021-03-11 14:00:55.220,1,0.3533269261839533,519.3487304825891,0.0,
2021-03-11 14:00:55.230,1,0.2913041231231139,518.3352894904268,0.0,
2021-03-11 14:00:55.240,1,0.2911572396056242,512.0908603210119,0.0,
2021-03-11 14:00:55.250,1,0.3281556019321754,508.8118444586296,0.0,
2021-03-11 14:00:55.260,1,0.4048804217167482,513.2099809446792,0.0,
2021-03-11 14:00:55.270,1,0.3102782623580976,507.1184793901336,0.0,
2021-03-11 14:00:55.280,1,0.3448847983841385,508.9231479448394,0.0,
2021-03-11 14:00:55.290,1,0.2930797744380951,507.69150579651017,0.0,
2021-03-11 14:00:55.300,1,0.4041586857588097,509.1030120805268,0.0,
2021-03-11 14:00:55.310,1,0.3672087797664814,512.4103441642338,0.0,
2021-03-11 14:00:55.320,1,0.2901913321161878,508.5858049721359,0.0,
2021-03-11 14:00:55.330,1,0.4190776013338771,503.34442346587855,0.0,
2021-03-11 14:00:55.340,1,0.3495291828267813,510.1735168966432,0.0,
2021-03-11 14:00:55.350,1,0.3733446790179672,507.5521008814761,0.0,
2021-03-11 14:00:55.360,1,0.2887196019087824,506.7691546890546,0.0,
2021-03-11 14:00:55.370,1,0.39482673211846,506.79030483210863,0.0,
2021-03-11 14:00:55.380,1,0.3174059875377389,505.7153994471952,0.0,
2021-03-11 14:00:55.390,1,0.4148139702965053,504.7744488971366,0.0,
2021-03-11 14:00:55.400,1,0.3324163478573437,504.7374843264456,0.0,
2021-03-11 14:00:55.410,1,0.375793474915841,503.2391728799955,0.0,
2021-03-11 14:00:55.420,1,0.433470038652757,496.8953555932338,0.0,
2021-03-11 14:00:55.430,1,0.4079839953953038,502.2993099384751,0.0,
2021-03-11 14:00:55.440,1,0.3615016946807219,502.6635787724792,0.0,
2021-03-11 14:00:55.450,1,0.2896495360551391,503.18085123050565,0.0,
2021-03-11 14:00:55.460,1,0.4118379133470071,501.8596356370911,0.0,
2021-03-11 14:00:55.470,1,0.3013133752479812,503.0092616748678,0.0,
2021-03-11 14:00:55.480,1,0.4323459699338478,500.5994949019548,0.0,
2021-03-11 14:00:55.490,1,0.3579052172139688,503.8843712641562,0.0,
2021-03-11 14:00:55.500,1,0.4027392181913506,502.96851673561247,0.0,
2021-03-11 14:00:55.510,1,0.4149242332998558,502.0657467491095,0.0,
2021-03-11 14:00:55.520,1,0.4173161544278962,508.81541128019364,0.0,
2021-03-11 14:00:55.530,1,0.3844091454689696,499.77272207955457,0.0,
2021-03-11 14:00:55.540,1,0.4656765529985587,502.06329733096186,0.0,
2021-03-11 14:00:55.550,1,0.3892544854649292,500.5705319655857,0.0,
2021-03-11 14:00:55.560,1,0.3960707725029179,502.6621304991197,0.0,
2021-03-11 14:00:55.570,1,0.4196200961090243,503.036131987944,0.0,
2021-03-11 14:00:55.580,1,0.3304390042813232,505.31806431314163,0.0,
2021-03-11 14:00:55.590,1,0.34759646789477805,497.2433609686965,0.0,
2021-03-11 14:00:55.600,1,0.3583464791506787,503.2931044943238,0.0,
2021-03-11 14:00:55.610,1,0.3994358143253331,501.5087038207382,0.0,
2021-03-11 14:00:55.620,1,0.4684717607974254,503.0408989941732,0.0,
2021-03-11 14:00:55.630,1,0.3850339333349025,504.916597784069,0.0,
2021-03-11 14:00:55.640,1,0.3862009490792008,499.033863201882,0.0,
2021-03-11 14:00:55.650,1,0.3787098667021027,502.7900871597065,0.0,
2021-03-11 14:00:55.660,1,0.4700003137283826,505.7904498456072,0.0,
2021-03-11 14:00:55.670,1,0.3567698632755012,505.25773276138773,0.0,
2021-03-11 14:00:55.680,1,0.3514584680778843,506.0712645436558,0.0,
2021-03-11 14:00:55.690,1,0.3628666996415104,505.5201059253712,0.0,
2021-03-11 14:00:55.700,1,0.3919563450992426,504.65919619916053,0.0,
2021-03-11 14:00:55.710,1,0.3972658499520269,505.12155672347086,0.0,
2021-03-11 14:00:55.720,1,0.4184316115046556,506.1863159975112,0.0,
2021-03-11 14:00:55.730,1,0.5049029833081434,504.162590238536,0.0,
2021-03-11 14:00:55.740,1,0.4943647248349554,505.890492094114,0.0,
2021-03-11 14:00:55.750,1,0.4661167038159023,508.8749094417717,0.0,
2021-03-11 14:00:55.760,1,0.4532674592120492,507.99222159764594,0.0,
2021-03-11 14:00:55.770,1,0.3874851542438484,511.7884092955592,0.0,
2021-03-11 14:00:55.780,1,0.4382970351282809,505.5702439063404,0.0,
2021-03-11 14:00:55.790,1,0.3877330173048701,501.1078170012395,0.0,
2021-03-11 14:00:55.800,1,0.4558214617683257,510.4673722470637,0.0,
2021-03-11 14:00:55.810,1,0.4417312866332245,506.0108232596717,0.0,
2021-03-11 14:00:55.820,1,0.3616727128457372,505.2146604496448,0.0,
2021-03-11 14:00:55.830,1,0.3765137325574541,509.8111365446717,0.0,
2021-03-11 14:00:55.840,1,0.5165219824634781,506.6224741966343,0.0,
2021-03-11 14:00:55.850,1,0.5198230578278442,502.1763106526526,0.0,
2021-03-11 14:00:55.860,1,0.4963744063711334,504.80373774381513,0.0,
2021-03-11 14:00:55.870,1,0.4389717390768173,506.25659273207566,0.0,
2021-03-11 14:00:55.880,1,0.4001277797997188,505.9559151501338,0.0,
2021-03-11 14:00:55.890,1,0.5189726735708691,501.2777795333583,0.0,
2021-03-11 14:00:55.900,1,0.488182959245497,500.6316437185877,0.0,
2021-03-11 14:00:55.910,1,0.5218334257762584,506.7764429324155,0.0,
2021-03-11 14:00:55.920,1,0.4152979169299245,503.21476204090055,0.0,
2021-03-11 14:00:55.930,1,0.4411139643377981,503.0143288324427,0.0,
2021-03-11 14:00:55.940,1,0.4076976878419583,498.11349450098686,0.0,
2021-03-11 14:00:55.950,1,0.3693159545167923,499.1668430580072,0.0,
2021-03-11 14:00:55.960,1,0.3752979005265411,497.7153669384813,0.0,
2021-03-11 14:00:55.970,1,0.4528818180360114,491.60286381766855,0.0,
2021-03-11 14:00:55.980,1,0.5032064260686523,495.82743747714585,0.0,
2021-03-11 14:00:55.990,1,0.4915814103227526,495.8763620698693,0.0,
2021-03-11 14:00:56.000,1,0.4024509948090919,496.3500156435556,0.0,
2021-03-11 14:00:56.010,1,0.4417501542284253,493.7539873387036,0.0,
2021-03-11 14:00:56.020,1,0.4940516739107665,499.81307848753954,0.0,
2021-03-11 14:00:56.030,1,0.3941142081445511,494.3799850894784,0.0,
2021-03-11 14:00:56.040,1,0.3699305360772842,493.7503742724885,0.0,
2021-03-11 14:00:56.050,1,0.4895236067063575,493.2471153190686,0.0,
2021-03-11 14:00:56.060,1,0.494123277029949,493.02687051270806,0.0,
2021-03-11 14:00:56.070,1,0.3993968341490715,494.0785778669313,0.0,
2021-03-11 14:00:56.080,1,0.4027040195722916,489.7077881193808,0.0,
2021-03-11 14:00:56.090,1,0.3707580490970296,487.99731817075485,0.0,
2021-03-11 14:00:56.100,1,0.492708113369851,493.7731356520066,0.0,
2021-03-11 14:00:56.110,1,0.4840990642774405,493.97531098793615,0.0,
2021-03-11 14:00:56.120,1,0.457452366776805,497.69987761010435,0.0,
2021-03-11 14:00:56.130,1,0.402154597196173,487.1412166508539,0.0,
2021-03-11 14:00:56.140,1,0.3429849662276187,497.1077266397229,0.0,
2021-03-11 14:00:56.150,1,0.3614325004849142,491.8476220595393,0.0,
2021-03-11 14:00:56.160,1,0.413750006137695,490.0100305671704,0.0,
2021-03-11 14:00:56.170,1,0.3775081035883199,491.4048643071666,0.0,
2021-03-11 14:00:56.180,1,0.3276233853243563,490.5706775283637,0.0,
2021-03-11 14:00:56.190,1,0.4532242753373944,492.447062835973,0.0,
2021-03-11 14:00:56.200,1,0.3442637402633169,494.8023989398586,0.0,
2021-03-11 14:00:56.210,1,0.4401919240292259,494.66762052952276,0.0,
2021-03-11 14:00:56.220,1,0.4405597112837923,492.07363048523837,0.0,
2021-03-11 14:00:56.230,1,0.4600926302909171,495.2655657844412,0.0,
2021-03-11 14:00:56.240,1,0.3199015570516998,492.0510095052153,0.0,
2021-03-11 14:00:56.250,1,0.3224858423476657,491.8002671550975,0.0,
2021-03-11 14:00:56.260,1,0.359658809125239,497.7500714123513,0.0,
2021-03-11 14:00:56.270,1,0.3536780913788135,493.695220099199,0.0,
2021-03-11 14:00:56.280,1,0.3186488940217253,492.3081633351347,0.0,
2021-03-11 14:00:56.290,1,0.3247020333287345,499.1761901259136,0.0,
2021-03-11 14:00:56.300,1,0.4227222219210096,494.26871859479,0.0,
2021-03-11 14:00:56.310,1,0.3437918827803563,490.31525521900085,0.0,
2021-03-11 14:00:56.320,1,0.3273826344559719,498.30778233474365,0.0,
2021-03-11 14:00:56.330,1,0.4157690125835875,495.606063132886,0.0,
2021-03-11 14:00:56.340,1,0.4219393011073235,497.15684670227205,0.0,
2021-03-11 14:00:56.350,1,0.4419556167746257,501.545939228453,0.0,
2021-03-11 14:00:56.360,1,0.3830329248981062,500.01682758416536,0.0,
2021-03-11 14:00:56.370,1,0.3011690527247342,500.94672726816185,0.0,
2021-03-11 14:00:56.380,1,0.3662819854505347,499.8333826913407,0.0,
2021-03-11 14:00:56.390,1,0.3414334657496621,501.02776399123115,0.0,
2021-03-11 14:00:56.400,1,0.3567985439518357,500.1988735560389,0.0,
2021-03-11 14:00:56.410,1,0.4082351875494672,499.006188156881,0.0,
2021-03-11 14:00:56.420,1,0.4206562097566342,499.6550105126801,0.0,
2021-03-11 14:00:56.430,1,0.3664860065779022,503.8950222723668,0.0,
2021-03-11 14:00:56.440,1,0.3899612184199333,502.3395163092328,0.0,
2021-03-11 14:00:56.450,1,0.4250402219983747,507.2323542274801,0.0,
2021-03-11 14:00:56.460,1,0.3111505580396347,501.9439597627902,0.0,
2021-03-11 14:00:56.470,1,0.4133736585075984,504.802466205768,0.0,
2021-03-11 14:00:56.480,1,0.3392019076472375,504.8827292458852,0.0,
2021-03-11 14:00:56.490,1,0.3990737825464954,497.9579884936219,0.0,
2021-03-11 14:00:56.500,1,0.4031923337668889,503.2430022143892,0.0,
2021-03-11 14:00:56.510,1,0.3300734400384879,502.91320902189835,0.0,
2021-03-11 14:00:56.520,1,0.4138732184683679,501.3263224292946,0.0,
2021-03-11 14:00:56.530,1,0.3293462046379431,501.2128913516529,0.0,
2021-03-11 14:00:56.540,1,0.3976444517608174,502.1640529624695,0.0,
2021-03-11 14:00:56.550,1,0.3420582528360258,506.2951417340873,0.0,
2021-03-11 14:00:56.560,1,0.3936735404730215,499.5962997818903,0.0,
2021-03-11 14:00:56.570,1,0.4227636363174158,503.85208887655295,0.0,
2021-03-11 14:00:56.580,1,0.4687536445095753,504.660826944449,0.0,
2021-03-11 14:00:56.590,1,0.317839540704613,502.0726551037393,0.0,
2021-03-11 14:00:56.600,1,0.4538204380114627,499.1998324983287,0.0,
2021-03-11 14:00:56.610,1,0.4345462142995462,500.54525175314626,0.0,
2021-03-11 14:00:56.620,1,0.4705237326638743,505.195319880796,0.0,
2021-03-11 14:00:56.630,1,0.3286872954220609,504.22334238469017,0.0,
2021-03-11 14:00:56.640,1,0.3699226840373757,503.0472631528916,0.0,
2021-03-11 14:00:56.650,1,0.4705538825726135,497.8327533281088,0.0,
2021-03-11 14:00:56.660,1,0.4417957793175825,497.2799754555628,0.0,
2021-03-11 14:00:56.670,1,0.4919770487737207,500.2214575248558,0.0,
2021-03-11 14:00:56.680,1,0.3950766138061177,499.7224687310947,0.0,
2021-03-11 14:00:56.690,1,0.3478723635619127,502.1039205371645,0.0,
2021-03-11 14:00:56.700,1,0.3610166760843882,500.4386525342498,0.0,
2021-03-11 14:00:56.710,1,0.4890806185349073,496.1313239701896,0.0,
2021-03-11 14:00:56.720,1,0.4035118946578958,495.84964979216693,0.0,
2021-03-11 14:00:56.730,1,0.4957333790860113,500.7721164947149,0.0,
2021-03-11 14:00:56.740,1,0.4189210084323526,496.5156820927524,0.0,
2021-03-11 14:00:56.750,1,0.4060088284716621,498.63511912928857,0.0,
2021-03-11 14:00:56.760,1,0.3651774002323531,499.4049770349405,0.0,
2021-03-11 14:00:56.770,1,0.4568901426385383,494.91537505222425,0.0,
2021-03-11 14:00:56.780,1,0.4845902913356166,495.4418146884724,0.0,
2021-03-11 14:00:56.790,1,0.3778805641505689,495.6509984069561,0.0,
2021-03-11 14:00:56.800,1,0.4605586643533018,497.676553595449,0.0,
2021-03-11 14:00:56.810,1,0.3322654715820006,501.7196498715652,0.0,
2021-03-11 14:00:56.820,1,0.4350892176144219,500.2656067264312,0.0,
2021-03-11 14:00:56.830,1,0.3782789871245195,498.21841075573644,0.0,
2021-03-11 14:00:56.840,1,0.4392158576894201,498.60831357118,0.0,
2021-03-11 14:00:56.850,1,0.4015444488284009,494.44551071481436,0.0,
2021-03-11 14:00:56.860,1,0.4000614671643213,498.474968162134,0.0,
2021-03-11 14:00:56.870,1,0.4771889337321626,495.8402692945873,0.0,
2021-03-11 14:00:56.880,1,0.4828765731235386,498.4361635177965,0.0,
2021-03-11 14:00:56.890,1,0.3936799790620428,501.1764671897934,0.0,
2021-03-11 14:00:56.900,1,0.3988859503638887,501.027013205806,0.0,
2021-03-11 14:00:56.910,1,0.4545252132088327,498.8564507027007,0.0,
2021-03-11 14:00:56.920,1,0.4467323158536866,500.7528497618399,0.0,
2021-03-11 14:00:56.930,1,0.4550754669508522,504.67635535712736,0.0,
2021-03-11 14:00:56.940,1,0.4194201135079455,503.4458430407685,0.0,
2021-03-11 14:00:56.950,1,0.4517276347741432,506.1562724629345,0.0,
2021-03-11 14:00:56.960,1,0.3307754787710331,503.4186774824798,0.0,
2021-03-11 14:00:56.970,1,0.4637476870371591,500.931429044108,0.0,
2021-03-11 14:00:56.980,1,0.3588555774168973,507.8456629405856,0.0,
2021-03-11 14:00:56.990,1,0.4096992985768541,507.60970384309485,0.0,
2021-03-11 14:00:57.000,1,0.3863546013377165,505.4482918333728,0.0,
2021-03-11 14:00:57.010,1,0.3598177057492167,499.4395142320221,0.0,
2021-03-11 14:00:57.020,1,0.3467903192235951,507.53398476304574,0.0,
2021-03-11 14:00:57.030,1,0.351175260436513,506.36036015392784,0.0,
2021-03-11 14:00:57.040,1,0.31009759649770696,510.2512607004952,0.0,
2021-03-11 14:00:57.050,1,0.2984672176649653,508.474732660422,0.0,
2021-03-11 14:00:57.060,1,0.3207541270175588,505.7801063421137,0.0,
2021-03-11 14:00:57.070,1,0.349187718298461,501.9179137868852,0.0,
2021-03-11 14:00:57.080,1,0.4231176299354846,512.3534015760724,0.0,
2021-03-11 14:00:57.090,1,0.3568871190445125,506.38139988339407,0.0,
2021-03-11 14:00:57.100,1,0.2891921336297162,506.39066596908515,0.0,
2021-03-11 14:00:57.110,1,0.3114810400653372,502.9925429662757,0.0,
2021-03-11 14:00:57.120,1,0.3769527806863721,516.2905847777993,0.0,
2021-03-11 14:00:57.130,1,0.3790863878635221,508.93286176089714,0.0,
2021-03-11 14:00:57.140,1,0.3565127984682591,508.2411002015429,0.0,
2021-03-11 14:00:57.150,1,0.3393217043853343,508.0721287653474,0.0,
2021-03-11 14:00:57.160,1,0.3459354885038234,510.8921401845392,0.0,
2021-03-11 14:00:57.170,1,0.3898800980097809,509.9811981186795,0.0,
2021-03-11 14:00:57.180,1,0.3451150411007367,513.452774821063,0.0,
2021-03-11 14:00:57.190,1,0.2789132456306232,506.31027780567086,0.0,
2021-03-11 14:00:57.200,1,0.3667682038049777,505.1469510907856,0.0,
2021-03-11 14:00:57.210,1,0.3082299395050742,511.9100976394266,0.0,
2021-03-11 14:00:57.220,1,0.2839343170494741,507.9037146033042,0.0,
2021-03-11 14:00:57.230,1,0.3348158040309114,513.1716039313504,0.0,
2021-03-11 14:00:57.240,1,0.2563012693388429,505.2376632089856,0.0,
2021-03-11 14:00:57.250,1,0.3059149824006945,513.3405480544584,0.0,
2021-03-11 14:00:57.260,1,0.2599167059108822,511.54376942685775,0.0,
2021-03-11 14:00:57.270,1,0.2718855413086029,508.3397615892824,0.0,
2021-03-11 14:00:57.280,1,0.2742301967433082,505.56711292838577,0.0,
2021-03-11 14:00:57.290,1,0.3280951421566196,508.1593202062387,0.0,
2021-03-11 14:00:57.300,1,0.342740335888995,503.89938160023996,0.0,
2021-03-11 14:00:57.310,1,0.30826572824949,509.291483335474,0.0,
2021-03-11 14:00:57.320,1,0.3609240484494621,500.23352461812857,0.0,
2021-03-11 14:00:57.330,1,0.277731799571045,504.6940591489465,0.0,
2021-03-11 14:00:57.340,1,0.2690263355183578,508.1931749589539,0.0,
2021-03-11 14:00:57.350,1,0.2690489962432598,501.5381838038549,0.0,
2021-03-11 14:00:57.360,1,0.3460095770872695,502.6687095296053,0.0,
2021-03-11 14:00:57.370,1,0.3074985787047469,502.4510802304017,0.0,
2021-03-11 14:00:57.380,1,0.3010249951645857,501.69789301729,0.0,
2021-03-11 14:00:57.390,1,0.2906405222351702,502.8775833608918,0.0,
2021-03-11 14:00:57.400,1,0.3310677928904841,506.3136325116428,0.0,
2021-03-11 14:00:57.410,1,0.3689048148317196,502.9179877020117,0.0,
2021-03-11 14:00:57.420,1,0.3322090928116214,496.08479130538666,0.0,
2021-03-11 14:00:57.430,1,0.3066847757903702,499.0961242890527,0.0,
2021-03-11 14:00:57.440,1,0.3647199103559369,495.55894431323617,0.0,
2021-03-11 14:00:57.450,1,0.2798017967214788,494.8418163341314,0.0,
2021-03-11 14:00:57.460,1,0.37817770191633904,498.6669376087452,0.0,
2021-03-11 14:00:57.470,1,0.3563766646320069,502.6977488513332,0.0,
2021-03-11 14:00:57.480,1,0.2564967244011701,497.1143157546669,0.0,
2021-03-11 14:00:57.490,1,0.3286932699288378,500.89776766784036,0.0,
2021-03-11 14:00:57.500,1,0.3388012206491973,498.1114340820117,0.0,
2021-03-11 14:00:57.510,1,0.3493127675249456,497.9858388971955,0.0,
2021-03-11 14:00:57.520,1,0.2736733767338085,498.180752648196,0.0,
2021-03-11 14:00:57.530,1,0.2710070871997355,496.8923464573951,0.0,
2021-03-11 14:00:57.540,1,0.3687091000643483,494.59881401356637,0.0,
2021-03-11 14:00:57.550,1,0.3484068091587672,498.416239131445,0.0,
2021-03-11 14:00:57.560,1,0.3990695201200908,495.8573340454264,0.0,
2021-03-11 14:00:57.570,1,0.3962513852761421,499.152086628368,0.0,
2021-03-11 14:00:57.580,1,0.2992458327590724,498.60912505073264,0.0,
2021-03-11 14:00:57.590,1,0.3392594108031587,498.28266972003286,0.0,
2021-03-11 14:00:57.600,1,0.3077123108814648,500.908397035877,0.0,
2021-03-11 14:00:57.610,1,0.3725954746345708,500.1426175113691,0.0,
2021-03-11 14:00:57.620,1,0.3243848539223253,497.8483551226787,0.0,
2021-03-11 14:00:57.630,1,0.3468571878760135,501.88660569555816,0.0,
2021-03-11 14:00:57.640,1,0.4152262784289526,498.7417859881611,0.0,
2021-03-11 14:00:57.650,1,0.3293623084426642,498.74053207566544,0.0,
2021-03-11 14:00:57.660,1,0.3738694118975345,498.9534851267513,0.0,
2021-03-11 14:00:57.670,1,0.2992155276637026,497.95536099735335,0.0,
2021-03-11 14:00:57.680,1,0.3374717097408778,500.0450129019699,0.0,
2021-03-11 14:00:57.690,1,0.3517717562171322,501.0048328978411,0.0,
2021-03-11 14:00:57.700,1,0.3673587597531868,499.5646206234134,0.0,
2021-03-11 14:00:57.710,1,0.3858246806102148,506.2482115570783,0.0,
2021-03-11 14:00:57.720,1,0.3455985306844263,503.581031130148,0.0,
2021-03-11 14:00:57.730,1,0.3909270844729657,504.6642177483045,0.0,
2021-03-11 14:00:57.740,1,0.3566338758775466,500.9387788593224,0.0,
2021-03-11 14:00:57.750,1,0.3997195172310929,502.72797777294153,0.0,
2021-03-11 14:00:57.760,1,0.436245573804164,505.20750647415537,0.0,
2021-03-11 14:00:57.770,1,0.4541061301959481,500.7515173298372,0.0,
2021-03-11 14:00:57.780,1,0.4535958642937971,501.3568921702703,0.0,
2021-03-11 14:00:57.790,1,0.4014794845740823,503.063224522476,0.0,
2021-03-11 14:00:57.800,1,0.3558582958542927,503.4734738557983,0.0,
2021-03-11 14:00:57.810,1,0.4061235948029187,500.9015001721039,0.0,
2021-03-11 14:00:57.820,1,0.3222231375810084,504.3060040125183,0.0,
2021-03-11 14:00:57.830,1,0.3359049391721632,501.9258357453664,0.0,
2021-03-11 14:00:57.840,1,0.4049762316775028,505.8369632286458,0.0,
2021-03-11 14:00:57.850,1,0.3757898432941257,500.5648344547899,0.0,
2021-03-11 14:00:57.860,1,0.3789946770237017,507.6669164341437,0.0,
2021-03-11 14:00:57.870,1,0.4042407238470955,502.0231113579366,0.0,
2021-03-11 14:00:57.880,1,0.3605817186810061,500.2084178360311,0.0,
2021-03-11 14:00:57.890,1,0.3114067825129131,504.3559423091549,0.0,
2021-03-11 14:00:57.900,1,0.3426152398872353,498.9426431454129,0.0,
2021-03-11 14:00:57.910,1,0.3621707731851261,506.6335916114452,0.0,
2021-03-11 14:00:57.920,1,0.3173156023831641,501.64489401451743,0.0,
2021-03-11 14:00:57.930,1,0.3622800406891606,502.36949497744916,0.0,
2021-03-11 14:00:57.940,1,0.3019058594380474,504.40747978369836,0.0,
2021-03-11 14:00:57.950,1,0.3552855914557671,499.68108870796164,0.0,
2021-03-11 14:00:57.960,1,0.3854596206055943,499.6564075490077,0.0,
2021-03-11 14:00:57.970,1,0.4052460535697343,500.0093075252992,0.0,
2021-03-11 14:00:57.980,1,0.4287680111802434,497.78572037132926,0.0,
2021-03-11 14:00:57.990,1,0.3958618329744168,500.0034177851097,0.0,
2021-03-11 14:00:58.000,1,0.3506736601669041,501.96872180584535,0.0,
2021-03-11 14:00:58.010,1,0.3548267087325716,491.33168754972905,0.0,
2021-03-11 14:00:58.020,1,0.3863407165782047,494.34898000447924,0.0,
2021-03-11 14:00:58.030,1,0.3514318666680137,496.29143762117553,0.0,
2021-03-11 14:00:58.040,1,0.4082514157580952,499.6987300878199,0.0,
2021-03-11 14:00:58.050,1,0.4266149577738063,496.23207382539726,0.0,
2021-03-11 14:00:58.060,1,0.29737727750646303,497.5133953104284,0.0,
2021-03-11 14:00:58.070,1,0.2975136952063114,495.320761096077,0.0,
2021-03-11 14:00:58.080,1,0.3040428873781061,489.0224975421425,0.0,
2021-03-11 14:00:58.090,1,0.3541159569593626,496.2717974040396,0.0,
2021-03-11 14:00:58.100,1,0.3923029390475088,493.4876161524268,0.0,
2021-03-11 14:00:58.110,1,0.3590339170322116,496.0699161745578,0.0,
2021-03-11 14:00:58.120,1,0.3496815300404565,496.82965761856246,0.0,
2021-03-11 14:00:58.130,1,0.3199536808998989,495.7088306500612,0.0,
2021-03-11 14:00:58.140,1,0.3518022861629465,494.4022858049881,0.0,
2021-03-11 14:00:58.150,1,0.4167972539461637,490.32392997234086,0.0,
2021-03-11 14:00:58.160,1,0.4161101112653699,492.7712758567974,0.0,
2021-03-11 14:00:58.170,1,0.2883855845753772,489.5292220911167,0.0,
2021-03-11 14:00:58.180,1,0.4133418370715835,496.2621997012915,0.0,
2021-03-11 14:00:58.190,1,0.3944771592865629,491.072204763729,0.0,
2021-03-11 14:00:58.200,1,0.3317044546759682,487.3750529379485,0.0,
2021-03-11 14:00:58.210,1,0.3522691788976537,494.53137404402526,0.0,
2021-03-11 14:00:58.220,1,0.3982946812831894,487.7012148052165,0.0,
2021-03-11 14:00:58.230,1,0.3938922904582348,493.1021288520208,0.0,
2021-03-11 14:00:58.240,1,0.3602998838515925,486.7562127126751,0.0,
2021-03-11 14:00:58.250,1,0.3859969601629037,494.1980556043536,0.0,
2021-03-11 14:00:58.260,1,0.3559447876517759,492.3443117355677,0.0,
2021-03-11 14:00:58.270,1,0.3621679449139327,493.05840955357866,0.0,
2021-03-11 14:00:58.280,1,0.3353147892677848,499.12684308156327,0.0,
2021-03-11 14:00:58.290,1,0.3471764517114607,496.6167486264493,0.0,
2021-03-11 14:00:58.300,1,0.2817941736997137,492.0438010377318,0.0,
2021-03-11 14:00:58.310,1,0.2818235637645001,497.78986592991583,0.0,
2021-03-11 14:00:58.320,1,0.3028814333544343,494.3663247225908,0.0,
2021-03-11 14:00:58.330,1,0.3759911674310761,499.45200195270417,0.0,
2021-03-11 14:00:58.340,1,0.3181218050726929,504.0858564386631,0.0,
2021-03-11 14:00:58.350,1,0.3744567333733871,500.21245190951345,0.0,
2021-03-11 14:00:58.360,1,0.3507563770857713,494.4154748258446,0.0,
2021-03-11 14:00:58.370,1,0.3046132794950396,504.79477495089765,0.0,
2021-03-11 14:00:58.380,1,0.2901525092732303,495.3327570427501,0.0,
2021-03-11 14:00:58.390,1,0.3551741687674559,501.8478682532231,0.0,
2021-03-11 14:00:58.400,1,0.3324113591162924,497.602017300116,0.0,
2021-03-11 14:00:58.410,1,0.3533556662067466,500.5020323500122,0.0,
2021-03-11 14:00:58.420,1,0.3617578264759645,500.9266784530122,0.0,
2021-03-11 14:00:58.430,1,0.4066743165965704,501.1073721794714,0.0,
2021-03-11 14:00:58.440,1,0.4363430726624545,503.8292341524887,0.0,
2021-03-11 14:00:58.450,1,0.3965082820067523,503.98682103380105,0.0,
2021-03-11 14:00:58.460,1,0.3201718771820331,503.8496623146143,0.0,
2021-03-11 14:00:58.470,1,0.4019187535849176,506.6134312683149,0.0,
2021-03-11 14:00:58.480,1,0.3698871834538714,505.5399912624111,0.0,
2021-03-11 14:00:58.490,1,0.3998772187101106,504.95846470746767,0.0,
2021-03-11 14:00:58.500,1,0.4488688819341904,505.71318030969115,0.0,
2021-03-11 14:00:58.510,1,0.4228260958892319,501.6633063601252,0.0,
2021-03-11 14:00:58.520,1,0.4392533973949227,504.61758119564047,0.0,
2021-03-11 14:00:58.530,1,0.4075191517313226,505.84977592541617,0.0,
2021-03-11 14:00:58.540,1,0.4071275455622294,505.87814096482435,0.0,
2021-03-11 14:00:58.550,1,0.3308143517658436,503.3152052350853,0.0,
2021-03-11 14:00:58.560,1,0.4077449764038301,508.000792821119,0.0,
2021-03-11 14:00:58.570,1,0.4538418658783619,507.71987304006484,0.0,
2021-03-11 14:00:58.580,1,0.3492963293851155,507.5714641566122,0.0,
2021-03-11 14:00:58.590,1,0.4277986095235913,508.0545926207994,0.0,
2021-03-11 14:00:58.600,1,0.4198045896284813,504.690668372316,0.0,
2021-03-11 14:00:58.610,1,0.3485370290224931,506.00192594039254,0.0,
2021-03-11 14:00:58.620,1,0.3965113769111267,506.1182688446178,0.0,
2021-03-11 14:00:58.630,1,0.4898532091177003,505.6493928600311,0.0,
2021-03-11 14:00:58.640,1,0.3948847748241385,508.135730802738,0.0,
2021-03-11 14:00:58.650,1,0.3949463112246739,507.738098392172,0.0,
2021-03-11 14:00:58.660,1,0.38643295998985705,507.1110450729641,0.0,
2021-03-11 14:00:58.670,1,0.3662423016821209,509.6487501648755,0.0,
2021-03-11 14:00:58.680,1,0.3984530007478664,503.81849838473437,0.0,
2021-03-11 14:00:58.690,1,0.38388574075266,509.0782899317578,0.0,
2021-03-11 14:00:58.700,1,0.4027171442797998,505.1427301288152,0.0,
2021-03-11 14:00:58.710,1,0.5481380465056784,508.9577982783918,0.0,
2021-03-11 14:00:58.720,1,0.4279447658452448,505.3786620890088,0.0,
2021-03-11 14:00:58.730,1,0.4000136698118287,500.9306258372983,0.0,
2021-03-11 14:00:58.740,1,0.4271672792096234,503.4131918354474,0.0,
2021-03-11 14:00:58.750,1,0.3928886722376197,506.3534343065408,0.0,
2021-03-11 14:00:58.760,1,0.4730687096413341,502.2094419252313,0.0,
2021-03-11 14:00:58.770,1,0.3807280118965847,504.0039978641516,0.0,
2021-03-11 14:00:58.780,1,0.3951930214692642,506.2885814213744,0.0,
2021-03-11 14:00:58.790,1,0.4423283827951438,503.61004395830827,0.0,
2021-03-11 14:00:58.800,1,0.5617728280109329,502.0139923257311,0.0,
2021-03-11 14:00:58.810,1,0.5371176647605003,504.4261160250729,0.0,
2021-03-11 14:00:58.820,1,0.5610582312809875,502.6447288423576,0.0,
2021-03-11 14:00:58.830,1,0.5403370932531937,498.1296783229077,0.0,
2021-03-11 14:00:58.840,1,0.4628006918217706,503.1765272331056,0.0,
2021-03-11 14:00:58.850,1,0.4504690913128923,504.7354446931769,0.0,
2021-03-11 14:00:58.860,1,0.4691182096729944,501.1113847802456,0.0,
2021-03-11 14:00:58.870,1,0.3830595089744612,502.0157966448039,0.0,
2021-03-11 14:00:58.880,1,0.3945593984074727,499.21524559822393,0.0,
2021-03-11 14:00:58.890,1,0.4551629706757526,500.9950813445549,0.0,
2021-03-11 14:00:58.900,1,0.4587778851178352,499.8946869825126,0.0,
2021-03-11 14:00:58.910,1,0.3793825491245303,500.82254039663917,0.0,
2021-03-11 14:00:58.920,1,0.5449680131590154,509.2428530349937,0.0,
2021-03-11 14:00:58.930,1,0.426166540750038,504.7815569872674,0.0,
2021-03-11 14:00:58.940,1,0.3990555819225785,500.92002151037264,0.0,
2021-03-11 14:00:58.950,1,0.4393752729801431,508.59628505653535,0.0,
2021-03-11 14:00:58.960,1,0.3750010108102025,506.0629492880698,0.0,
2021-03-11 14:00:58.970,1,0.4878455270639962,504.7865138127629,0.0,
2021-03-11 14:00:58.980,1,0.4376666345191647,505.87282515738406,0.0,
2021-03-11 14:00:58.990,1,0.4760042286657378,503.26253028621596,0.0,
2021-03-11 14:00:59.000,1,0.4845220730964799,503.1793357439771,0.0,
2021-03-11 14:00:59.010,1,0.5248056660795476,505.2813030242702,0.0,
2021-03-11 14:00:59.020,1,0.4925931931672641,508.0507163898681,0.0,
2021-03-11 14:00:59.030,1,0.4317750679083351,507.83449606580666,0.0,
2021-03-11 14:00:59.040,1,0.4815747830688294,510.9380466737885,0.0,
2021-03-11 14:00:59.050,1,0.4784087030322421,507.2386923952688,0.0,
2021-03-11 14:00:59.060,1,0.4850436093104928,511.6941895013735,0.0,
2021-03-11 14:00:59.070,1,0.4387996615412682,515.8405470382771,0.0,
2021-03-11 14:00:59.080,1,0.3783753796215663,509.0792015082226,0.0,
2021-03-11 14:00:59.090,1,0.4010965204040665,512.4989129267002,0.0,
2021-03-11 14:00:59.100,1,0.4685527867916678,512.8949766095691,0.0,
2021-03-11 14:00:59.110,1,0.3883064573325375,514.6561942408152,0.0,
2021-03-11 14:00:59.120,1,0.3870954666331607,511.00642077602754,0.0,
2021-03-11 14:00:59.130,1,0.4656696765496181,509.17457111644967,0.0,
2021-03-11 14:00:59.140,1,0.5012018270305425,516.6640863499666,0.0,
2021-03-11 14:00:59.150,1,0.4267561775422864,512.7809639636204,0.0,
2021-03-11 14:00:59.160,1,0.4395719876460528,513.3467630586326,0.0,
2021-03-11 14:00:59.170,1,0.3754194925210016,512.747801512121,0.0,
2021-03-11 14:00:59.180,1,0.3974070798207798,514.9603814870804,0.0,
2021-03-11 14:00:59.190,1,0.3693493964756478,509.6846163921855,0.0,
2021-03-11 14:00:59.200,1,0.4408339503633739,516.5936662084441,0.0,
2021-03-11 14:00:59.210,1,0.4115865515143838,511.6572940669377,0.0,
2021-03-11 14:00:59.220,1,0.4521187535675582,516.5821104488163,0.0,
2021-03-11 14:00:59.230,1,0.3854706647330306,516.8352689016076,0.0,
2021-03-11 14:00:59.240,1,0.4151671697258909,512.6140448790256,0.0,
2021-03-11 14:00:59.250,1,0.3374292069573283,512.1220924156628,0.0,
2021-03-11 14:00:59.260,1,0.3998896376523705,513.0609332105835,0.0,
2021-03-11 14:00:59.270,1,0.3785171185939411,509.5444633219992,0.0,
2021-03-11 14:00:59.280,1,0.3798343841625964,508.7848791403443,0.0,
2021-03-11 14:00:59.290,1,0.3579130569327589,510.6435192037922,0.0,
2021-03-11 14:00:59.300,1,0.4296327506790846,513.3134427810694,0.0,
2021-03-11 14:00:59.310,1,0.3471365980085832,515.1214558612521,0.0,
2021-03-11 14:00:59.320,1,0.3229048384423401,512.6340513584151,0.0,
2021-03-11 14:00:59.330,1,0.3132435298144365,510.5550681650853,0.0,
2021-03-11 14:00:59.340,1,0.3438225797612835,507.593033604417,0.0,
2021-03-11 14:00:59.350,1,0.44969781231714,510.09468507203,0.0,
2021-03-11 14:00:59.360,1,0.4680010389321221,508.85428048764993,0.0,
2021-03-11 14:00:59.370,1,0.3359332146780278,506.51483594028326,0.0,
2021-03-11 14:00:59.380,1,0.4261852416856682,510.8748735137322,0.0,
2021-03-11 14:00:59.390,1,0.3317287040746389,507.46759273941865,0.0,
2021-03-11 14:00:59.400,1,0.4625769764748841,507.6121913196193,0.0,
2021-03-11 14:00:59.410,1,0.4342814812270167,507.7605532396106,0.0,
2021-03-11 14:00:59.420,1,0.3420406962136852,505.03673453546526,0.0,
2021-03-11 14:00:59.430,1,0.3532854753888792,503.97384117973417,0.0,
2021-03-11 14:00:59.440,1,0.4601845192037023,507.2887188656009,0.0,
2021-03-11 14:00:59.450,1,0.4264892707715281,503.8211674687525,0.0,
2021-03-11 14:00:59.460,1,0.4424304192354029,501.1624219423985,0.0,
2021-03-11 14:00:59.470,1,0.4562221109102612,504.16760723229896,0.0,
2021-03-11 14:00:59.480,1,0.3395613461785854,500.5559509749466,0.0,
2021-03-11 14:00:59.490,1,0.4048924944751708,504.53509433352576,0.0,
2021-03-11 14:00:59.500,1,0.4635495013445156,497.29521921036115,0.0,
2021-03-11 14:00:59.510,1,0.3485932653324426,500.20271390952723,0.0,
2021-03-11 14:00:59.520,1,0.4221671304290569,502.0564074892698,0.0,
2021-03-11 14:00:59.530,1,0.4697432900113346,503.8479115029024,0.0,
2021-03-11 14:00:59.540,1,0.3677946971371001,497.3067991681107,0.0,
2021-03-11 14:00:59.550,1,0.3502593944100059,498.55440938576913,0.0,
2021-03-11 14:00:59.560,1,0.4443834915277594,502.55864530828796,0.0,
2021-03-11 14:00:59.570,1,0.4200404406721451,495.3640149255816,0.0,
2021-03-11 14:00:59.580,1,0.4434107208410585,500.8121517913567,0.0,
2021-03-11 14:00:59.590,1,0.4993372019771969,498.2987265195826,0.0,
2021-03-11 14:00:59.600,1,0.5079730164797648,502.9877340017762,0.0,
2021-03-11 14:00:59.610,1,0.4790513596777407,498.03378146488114,0.0,
2021-03-11 14:00:59.620,1,0.4545855128957016,497.2631419484545,0.0,
2021-03-11 14:00:59.630,1,0.3581780590321558,501.1778583202439,0.0,
2021-03-11 14:00:59.640,1,0.4202490229853011,497.1010671786855,0.0,
2021-03-11 14:00:59.650,1,0.4903912756944037,499.74264919470704,0.0,
2021-03-11 14:00:59.660,1,0.4569077004203101,500.5569249147818,0.0,
2021-03-11 14:00:59.670,1,0.4562136459124897,502.05213320148215,0.0,
2021-03-11 14:00:59.680,1,0.458242571618507,501.6428024619894,0.0,
2021-03-11 14:00:59.690,1,0.4365594075714029,502.646144316098,0.0,
2021-03-11 14:00:59.700,1,0.5116707010819307,503.6982363081362,0.0,
2021-03-11 14:00:59.710,1,0.3822542288836444,504.5041723638305,0.0,
2021-03-11 14:00:59.720,1,0.4790294851227185,500.93253886404716,0.0,
2021-03-11 14:00:59.730,1,0.3530296351677052,509.8444978273314,0.0,
2021-03-11 14:00:59.740,1,0.5000233853475635,503.35935720542886,0.0,
2021-03-11 14:00:59.750,1,0.415573318457901,501.23325489329454,0.0,
2021-03-11 14:00:59.760,1,0.3571503771867084,503.1095980982978,0.0,
2021-03-11 14:00:59.770,1,0.3543157511583228,501.81978771196714,0.0,
2021-03-11 14:00:59.780,1,0.4463819404001852,499.7908738289842,0.0,
2021-03-11 14:00:59.790,1,0.4593592920249619,502.67052835991615,0.0,
2021-03-11 14:00:59.800,1,0.5122307163185428,509.1505945511661,0.0,
2021-03-11 14:00:59.810,1,0.361237722438136,499.721653304794,0.0,
2021-03-11 14:00:59.820,1,0.4370107577723138,501.44419221870544,0.0,
2021-03-11 14:00:59.830,1,0.3630758428377958,507.33703082487915,0.0,
2021-03-11 14:00:59.840,1,0.766295816047916,508.72768004668035,0.0,
2021-03-11 14:00:59.850,1,0.3420050907917365,506.47691458485036,0.0,
2021-03-11 14:00:59.860,1,0.4693596231120031,501.2399276293654,0.0,
2021-03-11 14:00:59.870,1,0.424962077581474,505.8748960932991,0.0,
2021-03-11 14:00:59.880,1,0.4217262543080199,506.81005366728033,0.0,
2021-03-11 14:00:59.890,1,0.4571261121093029,506.20190111253646,0.0,
2021-03-11 14:00:59.900,1,0.4683682486345484,505.9544954623709,0.0,
2021-03-11 14:00:59.910,1,0.4979419105402208,504.0905880462072,0.0,
2021-03-11 14:00:59.920,1,0.4014128375098132,497.2637004223696,0.0,
2021-03-11 14:00:59.930,1,0.4627540668829655,505.4410631197805,0.0,
2021-03-11 14:00:59.940,1,0.4556437310305539,501.1527658370788,0.0,
2021-03-11 14:00:59.950,1,0.4201467874373866,498.8901744930103,0.0,
2021-03-11 14:00:59.960,1,0.3416541462059604,502.4685711173062,0.0,
2021-03-11 14:00:59.970,1,0.3271257066900797,500.3805735774929,0.0,
2021-03-11 14:00:59.980,1,0.3796028784234224,498.4006940027726,0.0,
2021-03-11 14:00:59.990,1,0.404121545730936,496.6001770377893,0.0,
2021-03-11 14:01:00.000,1,0.453419915280812,495.67802833271713,0.0,
2021-03-11 14:01:00.010,1,0.4494440440961011,501.55155785213714,0.0,
2021-03-11 14:01:00.020,1,0.3300710869539183,496.8836878111769,0.0,
2021-03-11 14:01:00.030,1,0.3435087944694957,497.870463878087,0.0,
2021-03-11 14:01:00.040,1,0.3976266445860455,495.7802230264798,0.0,
2021-03-11 14:01:00.050,1,0.3947297835688965,500.51762859632566,0.0,
2021-03-11 14:01:00.060,1,0.3083974813790013,493.6459374292945,0.0,
2021-03-11 14:01:00.070,1,0.3690516443318189,499.4944037539786,0.0,
2021-03-11 14:01:00.080,1,0.3312299838332988,494.3928415857,0.0,
2021-03-11 14:01:00.090,1,0.4115443223372191,490.2302378941108,0.0,
2021-03-11 14:01:00.100,1,0.2951128231103205,494.7496658938388,0.0,
2021-03-11 14:01:00.110,1,0.3635736972601272,494.74278589551454,0.0,
2021-03-11 14:01:00.120,1,0.4037750280453476,490.8632565122831,0.0,
2021-03-11 14:01:00.130,1,0.380918455877088,494.5013675643507,0.0,
2021-03-11 14:01:00.140,1,0.2626052397883517,497.41296792591567,0.0,
2021-03-11 14:01:00.150,1,0.3350895437659446,495.7216280576412,0.0,
2021-03-11 14:01:00.160,1,0.3711035672470006,493.5949836839502,0.0,
2021-03-11 14:01:00.170,1,0.2731587731305231,492.32475543776536,0.0,
2021-03-11 14:01:00.180,1,0.2758924144086454,488.0825687875943,0.0,
2021-03-11 14:01:00.190,1,0.3338700597902289,495.2492499687741,0.0,
2021-03-11 14:01:00.200,1,0.3612435912973064,489.7204697015069,0.0,
2021-03-11 14:01:00.210,1,0.2484382897150926,489.534383049028,0.0,
2021-03-11 14:01:00.220,1,0.3552554100719122,489.50107351113616,0.0,
2021-03-11 14:01:00.230,1,0.3187902672241454,490.5675815808075,0.0,
2021-03-11 14:01:00.240,1,0.2863006021165671,493.1525586694295,0.0,
2021-03-11 14:01:00.250,1,0.3208829428654282,489.60634718386285,0.0,
2021-03-11 14:01:00.260,1,0.2745577357183253,494.5897803262782,0.0,
2021-03-11 14:01:00.270,1,0.3126829868923097,489.72629248294083,0.0,
2021-03-11 14:01:00.280,1,0.3085304879280822,492.9080993966317,0.0,
2021-03-11 14:01:00.290,1,0.3417301529806391,487.35087051114374,0.0,
2021-03-11 14:01:00.300,1,0.2391342328277082,488.2416909024434,0.0,
2021-03-11 14:01:00.310,1,0.3220373918737503,490.6711928977937,0.0,
2021-03-11 14:01:00.320,1,0.2755919138849964,491.2673428582588,0.0,
2021-03-11 14:01:00.330,1,0.2561591122770052,496.0880948941147,0.0,
2021-03-11 14:01:00.340,1,0.3225581639366861,492.58385513970137,0.0,
2021-03-11 14:01:00.350,1,0.3186164761874919,494.91115983631136,0.0,
2021-03-11 14:01:00.360,1,0.2392627322454625,487.3882446816763,0.0,
2021-03-11 14:01:00.370,1,0.3351848008439068,496.6865226245697,0.0,
2021-03-11 14:01:00.380,1,0.3181171552445395,490.7946313635718,0.0,
2021-03-11 14:01:00.390,1,0.2341807232375619,496.68292356879743,0.0,
2021-03-11 14:01:00.400,1,0.2459780934482656,493.6033733680079,0.0,
2021-03-11 14:01:00.410,1,0.263179783914483,494.85358140915946,0.0,
2021-03-11 14:01:00.420,1,0.3136720369590423,497.2658440699795,0.0,
2021-03-11 14:01:00.430,1,0.3358782669090402,492.93507390980585,0.0,
2021-03-11 14:01:00.440,1,0.2546418296346182,498.6645197311837,0.0,
2021-03-11 14:01:00.450,1,0.3122734927523736,502.4246597466301,0.0,
2021-03-11 14:01:00.460,1,0.2638870772995503,499.5101525479467,0.0,
2021-03-11 14:01:00.470,1,0.315664094649225,498.17321456060165,0.0,
2021-03-11 14:01:00.480,1,0.3511722956288696,496.59595999366144,0.0,
2021-03-11 14:01:00.490,1,0.3087744234304186,496.5488269630026,0.0,
2021-03-11 14:01:00.500,1,0.3290040679608008,502.9194644202127,0.0,
2021-03-11 14:01:00.510,1,0.3306524022439081,500.16483286639397,0.0,
2021-03-11 14:01:00.520,1,0.3489677703528099,493.9142070156176,0.0,
2021-03-11 14:01:00.530,1,0.3263991650191543,500.7797215559496,0.0,
2021-03-11 14:01:00.540,1,0.255151623715144,501.5168623306452,0.0,
2021-03-11 14:01:00.550,1,0.2793096217230526,499.72333848600607,0.0,
2021-03-11 14:01:00.560,1,0.3000577803355277,503.2883322970131,0.0,
2021-03-11 14:01:00.570,1,0.2888535331018557,502.2079561033001,0.0,
2021-03-11 14:01:00.580,1,0.273018603469882,503.1775628033109,0.0,
2021-03-11 14:01:00.590,1,0.2673462637846869,501.29305854112914,0.0,
2021-03-11 14:01:00.600,1,0.3245407927668476,500.31733799127767,0.0,
2021-03-11 14:01:00.610,1,0.3860669163788954,500.8612553334257,0.0,
2021-03-11 14:01:00.620,1,0.287368487577757,503.7317888945202,0.0,
2021-03-11 14:01:00.630,1,0.3392332683669929,496.17988983803497,0.0,
2021-03-11 14:01:00.640,1,0.3377847348845029,500.2287255870392,0.0,
2021-03-11 14:01:00.650,1,0.3525714147454334,497.36324063355386,0.0,
2021-03-11 14:01:00.660,1,0.2813297430856259,499.1828495804506,0.0,
2021-03-11 14:01:00.670,1,0.3442876264938235,494.57047938831056,0.0,
2021-03-11 14:01:00.680,1,0.29567084411306,496.98867665376696,0.0,
2021-03-11 14:01:00.690,1,0.3163147899660076,500.5530507261358,0.0,
2021-03-11 14:01:00.700,1,0.2913663804068565,493.37400872785,0.0,
2021-03-11 14:01:00.710,1,0.3210044672869752,495.568769243926,0.0,
2021-03-11 14:01:00.720,1,0.2876663099440552,499.8016691875643,0.0,
2021-03-11 14:01:00.730,1,0.3253709074031928,493.5954463028546,0.0,
2021-03-11 14:01:00.740,1,0.3859264494860621,491.6889889345021,0.0,
2021-03-11 14:01:00.750,1,0.3384471585978197,494.9033964274512,0.0,
2021-03-11 14:01:00.760,1,0.2749787750153682,496.59090904188713,0.0,
2021-03-11 14:01:00.770,1,0.4040134301991328,499.3070810523381,0.0,
2021-03-11 14:01:00.780,1,0.4089043524427834,494.7401050019078,0.0,
2021-03-11 14:01:00.790,1,0.3935054799300003,497.86097409018,0.0,
2021-03-11 14:01:00.800,1,0.3660959224579489,495.0496929412516,0.0,
2021-03-11 14:01:00.810,1,0.4141866364300638,492.3281320087234,0.0,
2021-03-11 14:01:00.820,1,0.4049795582588414,492.2894587550016,0.0,
2021-03-11 14:01:00.830,1,0.3036361344297052,492.8186743984655,0.0,
2021-03-11 14:01:00.840,1,0.2924966566868193,494.58047218801295,0.0,
2021-03-11 14:01:00.850,1,0.3529389643498186,489.4859231956613,0.0,
2021-03-11 14:01:00.860,1,0.322936860605224,493.8546255288745,0.0,
2021-03-11 14:01:00.870,1,0.3093610602642522,489.9236805377093,0.0,
2021-03-11 14:01:00.880,1,0.4052712763462627,494.8820894664872,0.0,
2021-03-11 14:01:00.890,1,0.3241419511910101,494.0937936312289,0.0,
2021-03-11 14:01:00.900,1,0.2788921350819511,498.8344900934327,0.0,
2021-03-11 14:01:00.910,1,0.3849189378898126,492.91767934563006,0.0,
2021-03-11 14:01:00.920,1,0.3166791515903475,494.66807285580603,0.0,
2021-03-11 14:01:00.930,1,0.3877845641914558,493.739720945544,0.0,
2021-03-11 14:01:00.940,1,0.3346550778626979,498.0223074098328,0.0,
2021-03-11 14:01:00.950,1,0.3773844215765873,489.2419595662036,0.0,
2021-03-11 14:01:00.960,1,0.3614212360915078,496.9930583776252,0.0,
2021-03-11 14:01:00.970,1,0.2743428671522294,497.4055923198209,0.0,
2021-03-11 14:01:00.980,1,0.2837416636097789,497.2431805055351,0.0,
2021-03-11 14:01:00.990,1,0.3482267942868379,498.21218335659415,0.0,
2021-03-11 14:01:01.000,1,0.2906259241471369,493.9747160009044,0.0,
2021-03-11 14:01:01.010,1,0.2834762560209293,496.94521584142205,0.0,
2021-03-11 14:01:01.020,1,0.333531320592165,496.1893818128056,0.0,
2021-03-11 14:01:01.030,1,0.2644252911735396,497.62683020054703,0.0,
2021-03-11 14:01:01.040,1,0.2605702524330008,494.880957654288,0.0,
2021-03-11 14:01:01.050,1,0.3147105625519977,495.3709783399482,0.0,
2021-03-11 14:01:01.060,1,0.313946735314775,496.174999667238,0.0,
2021-03-11 14:01:01.070,1,0.2879748674665188,498.68613559046025,0.0,
2021-03-11 14:01:01.080,1,0.2973325056538481,499.1967873430185,0.0,
2021-03-11 14:01:01.090,1,0.3313700929285652,498.00164477607626,0.0,
2021-03-11 14:01:01.100,1,0.2931568064401552,499.48181625814806,0.0,
2021-03-11 14:01:01.110,1,0.3370433658614326,501.1837630295541,0.0,
2021-03-11 14:01:01.120,1,0.2778677077588048,504.1445967625206,0.0,
2021-03-11 14:01:01.130,1,0.3238151829657159,494.5952502903125,0.0,
2021-03-11 14:01:01.140,1,0.3301517353471922,499.2999422159324,0.0,
2021-03-11 14:01:01.150,1,0.3151873651386068,499.7654434518928,0.0,
2021-03-11 14:01:01.160,1,0.2313771843719076,499.0879781453662,0.0,
2021-03-11 14:01:01.170,1,0.3171771666122443,496.73060436110114,0.0,
2021-03-11 14:01:01.180,1,0.3012157366686366,500.2205229951564,0.0,
2021-03-11 14:01:01.190,1,0.2560433288238747,502.0022232039643,0.0,
2021-03-11 14:01:01.200,1,0.28070401576784904,504.0790551159608,0.0,
2021-03-11 14:01:01.210,1,0.3072682642110007,501.4778717675382,0.0,
2021-03-11 14:01:01.220,1,0.2515298403586978,499.8569767560649,0.0,
2021-03-11 14:01:01.230,1,0.3080779813720073,504.49178521689794,0.0,
2021-03-11 14:01:01.240,1,0.2338298954133721,505.4376154891522,0.0,
2021-03-11 14:01:01.250,1,0.2479486637115648,503.02255043691554,0.0,
2021-03-11 14:01:01.260,1,0.3208092473890328,501.3691974216088,0.0,
2021-03-11 14:01:01.270,1,0.2403480986483545,501.45496433341344,0.0,
2021-03-11 14:01:01.280,1,0.2457957986517276,502.4779695150856,0.0,
2021-03-11 14:01:01.290,1,0.2664057867573692,503.97293257640985,0.0,
2021-03-11 14:01:01.300,1,0.2717754121635562,496.1648066576531,0.0,
2021-03-11 14:01:01.310,1,0.3203592408487317,502.30732102153337,0.0,
2021-03-11 14:01:01.320,1,0.240109940162173,501.7196094656032,0.0,
2021-03-11 14:01:01.330,1,0.2713615489159384,505.51107158699983,0.0,
2021-03-11 14:01:01.340,1,0.3330673122531623,499.6099328629352,0.0,
2021-03-11 14:01:01.350,1,0.3222826695641439,500.4371119852925,0.0,
2021-03-11 14:01:01.360,1,0.2420752362998928,499.9350410393977,0.0,
2021-03-11 14:01:01.370,1,0.3176192902565221,494.5378486131994,0.0,
2021-03-11 14:01:01.380,1,0.2350197151989261,496.5616252234394,0.0,
2021-03-11 14:01:01.390,1,0.3508176868921432,499.8596753947945,0.0,
2021-03-11 14:01:01.400,1,0.32134830661533603,498.4474215552912,0.0,
2021-03-11 14:01:01.410,1,0.3171448315329909,490.9633459670909,0.0,
2021-03-11 14:01:01.420,1,0.3623967305549555,494.01230311975655,0.0,
2021-03-11 14:01:01.430,1,0.3340220606793985,492.59776436700173,0.0,
2021-03-11 14:01:01.440,1,0.3080288074973597,496.84176945416567,0.0,
2021-03-11 14:01:01.450,1,0.3074926700651387,498.0505490282072,0.0,
2021-03-11 14:01:01.460,1,0.3508182320013356,485.6669469807314,0.0,
2021-03-11 14:01:01.470,1,0.2920252479709027,493.48729812721916,0.0,
2021-03-11 14:01:01.480,1,0.3258280500043126,489.28939144243515,0.0,
2021-03-11 14:01:01.490,1,0.3829980369273357,493.69434657578887,0.0,
2021-03-11 14:01:01.500,1,0.3456978044992557,488.16598546969254,0.0,
2021-03-11 14:01:01.510,1,0.3987055482351699,491.42800048033456,0.0,
2021-03-11 14:01:01.520,1,0.2803485104630841,487.8864653018527,0.0,
2021-03-11 14:01:01.530,1,0.3457472340520186,491.8230509050591,0.0,
2021-03-11 14:01:01.540,1,0.3221012053350793,486.19987905555763,0.0,
2021-03-11 14:01:01.550,1,0.3394408213856743,487.3810282176596,0.0,
2021-03-11 14:01:01.560,1,0.3150291408848171,486.7526484011609,0.0,
2021-03-11 14:01:01.570,1,0.4031834023447762,489.32461661544136,0.0,
2021-03-11 14:01:01.580,1,0.2823583413466627,490.6679377765274,0.0,
2021-03-11 14:01:01.590,1,0.3468875719322845,488.8388415476642,0.0,
2021-03-11 14:01:01.600,1,0.3219757193022958,489.23970581748665,0.0,
2021-03-11 14:01:01.610,1,0.4148122416140783,485.00903319645056,0.0,
2021-03-11 14:01:01.620,1,0.4333977662822624,489.67923062886734,0.0,
2021-03-11 14:01:01.630,1,0.3965576448762402,489.5027371386348,0.0,
2021-03-11 14:01:01.640,1,0.3710594570328266,490.2367331492037,0.0,
2021-03-11 14:01:01.650,1,0.4054145082842982,489.7232407438773,0.0,
2021-03-11 14:01:01.660,1,0.3704342463705354,485.8845501075078,0.0,
2021-03-11 14:01:01.670,1,0.406600772433682,486.9398975618997,0.0,
2021-03-11 14:01:01.680,1,0.3539578953855624,489.75908967813757,0.0,
2021-03-11 14:01:01.690,1,0.4531754300289699,486.69164739643827,0.0,
2021-03-11 14:01:01.700,1,0.3532044531507164,490.74008269715966,0.0,
2021-03-11 14:01:01.710,1,0.3987711003751133,490.4439957531168,0.0,
2021-03-11 14:01:01.720,1,0.4707512121916421,487.5099050191481,0.0,
2021-03-11 14:01:01.730,1,0.4514244691964447,494.2225111327723,0.0,
2021-03-11 14:01:01.740,1,0.4103758187989106,490.4116407339023,0.0,
2021-03-11 14:01:01.750,1,0.4492500537311748,486.054836442395,0.0,
2021-03-11 14:01:01.760,1,0.4297350988452173,487.643928106992,0.0,
2021-03-11 14:01:01.770,1,0.4573615772435766,494.55306693005923,0.0,
2021-03-11 14:01:01.780,1,0.3272797590388879,489.02059417270914,0.0,
2021-03-11 14:01:01.790,1,0.3500119054246625,490.2996406736702,0.0,
2021-03-11 14:01:01.800,1,0.3245448308190679,491.57798081115465,0.0,
2021-03-11 14:01:01.810,1,0.3550112935575583,489.66217116458563,0.0,
2021-03-11 14:01:01.820,1,0.4301464470545407,489.33668182298635,0.0,
2021-03-11 14:01:01.830,1,0.4075446017412112,492.61427699655576,0.0,
2021-03-11 14:01:01.840,1,0.4822067479320153,496.7963996279709,0.0,
2021-03-11 14:01:01.850,1,0.4107572408670259,498.2138402577714,0.0,
2021-03-11 14:01:01.860,1,0.4632815383197767,492.5896162098697,0.0,
2021-03-11 14:01:01.870,1,0.4046845025417387,493.7109740498,0.0,
2021-03-11 14:01:01.880,1,0.4668989587102826,490.42955459066843,0.0,
2021-03-11 14:01:01.890,1,0.4488987611670196,489.9305920310738,0.0,
2021-03-11 14:01:01.900,1,0.3612623445516639,492.4380058955703,0.0,
2021-03-11 14:01:01.910,1,0.4062588911594905,495.2573878262113,0.0,
2021-03-11 14:01:01.920,1,0.3857237616349507,495.16183505164594,0.0,
2021-03-11 14:01:01.930,1,0.3324055258537789,492.44922018410927,0.0,
2021-03-11 14:01:01.940,1,0.3887309961986593,494.4745288637898,0.0,
2021-03-11 14:01:01.950,1,0.3830732106001657,496.13380314192665,0.0,
2021-03-11 14:01:01.960,1,0.3254636857654824,490.1708657645297,0.0,
2021-03-11 14:01:01.970,1,0.402075968017288,495.25179868208875,0.0,
2021-03-11 14:01:01.980,1,0.4564278768322287,485.10253623556235,0.0,
2021-03-11 14:01:01.990,1,0.3638286581714713,488.42173124046485,0.0,
2021-03-11 14:01:02.000,1,0.4255552067579863,493.5846347706258,0.0,
2021-03-11 14:01:02.010,1,0.3115725586759992,490.5659819065566,0.0,
2021-03-11 14:01:02.020,1,0.4004891936725066,490.6170583696412,0.0,
2021-03-11 14:01:02.030,1,0.3649098735104163,488.17801687648233,0.0,
2021-03-11 14:01:02.040,1,0.3608172898064954,490.0858768138502,0.0,
2021-03-11 14:01:02.050,1,0.3657360958109123,493.4993246942744,0.0,
2021-03-11 14:01:02.060,1,0.4236636893652864,488.2065739491704,0.0,
2021-03-11 14:01:02.070,1,0.4282895098812543,490.2428111191463,0.0,
2021-03-11 14:01:02.080,1,0.3923265547185446,486.21593836724486,0.0,
2021-03-11 14:01:02.090,1,0.4015548065343762,484.8757082458863,0.0,
2021-03-11 14:01:02.100,1,0.3324070692085489,485.7070587068589,0.0,
2021-03-11 14:01:02.110,1,0.4235288840459593,486.5474741092359,0.0,
2021-03-11 14:01:02.120,1,0.4175669801483305,488.2906606748728,0.0,
2021-03-11 14:01:02.130,1,0.3302367542750109,486.6705306706439,0.0,
2021-03-11 14:01:02.140,1,0.3651830921729925,485.54739523502906,0.0,
2021-03-11 14:01:02.150,1,0.43472508513239705,479.74128118495315,0.0,
2021-03-11 14:01:02.160,1,0.405463502162437,482.369766058706,0.0,
2021-03-11 14:01:02.170,1,0.3241417119046886,483.92879259095224,0.0,
2021-03-11 14:01:02.180,1,0.4248844088305635,485.0655183613089,0.0,
2021-03-11 14:01:02.190,1,0.2929887634581547,483.6146449220308,0.0,
2021-03-11 14:01:02.200,1,0.4194137729190046,479.9958170851576,0.0,
2021-03-11 14:01:02.210,1,0.3501466758005023,482.4840004157235,0.0,
2021-03-11 14:01:02.220,1,0.3689827660368221,486.1412818767256,0.0,
2021-03-11 14:01:02.230,1,0.3610312308349561,483.65281124835406,0.0,
2021-03-11 14:01:02.240,1,0.3862468910507818,482.32114088778917,0.0,
2021-03-11 14:01:02.250,1,0.3693315797291384,481.9583305747705,0.0,
2021-03-11 14:01:02.260,1,0.35544278589260603,482.1300642288792,0.0,
2021-03-11 14:01:02.270,1,0.3057479915133819,480.5782839390805,0.0,
2021-03-11 14:01:02.280,1,0.4224657391510809,479.9684162175689,0.0,
2021-03-11 14:01:02.290,1,0.3874433047799162,481.82009461067565,0.0,
2021-03-11 14:01:02.300,1,0.2926164064497168,478.0816633769342,0.0,
2021-03-11 14:01:02.310,1,0.400357494359949,482.40240012234136,0.0,
2021-03-11 14:01:02.320,1,0.331803084286323,484.4611669237661,0.0,
2021-03-11 14:01:02.330,1,0.2851662017455775,482.8201916404268,0.0,
2021-03-11 14:01:02.340,1,0.3831942156265631,486.03461038709054,0.0,
2021-03-11 14:01:02.350,1,0.34339849547716805,483.8384861572428,0.0,
2021-03-11 14:01:02.360,1,0.3622461065834108,486.51798993988564,0.0,
2021-03-11 14:01:02.370,1,0.3265005013535094,487.74902615511695,0.0,
2021-03-11 14:01:02.380,1,0.4168643613746057,486.51814294582164,0.0,
2021-03-11 14:01:02.390,1,0.2990836791399303,486.85573807562827,0.0,
2021-03-11 14:01:02.400,1,0.3683418108754462,484.56409736842255,0.0,
2021-03-11 14:01:02.410,1,0.3282370633080566,487.5917598549559,0.0,
2021-03-11 14:01:02.420,1,0.3628366190678903,485.4501463719226,0.0,
2021-03-11 14:01:02.430,1,0.2900211561651057,485.7364335780004,0.0,
2021-03-11 14:01:02.440,1,0.3878466613449766,490.799483706575,0.0,
2021-03-11 14:01:02.450,1,0.4041691484804565,490.9397835524879,0.0,
2021-03-11 14:01:02.460,1,0.4026603240970354,488.86746273106553,0.0,
2021-03-11 14:01:02.470,1,0.40748746006379,489.7537444554605,0.0,
2021-03-11 14:01:02.480,1,0.4192460677125628,488.8461696528052,0.0,
2021-03-11 14:01:02.490,1,0.3384338931119277,490.6002115844203,0.0,
2021-03-11 14:01:02.500,1,0.4263365329267624,494.008601580375,0.0,
2021-03-11 14:01:02.510,1,0.3667817492849692,491.9000966265492,0.0,
2021-03-11 14:01:02.520,1,0.3444124089572979,490.733132901128,0.0,
2021-03-11 14:01:02.530,1,0.33635258979259,494.9503342125204,0.0,
2021-03-11 14:01:02.540,1,0.4180285821301546,492.76856404196025,0.0,
2021-03-11 14:01:02.550,1,0.3656270564513623,494.0607845554002,0.0,
2021-03-11 14:01:02.560,1,0.4205043023769216,494.4373266893196,0.0,
2021-03-11 14:01:02.570,1,0.3564916039574236,495.9877808660737,0.0,
2021-03-11 14:01:02.580,1,0.3458531293729006,494.75981474678946,0.0,
2021-03-11 14:01:02.590,1,0.4374958319515178,495.0982706583165,0.0,
2021-03-11 14:01:02.600,1,0.448275079355743,499.2411475833393,0.0,
2021-03-11 14:01:02.610,1,0.3612031683820988,497.0286308675258,0.0,
2021-03-11 14:01:02.620,1,0.3839083556970611,495.69958459882673,0.0,
2021-03-11 14:01:02.630,1,0.3700137861019141,496.3090633603978,0.0,
2021-03-11 14:01:02.640,1,0.358949572745395,493.1871388536295,0.0,
2021-03-11 14:01:02.650,1,0.3811052364848613,493.03790057183227,0.0,
2021-03-11 14:01:02.660,1,0.3674631851013014,496.4249601771959,0.0,
2021-03-11 14:01:02.670,1,0.4240369682308949,496.09750266352967,0.0,
2021-03-11 14:01:02.680,1,0.4608186441756368,496.3675794449893,0.0,
2021-03-11 14:01:02.690,1,0.3886740520686725,493.2671222820677,0.0,
2021-03-11 14:01:02.700,1,0.3964618838497863,496.6102836931448,0.0,
2021-03-11 14:01:02.710,1,0.4652923089705534,496.03822477315504,0.0,
2021-03-11 14:01:02.720,1,0.4378547910080574,494.63315782568367,0.0,
2021-03-11 14:01:02.730,1,0.4364666270971789,497.9885213158751,0.0,
2021-03-11 14:01:02.740,1,0.3833093896612213,492.4075024461744,0.0,
2021-03-11 14:01:02.750,1,0.4541970959843502,495.8306205461367,0.0,
2021-03-11 14:01:02.760,1,0.4877593562356171,496.49704886427804,0.0,
2021-03-11 14:01:02.770,1,0.3763883122766129,491.28007906288286,0.0,
2021-03-11 14:01:02.780,1,0.4495738361952559,490.0015326699773,0.0,
2021-03-11 14:01:02.790,1,0.5012031673930079,488.2287803791633,0.0,
2021-03-11 14:01:02.800,1,0.340676872679175,492.0274616849747,0.0,
2021-03-11 14:01:02.810,1,0.4233964688992778,493.62665328594323,0.0,
2021-03-11 14:01:02.820,1,0.3567489378304469,490.5979091596902,0.0,
2021-03-11 14:01:02.830,1,0.3381398083209162,493.57676696254737,0.0,
2021-03-11 14:01:02.840,1,0.4150883610272153,493.7620699538353,0.0,
2021-03-11 14:01:02.850,1,0.4266518095447101,491.8125510141875,0.0,
2021-03-11 14:01:02.860,1,0.3683975738830704,495.30849593596497,0.0,
2021-03-11 14:01:02.870,1,0.3998431066350668,493.2140921254548,0.0,
2021-03-11 14:01:02.880,1,0.4256052481519377,493.4857516180529,0.0,
2021-03-11 14:01:02.890,1,0.3329395318877186,492.7092977458751,0.0,
2021-03-11 14:01:02.900,1,0.4305105479277685,495.1739869973903,0.0,
2021-03-11 14:01:02.910,1,0.363959747903944,488.22438840750516,0.0,
2021-03-11 14:01:02.920,1,0.3969788265915221,492.71954849930535,0.0,
2021-03-11 14:01:02.930,1,0.4204175991739847,496.3386712782362,0.0,
2021-03-11 14:01:02.940,1,0.4434671920435146,489.8608201321426,0.0,
2021-03-11 14:01:02.950,1,0.4259169441932141,492.19898804006783,0.0,
2021-03-11 14:01:02.960,1,0.4588317334529629,495.89473208323443,0.0,
2021-03-11 14:01:02.970,1,0.3772644528735611,500.2219478419416,0.0,
2021-03-11 14:01:02.980,1,0.3385554690032893,496.4853535368333,0.0,
2021-03-11 14:01:02.990,1,0.3708442075956906,498.0046862967815,0.0,
2021-03-11 14:01:03.000,1,0.4285653080675445,495.18349203036485,0.0,
2021-03-11 14:01:03.010,1,0.3891151524384297,491.3347865375338,0.0,
2021-03-11 14:01:03.020,1,0.3156032384859546,495.14765772632376,0.0,
2021-03-11 14:01:03.030,1,0.2974353422211545,500.36882515085335,0.0,
2021-03-11 14:01:03.040,1,0.3582157545927078,494.7877461006655,0.0,
2021-03-11 14:01:03.050,1,0.3876564426951688,497.6224168092865,0.0,
2021-03-11 14:01:03.060,1,0.3175266979519728,500.92617813532763,0.0,
2021-03-11 14:01:03.070,1,0.3015884382165986,496.97217218298823,0.0,
2021-03-11 14:01:03.080,1,0.3670916503853453,498.00956632362505,0.0,
2021-03-11 14:01:03.090,1,0.2990262128223501,501.0935115157438,0.0,
2021-03-11 14:01:03.100,1,0.4001253612545182,498.4606202739329,0.0,
2021-03-11 14:01:03.110,1,0.4034491468202468,506.238484314098,0.0,
2021-03-11 14:01:03.120,1,0.3666936202441575,498.6690902092213,0.0,
2021-03-11 14:01:03.130,1,0.4249544413356766,499.1486984143582,0.0,
2021-03-11 14:01:03.140,1,0.4245534261837101,501.2336567152551,0.0,
2021-03-11 14:01:03.150,1,0.3026606984757952,499.22769686082495,0.0,
2021-03-11 14:01:03.160,1,0.3732946883956922,508.0671131433407,0.0,
2021-03-11 14:01:03.170,1,0.3835753263581722,499.5710797442066,0.0,
2021-03-11 14:01:03.180,1,0.3467104510077268,503.79284167921026,0.0,
2021-03-11 14:01:03.190,1,0.3892217553524694,497.6961235084056,0.0,
2021-03-11 14:01:03.200,1,0.3104021901342877,501.48100182024245,0.0,
2021-03-11 14:01:03.210,1,0.2854169100373755,503.52174858236435,0.0,
2021-03-11 14:01:03.220,1,0.3625490375288926,505.2626036426838,0.0,
2021-03-11 14:01:03.230,1,0.4157040705121076,505.37727234436807,0.0,
2021-03-11 14:01:03.240,1,0.3679108717347732,508.1237211122335,0.0,
2021-03-11 14:01:03.250,1,0.3316136164543802,506.0444750870843,0.0,
2021-03-11 14:01:03.260,1,0.4046217844582128,512.8372915579779,0.0,
2021-03-11 14:01:03.270,1,0.3105511872418548,507.3594847631466,0.0,
2021-03-11 14:01:03.280,1,0.4016521325988612,508.7312636838546,0.0,
2021-03-11 14:01:03.290,1,0.3764773530609142,506.26470641533376,0.0,
2021-03-11 14:01:03.300,1,0.3574629008797813,509.89969253254736,0.0,
2021-03-11 14:01:03.310,1,0.4037501765385512,508.5879631623541,0.0,
2021-03-11 14:01:03.320,1,0.3679315066008732,505.8259545387512,0.0,
2021-03-11 14:01:03.330,1,0.3368251445919368,506.8554124802002,0.0,
2021-03-11 14:01:03.340,1,0.3183261664193659,507.0099216732756,0.0,
2021-03-11 14:01:03.350,1,0.2928995126638641,506.3849959048677,0.0,
2021-03-11 14:01:03.360,1,0.4150701586363572,503.3027690347322,0.0,
2021-03-11 14:01:03.370,1,0.3328196166317982,510.55005382175295,0.0,
2021-03-11 14:01:03.380,1,0.3072877630396454,503.0157921752683,0.0,
2021-03-11 14:01:03.390,1,0.4238648620723914,506.07060185768256,0.0,
2021-03-11 14:01:03.400,1,0.3969143948839004,498.560669552211,0.0,
2021-03-11 14:01:03.410,1,0.3375769863314551,504.3369937771614,0.0,
2021-03-11 14:01:03.420,1,0.2954823439039686,504.7357591978849,0.0,
2021-03-11 14:01:03.430,1,0.4300378141804657,500.51124908455773,0.0,
2021-03-11 14:01:03.440,1,0.3250359174709894,496.99239450011146,0.0,
2021-03-11 14:01:03.450,1,0.4166372951166929,503.22013540533857,0.0,
2021-03-11 14:01:03.460,1,0.3597207913350371,502.2933643473872,0.0,
2021-03-11 14:01:03.470,1,0.3111815246155267,502.3860284009117,0.0,
2021-03-11 14:01:03.480,1,0.307330808875207,502.2449324178469,0.0,
2021-03-11 14:01:03.490,1,0.3767158857153634,498.6905863434071,0.0,
2021-03-11 14:01:03.500,1,0.3567841405597601,500.10487265186026,0.0,
2021-03-11 14:01:03.510,1,0.3507012881580336,501.8370884097192,0.0,
2021-03-11 14:01:03.520,1,0.3221858129176192,501.381671848527,0.0,
2021-03-11 14:01:03.530,1,0.3584377720465863,499.2329991926037,0.0,
2021-03-11 14:01:03.540,1,0.4088474605081665,500.9115060606873,0.0,
2021-03-11 14:01:03.550,1,0.3713882557446183,497.0600366154438,0.0,
2021-03-11 14:01:03.560,1,0.3333425159710713,497.57930566727225,0.0,
2021-03-11 14:01:03.570,1,0.4602810981814499,495.08462998273137,0.0,
2021-03-11 14:01:03.580,1,0.4821793134143528,497.3156109197754,0.0,
2021-03-11 14:01:03.590,1,0.4192602804550345,497.6930346314586,0.0,
2021-03-11 14:01:03.600,1,0.4440161743461692,497.14084134966726,0.0,
2021-03-11 14:01:03.610,1,0.4599649984359948,496.1838000237788,0.0,
2021-03-11 14:01:03.620,1,0.4990408833272949,494.4590214893338,0.0,
2021-03-11 14:01:03.630,1,0.364270496677397,500.5746156816418,0.0,
2021-03-11 14:01:03.640,1,0.3656968646679795,492.45747300505246,0.0,
2021-03-11 14:01:03.650,1,0.3408059362595459,503.4730812771817,0.0,
2021-03-11 14:01:03.660,1,0.4891253997684136,495.73887990157164,0.0,
2021-03-11 14:01:03.670,1,0.5110953148166023,495.1364058280252,0.0,
2021-03-11 14:01:03.680,1,0.3641421557960961,496.4359582324048,0.0,
2021-03-11 14:01:03.690,1,0.3992203085729742,492.04434576040563,0.0,
2021-03-11 14:01:03.700,1,0.474225477704877,497.1916253901727,0.0,
2021-03-11 14:01:03.710,1,0.4787196467999483,498.02069918851606,0.0,
2021-03-11 14:01:03.720,1,0.4493495960057755,496.1173877787687,0.0,
2021-03-11 14:01:03.730,1,0.3864361760407807,496.82247956094847,0.0,
2021-03-11 14:01:03.740,1,0.5100312935851831,496.612246429576,0.0,
2021-03-11 14:01:03.750,1,0.4748661998591273,500.6217581760604,0.0,
2021-03-11 14:01:03.760,1,0.4921888335522755,498.3291399170017,0.0,
2021-03-11 14:01:03.770,1,0.39112192182173294,503.47737325418007,0.0,
2021-03-11 14:01:03.780,1,0.5361524861902329,501.9687902148476,0.0,
2021-03-11 14:01:03.790,1,0.5150471453407992,501.5332420125808,0.0,
2021-03-11 14:01:03.800,1,0.5320590425079694,498.81228117701795,0.0,
2021-03-11 14:01:03.810,1,0.4332229310822093,502.38447129947184,0.0,
2021-03-11 14:01:03.820,1,0.4069520210489969,500.2503376551557,0.0,
2021-03-11 14:01:03.830,1,0.4508547093012192,505.67251636273767,0.0,
2021-03-11 14:01:03.840,1,0.3627822030391678,498.9929802514399,0.0,
2021-03-11 14:01:03.850,1,0.4606301737406297,501.5083914973249,0.0,
2021-03-11 14:01:03.860,1,0.4204282149799134,501.34423033301283,0.0,
2021-03-11 14:01:03.870,1,0.458559544161586,503.6743092868548,0.0,
2021-03-11 14:01:03.880,1,0.4472591020526862,506.5783804669321,0.0,
2021-03-11 14:01:03.890,1,0.4098883388115689,501.21809952102274,0.0,
2021-03-11 14:01:03.900,1,0.4660446919329912,504.05478285865496,0.0,
2021-03-11 14:01:03.910,1,0.5136420476422442,502.5818543353291,0.0,
2021-03-11 14:01:03.920,1,0.4338927358653694,507.1964058378019,0.0,
2021-03-11 14:01:03.930,1,0.4246055326304162,503.7244079281312,0.0,
2021-03-11 14:01:03.940,1,0.3826969377926408,506.797226671797,0.0,
2021-03-11 14:01:03.950,1,0.3682223249162382,505.6284557290633,0.0,
2021-03-11 14:01:03.960,1,0.5160972467231884,504.2125178357521,0.0,
2021-03-11 14:01:03.970,1,0.4898240974966643,503.23481042659563,0.0,
2021-03-11 14:01:03.980,1,0.4915672109759186,503.6865223329645,0.0,
2021-03-11 14:01:03.990,1,0.3880429684406068,504.65895152827017,0.0,
2021-03-11 14:01:04.000,1,0.4158499486964727,503.6172337241264,0.0,
2021-03-11 14:01:04.010,1,0.384419898525372,503.3289755169397,0.0,
2021-03-11 14:01:04.020,1,0.4582677136768854,501.2783075539222,0.0,
2021-03-11 14:01:04.030,1,0.3501076919442146,501.5560859914693,0.0,
2021-03-11 14:01:04.040,1,0.4702547475298773,499.8714921622872,0.0,
2021-03-11 14:01:04.050,1,0.4493880024163664,500.7154743876657,0.0,
2021-03-11 14:01:04.060,1,0.3593531120681988,502.0256435829828,0.0,
2021-03-11 14:01:04.070,1,0.3682821699996608,499.44662786157636,0.0,
2021-03-11 14:01:04.080,1,0.4937894903580943,501.8041103969878,0.0,
2021-03-11 14:01:04.090,1,0.5082248418480603,501.8527953575068,0.0,
2021-03-11 14:01:04.100,1,0.4636551451095295,500.21985208349787,0.0,
2021-03-11 14:01:04.110,1,0.5111368787004777,500.14123324602303,0.0,
2021-03-11 14:01:04.120,1,0.4055781655495756,496.14626426157616,0.0,
2021-03-11 14:01:04.130,1,0.4053442015512224,500.0956767344909,0.0,
2021-03-11 14:01:04.140,1,0.3669947637959631,496.6049248104229,0.0,
2021-03-11 14:01:04.150,1,0.4399291354367712,498.6076850650056,0.0,
2021-03-11 14:01:04.160,1,0.3545838832290471,494.6105030432197,0.0,
2021-03-11 14:01:04.170,1,0.4512444482806508,499.5791585087573,0.0,
2021-03-11 14:01:04.180,1,0.4986664171319986,496.54589613839033,0.0,
2021-03-11 14:01:04.190,1,0.3649693451793936,497.22500929474455,0.0,
2021-03-11 14:01:04.200,1,0.4538936666039117,500.27974067512537,0.0,
2021-03-11 14:01:04.210,1,0.4356670748171831,498.6651966864992,0.0,
2021-03-11 14:01:04.220,1,0.5032993701039783,496.3005790634629,0.0,
2021-03-11 14:01:04.230,1,0.4536591929156276,493.7064706710544,0.0,
2021-03-11 14:01:04.240,1,0.3691028071672689,496.11973208235963,0.0,
2021-03-11 14:01:04.250,1,0.4363846455930704,495.3215452547676,0.0,
2021-03-11 14:01:04.260,1,0.4269185525246969,495.4743368215685,0.0,
2021-03-11 14:01:04.270,1,0.4855867598307242,498.0300822526237,0.0,
2021-03-11 14:01:04.280,1,0.3676273075441142,497.02226791814525,0.0,
2021-03-11 14:01:04.290,1,0.4725555414895459,495.48931792189904,0.0,
2021-03-11 14:01:04.300,1,0.4669004719761236,497.35677300827757,0.0,
2021-03-11 14:01:04.310,1,0.5273440064890822,493.5952622595089,0.0,
2021-03-11 14:01:04.320,1,0.4815476061802067,493.34990307921913,0.0,
2021-03-11 14:01:04.330,1,0.4087473872269335,494.3218144117788,0.0,
2021-03-11 14:01:04.340,1,0.3837294622298218,498.6235499837691,0.0,
2021-03-11 14:01:04.350,1,0.4896399842375608,493.4796998394839,0.0,
2021-03-11 14:01:04.360,1,0.3723179113821547,498.72749245750913,0.0,
2021-03-11 14:01:04.370,1,0.4734857520074499,495.0532900605206,0.0,
2021-03-11 14:01:04.380,1,0.4310975495419394,496.73322315051803,0.0,
2021-03-11 14:01:04.390,1,0.3838914933167656,495.3042367092778,0.0,
2021-03-11 14:01:04.400,1,0.5131873080529055,495.95843823293694,0.0,
2021-03-11 14:01:04.410,1,0.5515810747845201,501.9232734205386,0.0,
2021-03-11 14:01:04.420,1,0.4084415239305042,505.003017081143,0.0,
2021-03-11 14:01:04.430,1,0.4184241703187236,499.6738913207969,0.0,
2021-03-11 14:01:04.440,1,0.457604706964466,499.23719920712995,0.0,
2021-03-11 14:01:04.450,1,0.4246944376751285,500.2921654769257,0.0,
2021-03-11 14:01:04.460,1,0.5452102913684522,501.33314166446996,0.0,
2021-03-11 14:01:04.470,1,0.4951724604927084,501.4105701576766,0.0,
2021-03-11 14:01:04.480,1,0.5282801895190545,501.68957977359884,0.0,
2021-03-11 14:01:04.490,1,0.5528699704524977,503.3693110380805,0.0,
2021-03-11 14:01:04.500,1,0.5771091081129093,506.4832081648257,0.0,
2021-03-11 14:01:04.510,1,0.4013356140183748,508.0899672833741,0.0,
2021-03-11 14:01:04.520,1,0.5269969962196758,506.5127844736076,0.0,
2021-03-11 14:01:04.530,1,0.4356127957122123,505.7936413313722,0.0,
2021-03-11 14:01:04.540,1,0.4880322153982467,507.1574029382245,0.0,
2021-03-11 14:01:04.550,1,0.5860772512147736,501.80780813401907,0.0,
2021-03-11 14:01:04.560,1,0.5499327308294598,508.0245790429541,0.0,
2021-03-11 14:01:04.570,1,0.4407840120816686,509.9773736346158,0.0,
2021-03-11 14:01:04.580,1,0.4936199353376476,510.3546526705978,0.0,
2021-03-11 14:01:04.590,1,0.5510039634715616,507.7019700979121,0.0,
2021-03-11 14:01:04.600,1,0.5262854550730981,510.7335551856637,0.0,
2021-03-11 14:01:04.610,1,0.5982210749728519,509.5115888782599,0.0,
2021-03-11 14:01:04.620,1,0.6130343394892093,507.30204156544676,0.0,
2021-03-11 14:01:04.630,1,0.5963533064894538,513.3362613824293,0.0,
2021-03-11 14:01:04.640,1,0.6050578819606734,512.406166255677,0.0,
2021-03-11 14:01:04.650,1,0.5031336275823761,512.7809817252482,0.0,
2021-03-11 14:01:04.660,1,0.5504681416495146,508.06895020973417,0.0,
2021-03-11 14:01:04.670,1,0.496540876646746,509.63658943004725,0.0,
2021-03-11 14:01:04.680,1,0.5091746096619072,514.319712642387,0.0,
2021-03-11 14:01:04.690,1,0.6240394458846095,503.85655486187136,0.0,
2021-03-11 14:01:04.700,1,0.4652471339793174,510.4518472742554,0.0,
2021-03-11 14:01:04.710,1,0.4559362752906128,512.3608817736349,0.0,
2021-03-11 14:01:04.720,1,0.4564153866951512,507.7148684673917,0.0,
2021-03-11 14:01:04.730,1,0.5204423837944453,510.2999774724087,0.0,
2021-03-11 14:01:04.740,1,0.5028448969329085,508.6153329622233,0.0,
2021-03-11 14:01:04.750,1,0.473630505232698,513.2326646266413,0.0,
2021-03-11 14:01:04.760,1,0.5996012659085236,510.9153932634855,0.0,
2021-03-11 14:01:04.770,1,0.5834024401015176,507.8290714066283,0.0,
2021-03-11 14:01:04.780,1,0.5066781185231043,510.2249278946354,0.0,
2021-03-11 14:01:04.790,1,0.6261998876326802,504.6415382497146,0.0,
2021-03-11 14:01:04.800,1,0.61604691325465,507.83784269496806,0.0,
2021-03-11 14:01:04.810,1,0.486253373624361,505.3401989767413,0.0,
2021-03-11 14:01:04.820,1,0.6042728337882721,503.8496302603285,0.0,
2021-03-11 14:01:04.830,1,0.5418468658206204,502.8669685839669,0.0,
2021-03-11 14:01:04.840,1,0.6150151258018232,508.780262897912,0.0,
2021-03-11 14:01:04.850,1,0.5340031979157033,502.3798042312608,0.0,
2021-03-11 14:01:04.860,1,0.5333599203144717,506.44826049861535,0.0,
2021-03-11 14:01:04.870,1,0.5141431898160831,505.33818001224313,0.0,
2021-03-11 14:01:04.880,1,0.650004022396206,506.63238139298517,0.0,
2021-03-11 14:01:04.890,1,0.5334413804711893,508.56038004376745,0.0,
2021-03-11 14:01:04.900,1,0.5016360199823766,509.09963724698525,0.0,
2021-03-11 14:01:04.910,1,0.5791239297119838,506.8940339231205,0.0,
2021-03-11 14:01:04.920,1,0.5140130831857533,505.524581616666,0.0,
2021-03-11 14:01:04.930,1,0.6354450636651556,503.7020340222873,0.0,
2021-03-11 14:01:04.940,1,0.4588073638335064,509.5209806914049,0.0,
2021-03-11 14:01:04.950,1,0.4334832806868481,506.15873935726233,0.0,
2021-03-11 14:01:04.960,1,0.4826185020911664,502.4555903480108,0.0,
2021-03-11 14:01:04.970,1,0.6316647480970912,506.9266930838148,0.0,
2021-03-11 14:01:04.980,1,0.5538642616579152,505.41844719499534,0.0,
2021-03-11 14:01:04.990,1,0.6127704859341989,504.88393190255687,0.0,
2021-03-11 14:01:05.000,1,0.5386434882662412,505.09142538412004,0.0,
2021-03-11 14:01:05.010,1,0.5247974542909533,507.06980693379234,0.0,
2021-03-11 14:01:05.020,1,0.5117780551119885,503.9797413735592,0.0,
2021-03-11 14:01:05.030,1,0.4887160816202301,506.2466747420232,0.0,
2021-03-11 14:01:05.040,1,0.4264168772409495,510.77049174774396,0.0,
2021-03-11 14:01:05.050,1,0.5108406934853205,506.65173501430803,0.0,
2021-03-11 14:01:05.060,1,0.5169593757517157,504.27687281233545,0.0,
2021-03-11 14:01:05.070,1,0.4406459735242831,507.020959773796,0.0,
2021-03-11 14:01:05.080,1,0.4649700020698038,506.00336240107725,0.0,
2021-03-11 14:01:05.090,1,0.512509869632161,503.2059308765957,0.0,
2021-03-11 14:01:05.100,1,0.4095421296408257,512.0838183389367,0.0,
2021-03-11 14:01:05.110,1,0.5519631198435829,511.88836406821434,0.0,
2021-03-11 14:01:05.120,1,0.3975661662995174,503.93028293876966,0.0,
2021-03-11 14:01:05.130,1,0.3930189430418748,506.46434916274916,0.0,
2021-03-11 14:01:05.140,1,0.393662596055113,514.076706169249,0.0,
2021-03-11 14:01:05.150,1,0.4499318132606233,512.0156034983711,0.0,
2021-03-11 14:01:05.160,1,0.4101181397056831,515.5080437289696,0.0,
2021-03-11 14:01:05.170,1,0.5010410905002288,509.3165556485695,0.0,
2021-03-11 14:01:05.180,1,0.5134637427906464,513.2075469917552,0.0,
2021-03-11 14:01:05.190,1,0.3979127248997806,513.2852708702361,0.0,
2021-03-11 14:01:05.200,1,0.3944352109598849,513.3904896626643,0.0,
2021-03-11 14:01:05.210,1,0.5541160249070045,517.0321260653146,0.0,
2021-03-11 14:01:05.220,1,0.5028831818383709,511.4939993686169,0.0,
2021-03-11 14:01:05.230,1,0.4704273452298117,513.4261150261133,0.0,
2021-03-11 14:01:05.240,1,0.4996844952271932,514.788471220258,0.0,
2021-03-11 14:01:05.250,1,0.4124125639831553,516.8439133651015,0.0,
2021-03-11 14:01:05.260,1,0.4243945217816958,513.6832011090087,0.0,
2021-03-11 14:01:05.270,1,0.5523832306615702,511.1518403618708,0.0,
2021-03-11 14:01:05.280,1,0.5344053183442941,516.0477911702471,0.0,
2021-03-11 14:01:05.290,1,0.5257709888971606,517.8409246339621,0.0,
2021-03-11 14:01:05.300,1,0.488714936567315,514.9050500857211,0.0,
2021-03-11 14:01:05.310,1,0.5316122618443815,514.0104095787884,0.0,
2021-03-11 14:01:05.320,1,0.5038470631772922,514.9689889817477,0.0,
2021-03-11 14:01:05.330,1,0.4718443197631675,517.5316651006347,0.0,
2021-03-11 14:01:05.340,1,0.4965231739897734,511.3251474784636,0.0,
2021-03-11 14:01:05.350,1,0.4263690207361467,520.2116387561587,0.0,
2021-03-11 14:01:05.360,1,0.4569370222426941,513.8924151136748,0.0,
2021-03-11 14:01:05.370,1,0.3796278917492841,513.4523401739502,0.0,
2021-03-11 14:01:05.380,1,0.4174134066744754,512.9600516142756,0.0,
2021-03-11 14:01:05.390,1,0.4026834742336142,510.96863730215375,0.0,
2021-03-11 14:01:05.400,1,0.3774155420787926,516.4084744960717,0.0,
2021-03-11 14:01:05.410,1,0.5378860447179136,516.3511100833239,0.0,
2021-03-11 14:01:05.420,1,0.3729416355889267,512.9716666778162,0.0,
2021-03-11 14:01:05.430,1,0.4655873470878244,515.6325518402432,0.0,
2021-03-11 14:01:05.440,1,0.4392473405438352,511.4744643141549,0.0,
2021-03-11 14:01:05.450,1,0.5607532460985304,513.4547454313437,0.0,
2021-03-11 14:01:05.460,1,0.4356582509656029,511.7451302418647,0.0,
2021-03-11 14:01:05.470,1,0.486905786990161,506.39521430403124,0.0,
2021-03-11 14:01:05.480,1,0.5356129966388609,507.4086684756458,0.0,
2021-03-11 14:01:05.490,1,0.3804018885129873,513.566391123955,0.0,
2021-03-11 14:01:05.500,1,0.4371462477163614,509.598762547949,0.0,
2021-03-11 14:01:05.510,1,0.4388284413491345,513.5921309462543,0.0,
2021-03-11 14:01:05.520,1,0.4855584539362489,509.03171261835456,0.0,
2021-03-11 14:01:05.530,1,0.4857175958927921,507.40723077789335,0.0,
2021-03-11 14:01:05.540,1,0.4043357146338516,505.0493255003515,0.0,
2021-03-11 14:01:05.550,1,0.5510351752106999,500.4503312357037,0.0,
2021-03-11 14:01:05.560,1,0.4838542799541832,502.3139022117518,0.0,
2021-03-11 14:01:05.570,1,0.5282711236905171,505.4014275177898,0.0,
2021-03-11 14:01:05.580,1,0.5403285238092951,504.9297560328469,0.0,
2021-03-11 14:01:05.590,1,0.4936252946880555,506.6455893664138,0.0,
2021-03-11 14:01:05.600,1,0.4820945678081784,504.0767578111421,0.0,
2021-03-11 14:01:05.610,1,0.4928211475671957,505.0568876638301,0.0,
2021-03-11 14:01:05.620,1,0.4514665211816003,500.9720119751895,0.0,
2021-03-11 14:01:05.630,1,0.4351434639995135,501.41642300994437,0.0,
2021-03-11 14:01:05.640,1,0.4076681478200978,499.6870792453025,0.0,
2021-03-11 14:01:05.650,1,0.5431961513702779,503.60407254087136,0.0,
2021-03-11 14:01:05.660,1,0.4558639330603229,503.7113909848143,0.0,
2021-03-11 14:01:05.670,1,0.5679102627736009,500.770247315176,0.0,
2021-03-11 14:01:05.680,1,0.4458042239327369,499.5463229671469,0.0,
2021-03-11 14:01:05.690,1,0.4215959473377106,501.4318402781677,0.0,
2021-03-11 14:01:05.700,1,0.5657756935345366,497.27699707024163,0.0,
2021-03-11 14:01:05.710,1,0.5538352714826897,501.7410330434103,0.0,
2021-03-11 14:01:05.720,1,0.4896619133085577,499.0106009177945,0.0,
2021-03-11 14:01:05.730,1,0.4041012598968124,501.5036319468426,0.0,
2021-03-11 14:01:05.740,1,0.3960495764354593,504.4798523470922,0.0,
2021-03-11 14:01:05.750,1,0.4485941097399128,502.247069539222,0.0,
2021-03-11 14:01:05.760,1,0.4041929245291582,503.4155593025367,0.0,
2021-03-11 14:01:05.770,1,0.5027683029384319,498.5175489016148,0.0,
2021-03-11 14:01:05.780,1,0.4688272026165764,505.6542722719603,0.0,
2021-03-11 14:01:05.790,1,0.4568991703715895,504.38484630996163,0.0,
2021-03-11 14:01:05.800,1,0.4327549431952842,504.98639216899727,0.0,
2021-03-11 14:01:05.810,1,0.5381873052476353,502.2363074409163,0.0,
2021-03-11 14:01:05.820,1,0.5021611757257745,506.9551874963216,0.0,
2021-03-11 14:01:05.830,1,0.4609417337213913,504.1584418297942,0.0,
2021-03-11 14:01:05.840,1,0.4776838255280436,508.7465315923548,0.0,
2021-03-11 14:01:05.850,1,0.4778603397845886,503.8573657987075,0.0,
2021-03-11 14:01:05.860,1,0.3795175709542258,507.86997997016965,0.0,
2021-03-11 14:01:05.870,1,0.4343577670165481,506.288949203452,0.0,
2021-03-11 14:01:05.880,1,0.5116336966193642,504.02754393106574,0.0,
2021-03-11 14:01:05.890,1,0.5337674789033312,502.2513106854627,0.0,
2021-03-11 14:01:05.900,1,0.4355801836305996,504.9514879923314,0.0,
2021-03-11 14:01:05.910,1,0.4271413396555473,506.2497561611507,0.0,
2021-03-11 14:01:05.920,1,0.5009428217410634,504.7223319959922,0.0,
2021-03-11 14:01:05.930,1,0.4189444004087556,503.2404096518489,0.0,
2021-03-11 14:01:05.940,1,0.4810181059116071,509.2514203003508,0.0,
2021-03-11 14:01:05.950,1,0.4794168489017658,508.7023274935755,0.0,
2021-03-11 14:01:05.960,1,0.4427462356070192,509.2678716103251,0.0,
2021-03-11 14:01:05.970,1,0.5016194220846152,507.7652152313697,0.0,
2021-03-11 14:01:05.980,1,0.3750108055739921,503.80743459928254,0.0,
2021-03-11 14:01:05.990,1,0.4345806368559722,504.04337965443983,0.0,
2021-03-11 14:01:06.000,1,0.5064514518708296,502.64414151328,0.0,
2021-03-11 14:01:06.010,1,0.4111720928548282,505.5294196093862,0.0,
2021-03-11 14:01:06.020,1,0.4808104330935955,510.03195835683465,0.0,
2021-03-11 14:01:06.030,1,0.4157469999422276,501.2556113214544,0.0,
2021-03-11 14:01:06.040,1,0.3229757238395881,502.8296119570594,0.0,
2021-03-11 14:01:06.050,1,0.4551464474608607,500.5624226958351,0.0,
2021-03-11 14:01:06.060,1,0.4543922384339642,498.863601512312,0.0,
2021-03-11 14:01:06.070,1,0.3906474471798904,501.84575776585785,0.0,
2021-03-11 14:01:06.080,1,0.3668458529191639,501.417039423492,0.0,
2021-03-11 14:01:06.090,1,0.4513329939506302,498.3174440645366,0.0,
2021-03-11 14:01:06.100,1,0.3663803681233571,504.364462045525,0.0,
2021-03-11 14:01:06.110,1,0.3962595460151523,503.5589467999429,0.0,
2021-03-11 14:01:06.120,1,0.4334179484433652,500.22197995806175,0.0,
2021-03-11 14:01:06.130,1,0.4105633228266508,496.8578812819865,0.0,
2021-03-11 14:01:06.140,1,0.4051954417306474,501.74272250185294,0.0,
2021-03-11 14:01:06.150,1,0.4251152166039857,496.5164622997195,0.0,
2021-03-11 14:01:06.160,1,0.3474055275487254,498.57070670444887,0.0,
2021-03-11 14:01:06.170,1,0.3078599641411004,499.54322008743935,0.0,
2021-03-11 14:01:06.180,1,0.3911107245225109,494.8777945196041,0.0,
2021-03-11 14:01:06.190,1,0.3410931525188974,498.65071436644735,0.0,
2021-03-11 14:01:06.200,1,0.3431154564875613,497.689528676118,0.0,
2021-03-11 14:01:06.210,1,0.3216589977745699,495.1599595535611,0.0,
2021-03-11 14:01:06.220,1,0.3871419365712695,499.7007337535286,0.0,
2021-03-11 14:01:06.230,1,0.4103650636521382,491.9010153063398,0.0,
2021-03-11 14:01:06.240,1,0.3638365774343357,492.1318213023271,0.0,
2021-03-11 14:01:06.250,1,0.3447519185624682,494.5331875604709,0.0,
2021-03-11 14:01:06.260,1,0.3800213524846202,492.3766002772232,0.0,
2021-03-11 14:01:06.270,1,0.365429900273413,491.8213729127983,0.0,
2021-03-11 14:01:06.280,1,0.3948145317199022,493.20038132373884,0.0,
2021-03-11 14:01:06.290,1,0.3494656293361707,488.4798744556009,0.0,
2021-03-11 14:01:06.300,1,0.3123903445969519,492.9807881070247,0.0,
2021-03-11 14:01:06.310,1,0.380135340972187,490.5204583726688,0.0,
2021-03-11 14:01:06.320,1,0.3052643294276076,490.9573160907403,0.0,
2021-03-11 14:01:06.330,1,0.3827663932143772,493.0355534485967,0.0,
2021-03-11 14:01:06.340,1,0.29655839325824296,490.17451827185806,0.0,
2021-03-11 14:01:06.350,1,0.3056176648344028,493.8208050165865,0.0,
2021-03-11 14:01:06.360,1,0.39693271905686,490.3838392859098,0.0,
2021-03-11 14:01:06.370,1,0.3925531690660394,499.11100098226746,0.0,
2021-03-11 14:01:06.380,1,0.2900251102271946,493.5203272657628,0.0,
2021-03-11 14:01:06.390,1,0.3511669824750812,497.18382664450246,0.0,
2021-03-11 14:01:06.400,1,0.3003187232139915,496.9111685000088,0.0,
2021-03-11 14:01:06.410,1,0.4336682914359021,491.0911935619854,0.0,
2021-03-11 14:01:06.420,1,0.3559183607023983,492.2694938936865,0.0,
2021-03-11 14:01:06.430,1,0.3620336980756515,495.6900460841528,0.0,
2021-03-11 14:01:06.440,1,0.3713137628324947,492.33066385642167,0.0,
2021-03-11 14:01:06.450,1,0.35686324750527204,496.7338178761594,0.0,
2021-03-11 14:01:06.460,1,0.3753800604826001,496.7578589973429,0.0,
2021-03-11 14:01:06.470,1,0.4463616319412264,492.75708054802016,0.0,
2021-03-11 14:01:06.480,1,0.4082924233498725,501.8785082905418,0.0,
2021-03-11 14:01:06.490,1,0.3897965841735894,497.35388112403365,0.0,
2021-03-11 14:01:06.500,1,0.3832261601765995,497.22026258436574,0.0,
2021-03-11 14:01:06.510,1,0.30714466603905105,498.86554664801537,0.0,
2021-03-11 14:01:06.520,1,0.4539111781723376,500.8008096172785,0.0,
2021-03-11 14:01:06.530,1,0.3246189479719784,495.8457510529556,0.0,
2021-03-11 14:01:06.540,1,0.3800206803202559,501.2344097773435,0.0,
2021-03-11 14:01:06.550,1,0.4597355405566837,500.0677126797558,0.0,
2021-03-11 14:01:06.560,1,0.3536340881513801,501.78229401573446,0.0,
2021-03-11 14:01:06.570,1,0.3431001428517655,500.32554429209915,0.0,
2021-03-11 14:01:06.580,1,0.3220246310288761,502.6830488730096,0.0,
2021-03-11 14:01:06.590,1,0.3501385294633397,501.8122833188156,0.0,
2021-03-11 14:01:06.600,1,0.3819198046911251,500.5829618098793,0.0,
2021-03-11 14:01:06.610,1,0.4192192836231509,504.9611852598561,0.0,
2021-03-11 14:01:06.620,1,0.4476599449342237,504.78560800160784,0.0,
2021-03-11 14:01:06.630,1,0.4517851112186598,506.402364690749,0.0,
2021-03-11 14:01:06.640,1,0.3538756615825337,505.6327886736327,0.0,
2021-03-11 14:01:06.650,1,0.3719859004835585,504.2913225587221,0.0,
2021-03-11 14:01:06.660,1,0.4094911659290601,506.018732666021,0.0,
2021-03-11 14:01:06.670,1,0.3948618865947687,501.9009976950537,0.0,
2021-03-11 14:01:06.680,1,0.4172121881622556,501.9473417960952,0.0,
2021-03-11 14:01:06.690,1,0.3876563417706581,501.8325437012581,0.0,
2021-03-11 14:01:06.700,1,0.3931315333101431,506.1525465152902,0.0,
2021-03-11 14:01:06.710,1,0.3441787866986764,504.66862471262993,0.0,
2021-03-11 14:01:06.720,1,0.4675012873066113,502.82209262901114,0.0,
2021-03-11 14:01:06.730,1,0.3843335527793863,503.1772809370435,0.0,
2021-03-11 14:01:06.740,1,0.443743989085621,505.05018248282175,0.0,
2021-03-11 14:01:06.750,1,0.3897239967202854,504.74091031459375,0.0,
2021-03-11 14:01:06.760,1,0.4199173049947962,502.49701229544746,0.0,
2021-03-11 14:01:06.770,1,0.3874736539268641,507.5604963415962,0.0,
2021-03-11 14:01:06.780,1,0.3833068176788763,506.0796874000826,0.0,
2021-03-11 14:01:06.790,1,0.4218477713053805,498.0358687981835,0.0,
2021-03-11 14:01:06.800,1,0.3621063080834001,498.6461793002255,0.0,
2021-03-11 14:01:06.810,1,0.3977142814923097,503.91832107255686,0.0,
2021-03-11 14:01:06.820,1,0.4632950934885457,500.41775327126913,0.0,
2021-03-11 14:01:06.830,1,0.4100402948925287,501.8509190562991,0.0,
2021-03-11 14:01:06.840,1,0.3649278845781332,499.8637913503719,0.0,
2021-03-11 14:01:06.850,1,0.4763988617746738,495.9769689075154,0.0,
2021-03-11 14:01:06.860,1,0.4135310339811228,497.180811185214,0.0,
2021-03-11 14:01:06.870,1,0.4188053799165727,503.59807723562096,0.0,
2021-03-11 14:01:06.880,1,0.3295402803632433,502.4694787067988,0.0,
2021-03-11 14:01:06.890,1,0.344774934303576,495.57489541648215,0.0,
2021-03-11 14:01:06.900,1,0.4795002781886331,496.5111337587302,0.0,
2021-03-11 14:01:06.910,1,0.4170285911525577,499.8920495479432,0.0,
2021-03-11 14:01:06.920,1,0.4744867939985479,501.5017332232209,0.0,
2021-03-11 14:01:06.930,1,0.4676608046289313,499.1932567812708,0.0,
2021-03-11 14:01:06.940,1,0.4764034772500838,498.3752480021991,0.0,
2021-03-11 14:01:06.950,1,0.3275526038270683,497.9222294712258,0.0,
2021-03-11 14:01:06.960,1,0.4734079020198579,495.6124489637844,0.0,
2021-03-11 14:01:06.970,1,0.4399183340793151,493.24314729972895,0.0,
2021-03-11 14:01:06.980,1,0.3643508715721358,498.3697273694133,0.0,
2021-03-11 14:01:06.990,1,0.407279373540105,497.72904964643664,0.0,
2021-03-11 14:01:07.000,1,0.4536686447544931,498.2989873387955,0.0,
2021-03-11 14:01:07.010,1,0.4350444413194914,498.8707403521012,0.0,
2021-03-11 14:01:07.020,1,0.3510291157660942,495.5169263635914,0.0,
2021-03-11 14:01:07.030,1,0.3944455239250773,494.94419213081426,0.0,
2021-03-11 14:01:07.040,1,0.3445798686740013,495.2499623880887,0.0,
2021-03-11 14:01:07.050,1,0.41560320423259495,494.9585459679527,0.0,
2021-03-11 14:01:07.060,1,0.4297798838423851,496.16049745571365,0.0,
2021-03-11 14:01:07.070,1,0.414769306651546,489.56071324891576,0.0,
2021-03-11 14:01:07.080,1,0.3118030314703633,499.3396586961576,0.0,
2021-03-11 14:01:07.090,1,0.3979651031097179,496.3649554327822,0.0,
2021-03-11 14:01:07.100,1,0.3829434782538951,504.2753933103372,0.0,
2021-03-11 14:01:07.110,1,0.4154956157119894,500.68305045996567,0.0,
2021-03-11 14:01:07.120,1,0.4352906794641452,502.39389529285774,0.0,
2021-03-11 14:01:07.130,1,0.3943099175190023,499.4763127085681,0.0,
2021-03-11 14:01:07.140,1,0.4457505507313524,500.4126474085292,0.0,
2021-03-11 14:01:07.150,1,0.341307268924978,500.0048041156234,0.0,
2021-03-11 14:01:07.160,1,0.384779533838633,506.6392030256131,0.0,
2021-03-11 14:01:07.170,1,0.4099536198954328,501.93887932276704,0.0,
2021-03-11 14:01:07.180,1,0.3977951372851647,502.18445821953753,0.0,
2021-03-11 14:01:07.190,1,0.3455525296724742,501.37553468384596,0.0,
2021-03-11 14:01:07.200,1,0.3172397823876647,503.0838524482143,0.0,
2021-03-11 14:01:07.210,1,0.3790450653595573,502.17631220580256,0.0,
2021-03-11 14:01:07.220,1,0.3056614648941225,503.6092666172811,0.0,
2021-03-11 14:01:07.230,1,0.4411732369363088,505.7279794578837,0.0,
2021-03-11 14:01:07.240,1,0.3603185055385989,504.4086572888462,0.0,
2021-03-11 14:01:07.250,1,0.3092432980584835,503.29219429943663,0.0,
2021-03-11 14:01:07.260,1,0.3813933586792523,502.30473929642164,0.0,
2021-03-11 14:01:07.270,1,0.3736762855435817,507.9918386840924,0.0,
2021-03-11 14:01:07.280,1,0.3667593841204897,507.30083853638877,0.0,
2021-03-11 14:01:07.290,1,0.3219976662790418,509.6966275257828,0.0,
2021-03-11 14:01:07.300,1,0.3823771771127547,507.6237378634629,0.0,
2021-03-11 14:01:07.310,1,0.4510983030592683,508.0661568441881,0.0,
2021-03-11 14:01:07.320,1,0.3541874623807292,507.4531616854691,0.0,
2021-03-11 14:01:07.330,1,0.3561357703940169,506.3866646491678,0.0,
2021-03-11 14:01:07.340,1,0.3913772474516572,507.7322484649839,0.0,
2021-03-11 14:01:07.350,1,0.3362647030165522,507.4364668149369,0.0,
2021-03-11 14:01:07.360,1,0.4666551318526827,509.9566930378092,0.0,
2021-03-11 14:01:07.370,1,0.3765972491652362,507.63207130524665,0.0,
2021-03-11 14:01:07.380,1,0.4548238613626681,506.5653338039004,0.0,
2021-03-11 14:01:07.390,1,0.3408976836588598,505.6221919724961,0.0,
2021-03-11 14:01:07.400,1,0.3352539449534344,505.98270058024843,0.0,
2021-03-11 14:01:07.410,1,0.4656477314608561,506.2477833981964,0.0,
2021-03-11 14:01:07.420,1,0.4764193288011405,503.8062606485098,0.0,
2021-03-11 14:01:07.430,1,0.4513271771390145,504.79184236931053,0.0,
2021-03-11 14:01:07.440,1,0.4354960449154117,505.9541683425303,0.0,
2021-03-11 14:01:07.450,1,0.4893684937283169,504.1420842613698,0.0,
2021-03-11 14:01:07.460,1,0.4323592064070589,505.1738794331677,0.0,
2021-03-11 14:01:07.470,1,0.4707950758751304,503.40406069799974,0.0,
2021-03-11 14:01:07.480,1,0.4914647595052427,497.2793394007925,0.0,
2021-03-11 14:01:07.490,1,0.4015239429225736,508.9013861149841,0.0,
2021-03-11 14:01:07.500,1,0.4234605739961323,500.960102930178,0.0,
2021-03-11 14:01:07.510,1,0.4233614566084102,501.6740032362702,0.0,
2021-03-11 14:01:07.520,1,0.4906681767826479,495.6688614942832,0.0,
2021-03-11 14:01:07.530,1,0.5103502391558661,500.77415139735575,0.0,
2021-03-11 14:01:07.540,1,0.4349731375282241,502.2542136562574,0.0,
2021-03-11 14:01:07.550,1,0.4404068730759161,497.29334002247145,0.0,
2021-03-11 14:01:07.560,1,0.3681508768851825,502.91121716554113,0.0,
2021-03-11 14:01:07.570,1,0.4871299153700523,497.0557776502105,0.0,
2021-03-11 14:01:07.580,1,0.4495819117137246,498.47741935654807,0.0,
2021-03-11 14:01:07.590,1,0.4437486555282417,496.6850423486025,0.0,
2021-03-11 14:01:07.600,1,0.3762794478510686,494.15167969574026,0.0,
2021-03-11 14:01:07.610,1,0.5209879330808557,493.10209937471467,0.0,
2021-03-11 14:01:07.620,1,0.4050678342950881,491.36209037870765,0.0,
2021-03-11 14:01:07.630,1,0.3736229077410756,498.3333267169777,0.0,
2021-03-11 14:01:07.640,1,0.4393526235379938,493.6334560617514,0.0,
2021-03-11 14:01:07.650,1,0.3996922005343478,492.7160376001469,0.0,
2021-03-11 14:01:07.660,1,0.4195995259240074,493.6438434274687,0.0,
2021-03-11 14:01:07.670,1,0.4289386426042035,494.84636946805284,0.0,
2021-03-11 14:01:07.680,1,0.5283446427803256,493.2970878646363,0.0,
2021-03-11 14:01:07.690,1,0.5118229307819829,491.8359850614849,0.0,
2021-03-11 14:01:07.700,1,0.5415930229061081,492.8685667218729,0.0,
2021-03-11 14:01:07.710,1,0.5129734450854853,494.64836765707884,0.0,
2021-03-11 14:01:07.720,1,0.3835462817639667,493.196107895009,0.0,
2021-03-11 14:01:07.730,1,0.4888088243508945,492.2226631008283,0.0,
2021-03-11 14:01:07.740,1,0.5534775469193284,491.8710390729634,0.0,
2021-03-11 14:01:07.750,1,0.4562437365537747,496.42038516341074,0.0,
2021-03-11 14:01:07.760,1,0.3936816154417585,492.7922573590502,0.0,
2021-03-11 14:01:07.770,1,0.5056526648041382,497.0026093469597,0.0,
2021-03-11 14:01:07.780,1,0.3885892065857135,488.30025986870766,0.0,
2021-03-11 14:01:07.790,1,0.5581529623445954,493.87425410132624,0.0,
2021-03-11 14:01:07.800,1,0.3929809085119599,497.0385068983282,0.0,
2021-03-11 14:01:07.810,1,0.5156148159226149,496.07771680966016,0.0,
2021-03-11 14:01:07.820,1,0.5746723996166867,497.8644216182094,0.0,
2021-03-11 14:01:07.830,1,0.5517230226072259,491.9572199769897,0.0,
2021-03-11 14:01:07.840,1,0.4044023691287532,494.1313365237645,0.0,
2021-03-11 14:01:07.850,1,0.4535414706060977,492.5976077516916,0.0,
2021-03-11 14:01:07.860,1,0.5325821488371661,492.1530041854258,0.0,
2021-03-11 14:01:07.870,1,0.5099207010038765,492.45423180588506,0.0,
2021-03-11 14:01:07.880,1,0.4001077506600533,499.7783250463112,0.0,
2021-03-11 14:01:07.890,1,0.4090235320850386,501.1526114088626,0.0,
2021-03-11 14:01:07.900,1,0.3999279713581332,501.20522633077525,0.0,
2021-03-11 14:01:07.910,1,0.4116520109591376,497.2463711239498,0.0,
2021-03-11 14:01:07.920,1,0.521552170784617,497.59039754921935,0.0,
2021-03-11 14:01:07.930,1,0.4621605300018864,503.16796027284965,0.0,
2021-03-11 14:01:07.940,1,0.5053816617414763,497.9253501424653,0.0,
2021-03-11 14:01:07.950,1,0.4035599301608649,495.7735360922872,0.0,
2021-03-11 14:01:07.960,1,0.5579844242696166,494.56251784560686,0.0,
2021-03-11 14:01:07.970,1,0.3819543985110135,496.3750446749383,0.0,
2021-03-11 14:01:07.980,1,0.4884798053316013,493.6955350316375,0.0,
2021-03-11 14:01:07.990,1,0.4649167817422677,497.96617356932336,0.0,
2021-03-11 14:01:08.000,1,0.4160939500104675,498.11911852885436,0.0,
2021-03-11 14:01:08.010,1,0.5255850520284119,497.89366949240053,0.0,
2021-03-11 14:01:08.020,1,0.4759503206912021,497.0934643204345,0.0,
2021-03-11 14:01:08.030,1,0.4123831133775728,496.7769765684338,0.0,
2021-03-11 14:01:08.040,1,0.4925572178673931,501.98709107982927,0.0,
2021-03-11 14:01:08.050,1,0.356988321448683,494.7799151304768,0.0,
2021-03-11 14:01:08.060,1,0.4265471025914986,498.4554829252971,0.0,
2021-03-11 14:01:08.070,1,0.3623649015353171,498.8134356114338,0.0,
2021-03-11 14:01:08.080,1,0.4271130065938315,502.69178477464317,0.0,
2021-03-11 14:01:08.090,1,0.4969747944499242,499.1440363001337,0.0,
2021-03-11 14:01:08.100,1,0.4636051096032323,496.1427750340802,0.0,
2021-03-11 14:01:08.110,1,0.4691260704005341,497.8857468802212,0.0,
2021-03-11 14:01:08.120,1,0.4432407256894612,497.30771556308173,0.0,
2021-03-11 14:01:08.130,1,0.5095277360484304,496.56364472628616,0.0,
2021-03-11 14:01:08.140,1,0.3763741897687794,495.93247487142196,0.0,
2021-03-11 14:01:08.150,1,0.4569917953536892,494.0896923466433,0.0,
2021-03-11 14:01:08.160,1,0.3683742164947653,497.0248165785137,0.0,
2021-03-11 14:01:08.170,1,0.3494079786471208,496.54332339685163,0.0,
2021-03-11 14:01:08.180,1,0.4942816679669355,494.4306624836869,0.0,
2021-03-11 14:01:08.190,1,0.4434831426329594,496.746427335058,0.0,
2021-03-11 14:01:08.200,1,0.3667785152686761,492.3118582143112,0.0,
2021-03-11 14:01:08.210,1,0.3413993130869572,492.405493024855,0.0,
2021-03-11 14:01:08.220,1,0.3402714579330393,490.1493111252805,0.0,
2021-03-11 14:01:08.230,1,0.4192170970033611,493.7667042350166,0.0,
2021-03-11 14:01:08.240,1,0.3714559474668398,489.1605347496212,0.0,
2021-03-11 14:01:08.250,1,0.3521421853850496,490.37349715335966,0.0,
2021-03-11 14:01:08.260,1,0.3402808871872667,491.3473445016713,0.0,
2021-03-11 14:01:08.270,1,0.3496402194561599,490.85294644356514,0.0,
2021-03-11 14:01:08.280,1,0.3773011333592209,487.6326227559113,0.0,
2021-03-11 14:01:08.290,1,0.4718487919239765,494.0532222762407,0.0,
2021-03-11 14:01:08.300,1,0.4952745555796385,489.8871201720671,0.0,
2021-03-11 14:01:08.310,1,0.4473249354424954,489.68962105550935,0.0,
2021-03-11 14:01:08.320,1,0.4579814763628997,491.1656078950665,0.0,
2021-03-11 14:01:08.330,1,0.394191564561115,491.6842648352191,0.0,
2021-03-11 14:01:08.340,1,0.3799031614883548,487.7311568608744,0.0,
2021-03-11 14:01:08.350,1,0.4657390900103139,486.6621705390612,0.0,
2021-03-11 14:01:08.360,1,0.3654620499046994,488.82083740816324,0.0,
2021-03-11 14:01:08.370,1,0.4509248028276996,490.39461052940453,0.0,
2021-03-11 14:01:08.380,1,0.4991997668331657,487.2803255077182,0.0,
2021-03-11 14:01:08.390,1,0.3365500197497094,489.1382686859726,0.0,
2021-03-11 14:01:08.400,1,0.4052632636198153,487.9015119593458,0.0,
2021-03-11 14:01:08.410,1,0.4324868671474469,488.7310784872353,0.0,
2021-03-11 14:01:08.420,1,0.4758906880245348,490.2495471308836,0.0,
2021-03-11 14:01:08.430,1,0.4106333162078062,488.7785955937224,0.0,
2021-03-11 14:01:08.440,1,0.3631360454276511,490.62632115840125,0.0,
2021-03-11 14:01:08.450,1,0.4815498512603551,490.6912359317797,0.0,
2021-03-11 14:01:08.460,1,0.3463554518022422,487.4722492798172,0.0,
2021-03-11 14:01:08.470,1,0.5121896861092174,488.09130236925193,0.0,
2021-03-11 14:01:08.480,1,0.3668552615600491,488.13948309383255,0.0,
2021-03-11 14:01:08.490,1,0.3697518536280643,489.12424271736717,0.0,
2021-03-11 14:01:08.500,1,0.3628542069889924,492.8201354067937,0.0,
2021-03-11 14:01:08.510,1,0.4806720507282339,493.07827930073694,0.0,
2021-03-11 14:01:08.520,1,0.4586995225724398,494.4019862622907,0.0,
2021-03-11 14:01:08.530,1,0.3810369790159763,494.8401547464252,0.0,
2021-03-11 14:01:08.540,1,0.5019437940086776,495.1569280003668,0.0,
2021-03-11 14:01:08.550,1,0.5325123344615519,491.4988726027063,0.0,
2021-03-11 14:01:08.560,1,0.3898564196990642,495.59535352812935,0.0,
2021-03-11 14:01:08.570,1,0.4594910344994906,497.5307613100769,0.0,
2021-03-11 14:01:08.580,1,0.4898762676634716,501.26001259652224,0.0,
2021-03-11 14:01:08.590,1,0.4520637529928427,500.66039603728444,0.0,
2021-03-11 14:01:08.600,1,0.4583454012985684,498.2619541117834,0.0,
2021-03-11 14:01:08.610,1,0.5233598362454553,497.6834114291103,0.0,
2021-03-11 14:01:08.620,1,0.5401465003885849,494.79925329975,0.0,
2021-03-11 14:01:08.630,1,0.3812196576550563,503.7766643766667,0.0,
2021-03-11 14:01:08.640,1,0.3987510950361726,500.1119634624469,0.0,
2021-03-11 14:01:08.650,1,0.4448275952240939,504.1546591352091,0.0,
2021-03-11 14:01:08.660,1,0.4635925477295878,502.251829071657,0.0,
2021-03-11 14:01:08.670,1,0.4074938154467019,503.2288742592036,0.0,
2021-03-11 14:01:08.680,1,0.5282576128404646,502.10240526696856,0.0,
2021-03-11 14:01:08.690,1,0.4223981593326275,499.9677227438848,0.0,
2021-03-11 14:01:08.700,1,0.4530599095639929,497.27568075090693,0.0,
2021-03-11 14:01:08.710,1,0.4726980105813697,498.03278576042885,0.0,
2021-03-11 14:01:08.720,1,0.3907457933278327,501.1172373912831,0.0,
2021-03-11 14:01:08.730,1,0.4778064989194009,503.3664856140666,0.0,
2021-03-11 14:01:08.740,1,0.5177803684166827,503.99502898736006,0.0,
2021-03-11 14:01:08.750,1,0.4423619685779126,501.02770659670153,0.0,
2021-03-11 14:01:08.760,1,0.540663200057784,501.5807880805113,0.0,
2021-03-11 14:01:08.770,1,0.5562180565833911,502.0705742409169,0.0,
2021-03-11 14:01:08.780,1,0.5438048628763221,499.31671875819876,0.0,
2021-03-11 14:01:08.790,1,0.518557130038455,502.5991798625766,0.0,
2021-03-11 14:01:08.800,1,0.4243224415345488,503.1588173985176,0.0,
2021-03-11 14:01:08.810,1,0.4679026942400802,504.5949012489269,0.0,
2021-03-11 14:01:08.820,1,0.4150908024325349,503.805406025593,0.0,
2021-03-11 14:01:08.830,1,0.5281223625673471,500.5411572354788,0.0,
2021-03-11 14:01:08.840,1,0.4283883934780676,502.7469113287873,0.0,
2021-03-11 14:01:08.850,1,0.3686035835842406,504.2733455285022,0.0,
2021-03-11 14:01:08.860,1,0.500986742979291,498.7470026309251,0.0,
2021-03-11 14:01:08.870,1,0.4937385778139241,498.3063802357757,0.0,
2021-03-11 14:01:08.880,1,0.4356405341969095,499.7992642415773,0.0,
2021-03-11 14:01:08.890,1,0.4184544492233042,499.4927455225859,0.0,
2021-03-11 14:01:08.900,1,0.4460042218476654,500.66367401726455,0.0,
2021-03-11 14:01:08.910,1,0.4492606818262345,502.5078642024314,0.0,
2021-03-11 14:01:08.920,1,0.4033679533709495,501.2320949547977,0.0,
2021-03-11 14:01:08.930,1,0.4612474823846195,499.0594348592562,0.0,
2021-03-11 14:01:08.940,1,0.4123002591289478,498.2308016445074,0.0,
2021-03-11 14:01:08.950,1,0.4247502544552585,500.5378681675022,0.0,
2021-03-11 14:01:08.960,1,0.3872469275652917,499.46000303842703,0.0,
2021-03-11 14:01:08.970,1,0.5022767930313863,495.5500225503257,0.0,
2021-03-11 14:01:08.980,1,0.43339849202647296,497.6768664833891,0.0,
2021-03-11 14:01:08.990,1,0.3333453731793698,496.54678633805406,0.0,
2021-03-11 14:01:09.000,1,0.4285380722988047,498.0422152733362,0.0,
2021-03-11 14:01:09.010,1,0.3657372928451981,496.38541259313865,0.0,
2021-03-11 14:01:09.020,1,0.4172853284816054,499.99903690130446,0.0,
2021-03-11 14:01:09.030,1,0.3892854208562516,499.2565927903967,0.0,
2021-03-11 14:01:09.040,1,0.3357488535512833,501.7288391671262,0.0,
2021-03-11 14:01:09.050,1,0.3453144207134129,498.2859347444426,0.0,
2021-03-11 14:01:09.060,1,0.4522938880664344,503.11996519574205,0.0,
2021-03-11 14:01:09.070,1,0.3941575953554739,500.34583910362886,0.0,
2021-03-11 14:01:09.080,1,0.4598933576390095,496.2752749406706,0.0,
2021-03-11 14:01:09.090,1,0.3271908262033625,499.4456736244599,0.0,
2021-03-11 14:01:09.100,1,0.3134179242375224,502.508327236333,0.0,
2021-03-11 14:01:09.110,1,0.3179083404292826,498.05631894438415,0.0,
2021-03-11 14:01:09.120,1,0.3672228149879693,501.1162944020706,0.0,
2021-03-11 14:01:09.130,1,0.3383956094677429,496.8932605291281,0.0,
2021-03-11 14:01:09.140,1,0.326635539140964,500.08177443836877,0.0,
2021-03-11 14:01:09.150,1,0.4372390517809663,502.7657507005906,0.0,
2021-03-11 14:01:09.160,1,0.303337226069753,502.4476030118152,0.0,
2021-03-11 14:01:09.170,1,0.390603754733031,500.0510584432851,0.0,
2021-03-11 14:01:09.180,1,0.4313514692746666,507.1253176200828,0.0,
2021-03-11 14:01:09.190,1,0.42851581229672,504.3670153376826,0.0,
2021-03-11 14:01:09.200,1,0.4143371181308663,505.70199041511546,0.0,
2021-03-11 14:01:09.210,1,0.343019150391994,507.06694042978495,0.0,
2021-03-11 14:01:09.220,1,0.3177322709702893,504.5687600666922,0.0,
2021-03-11 14:01:09.230,1,0.3713092959411495,507.74438826277776,0.0,
2021-03-11 14:01:09.240,1,0.3909471199743753,505.3896067642074,0.0,
2021-03-11 14:01:09.250,1,0.3137921810264314,510.6704495623066,0.0,
2021-03-11 14:01:09.260,1,0.3270526979186993,511.1989521370382,0.0,
2021-03-11 14:01:09.270,1,0.3947713553782887,505.8276160682131,0.0,
2021-03-11 14:01:09.280,1,0.3015899166232089,506.2446687591369,0.0,
2021-03-11 14:01:09.290,1,0.3556828909528842,510.0895803692872,0.0,
2021-03-11 14:01:09.300,1,0.4253160852985618,508.62004531816683,0.0,
2021-03-11 14:01:09.310,1,0.3190287597294769,511.6423037855748,0.0,
2021-03-11 14:01:09.320,1,0.3815220685868076,506.982118616096,0.0,
2021-03-11 14:01:09.330,1,0.4127846676361127,508.4469048895872,0.0,
2021-03-11 14:01:09.340,1,0.4252937610978906,507.0939114330912,0.0,
2021-03-11 14:01:09.350,1,0.3778741941994291,514.365169219009,0.0,
2021-03-11 14:01:09.360,1,0.3775847486042775,507.5046866869488,0.0,
2021-03-11 14:01:09.370,1,0.4027043884276761,511.01619461149386,0.0,
2021-03-11 14:01:09.380,1,0.3929856954829553,511.04098798138716,0.0,
2021-03-11 14:01:09.390,1,0.4439343646264677,509.388484463509,0.0,
2021-03-11 14:01:09.400,1,0.3428940770067858,506.1951876504079,0.0,
2021-03-11 14:01:09.410,1,0.3045309471038606,509.9642285311047,0.0,
2021-03-11 14:01:09.420,1,0.4479272230990339,507.75828723633714,0.0,
2021-03-11 14:01:09.430,1,0.4063251507201403,507.1655227143304,0.0,
2021-03-11 14:01:09.440,1,0.4386874105413439,507.7902087763157,0.0,
2021-03-11 14:01:09.450,1,0.3849278174748153,510.7329978637964,0.0,
2021-03-11 14:01:09.460,1,0.3658284454989982,510.80104990049415,0.0,
2021-03-11 14:01:09.470,1,0.3126311507853913,505.8978719096871,0.0,
2021-03-11 14:01:09.480,1,0.3759083427558877,508.6851510487037,0.0,
2021-03-11 14:01:09.490,1,0.3906831951544942,508.7912748063765,0.0,
2021-03-11 14:01:09.500,1,0.3484646656376194,505.7180411031893,0.0,
2021-03-11 14:01:09.510,1,0.4149791414683279,508.3114313579477,0.0,
2021-03-11 14:01:09.520,1,0.4006178020289215,506.8330894865795,0.0,
2021-03-11 14:01:09.530,1,0.4683808937091304,509.8817332164691,0.0,
2021-03-11 14:01:09.540,1,0.428236114325909,506.4968622827258,0.0,
2021-03-11 14:01:09.550,1,0.3671851401240021,497.47079488380274,0.0,
2021-03-11 14:01:09.560,1,0.34588000698529303,503.6703670170749,0.0,
2021-03-11 14:01:09.570,1,0.4636924611250718,499.82742483101487,0.0,
2021-03-11 14:01:09.580,1,0.4758328154333909,497.21237355441116,0.0,
2021-03-11 14:01:09.590,1,0.5049017916547789,501.02434643994627,0.0,
2021-03-11 14:01:09.600,1,0.3344223845122906,500.1019239155809,0.0,
2021-03-11 14:01:09.610,1,0.4155957773316523,501.90555704857286,0.0,
2021-03-11 14:01:09.620,1,0.3860381816276961,500.0758147019618,0.0,
2021-03-11 14:01:09.630,1,0.4293598151791972,500.8513891224231,0.0,
2021-03-11 14:01:09.640,1,0.5028836761849409,498.248616637683,0.0,
2021-03-11 14:01:09.650,1,0.3516472217977176,497.9370225161394,0.0,
2021-03-11 14:01:09.660,1,0.4927760935654401,499.6401555641872,0.0,
2021-03-11 14:01:09.670,1,0.3710968502161143,493.99969574766817,0.0,
2021-03-11 14:01:09.680,1,0.4227370131254572,498.06409796076446,0.0,
2021-03-11 14:01:09.690,1,0.4282789662694381,500.9246372645102,0.0,
2021-03-11 14:01:09.700,1,0.4538683999203004,494.9506822641322,0.0,
2021-03-11 14:01:09.710,1,0.4754332770252705,494.8354614870101,0.0,
2021-03-11 14:01:09.720,1,0.4323949561556137,496.3229409583304,0.0,
2021-03-11 14:01:09.730,1,0.3836744693895627,496.6596056827319,0.0,
2021-03-11 14:01:09.740,1,0.4569487497664395,494.3041909964917,0.0,
2021-03-11 14:01:09.750,1,0.5203754807488549,496.4594008161261,0.0,
2021-03-11 14:01:09.760,1,0.5007416272270595,492.59988532554274,0.0,
2021-03-11 14:01:09.770,1,0.4927970177784221,493.5518391978563,0.0,
2021-03-11 14:01:09.780,1,0.5308805222567723,497.6215431543337,0.0,
2021-03-11 14:01:09.790,1,0.4328451456259396,494.1411962275311,0.0,
2021-03-11 14:01:09.800,1,0.3546133530370985,497.2857208497858,0.0,
2021-03-11 14:01:09.810,1,0.5073792126354801,491.59189702286636,0.0,
2021-03-11 14:01:09.820,1,0.5116912889741518,494.4602990865618,0.0,
2021-03-11 14:01:09.830,1,0.4776876114196961,501.6116813915078,0.0,
2021-03-11 14:01:09.840,1,0.4624077025561406,495.24075849066696,0.0,
2021-03-11 14:01:09.850,1,0.4079524483525339,495.9614985043962,0.0,
2021-03-11 14:01:09.860,1,0.4766648815114146,498.0997214126599,0.0,
2021-03-11 14:01:09.870,1,0.3644670784509982,498.0454863474967,0.0,
2021-03-11 14:01:09.880,1,0.4778884390240078,499.72433328471993,0.0,
2021-03-11 14:01:09.890,1,0.4560716052616972,499.59248680039116,0.0,
2021-03-11 14:01:09.900,1,0.4899847836013571,498.41996085610685,0.0,
2021-03-11 14:01:09.910,1,0.3685245609106926,499.7637839664581,0.0,
2021-03-11 14:01:09.920,1,0.5174190631421315,496.6191907359316,0.0,
2021-03-11 14:01:09.930,1,0.3530104934469209,500.96123798547296,0.0,
2021-03-11 14:01:09.940,1,0.3822916361322492,497.44466463423714,0.0,
2021-03-11 14:01:09.950,1,0.3795798519144721,499.52117793866586,0.0,
2021-03-11 14:01:09.960,1,0.341466225341794,498.83054196171537,0.0,
2021-03-11 14:01:09.970,1,0.4589765140503538,506.1817787762158,0.0,
2021-03-11 14:01:09.980,1,0.3745057195301482,493.0679454059715,0.0,
2021-03-11 14:01:09.990,1,0.4265326607585283,500.2628516908162,0.0,
2021-03-11 14:01:10.000,1,0.4514066563446679,503.2029969768811,0.0,
2021-03-11 14:01:10.010,1,0.4256178067268836,496.9617039787474,0.0,
2021-03-11 14:01:10.020,1,0.4673003138316653,503.15070953363886,0.0,
2021-03-11 14:01:10.030,1,0.4907702504171148,499.9976099533689,0.0,
2021-03-11 14:01:10.040,1,0.3500434753666726,498.6463379884586,0.0,
2021-03-11 14:01:10.050,1,0.4374948733818035,497.71001431359116,0.0,
2021-03-11 14:01:10.060,1,0.4087833784780359,501.57372533769103,0.0,
2021-03-11 14:01:10.070,1,0.33304359822489,502.63588396740715,0.0,
2021-03-11 14:01:10.080,1,0.3900200424018515,499.9891865492672,0.0,
2021-03-11 14:01:10.090,1,0.4488289865018113,496.6920555625656,0.0,
2021-03-11 14:01:10.100,1,0.4488070848612273,494.98955332038435,0.0,
2021-03-11 14:01:10.110,1,0.3351952169022482,497.7877306990776,0.0,
2021-03-11 14:01:10.120,1,0.4382119572243879,500.911627678508,0.0,
2021-03-11 14:01:10.130,1,0.4461355640738851,502.16228342900666,0.0,
2021-03-11 14:01:10.140,1,0.4149448263767017,498.8556467024601,0.0,
2021-03-11 14:01:10.150,1,0.3908790705228875,496.1062726430811,0.0,
2021-03-11 14:01:10.160,1,0.4184636671858587,497.0774177126521,0.0,
2021-03-11 14:01:10.170,1,0.4131965656106269,495.6414941587698,0.0,
2021-03-11 14:01:10.180,1,0.3770362095457897,497.1017276450544,0.0,
2021-03-11 14:01:10.190,1,0.3343951110379035,494.7458107879274,0.0,
2021-03-11 14:01:10.200,1,0.3236789614471222,492.52154478419226,0.0,
2021-03-11 14:01:10.210,1,0.3182329652373704,492.4797622017248,0.0,
2021-03-11 14:01:10.220,1,0.3495622754256871,495.0314528066308,0.0,
2021-03-11 14:01:10.230,1,0.4640111659596692,494.7837452470075,0.0,
2021-03-11 14:01:10.240,1,0.3235599462866789,497.46274282138717,0.0,
2021-03-11 14:01:10.250,1,0.4020556173374754,492.7968984921623,0.0,
2021-03-11 14:01:10.260,1,0.3812894090335021,493.6406109061156,0.0,
2021-03-11 14:01:10.270,1,0.373935084683666,488.9623068884954,0.0,
2021-03-11 14:01:10.280,1,0.3753464466616154,487.87156114252997,0.0,
2021-03-11 14:01:10.290,1,0.3649945774273155,489.1030996496296,0.0,
2021-03-11 14:01:10.300,1,0.3820556139247056,491.12035898358323,0.0,
2021-03-11 14:01:10.310,1,0.4434972378639621,490.2841056129223,0.0,
2021-03-11 14:01:10.320,1,0.3589920087039384,490.9294254057309,0.0,
2021-03-11 14:01:10.330,1,0.4846771473572047,488.73347188588485,0.0,
2021-03-11 14:01:10.340,1,0.3812101275295369,492.1441486339903,0.0,
2021-03-11 14:01:10.350,1,0.3540993375403224,492.1915171822337,0.0,
2021-03-11 14:01:10.360,1,0.4308538922866831,490.8348389723831,0.0,
2021-03-11 14:01:10.370,1,0.4496947627830238,488.8818826273702,0.0,
2021-03-11 14:01:10.380,1,0.3492052507054589,488.2878093859193,0.0,
2021-03-11 14:01:10.390,1,0.3888110209500599,486.1046710226845,0.0,
2021-03-11 14:01:10.400,1,0.3824913618040584,486.36584152749253,0.0,
2021-03-11 14:01:10.410,1,0.3979595166682697,487.97805201363036,0.0,
2021-03-11 14:01:10.420,1,0.5029216930872259,490.04536310484565,0.0,
2021-03-11 14:01:10.430,1,0.3382020667854218,490.0992120962416,0.0,
2021-03-11 14:01:10.440,1,0.5029279404592658,487.71739612443207,0.0,
2021-03-11 14:01:10.450,1,0.3729893365830388,487.51972183073593,0.0,
2021-03-11 14:01:10.460,1,0.3598912128638883,485.8892434752145,0.0,
2021-03-11 14:01:10.470,1,0.4195934673355341,488.78148459075135,0.0,
2021-03-11 14:01:10.480,1,0.4483842794460033,486.2711400809851,0.0,
2021-03-11 14:01:10.490,1,0.3561926011875809,491.75867713191735,0.0,
2021-03-11 14:01:10.500,1,0.5312382952357741,491.236022541853,0.0,
2021-03-11 14:01:10.510,1,0.419020767575142,488.87311042509043,0.0,
2021-03-11 14:01:10.520,1,0.3619674048145657,489.65509061163766,0.0,
2021-03-11 14:01:10.530,1,0.4093862244796547,490.90739464060914,0.0,
2021-03-11 14:01:10.540,1,0.3717722951470573,493.95019340480405,0.0,
2021-03-11 14:01:10.550,1,0.5104158102795414,489.8091625293993,0.0,
2021-03-11 14:01:10.560,1,0.4561656778318522,493.6443263350096,0.0,
2021-03-11 14:01:10.570,1,0.4977122474636891,499.7401164971747,0.0,
2021-03-11 14:01:10.580,1,0.5168060356519317,495.6574391437573,0.0,
2021-03-11 14:01:10.590,1,0.3945740460433842,493.4506024933146,0.0,
2021-03-11 14:01:10.600,1,0.4585413447288147,493.6193451522629,0.0,
2021-03-11 14:01:10.610,1,0.5453716577479326,496.3365437079143,0.0,
2021-03-11 14:01:10.620,1,0.4297546932878353,493.1759897748578,0.0,
2021-03-11 14:01:10.630,1,0.4478179591110609,493.54634790444464,0.0,
2021-03-11 14:01:10.640,1,0.4010793970451593,494.6980008292183,0.0,
2021-03-11 14:01:10.650,1,0.4242864673962432,496.55135094266166,0.0,
2021-03-11 14:01:10.660,1,0.4362507991899999,501.51249398799416,0.0,
2021-03-11 14:01:10.670,1,0.5633645766840796,497.3235593686506,0.0,
2021-03-11 14:01:10.680,1,0.556497646882212,497.29704510431253,0.0,
2021-03-11 14:01:10.690,1,0.4250258479327838,498.72265803595764,0.0,
2021-03-11 14:01:10.700,1,0.503738020389533,500.2222284228442,0.0,
2021-03-11 14:01:10.710,1,0.5438361226922712,499.55736508244087,0.0,
2021-03-11 14:01:10.720,1,0.48671743248126,493.13841467311903,0.0,
2021-03-11 14:01:10.730,1,0.5526563791353107,505.8646434104155,0.0,
2021-03-11 14:01:10.740,1,0.547858599227662,496.396938419642,0.0,
2021-03-11 14:01:10.750,1,0.4967631698996391,498.25561127085786,0.0,
2021-03-11 14:01:10.760,1,0.4899501922749324,498.3542481178413,0.0,
2021-03-11 14:01:10.770,1,0.3873715000795915,505.0538960882996,0.0,
2021-03-11 14:01:10.780,1,0.4228966173680757,500.21609482030937,0.0,
2021-03-11 14:01:10.790,1,0.5488098737357262,501.8410976232632,0.0,
2021-03-11 14:01:10.800,1,0.5599214471477569,500.44828915833824,0.0,
2021-03-11 14:01:10.810,1,0.3787045402240008,496.98741584496855,0.0,
2021-03-11 14:01:10.820,1,0.3809275745228287,497.01539669926734,0.0,
2021-03-11 14:01:10.830,1,0.5359717635347948,499.5625893816298,0.0,
2021-03-11 14:01:10.840,1,0.4494408980632767,501.5098713938714,0.0,
2021-03-11 14:01:10.850,1,0.5323205404403367,497.03794187242437,0.0,
2021-03-11 14:01:10.860,1,0.4639385061999389,495.63013090558434,0.0,
2021-03-11 14:01:10.870,1,0.5345745971266468,500.97199085457277,0.0,
2021-03-11 14:01:10.880,1,0.469303314879192,498.8070606115675,0.0,
2021-03-11 14:01:10.890,1,0.4050388452176109,496.7675344700736,0.0,
2021-03-11 14:01:10.900,1,0.4878950924568502,491.7016167973146,0.0,
2021-03-11 14:01:10.910,1,0.4473981887405875,497.831567988105,0.0,
2021-03-11 14:01:10.920,1,0.5119077836205339,498.162274863617,0.0,
2021-03-11 14:01:10.930,1,0.5065217286874817,493.40978189777115,0.0,
2021-03-11 14:01:10.940,1,0.5177755353106753,497.4729614854225,0.0,
2021-03-11 14:01:10.950,1,0.5152061666841402,497.4520964070945,0.0,
2021-03-11 14:01:10.960,1,0.4885095490981702,498.48445354206797,0.0,
2021-03-11 14:01:10.970,1,0.3619523494092555,494.7198844591706,0.0,
2021-03-11 14:01:10.980,1,0.4164863363601774,497.7513540056043,0.0,
2021-03-11 14:01:10.990,1,0.4630878427597902,493.4478532330491,0.0,
2021-03-11 14:01:11.000,1,0.4501858033874186,491.1414094626962,0.0,
2021-03-11 14:01:11.010,1,0.4337095596261588,494.6444628593016,0.0,
2021-03-11 14:01:11.020,1,0.3501140168220746,493.38798653646575,0.0,
2021-03-11 14:01:11.030,1,0.3572753708620294,495.1479382455333,0.0,
2021-03-11 14:01:11.040,1,0.3242793730679245,493.6205195447685,0.0,
2021-03-11 14:01:11.050,1,0.3908986258620828,493.016304038056,0.0,
2021-03-11 14:01:11.060,1,0.3379384269084386,490.7340433246054,0.0,
2021-03-11 14:01:11.070,1,0.3802017907664123,492.6964847115424,0.0,
2021-03-11 14:01:11.080,1,0.3554265739217901,492.5142259081224,0.0,
2021-03-11 14:01:11.090,1,0.3138573617803845,494.3317734126389,0.0,
2021-03-11 14:01:11.100,1,0.3994111266484881,489.37635202738676,0.0,
2021-03-11 14:01:11.110,1,0.3729801938074767,489.74167479380736,0.0,
2021-03-11 14:01:11.120,1,0.4093975835266549,494.0349096899487,0.0,
2021-03-11 14:01:11.130,1,0.3937731081138546,493.30389494432853,0.0,
2021-03-11 14:01:11.140,1,0.4211215729428534,494.1229219059957,0.0,
2021-03-11 14:01:11.150,1,0.3274397607626437,490.1620056797506,0.0,
2021-03-11 14:01:11.160,1,0.3614884601101809,491.9059604557004,0.0,
2021-03-11 14:01:11.170,1,0.3536108193283159,493.22141600880167,0.0,
2021-03-11 14:01:11.180,1,0.3547810765138144,494.55927599328635,0.0,
2021-03-11 14:01:11.190,1,0.4231579142108209,494.0475189063871,0.0,
2021-03-11 14:01:11.200,1,0.3504746952260299,492.2505118572098,0.0,
2021-03-11 14:01:11.210,1,0.4399189546238424,497.0888505978718,0.0,
2021-03-11 14:01:11.220,1,0.4026755130606924,495.4428682199829,0.0,
2021-03-11 14:01:11.230,1,0.3669135862387936,497.47227536962646,0.0,
2021-03-11 14:01:11.240,1,0.3767146473099593,498.64840810155647,0.0,
2021-03-11 14:01:11.250,1,0.3155120989404865,496.55808677576346,0.0,
2021-03-11 14:01:11.260,1,0.4274082256790853,497.0361978952418,0.0,
2021-03-11 14:01:11.270,1,0.3387793704847895,497.73994341227683,0.0,
2021-03-11 14:01:11.280,1,0.3954697568097878,495.52728099572425,0.0,
2021-03-11 14:01:11.290,1,0.4039983434018768,492.2144758588774,0.0,
2021-03-11 14:01:11.300,1,0.3253737039035734,500.09742164177493,0.0,
2021-03-11 14:01:11.310,1,0.4315649167831978,503.4394875550336,0.0,
2021-03-11 14:01:11.320,1,0.2942981385182933,495.3428834612898,0.0,
2021-03-11 14:01:11.330,1,0.3980598761837335,500.9743511160983,0.0,
2021-03-11 14:01:11.340,1,0.3445973857514924,497.95495203852494,0.0,
2021-03-11 14:01:11.350,1,0.4300233434644726,501.9348477069879,0.0,
2021-03-11 14:01:11.360,1,0.4301599976038114,500.2676335450161,0.0,
2021-03-11 14:01:11.370,1,0.3356643036347837,500.24806594413474,0.0,
2021-03-11 14:01:11.380,1,0.3718588230014633,495.4223940651052,0.0,
2021-03-11 14:01:11.390,1,0.4304923621834245,500.89882814479483,0.0,
2021-03-11 14:01:11.400,1,0.3705517332971333,497.88689620511184,0.0,
2021-03-11 14:01:11.410,1,0.2987790724956152,500.1354674678439,0.0,
2021-03-11 14:01:11.420,1,0.3491831120338509,497.1647810115158,0.0,
2021-03-11 14:01:11.430,1,0.3677696793194789,495.6266873160548,0.0,
2021-03-11 14:01:11.440,1,0.3414792328875538,501.80094015545166,0.0,
2021-03-11 14:01:11.450,1,0.4290516364555445,500.8203921229969,0.0,
2021-03-11 14:01:11.460,1,0.3272533102836719,498.1121511030205,0.0,
2021-03-11 14:01:11.470,1,0.3018851757765445,495.8498037571765,0.0,
2021-03-11 14:01:11.480,1,0.3555371288821444,501.26804255404886,0.0,
2021-03-11 14:01:11.490,1,0.36079192756819,497.4440357619954,0.0,
2021-03-11 14:01:11.500,1,0.3243626128075055,495.7728929315362,0.0,
2021-03-11 14:01:11.510,1,0.3574427094366426,499.3711566110248,0.0,
2021-03-11 14:01:11.520,1,0.3338463638344099,497.13065125155197,0.0,
2021-03-11 14:01:11.530,1,0.4463451177863912,492.4488422493498,0.0,
2021-03-11 14:01:11.540,1,0.3680722013528431,495.5598850323983,0.0,
2021-03-11 14:01:11.550,1,0.4008809356283677,492.26098509228035,0.0,
2021-03-11 14:01:11.560,1,0.3695726425132207,492.635033256623,0.0,
2021-03-11 14:01:11.570,1,0.3348791594893991,486.6295824351457,0.0,
2021-03-11 14:01:11.580,1,0.3935002284040007,490.91251408467315,0.0,
2021-03-11 14:01:11.590,1,0.3988512407866619,489.66194145941336,0.0,
2021-03-11 14:01:11.600,1,0.4662919281385214,487.1797944288545,0.0,
2021-03-11 14:01:11.610,1,0.3392571529477166,487.0710014674089,0.0,
2021-03-11 14:01:11.620,1,0.3291238217904278,490.1922964057602,0.0,
2021-03-11 14:01:11.630,1,0.4651870091868288,486.9089864923287,0.0,
2021-03-11 14:01:11.640,1,0.3451012528050523,487.37043713058546,0.0,
2021-03-11 14:01:11.650,1,0.4478035769562537,487.04511915860405,0.0,
2021-03-11 14:01:11.660,1,0.3156434579942706,493.45221229786796,0.0,
2021-03-11 14:01:11.670,1,0.4030896630387966,487.7885288897413,0.0,
2021-03-11 14:01:11.680,1,0.3624334876859293,486.19098490470606,0.0,
2021-03-11 14:01:11.690,1,0.4355786785182601,484.0768128568442,0.0,
2021-03-11 14:01:11.700,1,0.3373000049769775,484.92791904020964,0.0,
2021-03-11 14:01:11.710,1,0.3752635738668053,486.7393137654567,0.0,
2021-03-11 14:01:11.720,1,0.3478110029736422,480.2882895076571,0.0,
2021-03-11 14:01:11.730,1,0.4044087484105405,485.5854229543477,0.0,
2021-03-11 14:01:11.740,1,0.3334932757575263,483.39460393735567,0.0,
2021-03-11 14:01:11.750,1,0.4277881485181009,483.7205824587612,0.0,
2021-03-11 14:01:11.760,1,0.4234064268465537,486.07905481375747,0.0,
2021-03-11 14:01:11.770,1,0.3740461617829502,480.00668620011527,0.0,
2021-03-11 14:01:11.780,1,0.3637168208701836,481.4249211449585,0.0,
2021-03-11 14:01:11.790,1,0.3505008240438743,487.98825164279253,0.0,
2021-03-11 14:01:11.800,1,0.3999646848554649,485.8846868429578,0.0,
2021-03-11 14:01:11.810,1,0.3879687283462109,479.9454292873339,0.0,
2021-03-11 14:01:11.820,1,0.3581403466502812,487.04587191364266,0.0,
2021-03-11 14:01:11.830,1,0.400004240357048,483.3971091368203,0.0,
2021-03-11 14:01:11.840,1,0.4074096376234916,480.4096927708599,0.0,
2021-03-11 14:01:11.850,1,0.3684781759441838,482.8499806120896,0.0,
2021-03-11 14:01:11.860,1,0.3935337137811456,487.0393094944474,0.0,
2021-03-11 14:01:11.870,1,0.4325036156111798,483.7749442982129,0.0,
2021-03-11 14:01:11.880,1,0.4078028193454757,485.10381637756444,0.0,
2021-03-11 14:01:11.890,1,0.2849824522936275,481.31783639675535,0.0,
2021-03-11 14:01:11.900,1,0.3889773898079268,484.0663429907789,0.0,
2021-03-11 14:01:11.910,1,0.3867121428373464,481.3666758010087,0.0,
2021-03-11 14:01:11.920,1,0.4011783259041144,480.7807004056849,0.0,
2021-03-11 14:01:11.930,1,0.3018993702212394,484.49861004091116,0.0,
2021-03-11 14:01:11.940,1,0.3804905242526228,487.86937788825446,0.0,
2021-03-11 14:01:11.950,1,0.3452824404860107,482.1722781047602,0.0,
2021-03-11 14:01:11.960,1,0.3023418213441041,481.9871480709338,0.0,
2021-03-11 14:01:11.970,1,0.3747611428885102,484.0663417874616,0.0,
2021-03-11 14:01:11.980,1,0.3272088367060324,485.65890766476485,0.0,
2021-03-11 14:01:11.990,1,0.3178973250468495,485.67757633403295,0.0,
2021-03-11 14:01:12.000,1,0.28434116635350803,486.4644164658162,0.0,
2021-03-11 14:01:12.010,1,0.2825161347971279,482.96118495017447,0.0,
2021-03-11 14:01:12.020,1,0.2883861459272998,485.68391588759437,0.0,
2021-03-11 14:01:12.030,1,0.3780494150133629,481.8802571076458,0.0,
2021-03-11 14:01:12.040,1,0.2713738848309137,492.0792751596719,0.0,
2021-03-11 14:01:12.050,1,0.2531552573053648,484.0167570197876,0.0,
2021-03-11 14:01:12.060,1,0.324054195617906,485.3485459447944,0.0,
2021-03-11 14:01:12.070,1,0.2457892597608194,487.6898990875052,0.0,
2021-03-11 14:01:12.080,1,0.2608029573815516,486.73851533854116,0.0,
2021-03-11 14:01:12.090,1,0.3293241282779623,488.0235277837169,0.0,
2021-03-11 14:01:12.100,1,0.2466192012708093,489.23925461048276,0.0,
2021-03-11 14:01:12.110,1,0.2801472082385962,490.0945207066166,0.0,
2021-03-11 14:01:12.120,1,0.3004220128796669,487.01461551248633,0.0,
2021-03-11 14:01:12.130,1,0.2468570045164791,484.9642486281163,0.0,
2021-03-11 14:01:12.140,1,0.3259608995674135,487.1118815511663,0.0,
2021-03-11 14:01:12.150,1,0.3112422756061052,488.38182472923415,0.0,
2021-03-11 14:01:12.160,1,0.2468479068688153,484.0204523775637,0.0,
2021-03-11 14:01:12.170,1,0.2413327176220601,483.86427423240735,0.0,
2021-03-11 14:01:12.180,1,0.2859598748081949,485.3954181905663,0.0,
2021-03-11 14:01:12.190,1,0.2328078062378076,484.7723901526363,0.0,
2021-03-11 14:01:12.200,1,0.3100316112506361,481.6108869789562,0.0,
2021-03-11 14:01:12.210,1,0.3165763148632394,477.8332162157458,0.0,
2021-03-11 14:01:12.220,1,0.2328550779602902,486.7217592161673,0.0,
2021-03-11 14:01:12.230,1,0.3236367914601508,482.7715386592787,0.0,
2021-03-11 14:01:12.240,1,0.3294941483562134,481.1601084448733,0.0,
2021-03-11 14:01:12.250,1,0.2326078112478705,478.3291262506588,0.0,
2021-03-11 14:01:12.260,1,0.33232808817591303,485.31274578607315,0.0,
2021-03-11 14:01:12.270,1,0.337680053425634,479.47371571788176,0.0,
2021-03-11 14:01:12.280,1,0.2659810745049606,480.45619860598435,0.0,
2021-03-11 14:01:12.290,1,0.34457656020215005,474.0387319553682,0.0,
2021-03-11 14:01:12.300,1,0.3438017710896672,479.1736773975373,0.0,
2021-03-11 14:01:12.310,1,0.2792150830444845,476.95446965815285,0.0,
2021-03-11 14:01:12.320,1,0.2606829420847468,477.35739048536163,0.0,
2021-03-11 14:01:12.330,1,0.3098987870834748,475.9932302850554,0.0,
2021-03-11 14:01:12.340,1,0.3457693398274854,477.79904186604034,0.0,
2021-03-11 14:01:12.350,1,0.3345462399013651,474.5249279478266,0.0,
2021-03-11 14:01:12.360,1,0.3177705233079061,475.6847848970283,0.0,
2021-03-11 14:01:12.370,1,0.2863528558307661,477.4338319353512,0.0,
2021-03-11 14:01:12.380,1,0.2947984286058755,474.58444150592203,0.0,
2021-03-11 14:01:12.390,1,0.323944602136511,479.08961653266397,0.0,
2021-03-11 14:01:12.400,1,0.2767198033819212,478.3966011099387,0.0,
2021-03-11 14:01:12.410,1,0.2938143487532514,472.17532650210313,0.0,
2021-03-11 14:01:12.420,1,0.2933101124038747,479.8466168461665,0.0,
2021-03-11 14:01:12.430,1,0.3395936898307194,476.9082206270643,0.0,
2021-03-11 14:01:12.440,1,0.3528071048020556,472.77847652409406,0.0,
2021-03-11 14:01:12.450,1,0.3848764720658114,477.2771410428928,0.0,
2021-03-11 14:01:12.460,1,0.2934099443040813,475.9019601301947,0.0,
2021-03-11 14:01:12.470,1,0.2585260281542033,472.137837500697,0.0,
2021-03-11 14:01:12.480,1,0.3157605747426844,480.2258448710712,0.0,
2021-03-11 14:01:12.490,1,0.3878070818184221,474.440679324769,0.0,
2021-03-11 14:01:12.500,1,0.3385489073168737,472.49699602628334,0.0,
2021-03-11 14:01:12.510,1,0.2709680591273173,477.5296420634923,0.0,
2021-03-11 14:01:12.520,1,0.36829897786614,481.6172550231967,0.0,
2021-03-11 14:01:12.530,1,0.3059067586037243,469.5867016375384,0.0,
2021-03-11 14:01:12.540,1,0.3178687476269517,479.0315566172245,0.0,
2021-03-11 14:01:12.550,1,0.3854392778053104,471.92828825275717,0.0,
2021-03-11 14:01:12.560,1,0.2873874726642392,475.2239541102373,0.0,
2021-03-11 14:01:12.570,1,0.3563307541850662,480.31224100234186,0.0,
2021-03-11 14:01:12.580,1,0.4173888981358183,477.7146895995138,0.0,
2021-03-11 14:01:12.590,1,0.3729688161535221,476.37507157355867,0.0,
2021-03-11 14:01:12.600,1,0.4222116137753602,478.8947376832656,0.0,
2021-03-11 14:01:12.610,1,0.4269992243373575,479.61402317967696,0.0,
2021-03-11 14:01:12.620,1,0.3599841023731623,481.24341608592056,0.0,
2021-03-11 14:01:12.630,1,0.4245118143335563,488.231154158621,0.0,
2021-03-11 14:01:12.640,1,0.3831472274094181,485.60361975216784,0.0,
2021-03-11 14:01:12.650,1,0.3484631712551709,484.54423287430353,0.0,
2021-03-11 14:01:12.660,1,0.3636315427764774,482.7728849700607,0.0,
2021-03-11 14:01:12.670,1,0.3323919348406099,482.7146887181568,0.0,
2021-03-11 14:01:12.680,1,0.3692061910740449,485.6058688496323,0.0,
2021-03-11 14:01:12.690,1,0.4262373995696525,485.9858546014106,0.0,
2021-03-11 14:01:12.700,1,0.4221987392274961,487.74234830450297,0.0,
2021-03-11 14:01:12.710,1,0.4268278333048113,487.64666548489646,0.0,
2021-03-11 14:01:12.720,1,0.4526982112368516,487.97003839324,0.0,
2021-03-11 14:01:12.730,1,0.4272168355717476,488.3556261409626,0.0,
2021-03-11 14:01:12.740,1,0.3586007788181377,492.377423148438,0.0,
2021-03-11 14:01:12.750,1,0.4552898528470883,489.05564285614645,0.0,
2021-03-11 14:01:12.760,1,0.3490047076778405,489.1582363644023,0.0,
2021-03-11 14:01:12.770,1,0.3469230069454432,489.0602561431687,0.0,
2021-03-11 14:01:12.780,1,0.3186358792329319,490.1536472492817,0.0,
2021-03-11 14:01:12.790,1,0.4105572748720541,488.8053211090592,0.0,
2021-03-11 14:01:12.800,1,0.445569285783442,487.1046597730645,0.0,
2021-03-11 14:01:12.810,1,0.4418901028352571,492.48068345587683,0.0,
2021-03-11 14:01:12.820,1,0.3415441275364094,489.3692925289212,0.0,
2021-03-11 14:01:12.830,1,0.4167153677862069,491.2995202867173,0.0,
2021-03-11 14:01:12.840,1,0.4349190128879078,488.6503217660591,0.0,
2021-03-11 14:01:12.850,1,0.4236301529785083,486.91421243202456,0.0,
2021-03-11 14:01:12.860,1,0.347717537027036,487.5112485409037,0.0,
2021-03-11 14:01:12.870,1,0.3183171110622995,488.46939835115234,0.0,
2021-03-11 14:01:12.880,1,0.4148276714911946,487.19083096195396,0.0,
2021-03-11 14:01:12.890,1,0.3240387339385887,486.541008857257,0.0,
2021-03-11 14:01:12.900,1,0.418147291798859,491.6268630321251,0.0,
2021-03-11 14:01:12.910,1,0.3425122826780271,491.9622521376034,0.0,
2021-03-11 14:01:12.920,1,0.3195962550187537,488.5705969579086,0.0,
2021-03-11 14:01:12.930,1,0.3393791810520272,491.1428127278169,0.0,
2021-03-11 14:01:12.940,1,0.4401146471105392,486.9487273482795,0.0,
2021-03-11 14:01:12.950,1,0.3979818025899524,485.21226427624185,0.0,
2021-03-11 14:01:12.960,1,0.3049124203830275,480.506584700169,0.0,
2021-03-11 14:01:12.970,1,0.3795288448929947,487.77495390147226,0.0,
2021-03-11 14:01:12.980,1,0.3307893231531837,483.8903388110898,0.0,
2021-03-11 14:01:12.990,1,0.3648681367066997,483.6517315820173,0.0,
2021-03-11 14:01:13.000,1,0.3328091932799102,481.2741271995352,0.0,
2021-03-11 14:01:13.010,1,0.3807363527860603,485.4150155920767,0.0,
2021-03-11 14:01:13.020,1,0.3781346432548181,487.06020129995386,0.0,
2021-03-11 14:01:13.030,1,0.3500599719662419,485.268920939532,0.0,
2021-03-11 14:01:13.040,1,0.3186921304501163,483.23944545881517,0.0,
2021-03-11 14:01:13.050,1,0.3149282088250107,480.5695302053437,0.0,
2021-03-11 14:01:13.060,1,0.3180244794218469,490.0892484150392,0.0,
2021-03-11 14:01:13.070,1,0.3571308286067121,480.435565978146,0.0,
2021-03-11 14:01:13.080,1,0.3634625738953417,483.5095805309396,0.0,
2021-03-11 14:01:13.090,1,0.4392153811451734,482.8661168005712,0.0,
2021-03-11 14:01:13.100,1,0.3698868931998283,482.0363339721762,0.0,
2021-03-11 14:01:13.110,1,0.3785065320586755,485.5657716107871,0.0,
2021-03-11 14:01:13.120,1,0.3333919250108465,484.230417560967,0.0,
2021-03-11 14:01:13.130,1,0.3623910207737125,485.4121986520665,0.0,
2021-03-11 14:01:13.140,1,0.3662149794221949,489.3593113376745,0.0,
2021-03-11 14:01:13.150,1,0.364015113453739,488.11821804894754,0.0,
2021-03-11 14:01:13.160,1,0.3407261802308364,484.45491857065764,0.0,
2021-03-11 14:01:13.170,1,0.3374597537988447,487.9713256214821,0.0,
2021-03-11 14:01:13.180,1,0.3899586476954899,484.0447000336128,0.0,
2021-03-11 14:01:13.190,1,0.3997679877028287,489.3156446880767,0.0,
2021-03-11 14:01:13.200,1,0.3020753172948627,489.3670548890464,0.0,
2021-03-11 14:01:13.210,1,0.3942190712854221,487.06394471510947,0.0,
2021-03-11 14:01:13.220,1,0.30096810878763697,487.4241526512232,0.0,
2021-03-11 14:01:13.230,1,0.3169966279770077,485.33054487972834,0.0,
2021-03-11 14:01:13.240,1,0.4386183076345324,491.3490903938327,0.0,
2021-03-11 14:01:13.250,1,0.3841699299508891,492.8307902074752,0.0,
2021-03-11 14:01:13.260,1,0.4368949361239279,488.5075577289105,0.0,
2021-03-11 14:01:13.270,1,0.3106141610079476,492.96253736018684,0.0,
2021-03-11 14:01:13.280,1,0.3267324468541575,492.164213953612,0.0,
2021-03-11 14:01:13.290,1,0.4340998320673772,491.91884403254153,0.0,
2021-03-11 14:01:13.300,1,0.4520256701838065,494.60851617989465,0.0,
2021-03-11 14:01:13.310,1,0.3710949933021748,493.5656706145349,0.0,
2021-03-11 14:01:13.320,1,0.4725451780049438,495.3056468125724,0.0,
2021-03-11 14:01:13.330,1,0.4008693109925434,495.67246379158735,0.0,
2021-03-11 14:01:13.340,1,0.4416357698061769,494.8792213886112,0.0,
2021-03-11 14:01:13.350,1,0.3605791633410358,496.82180948828454,0.0,
2021-03-11 14:01:13.360,1,0.3773255365739964,496.1386033532264,0.0,
2021-03-11 14:01:13.370,1,0.3837029926702112,497.6197780676288,0.0,
2021-03-11 14:01:13.380,1,0.4447328979205457,496.90603050412653,0.0,
2021-03-11 14:01:13.390,1,0.4334708207961836,496.96440844856477,0.0,
2021-03-11 14:01:13.400,1,0.4163365622131149,497.93625837893893,0.0,
2021-03-11 14:01:13.410,1,0.4380693257999346,494.5088864125423,0.0,
2021-03-11 14:01:13.420,1,0.3864634453101251,495.8037805757593,0.0,
2021-03-11 14:01:13.430,1,0.4439318991895654,495.58122223288325,0.0,
2021-03-11 14:01:13.440,1,0.3817079196062266,499.6427348943897,0.0,
2021-03-11 14:01:13.450,1,0.5248431682125374,503.2753384631931,0.0,
2021-03-11 14:01:13.460,1,0.41284848018247,494.4169156392914,0.0,
2021-03-11 14:01:13.470,1,0.3899700431939583,501.8197456504384,0.0,
2021-03-11 14:01:13.480,1,0.5216076653005464,493.6250979334804,0.0,
2021-03-11 14:01:13.490,1,0.4179778433114199,496.3598685986522,0.0,
2021-03-11 14:01:13.500,1,0.4622017853541508,495.7048920212986,0.0,
2021-03-11 14:01:13.510,1,0.3801073457504932,495.2044655265912,0.0,
2021-03-11 14:01:13.520,1,0.4782651896675373,498.0636369700483,0.0,
2021-03-11 14:01:13.530,1,0.4265756904575403,498.65412949291147,0.0,
2021-03-11 14:01:13.540,1,0.5139588942818261,493.7523315575031,0.0,
2021-03-11 14:01:13.550,1,0.4570225485496441,492.41617141711237,0.0,
2021-03-11 14:01:13.560,1,0.5469160995137442,496.32360806247436,0.0,
2021-03-11 14:01:13.570,1,0.4830394648520373,497.76898816748525,0.0,
2021-03-11 14:01:13.580,1,0.3966226984986509,493.91597818813085,0.0,
2021-03-11 14:01:13.590,1,0.4428616881863954,491.20740448295663,0.0,
2021-03-11 14:01:13.600,1,0.4773687144709274,491.4910151822572,0.0,
2021-03-11 14:01:13.610,1,0.4798049623208568,493.83895518525793,0.0,
2021-03-11 14:01:13.620,1,0.5353743392436571,493.11104177754265,0.0,
2021-03-11 14:01:13.630,1,0.5982439452513137,493.5163120742378,0.0,
2021-03-11 14:01:13.640,1,0.5993295581113938,489.60600988515966,0.0,
2021-03-11 14:01:13.650,1,0.4334550823702408,491.69740420819693,0.0,
2021-03-11 14:01:13.660,1,0.5658964581713304,492.61150101741083,0.0,
2021-03-11 14:01:13.670,1,0.6077193915677811,490.6753634605847,0.0,
2021-03-11 14:01:13.680,1,0.5171393243330955,493.5108702746041,0.0,
2021-03-11 14:01:13.690,1,0.4991845980947107,485.4265502853256,0.0,
2021-03-11 14:01:13.700,1,0.4272483912595602,486.9017024023,0.0,
2021-03-11 14:01:13.710,1,0.537327552872709,484.95375314473694,0.0,
2021-03-11 14:01:13.720,1,0.4596933469775253,489.52077884069166,0.0,
2021-03-11 14:01:13.730,1,0.4782002400308449,489.93715651098967,0.0,
2021-03-11 14:01:13.740,1,0.5207970877425082,488.40177297458274,0.0,
2021-03-11 14:01:13.750,1,0.4126294620145997,488.0144622744541,0.0,
2021-03-11 14:01:13.760,1,0.4143694474680914,485.271881729957,0.0,
2021-03-11 14:01:13.770,1,0.4689425897332829,491.0440170511998,0.0,
2021-03-11 14:01:13.780,1,0.4260570805038228,483.6856148507491,0.0,
2021-03-11 14:01:13.790,1,0.5925236066976465,485.6622313002363,0.0,
2021-03-11 14:01:13.800,1,0.5088990443291322,487.36188800875397,0.0,
2021-03-11 14:01:13.810,1,0.4333813295477358,483.78511900862327,0.0,
2021-03-11 14:01:13.820,1,0.5430140855826606,490.3067528705497,0.0,
2021-03-11 14:01:13.830,1,0.4935522396379344,484.13298908706594,0.0,
2021-03-11 14:01:13.840,1,0.5342811230506059,486.2263457288022,0.0,
2021-03-11 14:01:13.850,1,0.4374888436090103,490.9186404084831,0.0,
2021-03-11 14:01:13.860,1,0.4372007861991532,488.02152118610564,0.0,
2021-03-11 14:01:13.870,1,0.4652691706102702,485.9387568837275,0.0,
2021-03-11 14:01:13.880,1,0.5416438549536207,492.0218141536589,0.0,
2021-03-11 14:01:13.890,1,0.5062661997486382,487.98418035463067,0.0,
2021-03-11 14:01:13.900,1,0.5582973537622447,486.6165011428663,0.0,
2021-03-11 14:01:13.910,1,0.5755323116100152,490.25409561327865,0.0,
2021-03-11 14:01:13.920,1,0.4137272622082968,490.0090619878435,0.0,
2021-03-11 14:01:13.930,1,0.5675126039531626,491.5744306024786,0.0,
2021-03-11 14:01:13.940,1,0.5586058573720025,489.09092997390513,0.0,
2021-03-11 14:01:13.950,1,0.585252534268305,487.1769888560514,0.0,
2021-03-11 14:01:13.960,1,0.4603234303728981,493.4125254492409,0.0,
2021-03-11 14:01:13.970,1,0.5178980947205294,491.09956085609065,0.0,
2021-03-11 14:01:13.980,1,0.5014054686716857,492.3251472993013,0.0,
2021-03-11 14:01:13.990,1,0.4193185502100836,491.93381618118093,0.0,
2021-03-11 14:01:14.000,1,0.3957053137900816,488.26870335752784,0.0,
2021-03-11 14:01:14.010,1,0.4848563991104241,486.49266977675796,0.0,
2021-03-11 14:01:14.020,1,0.4548993189154965,492.7711474532807,0.0,
2021-03-11 14:01:14.030,1,0.4855275928954247,488.26635337977234,0.0,
2021-03-11 14:01:14.040,1,0.4632331958163946,492.8167929986866,0.0,
2021-03-11 14:01:14.050,1,0.4592463214311886,495.6221313461634,0.0,
2021-03-11 14:01:14.060,1,0.3895836853962068,492.1391440157762,0.0,
2021-03-11 14:01:14.070,1,0.5467133965021502,492.00695316217696,0.0,
2021-03-11 14:01:14.080,1,0.4214342818596042,492.439289880878,0.0,
2021-03-11 14:01:14.090,1,0.5038132971222641,496.6267570927026,0.0,
2021-03-11 14:01:14.100,1,0.4278307744273769,487.79806519568064,0.0,
2021-03-11 14:01:14.110,1,0.4903055262504319,494.7274262570112,0.0,
2021-03-11 14:01:14.120,1,0.4523206182596977,490.6844558069968,0.0,
2021-03-11 14:01:14.130,1,0.4985623178090772,495.93290582975794,0.0,
2021-03-11 14:01:14.140,1,0.4231768375683201,492.5656041901175,0.0,
2021-03-11 14:01:14.150,1,0.4307570103531313,498.00718115400986,0.0,
2021-03-11 14:01:14.160,1,0.4679848049466233,497.9470815111889,0.0,
2021-03-11 14:01:14.170,1,0.4871515353583059,497.1727480243805,0.0,
2021-03-11 14:01:14.180,1,0.5091586693702708,491.4935432714576,0.0,
2021-03-11 14:01:14.190,1,0.5121538379116519,501.1592134802218,0.0,
2021-03-11 14:01:14.200,1,0.466869914925743,489.9815489941633,0.0,
2021-03-11 14:01:14.210,1,0.3665483508696108,489.87183268362435,0.0,
2021-03-11 14:01:14.220,1,0.4093509071881008,492.57936075300864,0.0,
2021-03-11 14:01:14.230,1,0.5243332641957097,497.8224434940091,0.0,
2021-03-11 14:01:14.240,1,0.3993443807102305,491.70764176208803,0.0,
2021-03-11 14:01:14.250,1,0.5211045713739311,493.02671570491066,0.0,
2021-03-11 14:01:14.260,1,0.4903946989099139,491.1327610560624,0.0,
2021-03-11 14:01:14.270,1,0.4987604809583423,491.461790706649,0.0,
2021-03-11 14:01:14.280,1,0.5052553373871794,489.6361136528097,0.0,
2021-03-11 14:01:14.290,1,0.4849674723402238,491.2753348516333,0.0,
2021-03-11 14:01:14.300,1,0.3858802440947859,492.9763887795221,0.0,
2021-03-11 14:01:14.310,1,0.4396255222829351,489.80966621881765,0.0,
2021-03-11 14:01:14.320,1,0.5315124121712829,487.5905701205525,0.0,
2021-03-11 14:01:14.330,1,0.4702829464740556,485.1742046435003,0.0,
2021-03-11 14:01:14.340,1,0.4526555242955797,488.3721180666858,0.0,
2021-03-11 14:01:14.350,1,0.3686385227358971,485.1763088787858,0.0,
2021-03-11 14:01:14.360,1,0.521760461726541,486.01356741973296,0.0,
2021-03-11 14:01:14.370,1,0.4417345452519503,487.6792522756254,0.0,
2021-03-11 14:01:14.380,1,0.4716748320414506,483.4897081582486,0.0,
2021-03-11 14:01:14.390,1,0.4232651347136995,490.21718973272795,0.0,
2021-03-11 14:01:14.400,1,0.3813088877143237,485.9305377378376,0.0,
2021-03-11 14:01:14.410,1,0.4666319291585561,480.564286410394,0.0,
2021-03-11 14:01:14.420,1,0.5325099948680816,486.3448926540726,0.0,
2021-03-11 14:01:14.430,1,0.5462479537518635,492.32921165056564,0.0,
2021-03-11 14:01:14.440,1,0.4062990360299788,486.6002582251817,0.0,
2021-03-11 14:01:14.450,1,0.4337910295925308,484.4397406741024,0.0,
2021-03-11 14:01:14.460,1,0.579198257705246,486.6658066888588,0.0,
2021-03-11 14:01:14.470,1,0.4794471481580545,487.88793919756137,0.0,
2021-03-11 14:01:14.480,1,0.5775881484513059,491.0424420205616,0.0,
2021-03-11 14:01:14.490,1,0.469292269474127,480.48135399484335,0.0,
2021-03-11 14:01:14.500,1,0.4988881584782757,486.36679054192086,0.0,
2021-03-11 14:01:14.510,1,0.5491369922917461,485.2071077996382,0.0,
2021-03-11 14:01:14.520,1,0.580651628537774,482.7742655573833,0.0,
2021-03-11 14:01:14.530,1,0.5595418654905396,483.2027003341771,0.0,
2021-03-11 14:01:14.540,1,0.44997612799857706,486.3762386963459,0.0,
2021-03-11 14:01:14.550,1,0.4144172374087275,485.0844538415322,0.0,
2021-03-11 14:01:14.560,1,0.6021346191669433,490.29523100577416,0.0,
2021-03-11 14:01:14.570,1,0.5057925615052362,483.64030730359633,0.0,
2021-03-11 14:01:14.580,1,0.5934104232808328,489.8778550483326,0.0,
2021-03-11 14:01:14.590,1,0.5217674146662311,493.10234480658295,0.0,
2021-03-11 14:01:14.600,1,0.5749954209809963,494.1391025276851,0.0,
2021-03-11 14:01:14.610,1,0.408501071918029,494.5882167539662,0.0,
2021-03-11 14:01:14.620,1,0.5543056978706903,495.45898471047246,0.0,
2021-03-11 14:01:14.630,1,0.492887804427399,494.5776072402179,0.0,
2021-03-11 14:01:14.640,1,0.5158601692171784,489.73507358354004,0.0,
2021-03-11 14:01:14.650,1,0.5831201975245942,491.9833145377885,0.0,
2021-03-11 14:01:14.660,1,0.4646854023122954,498.7107553306624,0.0,
2021-03-11 14:01:14.670,1,0.5669780730988702,493.9416108292415,0.0,
2021-03-11 14:01:14.680,1,0.606718407916933,494.18282079111435,0.0,
2021-03-11 14:01:14.690,1,0.4802590798816897,495.508982159209,0.0,
2021-03-11 14:01:14.700,1,0.5200791483722249,496.9831592420449,0.0,
2021-03-11 14:01:14.710,1,0.4220898224336131,496.22473810764296,0.0,
2021-03-11 14:01:14.720,1,0.4619443904441425,497.7780562350496,0.0,
2021-03-11 14:01:14.730,1,0.4507071202881015,502.70859471163294,0.0,
2021-03-11 14:01:14.740,1,0.5491757844513891,497.59103992027656,0.0,
2021-03-11 14:01:14.750,1,0.4179877207642568,495.06760859114036,0.0,
2021-03-11 14:01:14.760,1,0.4700890718940976,499.6576481046904,0.0,
2021-03-11 14:01:14.770,1,0.4072112571233192,502.0748964113941,0.0,
2021-03-11 14:01:14.780,1,0.4159286513214861,501.5924153953508,0.0,
2021-03-11 14:01:14.790,1,0.5597796053816674,501.5233705384242,0.0,
2021-03-11 14:01:14.800,1,0.5902270812153486,500.423879013642,0.0,
2021-03-11 14:01:14.810,1,0.5315771273370982,503.39310546727927,0.0,
2021-03-11 14:01:14.820,1,0.5401880963664536,501.94076941556364,0.0,
2021-03-11 14:01:14.830,1,0.4407437092358552,499.026696875677,0.0,
2021-03-11 14:01:14.840,1,0.5306693048462696,502.2185031207122,0.0,
2021-03-11 14:01:14.850,1,0.5023916644814642,504.0551291010372,0.0,
2021-03-11 14:01:14.860,1,0.4476423203299124,504.79954882170546,0.0,
2021-03-11 14:01:14.870,1,0.5833366168485599,501.5375494908042,0.0,
2021-03-11 14:01:14.880,1,0.5755145016696259,499.3477997902562,0.0,
2021-03-11 14:01:14.890,1,0.5768041647972728,504.0639221707409,0.0,
2021-03-11 14:01:14.900,1,0.5150128042544595,499.5555861408129,0.0,
2021-03-11 14:01:14.910,1,0.5365314807608897,507.7463482623913,0.0,
2021-03-11 14:01:14.920,1,0.4530479897781724,502.08145224354513,0.0,
2021-03-11 14:01:14.930,1,0.5311322207296109,501.6492789879853,0.0,
2021-03-11 14:01:14.940,1,0.3882428975767116,504.4582018315983,0.0,
2021-03-11 14:01:14.950,1,0.5291172822327143,497.6988939551909,0.0,
2021-03-11 14:01:14.960,1,0.512317407252064,501.12431381357436,0.0,
2021-03-11 14:01:14.970,1,0.3931627955887535,503.9610436230439,0.0,
2021-03-11 14:01:14.980,1,0.4001231569540951,498.27315206308447,0.0,
2021-03-11 14:01:14.990,1,0.3761541945985815,500.6449806625788,0.0,
2021-03-11 14:01:15.000,1,0.4724497519644658,499.0721514436173,0.0,
2021-03-11 14:01:15.010,1,0.4558829711973726,498.28538949985887,0.0,
2021-03-11 14:01:15.020,1,0.5265286446134816,501.77379041302737,0.0,
2021-03-11 14:01:15.030,1,0.4421481962042544,494.0327927007662,0.0,
2021-03-11 14:01:15.040,1,0.4967102727764933,499.652510694024,0.0,
2021-03-11 14:01:15.050,1,0.3593936799486998,498.75191665498016,0.0,
2021-03-11 14:01:15.060,1,0.4620654807812716,503.4964266797321,0.0,
2021-03-11 14:01:15.070,1,0.4335560464051571,497.34118076432776,0.0,
2021-03-11 14:01:15.080,1,0.4443916381165539,502.208685759601,0.0,
2021-03-11 14:01:15.090,1,0.5069740980413101,498.8535702774561,0.0,
2021-03-11 14:01:15.100,1,0.4332484855150705,500.2628928620277,0.0,
2021-03-11 14:01:15.110,1,0.3928854962588188,498.9964091282832,0.0,
2021-03-11 14:01:15.120,1,0.4087676578980979,497.7840803840095,0.0,
2021-03-11 14:01:15.130,1,0.4411622455706426,502.7424238252069,0.0,
2021-03-11 14:01:15.140,1,0.4999592978322011,496.7801307942892,0.0,
2021-03-11 14:01:15.150,1,0.4935824577861655,495.0797779925597,0.0,
2021-03-11 14:01:15.160,1,0.3606010226075696,493.8804283506108,0.0,
2021-03-11 14:01:15.170,1,0.4331945667899921,502.38593839373436,0.0,
2021-03-11 14:01:15.180,1,0.3655033765141839,496.8990539266614,0.0,
2021-03-11 14:01:15.190,1,0.3809715982956976,503.89121860405663,0.0,
2021-03-11 14:01:15.200,1,0.3307874067066899,496.9065314124037,0.0,
2021-03-11 14:01:15.210,1,0.4678415110265669,501.8800304648092,0.0,
2021-03-11 14:01:15.220,1,0.3849064343104845,498.3134608062964,0.0,
2021-03-11 14:01:15.230,1,0.3873187520164467,501.16370635821886,0.0,
2021-03-11 14:01:15.240,1,0.4303822030602657,500.5580322516878,0.0,
2021-03-11 14:01:15.250,1,0.4088080823985959,501.6376396795249,0.0,
2021-03-11 14:01:15.260,1,0.4748810626396345,506.01454436984636,0.0,
2021-03-11 14:01:15.270,1,0.3604072992833393,503.05545719945053,0.0,
2021-03-11 14:01:15.280,1,0.4590162412810771,503.7111181897194,0.0,
2021-03-11 14:01:15.290,1,0.4670102519195885,505.06452074685615,0.0,
2021-03-11 14:01:15.300,1,0.4241338855703263,507.86343646497744,0.0,
2021-03-11 14:01:15.310,1,0.5148722599650294,501.365673538956,0.0,
2021-03-11 14:01:15.320,1,0.3920668676003814,507.1811231158152,0.0,
2021-03-11 14:01:15.330,1,0.3666788730807491,504.16765521799215,0.0,
2021-03-11 14:01:15.340,1,0.3568634544407347,503.9990663504501,0.0,
2021-03-11 14:01:15.350,1,0.3747942759396339,508.24553338065635,0.0,
2021-03-11 14:01:15.360,1,0.4701570086383019,502.53038643874083,0.0,
2021-03-11 14:01:15.370,1,0.4714457812254668,505.72860768164736,0.0,
2021-03-11 14:01:15.380,1,0.5272721318583434,504.463103440361,0.0,
2021-03-11 14:01:15.390,1,0.3612179531858739,505.75762584342493,0.0,
2021-03-11 14:01:15.400,1,0.4645275410793305,509.8110883815049,0.0,
2021-03-11 14:01:15.410,1,0.4600252637769536,512.0391205609136,0.0,
2021-03-11 14:01:15.420,1,0.4657248686438432,510.40185794862833,0.0,
2021-03-11 14:01:15.430,1,0.4168085439790739,511.5586064504486,0.0,
2021-03-11 14:01:15.440,1,0.4968474778546273,509.1954097466522,0.0,
2021-03-11 14:01:15.450,1,0.4991219686039209,511.3575400221153,0.0,
2021-03-11 14:01:15.460,1,0.3982486801539422,506.0778810432634,0.0,
2021-03-11 14:01:15.470,1,0.4459196426546146,514.1431215132801,0.0,
2021-03-11 14:01:15.480,1,0.4222737448203241,510.9517057047223,0.0,
2021-03-11 14:01:15.490,1,0.4727730783267725,507.9628541050592,0.0,
2021-03-11 14:01:15.500,1,0.4282510949144774,508.811388116099,0.0,
2021-03-11 14:01:15.510,1,0.572097350555296,511.4860549825528,0.0,
2021-03-11 14:01:15.520,1,0.4440739343972836,509.3399017396772,0.0,
2021-03-11 14:01:15.530,1,0.4789509910767872,510.3221933866976,0.0,
2021-03-11 14:01:15.540,1,0.5474451479374681,509.53079715158515,0.0,
2021-03-11 14:01:15.550,1,0.5516451102495082,505.9857201597961,0.0,
2021-03-11 14:01:15.560,1,0.5041730728787098,508.31709043290186,0.0,
2021-03-11 14:01:15.570,1,0.4778243713947321,509.40304063471115,0.0,
2021-03-11 14:01:15.580,1,0.4067764097143683,503.9529523883378,0.0,
2021-03-11 14:01:15.590,1,0.5488513058033997,502.4962229907879,0.0,
2021-03-11 14:01:15.600,1,0.5444327678522224,506.8514759211549,0.0,
2021-03-11 14:01:15.610,1,0.4308859421341256,505.66776446716653,0.0,
2021-03-11 14:01:15.620,1,0.4672603182122366,506.1320958947142,0.0,
2021-03-11 14:01:15.630,1,0.5707507226854841,503.0250497427086,0.0,
2021-03-11 14:01:15.640,1,0.5359982643625438,501.72903612360716,0.0,
2021-03-11 14:01:15.650,1,0.4600500201053825,505.14905935452634,0.0,
2021-03-11 14:01:15.660,1,0.5402426592968489,505.73184222991193,0.0,
2021-03-11 14:01:15.670,1,0.4471702357722901,507.3799134718219,0.0,
2021-03-11 14:01:15.680,1,0.3973055247406857,504.35174040915695,0.0,
2021-03-11 14:01:15.690,1,0.5559252335652628,502.50015502679906,0.0,
2021-03-11 14:01:15.700,1,0.4850033973948958,498.98217064409897,0.0,
2021-03-11 14:01:15.710,1,0.4468908293136027,502.78470678720635,0.0,
2021-03-11 14:01:15.720,1,0.547359330604361,501.93559085910147,0.0,
2021-03-11 14:01:15.730,1,0.5424390839585396,502.9385474597715,0.0,
2021-03-11 14:01:15.740,1,0.5510577118408989,496.6688872598831,0.0,
2021-03-11 14:01:15.750,1,0.5946982819552341,502.48442633747874,0.0,
2021-03-11 14:01:15.760,1,0.5929207532530086,495.4728846899712,0.0,
2021-03-11 14:01:15.770,1,0.564919737135016,496.35018533702123,0.0,
2021-03-11 14:01:15.780,1,0.4700371984085137,503.4135156432442,0.0,
2021-03-11 14:01:15.790,1,0.412050339463053,502.017618604953,0.0,
2021-03-11 14:01:15.800,1,0.4248463296233533,493.92144735637567,0.0,
2021-03-11 14:01:15.810,1,0.5008080739647768,494.3585379497018,0.0,
2021-03-11 14:01:15.820,1,0.5481150347927854,494.7977229934166,0.0,
2021-03-11 14:01:15.830,1,0.4972989354525087,493.86521142948527,0.0,
2021-03-11 14:01:15.840,1,0.4886022899421325,491.33164885065537,0.0,
2021-03-11 14:01:15.850,1,0.5177222591776124,494.55006349536455,0.0,
2021-03-11 14:01:15.860,1,0.5628197117270063,494.2962549649671,0.0,
2021-03-11 14:01:15.870,1,0.4212242269009778,496.4154623311829,0.0,
2021-03-11 14:01:15.880,1,0.5027492010975775,494.3104231560058,0.0,
2021-03-11 14:01:15.890,1,0.5734869433527783,500.7195018145826,0.0,
2021-03-11 14:01:15.900,1,0.4251876283581761,495.8191017307673,0.0,
2021-03-11 14:01:15.910,1,0.5346440981713909,492.9882952476848,0.0,
2021-03-11 14:01:15.920,1,0.5364724381186761,496.67238183907205,0.0,
2021-03-11 14:01:15.930,1,0.5624382315507463,496.1805717498652,0.0,
2021-03-11 14:01:15.940,1,0.5485178429142403,496.094062488908,0.0,
2021-03-11 14:01:15.950,1,0.3899370376803329,501.1259648156222,0.0,
2021-03-11 14:01:15.960,1,0.4875724392047094,493.28930553490005,0.0,
2021-03-11 14:01:15.970,1,0.4158983062602001,497.64380227978563,0.0,
2021-03-11 14:01:15.980,1,0.4160015125170893,496.8592005400629,0.0,
2021-03-11 14:01:15.990,1,0.474517128622829,492.8547809878497,0.0,
2021-03-11 14:01:16.000,1,0.3764129344094468,498.2682709239628,0.0,
2021-03-11 14:01:16.010,1,0.4771250263438127,494.9868855574065,0.0,
2021-03-11 14:01:16.020,1,0.4648976166809546,497.809805036878,0.0,
2021-03-11 14:01:16.030,1,0.458985172844819,497.2363018689794,0.0,
2021-03-11 14:01:16.040,1,0.4808965123168947,493.45861555905884,0.0,
2021-03-11 14:01:16.050,1,0.4713666545954971,494.7801691470089,0.0,
2021-03-11 14:01:16.060,1,0.536319720895416,502.2383409057096,0.0,
2021-03-11 14:01:16.070,1,0.5203192783157493,499.6249910644052,0.0,
2021-03-11 14:01:16.080,1,0.4481122813022611,494.33966202263565,0.0,
2021-03-11 14:01:16.090,1,0.5123936457622482,503.9977375300636,0.0,
2021-03-11 14:01:16.100,1,0.3793604019103371,502.20096874072675,0.0,
2021-03-11 14:01:16.110,1,0.4487345327925057,500.1128102160514,0.0,
2021-03-11 14:01:16.120,1,0.3713786099748625,503.5125854230255,0.0,
2021-03-11 14:01:16.130,1,0.5219954750379878,500.3121425411648,0.0,
2021-03-11 14:01:16.140,1,0.5151651102318697,501.20102216382935,0.0,
2021-03-11 14:01:16.150,1,0.4935679495877941,499.41616034883776,0.0,
2021-03-11 14:01:16.160,1,0.4936642665466305,502.6795461728949,0.0,
2021-03-11 14:01:16.170,1,0.4413232914179396,501.6931465650149,0.0,
2021-03-11 14:01:16.180,1,0.46814296316765,499.7790761687024,0.0,
2021-03-11 14:01:16.190,1,0.4668064618532235,498.4153039850869,0.0,
2021-03-11 14:01:16.200,1,0.5221199074263201,495.9874652597625,0.0,
2021-03-11 14:01:16.210,1,0.5321891248497121,498.38453653449005,0.0,
2021-03-11 14:01:16.220,1,0.4086725670060242,494.459841614697,0.0,
2021-03-11 14:01:16.230,1,0.5379104190576367,494.96858811951546,0.0,
2021-03-11 14:01:16.240,1,0.4144240496784815,497.2152701734179,0.0,
2021-03-11 14:01:16.250,1,0.5082555255673437,497.4216424358567,0.0,
2021-03-11 14:01:16.260,1,0.4293393939345001,497.92916218113686,0.0,
2021-03-11 14:01:16.270,1,0.4455514430374537,495.6665338994797,0.0,
2021-03-11 14:01:16.280,1,0.3930034082596402,499.20250889984595,0.0,
2021-03-11 14:01:16.290,1,0.3789123911438481,496.3274606454515,0.0,
2021-03-11 14:01:16.300,1,0.5374057636343559,493.9626693271032,0.0,
2021-03-11 14:01:16.310,1,0.4948015076376233,496.53991255598436,0.0,
2021-03-11 14:01:16.320,1,0.4709957077475669,495.4496774886704,0.0,
2021-03-11 14:01:16.330,1,0.5304303307430179,494.7073520733425,0.0,
2021-03-11 14:01:16.340,1,0.3948164701809988,496.3873965437627,0.0,
2021-03-11 14:01:16.350,1,0.4422064438304871,493.64055672383415,0.0,
2021-03-11 14:01:16.360,1,0.5414511895995391,493.1373618566432,0.0,
2021-03-11 14:01:16.370,1,0.4446501285628803,487.8737695574771,0.0,
2021-03-11 14:01:16.380,1,0.4694409189896726,492.1159677228355,0.0,
2021-03-11 14:01:16.390,1,0.3840416976609493,488.03702292568715,0.0,
2021-03-11 14:01:16.400,1,0.3972034005765776,492.50892339131514,0.0,
2021-03-11 14:01:16.410,1,0.3857314312641441,488.1503716780368,0.0,
2021-03-11 14:01:16.420,1,0.4127185667706365,489.5906650875149,0.0,
2021-03-11 14:01:16.430,1,0.5437667169952093,487.69728063828,0.0,
2021-03-11 14:01:16.440,1,0.4668335514310155,488.7774418216316,0.0,
2021-03-11 14:01:16.450,1,0.3956784281568827,491.2693529302866,0.0,
2021-03-11 14:01:16.460,1,0.5563285747001543,489.7851980456611,0.0,
2021-03-11 14:01:16.470,1,0.4205646027039353,486.7543384478244,0.0,
2021-03-11 14:01:16.480,1,0.5060911903697404,481.59899761523127,0.0,
2021-03-11 14:01:16.490,1,0.458042595499572,484.8258038311808,0.0,
2021-03-11 14:01:16.500,1,0.4134966587375259,487.86393575328873,0.0,
2021-03-11 14:01:16.510,1,0.4642086172279364,485.1925992524417,0.0,
2021-03-11 14:01:16.520,1,0.42548812832572297,484.3372740215327,0.0,
2021-03-11 14:01:16.530,1,0.4922922839496582,486.19433579071597,0.0,
2021-03-11 14:01:16.540,1,0.5230190994638566,489.24333465657946,0.0,
2021-03-11 14:01:16.550,1,0.4490728094545962,486.26399750806394,0.0,
2021-03-11 14:01:16.560,1,0.4564489338536018,491.5111534780982,0.0,
2021-03-11 14:01:16.570,1,0.436198194716262,491.78235523822815,0.0,
2021-03-11 14:01:16.580,1,0.4127487119208003,492.54914219206483,0.0,
2021-03-11 14:01:16.590,1,0.4545204144418252,488.9902813448304,0.0,
2021-03-11 14:01:16.600,1,0.6094382735642896,492.0585367787982,0.0,
2021-03-11 14:01:16.610,1,0.4853483369892319,487.8197508084028,0.0,
2021-03-11 14:01:16.620,1,0.5660173133819235,488.2144043664833,0.0,
2021-03-11 14:01:16.630,1,0.5937207117260284,493.0191012470558,0.0,
2021-03-11 14:01:16.640,1,0.5862852593126571,492.7426265710466,0.0,
2021-03-11 14:01:16.650,1,0.5235724125563636,494.55036306826287,0.0,
2021-03-11 14:01:16.660,1,0.5466552907228275,493.19707453997916,0.0,
2021-03-11 14:01:16.670,1,0.4847661038960595,493.01164336630836,0.0,
2021-03-11 14:01:16.680,1,0.5422746651384792,494.0590168093605,0.0,
2021-03-11 14:01:16.690,1,0.5015904383115268,496.4577333284192,0.0,
2021-03-11 14:01:16.700,1,0.5203773247407565,495.20016846669677,0.0,
2021-03-11 14:01:16.710,1,0.4476679611210155,492.2325879238765,0.0,
2021-03-11 14:01:16.720,1,0.4421957394423148,490.3065615111773,0.0,
2021-03-11 14:01:16.730,1,0.5109610521621498,498.5083128418267,0.0,
2021-03-11 14:01:16.740,1,0.5289109111587841,502.3716943390521,0.0,
2021-03-11 14:01:16.750,1,0.4803082784643944,500.2952027601461,0.0,
2021-03-11 14:01:16.760,1,0.415278125773711,495.66263642852823,0.0,
2021-03-11 14:01:16.770,1,0.5201827549842554,498.4055378052111,0.0,
2021-03-11 14:01:16.780,1,0.4748338930762494,497.9179045760998,0.0,
2021-03-11 14:01:16.790,1,0.5175626339899704,499.358077387471,0.0,
2021-03-11 14:01:16.800,1,0.4160423284747649,496.7323864769561,0.0,
2021-03-11 14:01:16.810,1,0.60418510746498,500.601418794078,0.0,
2021-03-11 14:01:16.820,1,0.4429208684937937,501.26870192553497,0.0,
2021-03-11 14:01:16.830,1,0.5587357336341661,503.6625432576477,0.0,
2021-03-11 14:01:16.840,1,0.4951657804945344,502.9356898647966,0.0,
2021-03-11 14:01:16.850,1,0.4345002633843791,496.6127627160222,0.0,
2021-03-11 14:01:16.860,1,0.5667595100314066,500.7029108864457,0.0,
2021-03-11 14:01:16.870,1,0.5393749792878347,502.69691695484033,0.0,
2021-03-11 14:01:16.880,1,0.5873262262784514,499.9144041176226,0.0,
2021-03-11 14:01:16.890,1,0.4943456130783505,499.9971273326888,0.0,
2021-03-11 14:01:16.900,1,0.5545102486980793,501.46918517735327,0.0,
2021-03-11 14:01:16.910,1,0.4268527111705356,503.4150197694853,0.0,
2021-03-11 14:01:16.920,1,0.563872387138751,497.8359356572272,0.0,
2021-03-11 14:01:16.930,1,0.4187283745970549,500.94996181353264,0.0,
2021-03-11 14:01:16.940,1,0.4688599258277267,500.9927592804394,0.0,
2021-03-11 14:01:16.950,1,0.4811302422722261,497.2693384067464,0.0,
2021-03-11 14:01:16.960,1,0.5261711422990802,500.66069356275113,0.0,
2021-03-11 14:01:16.970,1,0.4925010572901243,498.73722476271865,0.0,
2021-03-11 14:01:16.980,1,0.474730071108752,501.2970998826605,0.0,
2021-03-11 14:01:16.990,1,0.3593238798940196,501.1611972535087,0.0,
2021-03-11 14:01:17.000,1,0.4393837434170627,498.58438454566704,0.0,
2021-03-11 14:01:17.010,1,0.5146125506646877,491.1522942657393,0.0,
2021-03-11 14:01:17.020,1,0.5241916837447741,496.1364844855239,0.0,
2021-03-11 14:01:17.030,1,0.3815603400621261,498.8108781911271,0.0,
2021-03-11 14:01:17.040,1,0.3652914300761443,492.8006129169463,0.0,
2021-03-11 14:01:17.050,1,0.4110202238157071,494.72107291982115,0.0,
2021-03-11 14:01:17.060,1,0.4568433683627957,492.77647897064537,0.0,
2021-03-11 14:01:17.070,1,0.4060344575959744,497.9702735937045,0.0,
2021-03-11 14:01:17.080,1,0.3655998254466763,494.7920143278786,0.0,
2021-03-11 14:01:17.090,1,0.4807047017995425,490.1328907534324,0.0,
2021-03-11 14:01:17.100,1,0.5059008378488317,498.53005509245065,0.0,
2021-03-11 14:01:17.110,1,0.3536702842737397,494.9835501567617,0.0,
2021-03-11 14:01:17.120,1,0.4729844147329904,490.8147916017567,0.0,
2021-03-11 14:01:17.130,1,0.3790130319587911,493.5070671503302,0.0,
2021-03-11 14:01:17.140,1,0.4191566702795443,489.5833660611552,0.0,
2021-03-11 14:01:17.150,1,0.3419417127578077,489.9683257966622,0.0,
2021-03-11 14:01:17.160,1,0.4270632528521587,494.62744748957465,0.0,
2021-03-11 14:01:17.170,1,0.398373645439032,489.7141066562512,0.0,
2021-03-11 14:01:17.180,1,0.4052530677660831,492.1643216351445,0.0,
2021-03-11 14:01:17.190,1,0.4226907242775353,494.08401134653604,0.0,
2021-03-11 14:01:17.200,1,0.4785245971906762,491.72466037959725,0.0,
2021-03-11 14:01:17.210,1,0.4347896616934125,492.6748556382128,0.0,
2021-03-11 14:01:17.220,1,0.3254372770644729,494.67691712249695,0.0,
2021-03-11 14:01:17.230,1,0.457510858224508,491.5619990812877,0.0,
2021-03-11 14:01:17.240,1,0.3214546117017406,495.53263024726647,0.0,
2021-03-11 14:01:17.250,1,0.3539609620967792,494.9391009235073,0.0,
2021-03-11 14:01:17.260,1,0.3731253708188127,495.39948712443163,0.0,
2021-03-11 14:01:17.270,1,0.4119738593537871,495.8692462009338,0.0,
2021-03-11 14:01:17.280,1,0.3213630730728731,496.17821205994363,0.0,
2021-03-11 14:01:17.290,1,0.3926903498777889,490.91788981563116,0.0,
2021-03-11 14:01:17.300,1,0.4691970136124578,496.88747371313417,0.0,
2021-03-11 14:01:17.310,1,0.3273735381099735,495.7220388422893,0.0,
2021-03-11 14:01:17.320,1,0.4178213445503729,493.06936548199445,0.0,
2021-03-11 14:01:17.330,1,0.3843951854669629,498.7205113782492,0.0,
2021-03-11 14:01:17.340,1,0.4092104356574839,496.9802384929163,0.0,
2021-03-11 14:01:17.350,1,0.4216542463415468,497.2878828519776,0.0,
2021-03-11 14:01:17.360,1,0.4546363826581244,494.90877851768914,0.0,
2021-03-11 14:01:17.370,1,0.3809574942257879,502.07718717093,0.0,
2021-03-11 14:01:17.380,1,0.3499253517276845,498.8680675392554,0.0,
2021-03-11 14:01:17.390,1,0.4611990962278741,499.4695892865698,0.0,
2021-03-11 14:01:17.400,1,0.3477373932165829,502.6641432352156,0.0,
2021-03-11 14:01:17.410,1,0.4790141024466011,503.4095283341055,0.0,
2021-03-11 14:01:17.420,1,0.4335644583311769,495.79910669545137,0.0,
2021-03-11 14:01:17.430,1,0.4792341210287831,502.5862693283177,0.0,
2021-03-11 14:01:17.440,1,0.3397706854224916,500.4550633824121,0.0,
2021-03-11 14:01:17.450,1,0.4445286489365193,497.6516091465077,0.0,
2021-03-11 14:01:17.460,1,0.4250765361940429,502.6176407797576,0.0,
2021-03-11 14:01:17.470,1,0.4347543112708462,502.1905786936454,0.0,
2021-03-11 14:01:17.480,1,0.3893708739664591,500.6548278396408,0.0,
2021-03-11 14:01:17.490,1,0.4969542625958972,501.82956931798464,0.0,
2021-03-11 14:01:17.500,1,0.5020953095324855,499.65810656677684,0.0,
2021-03-11 14:01:17.510,1,0.4902131739883311,502.2110000564078,0.0,
2021-03-11 14:01:17.520,1,0.4749716016871723,505.6055501758969,0.0,
2021-03-11 14:01:17.530,1,0.3474552392601433,499.92628794488814,0.0,
2021-03-11 14:01:17.540,1,0.4832587441313918,500.7687780614407,0.0,
2021-03-11 14:01:17.550,1,0.3749468067713907,500.5005251817141,0.0,
2021-03-11 14:01:17.560,1,0.3437756292601602,498.73610231849364,0.0,
2021-03-11 14:01:17.570,1,0.5048510944532499,507.16279789994,0.0,
2021-03-11 14:01:17.580,1,0.5188866306087955,497.3009463198717,0.0,
2021-03-11 14:01:17.590,1,0.5066818925937403,502.87847143350024,0.0,
2021-03-11 14:01:17.600,1,0.4061569738254745,501.1184611059596,0.0,
2021-03-11 14:01:17.610,1,0.4729423961766593,503.46286443562036,0.0,
2021-03-11 14:01:17.620,1,0.3691223268075531,497.8742561350905,0.0,
2021-03-11 14:01:17.630,1,0.3635657143510126,499.8640658773279,0.0,
2021-03-11 14:01:17.640,1,0.3590491695870846,499.564522384164,0.0,
2021-03-11 14:01:17.650,1,0.4634298715706528,496.42447590131104,0.0,
2021-03-11 14:01:17.660,1,0.4919417305359697,498.9418086869927,0.0,
2021-03-11 14:01:17.670,1,0.5231308030634286,496.14426302409737,0.0,
2021-03-11 14:01:17.680,1,0.4688345860560606,497.1520375719024,0.0,
2021-03-11 14:01:17.690,1,0.3719434043584063,496.098569588877,0.0,
2021-03-11 14:01:17.700,1,0.4523205755621582,496.4021122816428,0.0,
2021-03-11 14:01:17.710,1,0.3484688959233716,492.74889387160994,0.0,
2021-03-11 14:01:17.720,1,0.4940744085460261,491.3277069114139,0.0,
2021-03-11 14:01:17.730,1,0.4518781576614895,493.3845094428613,0.0,
2021-03-11 14:01:17.740,1,0.4042462526816262,493.1578797506283,0.0,
2021-03-11 14:01:17.750,1,0.4211304692963611,492.39452169753235,0.0,
2021-03-11 14:01:17.760,1,0.4772780647043638,493.1306234563777,0.0,
2021-03-11 14:01:17.770,1,0.4811632770648426,492.9493690930214,0.0,
2021-03-11 14:01:17.780,1,0.4918236760146386,488.25877036593903,0.0,
2021-03-11 14:01:17.790,1,0.4059979903981416,488.0582297482157,0.0,
2021-03-11 14:01:17.800,1,0.4350265396440747,490.1944078646068,0.0,
2021-03-11 14:01:17.810,1,0.3411619748995202,489.08751187161596,0.0,
2021-03-11 14:01:17.820,1,0.476601737160181,489.42535021913017,0.0,
2021-03-11 14:01:17.830,1,0.4572817276504763,489.10636099542063,0.0,
2021-03-11 14:01:17.840,1,0.349007573395286,491.07284551991285,0.0,
2021-03-11 14:01:17.850,1,0.3193369799292782,484.7062322497508,0.0,
2021-03-11 14:01:17.860,1,0.427884357875084,488.2914839764928,0.0,
2021-03-11 14:01:17.870,1,0.4167594541706361,490.68857736090416,0.0,
2021-03-11 14:01:17.880,1,0.4321509638209113,486.5631995449689,0.0,
2021-03-11 14:01:17.890,1,0.3539688412255095,482.9098434611415,0.0,
2021-03-11 14:01:17.900,1,0.4121437221788793,489.3119601648692,0.0,
2021-03-11 14:01:17.910,1,0.3283783389820637,484.1094715448823,0.0,
2021-03-11 14:01:17.920,1,0.4044412270689164,490.79698407444573,0.0,
2021-03-11 14:01:17.930,1,0.4119317961628208,484.4787756647625,0.0,
2021-03-11 14:01:17.940,1,0.4501964277567447,486.9056205828855,0.0,
2021-03-11 14:01:17.950,1,0.3530515481913407,485.42471969171714,0.0,
2021-03-11 14:01:17.960,1,0.3492529551316494,483.8905105834825,0.0,
2021-03-11 14:01:17.970,1,0.4000478337299721,486.39332283072105,0.0,
2021-03-11 14:01:17.980,1,0.3782875743180074,486.5428299767842,0.0,
2021-03-11 14:01:17.990,1,0.4031915624287546,483.6501522641062,0.0,
2021-03-11 14:01:18.000,1,0.4071326919026438,490.4446887599256,0.0,
2021-03-11 14:01:18.010,1,0.3695537667697928,485.93820309699584,0.0,
2021-03-11 14:01:18.020,1,0.3125621919008212,495.0010162956421,0.0,
2021-03-11 14:01:18.030,1,0.3089252012678784,487.4787437499832,0.0,
2021-03-11 14:01:18.040,1,0.366149962939254,491.30293596524797,0.0,
2021-03-11 14:01:18.050,1,0.3591753328131927,491.06753774238837,0.0,
2021-03-11 14:01:18.060,1,0.2845248525317658,491.3374102879722,0.0,
2021-03-11 14:01:18.070,1,0.3442701200231089,492.5019583290082,0.0,
2021-03-11 14:01:18.080,1,0.3704997330949195,493.6367898907935,0.0,
2021-03-11 14:01:18.090,1,0.3637692600631347,493.8917985854874,0.0,
2021-03-11 14:01:18.100,1,0.3154859029155335,493.0565190396878,0.0,
2021-03-11 14:01:18.110,1,0.3560470040388608,493.2088764356311,0.0,
2021-03-11 14:01:18.120,1,0.2864787248844527,491.5214689500808,0.0,
2021-03-11 14:01:18.130,1,0.3748114025837257,491.93892135617483,0.0,
2021-03-11 14:01:18.140,1,0.3996581894529015,490.15661862242797,0.0,
2021-03-11 14:01:18.150,1,0.2890646124337786,491.274786613277,0.0,
2021-03-11 14:01:18.160,1,0.3294224998038886,492.7176770525417,0.0,
2021-03-11 14:01:18.170,1,0.3494500769383853,489.2624491198282,0.0,
2021-03-11 14:01:18.180,1,0.3127782985691135,492.735887589089,0.0,
2021-03-11 14:01:18.190,1,0.3335442629775119,491.3392662665117,0.0,
2021-03-11 14:01:18.200,1,0.3277818411903087,493.9944874555874,0.0,
2021-03-11 14:01:18.210,1,0.3930337103174275,491.86578565999395,0.0,
2021-03-11 14:01:18.220,1,0.2980363501575566,489.3392898875818,0.0,
2021-03-11 14:01:18.230,1,0.2822129974689291,492.8934881130135,0.0,
2021-03-11 14:01:18.240,1,0.3742497869924482,491.1625366486,0.0,
2021-03-11 14:01:18.250,1,0.3266755280523748,490.3571594341905,0.0,
2021-03-11 14:01:18.260,1,0.4043737472004139,489.01712707019686,0.0,
2021-03-11 14:01:18.270,1,0.2972361222050964,487.8995273611847,0.0,
2021-03-11 14:01:18.280,1,0.3984413405656932,489.8945426815328,0.0,
2021-03-11 14:01:18.290,1,0.3734566036130666,487.2194671095395,0.0,
2021-03-11 14:01:18.300,1,0.3423025186194902,487.4176354344985,0.0,
2021-03-11 14:01:18.310,1,0.4168798728496871,492.08504713406194,0.0,
2021-03-11 14:01:18.320,1,0.3956689053391645,487.66927158574026,0.0,
2021-03-11 14:01:18.330,1,0.3019299766640407,490.6485496297603,0.0,
2021-03-11 14:01:18.340,1,0.3044693211060885,487.882451400564,0.0,
2021-03-11 14:01:18.350,1,0.3168499241552047,486.99311223534585,0.0,
2021-03-11 14:01:18.360,1,0.3798905606725986,491.9055737252333,0.0,
2021-03-11 14:01:18.370,1,0.3025407470062795,486.76539955786734,0.0,
2021-03-11 14:01:18.380,1,0.4068213204785919,486.22575826886725,0.0,
2021-03-11 14:01:18.390,1,0.3313025780847169,485.84571477471053,0.0,
2021-03-11 14:01:18.400,1,0.3331596634050688,483.6133154806823,0.0,
2021-03-11 14:01:18.410,1,0.4341287329463335,482.78728480578246,0.0,
2021-03-11 14:01:18.420,1,0.4044353145958908,482.15379988857217,0.0,
2021-03-11 14:01:18.430,1,0.3744848522201767,489.78011887041254,0.0,
2021-03-11 14:01:18.440,1,0.3267462203226114,479.642382219313,0.0,
2021-03-11 14:01:18.450,1,0.3616406194179189,477.8950891912139,0.0,
2021-03-11 14:01:18.460,1,0.3823429946095829,483.8717768122151,0.0,
2021-03-11 14:01:18.470,1,0.4162039953722333,484.22730463341867,0.0,
2021-03-11 14:01:18.480,1,0.3659329723251979,481.14785360045744,0.0,
2021-03-11 14:01:18.490,1,0.4767362415103391,479.2127201350015,0.0,
2021-03-11 14:01:18.500,1,0.4447454363717362,483.27192855466836,0.0,
2021-03-11 14:01:18.510,1,0.3891664788307392,480.2699184816102,0.0,
2021-03-11 14:01:18.520,1,0.3781859671239762,482.5092324182192,0.0,
2021-03-11 14:01:18.530,1,0.5001230980005347,483.3788732087352,0.0,
2021-03-11 14:01:18.540,1,0.3356822372324684,481.2493810080177,0.0,
2021-03-11 14:01:18.550,1,0.3403604013844259,478.9794499273418,0.0,
2021-03-11 14:01:18.560,1,0.4251754235355158,477.8932962688573,0.0,
2021-03-11 14:01:18.570,1,0.3744329854226834,482.4324255543403,0.0,
2021-03-11 14:01:18.580,1,0.3672247874030244,484.5674371816169,0.0,
2021-03-11 14:01:18.590,1,0.4651263268653131,484.1273360582225,0.0,
2021-03-11 14:01:18.600,1,0.3782240915777891,481.34179008153626,0.0,
2021-03-11 14:01:18.610,1,0.4937728472230679,485.89798937779767,0.0,
2021-03-11 14:01:18.620,1,0.4780572863015106,484.91430482808977,0.0,
2021-03-11 14:01:18.630,1,0.4858769566876629,488.5418882442504,0.0,
2021-03-11 14:01:18.640,1,0.4248120782871873,484.817257999319,0.0,
2021-03-11 14:01:18.650,1,0.3840143139587443,480.59452434308633,0.0,
2021-03-11 14:01:18.660,1,0.4394876422526803,487.06312029936737,0.0,
2021-03-11 14:01:18.670,1,0.4278169582493744,484.2882670907954,0.0,
2021-03-11 14:01:18.680,1,0.3876496177910912,485.3944032006392,0.0,
2021-03-11 14:01:18.690,1,0.5100135038549473,487.1393973318092,0.0,
2021-03-11 14:01:18.700,1,0.5101793931969603,492.5549872712467,0.0,
2021-03-11 14:01:18.710,1,0.4061609461732332,488.36113761175346,0.0,
2021-03-11 14:01:18.720,1,0.3971462786016888,489.2483785868557,0.0,
2021-03-11 14:01:18.730,1,0.5202962819490474,491.562150180656,0.0,
2021-03-11 14:01:18.740,1,0.5035493923859297,490.671213194806,0.0,
2021-03-11 14:01:18.750,1,0.4454448303301543,491.7101741253627,0.0,
2021-03-11 14:01:18.760,1,0.3556495667259902,491.6688237653189,0.0,
2021-03-11 14:01:18.770,1,0.4397672395588166,488.35443474585884,0.0,
2021-03-11 14:01:18.780,1,0.4245147797916114,491.3065646895176,0.0,
2021-03-11 14:01:18.790,1,0.5229394590136357,492.49231502392695,0.0,
2021-03-11 14:01:18.800,1,0.5109739751896679,492.0263471181762,0.0,
2021-03-11 14:01:18.810,1,0.4001599533231861,491.18107024589136,0.0,
2021-03-11 14:01:18.820,1,0.529597979970307,496.2358222038857,0.0,
2021-03-11 14:01:18.830,1,0.4233385863921455,491.3152397232029,0.0,
2021-03-11 14:01:18.840,1,0.5237964174684239,496.74733928971887,0.0,
2021-03-11 14:01:18.850,1,0.4120476160096331,494.7803629728965,0.0,
2021-03-11 14:01:18.860,1,0.3636616208498132,494.3863729622912,0.0,
2021-03-11 14:01:18.870,1,0.3770736945974745,494.4654800202739,0.0,
2021-03-11 14:01:18.880,1,0.3963780178070993,502.2599697350445,0.0,
2021-03-11 14:01:18.890,1,0.4274210121385864,497.4999389172022,0.0,
2021-03-11 14:01:18.900,1,0.4353167856256491,492.46949792300455,0.0,
2021-03-11 14:01:18.910,1,0.4173065441139223,493.5507643286592,0.0,
2021-03-11 14:01:18.920,1,0.4020296144513015,494.4398867320315,0.0,
2021-03-11 14:01:18.930,1,0.3657617682645026,499.1570390719233,0.0,
2021-03-11 14:01:18.940,1,0.4797021734012766,497.3507514585164,0.0,
2021-03-11 14:01:18.950,1,0.452154780261883,497.73660223176046,0.0,
2021-03-11 14:01:18.960,1,0.3802007121577325,496.86778077910276,0.0,
2021-03-11 14:01:18.970,1,0.4000417142253924,500.6910268599129,0.0,
2021-03-11 14:01:18.980,1,0.3853504518982779,495.9465104248303,0.0,
2021-03-11 14:01:18.990,1,0.3840035336058245,493.697046876537,0.0,
2021-03-11 14:01:19.000,1,0.3406281536636125,494.05673094682203,0.0,
2021-03-11 14:01:19.010,1,0.3444537903918875,493.94651848377663,0.0,
2021-03-11 14:01:19.020,1,0.4965208907742196,498.90894466569137,0.0,
2021-03-11 14:01:19.030,1,0.4604137068764809,494.465937091889,0.0,
2021-03-11 14:01:19.040,1,0.3871970749157994,492.6419235544371,0.0,
2021-03-11 14:01:19.050,1,0.4439685637575319,491.7852311410917,0.0,
2021-03-11 14:01:19.060,1,0.36646862081048703,493.87269637714456,0.0,
2021-03-11 14:01:19.070,1,0.4881164923730605,495.5195274086623,0.0,
2021-03-11 14:01:19.080,1,0.4560458758251671,497.8769177048058,0.0,
2021-03-11 14:01:19.090,1,0.3332823500741353,491.9595617755526,0.0,
2021-03-11 14:01:19.100,1,0.3395475752257982,490.88656272218316,0.0,
2021-03-11 14:01:19.110,1,0.3990810360841552,493.13419643101423,0.0,
2021-03-11 14:01:19.120,1,0.4831470854635269,494.0675700502704,0.0,
2021-03-11 14:01:19.130,1,0.4939901294193067,491.78613514686594,0.0,
2021-03-11 14:01:19.140,1,0.4822307069786121,493.4536606100264,0.0,
2021-03-11 14:01:19.150,1,0.4648346095162469,492.0872047422174,0.0,
2021-03-11 14:01:19.160,1,0.4861809321359947,496.0457876709578,0.0,
2021-03-11 14:01:19.170,1,0.3688330111549109,492.8930076758904,0.0,
2021-03-11 14:01:19.180,1,0.4251257800281927,491.78469244724863,0.0,
2021-03-11 14:01:19.190,1,0.3703241491732007,494.461731311378,0.0,
2021-03-11 14:01:19.200,1,0.4897850404190127,493.28915286708167,0.0,
2021-03-11 14:01:19.210,1,0.3724407487648254,494.0166004698191,0.0,
2021-03-11 14:01:19.220,1,0.380397296885018,495.5117525499488,0.0,
2021-03-11 14:01:19.230,1,0.4288491623024721,493.50667701624616,0.0,
2021-03-11 14:01:19.240,1,0.3667445889826676,492.31696441382377,0.0,
2021-03-11 14:01:19.250,1,0.4513640526831791,487.0149196137217,0.0,
2021-03-11 14:01:19.260,1,0.4187490554773634,494.2895649943692,0.0,
2021-03-11 14:01:19.270,1,0.4704449667496521,494.51345870667257,0.0,
2021-03-11 14:01:19.280,1,0.3397746553601272,489.91516221144724,0.0,
2021-03-11 14:01:19.290,1,0.4891825272696221,489.5389421986239,0.0,
2021-03-11 14:01:19.300,1,0.4582247081001642,495.1557093932778,0.0,
2021-03-11 14:01:19.310,1,0.4768662953479428,494.1777681749855,0.0,
2021-03-11 14:01:19.320,1,0.4677784329623737,497.71485567589104,0.0,
2021-03-11 14:01:19.330,1,0.4297105105947242,493.32505806461256,0.0,
2021-03-11 14:01:19.340,1,0.5150207491211573,491.7087448857908,0.0,
2021-03-11 14:01:19.350,1,0.4126138179899939,495.35941331763337,0.0,
2021-03-11 14:01:19.360,1,0.3567426881174778,500.4524424795748,0.0,
2021-03-11 14:01:19.370,1,0.5231185491309799,497.7051090681721,0.0,
2021-03-11 14:01:19.380,1,0.3690585045043115,496.6570232275672,0.0,
2021-03-11 14:01:19.390,1,0.5035804081441201,497.8316960350695,0.0,
2021-03-11 14:01:19.400,1,0.4937694154978824,499.1676357121757,0.0,
2021-03-11 14:01:19.410,1,0.4838606161213292,501.82424324494883,0.0,
2021-03-11 14:01:19.420,1,0.5437193272960823,499.4638843760311,0.0,
2021-03-11 14:01:19.430,1,0.4623923709265677,500.616007141063,0.0,
2021-03-11 14:01:19.440,1,0.4078142808630886,504.6562718992704,0.0,
2021-03-11 14:01:19.450,1,0.549905070180561,503.48560727262947,0.0,
2021-03-11 14:01:19.460,1,0.4067037785741944,503.16936941355607,0.0,
2021-03-11 14:01:19.470,1,0.4110172525478868,502.17341772340944,0.0,
2021-03-11 14:01:19.480,1,0.4027479104487732,503.1437915373888,0.0,
2021-03-11 14:01:19.490,1,0.5444928569227531,508.15299874986994,0.0,
2021-03-11 14:01:19.500,1,0.5784719744059978,503.7360429545867,0.0,
2021-03-11 14:01:19.510,1,0.4396027754600537,501.4669557466465,0.0,
2021-03-11 14:01:19.520,1,0.4178811112087433,501.77867552282,0.0,
2021-03-11 14:01:19.530,1,0.4411829338013918,500.8392082908666,0.0,
2021-03-11 14:01:19.540,1,0.5018990695780968,502.14318294299727,0.0,
2021-03-11 14:01:19.550,1,0.5202469622502457,499.95737025905936,0.0,
2021-03-11 14:01:19.560,1,0.4272538046712891,505.58433332833,0.0,
2021-03-11 14:01:19.570,1,0.462596706093173,501.7728585266116,0.0,
2021-03-11 14:01:19.580,1,0.5621491971106384,506.90056175302163,0.0,
2021-03-11 14:01:19.590,1,0.6100126866800206,502.837576752128,0.0,
2021-03-11 14:01:19.600,1,0.5177596554580387,500.8659218468834,0.0,
2021-03-11 14:01:19.610,1,0.4869958167621366,500.77169946665657,0.0,
2021-03-11 14:01:19.620,1,0.516566296685353,501.3389167153138,0.0,
2021-03-11 14:01:19.630,1,0.5840555044359284,500.47799350156686,0.0,
2021-03-11 14:01:19.640,1,0.5754812299195751,501.6392291083872,0.0,
2021-03-11 14:01:19.650,1,0.5632650796217563,504.195199272981,0.0,
2021-03-11 14:01:19.660,1,0.4724312572107884,501.8573587294878,0.0,
2021-03-11 14:01:19.670,1,0.4167289566559821,501.2345284742778,0.0,
2021-03-11 14:01:19.680,1,0.4322453735178698,500.9462862350357,0.0,
2021-03-11 14:01:19.690,1,0.5331461309725007,498.00382197407976,0.0,
2021-03-11 14:01:19.700,1,0.4749770471476718,499.96826590486563,0.0,
2021-03-11 14:01:19.710,1,0.5404341387713503,498.7297100507768,0.0,
2021-03-11 14:01:19.720,1,0.5503556284860514,498.06754717964316,0.0,
2021-03-11 14:01:19.730,1,0.6051691664723171,494.5348808904857,0.0,
2021-03-11 14:01:19.740,1,0.5243696741623151,498.4549460275963,0.0,
2021-03-11 14:01:19.750,1,0.5642482163553149,494.54609451580393,0.0,
2021-03-11 14:01:19.760,1,0.5333875843839613,493.8048870529692,0.0,
2021-03-11 14:01:19.770,1,0.4206541157806273,495.5282204937056,0.0,
2021-03-11 14:01:19.780,1,0.4928820443464686,492.82112579750975,0.0,
2021-03-11 14:01:19.790,1,0.59268454905678,492.7760516624663,0.0,
2021-03-11 14:01:19.800,1,0.5167866014636628,493.52348217965454,0.0,
2021-03-11 14:01:19.810,1,0.5209762620623649,487.2023399561261,0.0,
2021-03-11 14:01:19.820,1,0.408509873036137,494.8248653750109,0.0,
2021-03-11 14:01:19.830,1,0.5300698654873219,491.7439967367641,0.0,
2021-03-11 14:01:19.840,1,0.5623354338326766,489.982657594078,0.0,
2021-03-11 14:01:19.850,1,0.406692166257992,486.6872559586509,0.0,
2021-03-11 14:01:19.860,1,0.5220284085549585,490.15605166216255,0.0,
2021-03-11 14:01:19.870,1,0.3956599912725669,487.47815226929697,0.0,
2021-03-11 14:01:19.880,1,0.5488184368994925,495.6299686766584,0.0,
2021-03-11 14:01:19.890,1,0.5303701277098283,489.2918466022001,0.0,
2021-03-11 14:01:19.900,1,0.5072030568765814,488.3499057281618,0.0,
2021-03-11 14:01:19.910,1,0.425517778696204,488.3222083699538,0.0,
2021-03-11 14:01:19.920,1,0.5197312629760094,491.1362412176923,0.0,
2021-03-11 14:01:19.930,1,0.4435329496682633,491.081587093362,0.0,
2021-03-11 14:01:19.940,1,0.3665777949230204,495.5579961023301,0.0,
2021-03-11 14:01:19.950,1,0.4104698005607338,487.6351410338669,0.0,
2021-03-11 14:01:19.960,1,0.4485788907214941,490.8239309887159,0.0,
2021-03-11 14:01:19.970,1,0.5004925972932879,489.1177404644484,0.0,
2021-03-11 14:01:19.980,1,0.3699116156169343,491.7820574949175,0.0,
2021-03-11 14:01:19.990,1,0.4566699707924279,496.7111107624649,0.0,
2021-03-11 14:01:20.000,1,0.4751363823492504,491.64676313057544,0.0,
2021-03-11 14:01:20.010,1,0.4437724580648298,487.7448695263093,0.0,
2021-03-11 14:01:20.020,1,0.4097172762194588,489.76334968458036,0.0,
2021-03-11 14:01:20.030,1,0.4024933643255316,495.87335880344847,0.0,
2021-03-11 14:01:20.040,1,0.4058059811380737,490.20158832407935,0.0,
2021-03-11 14:01:20.050,1,0.3711452874666141,494.07751431534575,0.0,
2021-03-11 14:01:20.060,1,0.4127647920838193,496.8647014921882,0.0,
2021-03-11 14:01:20.070,1,0.4519491302341671,490.1748811571569,0.0,
2021-03-11 14:01:20.080,1,0.3744115102022388,497.95093210653664,0.0,
2021-03-11 14:01:20.090,1,0.3615161302501454,490.47437909563337,0.0,
2021-03-11 14:01:20.100,1,0.3780889386752816,489.4428784968235,0.0,
2021-03-11 14:01:20.110,1,0.4868015509966567,495.7407868594212,0.0,
2021-03-11 14:01:20.120,1,0.4886843554518803,497.03773194959984,0.0,
2021-03-11 14:01:20.130,1,0.4328097174291625,495.2710093049235,0.0,
2021-03-11 14:01:20.140,1,0.3821845449144634,495.80751730665565,0.0,
2021-03-11 14:01:20.150,1,0.4720122244274128,492.909857744403,0.0,
2021-03-11 14:01:20.160,1,0.4080908621028613,492.07800921962126,0.0,
2021-03-11 14:01:20.170,1,0.3268274648547304,492.06981270900116,0.0,
2021-03-11 14:01:20.180,1,0.3564283623484419,497.9917480383498,0.0,
2021-03-11 14:01:20.190,1,0.4297320547079793,494.1536657441585,0.0,
2021-03-11 14:01:20.200,1,0.4163078731696065,499.0817777996856,0.0,
2021-03-11 14:01:20.210,1,0.4088985450516194,492.08909919188307,0.0,
2021-03-11 14:01:20.220,1,0.4047879794710133,493.98356450294375,0.0,
2021-03-11 14:01:20.230,1,0.3380646087733781,489.2848147289084,0.0,
2021-03-11 14:01:20.240,1,0.4656917586750052,496.59754759224455,0.0,
2021-03-11 14:01:20.250,1,0.3654205370531871,496.4185602905503,0.0,
2021-03-11 14:01:20.260,1,0.3822741569583989,493.35020144458383,0.0,
2021-03-11 14:01:20.270,1,0.3737751097053208,495.2281960671757,0.0,
2021-03-11 14:01:20.280,1,0.4672554764756711,498.0147636774018,0.0,
2021-03-11 14:01:20.290,1,0.4776803157139033,495.40147844641365,0.0,
2021-03-11 14:01:20.300,1,0.3883537388377281,490.3479866182199,0.0,
2021-03-11 14:01:20.310,1,0.4077580942138955,495.06744124752083,0.0,
2021-03-11 14:01:20.320,1,0.4514445506463604,491.16946650900803,0.0,
2021-03-11 14:01:20.330,1,0.4444202596517688,493.8328014419306,0.0,
2021-03-11 14:01:20.340,1,0.3816867353118472,491.6424617991203,0.0,
2021-03-11 14:01:20.350,1,0.454201323681933,492.9086349462565,0.0,
2021-03-11 14:01:20.360,1,0.4642260446608647,492.0628859154122,0.0,
2021-03-11 14:01:20.370,1,0.4673079646627612,494.31675834025657,0.0,
2021-03-11 14:01:20.380,1,0.3862977715491049,490.50789144820055,0.0,
2021-03-11 14:01:20.390,1,0.4297323432908051,492.802172148358,0.0,
2021-03-11 14:01:20.400,1,0.4184219697501147,491.1942146027191,0.0,
2021-03-11 14:01:20.410,1,0.4209528589869348,489.3264487413706,0.0,
2021-03-11 14:01:20.420,1,0.510301030775705,487.4847421374875,0.0,
2021-03-11 14:01:20.430,1,0.4674384344869039,487.8701169650407,0.0,
2021-03-11 14:01:20.440,1,0.3504701128275834,490.0870473884597,0.0,
2021-03-11 14:01:20.450,1,0.4617800574782297,492.99782506969854,0.0,
2021-03-11 14:01:20.460,1,0.3594337209518166,487.01420581335486,0.0,
2021-03-11 14:01:20.470,1,0.3738201574821326,490.42236033556884,0.0,
2021-03-11 14:01:20.480,1,0.4396693804819458,485.10954772099336,0.0,
2021-03-11 14:01:20.490,1,0.4905397739908752,484.3184327388265,0.0,
2021-03-11 14:01:20.500,1,0.5032886112298267,482.83976442976615,0.0,
2021-03-11 14:01:20.510,1,0.5011246161498975,488.6310118415848,0.0,
2021-03-11 14:01:20.520,1,0.4898097958387278,487.028998505744,0.0,
2021-03-11 14:01:20.530,1,0.363781432525035,486.8808581056107,0.0,
2021-03-11 14:01:20.540,1,0.3645536746592856,483.7263750910338,0.0,
2021-03-11 14:01:20.550,1,0.4608774288463554,480.93380594981807,0.0,
2021-03-11 14:01:20.560,1,0.3892012284718255,485.8207065682441,0.0,
2021-03-11 14:01:20.570,1,0.3880336761690841,486.4349751525618,0.0,
2021-03-11 14:01:20.580,1,0.5001551685007201,487.145339909862,0.0,
2021-03-11 14:01:20.590,1,0.5122793355341765,484.77248920548163,0.0,
2021-03-11 14:01:20.600,1,0.4793360376714755,486.63879270566827,0.0,
2021-03-11 14:01:20.610,1,0.3637976091253818,485.98538996186767,0.0,
2021-03-11 14:01:20.620,1,0.4402503337402508,481.80366678340897,0.0,
2021-03-11 14:01:20.630,1,0.4209559909501771,482.30710514500464,0.0,
2021-03-11 14:01:20.640,1,0.406070577464692,486.28965854577535,0.0,
2021-03-11 14:01:20.650,1,0.3954273308813298,483.77057169319033,0.0,
2021-03-11 14:01:20.660,1,0.4256792157117598,483.92925317260836,0.0,
2021-03-11 14:01:20.670,1,0.3795588234774867,488.3392685429065,0.0,
2021-03-11 14:01:20.680,1,0.3761254792583073,486.04821389210036,0.0,
2021-03-11 14:01:20.690,1,0.4027521452570854,486.2232901576786,0.0,
2021-03-11 14:01:20.700,1,0.4958751691866103,490.4910565707601,0.0,
2021-03-11 14:01:20.710,1,0.3467331743936524,487.00739672471184,0.0,
2021-03-11 14:01:20.720,1,0.3410640586944596,486.90836520064215,0.0,
2021-03-11 14:01:20.730,1,0.4176975933660193,490.7185815572578,0.0,
2021-03-11 14:01:20.740,1,0.4337489695255346,488.49538016279297,0.0,
2021-03-11 14:01:20.750,1,0.3364358862250024,490.7215353149884,0.0,
2021-03-11 14:01:20.760,1,0.3330535885495461,492.9503027068538,0.0,
2021-03-11 14:01:20.770,1,0.39612749051080304,492.60043523869217,0.0,
2021-03-11 14:01:20.780,1,0.4769179676207204,491.56289052622594,0.0,
2021-03-11 14:01:20.790,1,0.4482668979376616,495.52299634325345,0.0,
2021-03-11 14:01:20.800,1,0.4392408193366315,495.85527575140884,0.0,
2021-03-11 14:01:20.810,1,0.3542986927980265,494.64824105796464,0.0,
2021-03-11 14:01:20.820,1,0.4196031565240952,493.94583786611037,0.0,
2021-03-11 14:01:20.830,1,0.396316015975198,491.7181538167168,0.0,
2021-03-11 14:01:20.840,1,0.3414565334718694,496.0954580813768,0.0,
2021-03-11 14:01:20.850,1,0.4231756645428181,494.6605623524848,0.0,
2021-03-11 14:01:20.860,1,0.4198289059984965,495.425681145598,0.0,
2021-03-11 14:01:20.870,1,0.3978953823539466,498.2296763484993,0.0,
2021-03-11 14:01:20.880,1,0.4339989802722931,498.4868652568187,0.0,
2021-03-11 14:01:20.890,1,0.3694666211542438,495.6518900822225,0.0,
2021-03-11 14:01:20.900,1,0.38619524038211,497.562170734421,0.0,
2021-03-11 14:01:20.910,1,0.3058227798905058,498.6664222025654,0.0,
2021-03-11 14:01:20.920,1,0.3258459631310002,498.9165244322142,0.0,
2021-03-11 14:01:20.930,1,0.3090219881433328,498.9280331968063,0.0,
2021-03-11 14:01:20.940,1,0.3910157775232955,498.99832887627366,0.0,
2021-03-11 14:01:20.950,1,0.3832584964208501,498.07622501807236,0.0,
2021-03-11 14:01:20.960,1,0.3953338018562465,497.0054465651402,0.0,
2021-03-11 14:01:20.970,1,0.35516559348048204,495.5816839681535,0.0,
2021-03-11 14:01:20.980,1,0.4200097458893685,498.17553963719087,0.0,
2021-03-11 14:01:20.990,1,0.418505979920506,498.9293903233398,0.0,
2021-03-11 14:01:21.000,1,0.2791180685848115,500.22680443291466,0.0,
2021-03-11 14:01:21.010,1,0.2851362542427726,498.27220727031164,0.0,
2021-03-11 14:01:21.020,1,0.3827294765588622,494.3647532512168,0.0,
2021-03-11 14:01:21.030,1,0.2917425415682896,496.4751263650956,0.0,
2021-03-11 14:01:21.040,1,0.2893567084071798,496.57885815531364,0.0,
2021-03-11 14:01:21.050,1,0.2744281789757057,495.1642503295682,0.0,
2021-03-11 14:01:21.060,1,0.3658721229734604,494.8663720395328,0.0,
2021-03-11 14:01:21.070,1,0.3511820050642328,498.22670615963165,0.0,
2021-03-11 14:01:21.080,1,0.2863114723271855,487.54339801703077,0.0,
2021-03-11 14:01:21.090,1,0.3604645704049604,494.8755896964777,0.0,
2021-03-11 14:01:21.100,1,0.2811768826990108,495.76276413642853,0.0,
2021-03-11 14:01:21.110,1,0.3834317549714329,495.2891052283583,0.0,
2021-03-11 14:01:21.120,1,0.3669865402953983,496.02783730034963,0.0,
2021-03-11 14:01:21.130,1,0.2738585733335381,494.18807258753225,0.0,
2021-03-11 14:01:21.140,1,0.3174950539858535,493.23401201607527,0.0,
2021-03-11 14:01:21.150,1,0.271403146919016,489.88212101623395,0.0,
2021-03-11 14:01:21.160,1,0.3757871673507021,491.07903410442816,0.0,
2021-03-11 14:01:21.170,1,0.3261061796080052,490.75349624499887,0.0,
2021-03-11 14:01:21.180,1,0.3506660036828935,492.8371868462828,0.0,
2021-03-11 14:01:21.190,1,0.2732176867262592,488.9773793218489,0.0,
2021-03-11 14:01:21.200,1,0.2613855589055773,492.5201233452397,0.0,
2021-03-11 14:01:21.210,1,0.3668104962422942,490.263287163256,0.0,
2021-03-11 14:01:21.220,1,0.3218426053644159,495.2016906457274,0.0,
2021-03-11 14:01:21.230,1,0.3836931280423922,488.9603925975223,0.0,
2021-03-11 14:01:21.240,1,0.2780154500928569,491.1527687582875,0.0,
2021-03-11 14:01:21.250,1,0.2597044480493226,488.71391199111605,0.0,
2021-03-11 14:01:21.260,1,0.3495506758648251,493.50052081666814,0.0,
2021-03-11 14:01:21.270,1,0.3450003098566833,489.0340135188949,0.0,
2021-03-11 14:01:21.280,1,0.3637488344211777,488.92708175798094,0.0,
2021-03-11 14:01:21.290,1,0.3804017629440237,490.2005577891345,0.0,
2021-03-11 14:01:21.300,1,0.3020856448939015,492.0141646407666,0.0,
2021-03-11 14:01:21.310,1,0.3322750031078907,491.4765741787648,0.0,
2021-03-11 14:01:21.320,1,0.2761320181386536,491.7802392670178,0.0,
2021-03-11 14:01:21.330,1,0.2744689334919954,493.4760605636397,0.0,
2021-03-11 14:01:21.340,1,0.3967035419844666,499.1834725895591,0.0,
2021-03-11 14:01:21.350,1,0.3484775735869511,494.9348495538507,0.0,
2021-03-11 14:01:21.360,1,0.30882681878158896,492.5222606213095,0.0,
2021-03-11 14:01:21.370,1,0.3238356432070102,493.18514129160377,0.0,
2021-03-11 14:01:21.380,1,0.3891538640011561,493.7574551900389,0.0,
2021-03-11 14:01:21.390,1,0.3414368592480712,492.5851632634166,0.0,
2021-03-11 14:01:21.400,1,0.4204989525004332,492.9346032727515,0.0,
2021-03-11 14:01:21.410,1,0.3095353546807368,497.46562873332044,0.0,
2021-03-11 14:01:21.420,1,0.3627189530220699,493.33284651117134,0.0,
2021-03-11 14:01:21.430,1,0.4017877402878518,493.2103144619817,0.0,
2021-03-11 14:01:21.440,1,0.3504472132971379,492.1333204876627,0.0,
2021-03-11 14:01:21.450,1,0.3481570565104868,497.38771266050287,0.0,
2021-03-11 14:01:21.460,1,0.3771609361523756,496.63130698205435,0.0,
2021-03-11 14:01:21.470,1,0.4120154707593244,493.7075612638178,0.0,
2021-03-11 14:01:21.480,1,0.4070523410092006,497.7236572722678,0.0,
2021-03-11 14:01:21.490,1,0.3457101139183519,496.619545323092,0.0,
2021-03-11 14:01:21.500,1,0.3714808074596589,495.69554293652567,0.0,
2021-03-11 14:01:21.510,1,0.3892932262649025,497.82879186978056,0.0,
2021-03-11 14:01:21.520,1,0.4187203743175322,498.67162820353514,0.0,
2021-03-11 14:01:21.530,1,0.3648715077309277,497.9292040676688,0.0,
2021-03-11 14:01:21.540,1,0.3323770092971716,499.8889803897676,0.0,
2021-03-11 14:01:21.550,1,0.3616496265559854,495.35552481525065,0.0,
2021-03-11 14:01:21.560,1,0.4432738478776782,498.3344008643056,0.0,
2021-03-11 14:01:21.570,1,0.4074551958732541,500.53187683773837,0.0,
2021-03-11 14:01:21.580,1,0.4486104440067728,495.1357079981461,0.0,
2021-03-11 14:01:21.590,1,0.3486781133817622,494.3507019586534,0.0,
2021-03-11 14:01:21.600,1,0.3889646625859027,500.1400166325912,0.0,
2021-03-11 14:01:21.610,1,0.3359331588791302,493.20708521135066,0.0,
2021-03-11 14:01:21.620,1,0.3327251601140174,495.1405243537465,0.0,
2021-03-11 14:01:21.630,1,0.3633707851455202,494.6484536174232,0.0,
2021-03-11 14:01:21.640,1,0.3381506217366357,494.2527883800781,0.0,
2021-03-11 14:01:21.650,1,0.3717210426911696,499.95005829320917,0.0,
2021-03-11 14:01:21.660,1,0.4208871164286236,494.86820017425276,0.0,
2021-03-11 14:01:21.670,1,0.3665202261089664,497.1194004125664,0.0,
2021-03-11 14:01:21.680,1,0.4560031485042458,498.5473270828422,0.0,
2021-03-11 14:01:21.690,1,0.3486633840499455,495.5474332698709,0.0,
2021-03-11 14:01:21.700,1,0.4048116006436967,495.3562418706438,0.0,
2021-03-11 14:01:21.710,1,0.3246262215419602,489.6749640334777,0.0,
2021-03-11 14:01:21.720,1,0.4433967421032452,491.7755975935359,0.0,
2021-03-11 14:01:21.730,1,0.3339720558690685,493.0081975329664,0.0,
2021-03-11 14:01:21.740,1,0.4336039643559369,494.32001271072784,0.0,
2021-03-11 14:01:21.750,1,0.4284859138767635,487.5433143526682,0.0,
2021-03-11 14:01:21.760,1,0.3851176314310382,492.1288156347354,0.0,
2021-03-11 14:01:21.770,1,0.3421319802097469,489.64854486231246,0.0,
2021-03-11 14:01:21.780,1,0.4362505024221894,486.13415442166604,0.0,
2021-03-11 14:01:21.790,1,0.4052775606874287,489.3446750648847,0.0,
2021-03-11 14:01:21.800,1,0.4644793519087308,488.1793970346485,0.0,
2021-03-11 14:01:21.810,1,0.4188281167689411,492.0027982893933,0.0,
2021-03-11 14:01:21.820,1,0.4305549464612999,484.7371205152768,0.0,
2021-03-11 14:01:21.830,1,0.4162162636230496,485.3471025731257,0.0,
2021-03-11 14:01:21.840,1,0.4049470485773845,486.3016179327636,0.0,
2021-03-11 14:01:21.850,1,0.3732425913716779,484.951091728446,0.0,
2021-03-11 14:01:21.860,1,0.3664162271142565,483.528375462665,0.0,
2021-03-11 14:01:21.870,1,0.3550212131892116,484.21204379662163,0.0,
2021-03-11 14:01:21.880,1,0.3823992305275029,484.1520234498436,0.0,
2021-03-11 14:01:21.890,1,0.3603993229715271,485.0584938970563,0.0,
2021-03-11 14:01:21.900,1,0.4434565176288577,479.4758852739634,0.0,
2021-03-11 14:01:21.910,1,0.4163704573439716,481.2414350031002,0.0,
2021-03-11 14:01:21.920,1,0.3618124851027744,478.0986024421518,0.0,
2021-03-11 14:01:21.930,1,0.3251718531841587,483.64747410693747,0.0,
2021-03-11 14:01:21.940,1,0.3505416771791908,474.0573915705384,0.0,
2021-03-11 14:01:21.950,1,0.4119625863936051,480.82430739978105,0.0,
2021-03-11 14:01:21.960,1,0.3262223276006826,482.24887699881486,0.0,
2021-03-11 14:01:21.970,1,0.3741875931253746,481.25913720928,0.0,
2021-03-11 14:01:21.980,1,0.3709266842452501,483.876512347639,0.0,
2021-03-11 14:01:21.990,1,0.3948865603342125,480.8445122087674,0.0,
2021-03-11 14:01:22.000,1,0.382650598215776,481.1590711269745,0.0,
2021-03-11 14:01:22.010,1,0.3149727804150523,479.6174382982444,0.0,
2021-03-11 14:01:22.020,1,0.3306755257704216,479.8093759781514,0.0,
2021-03-11 14:01:22.030,1,0.406857983362014,479.1182485318298,0.0,
2021-03-11 14:01:22.040,1,0.3165884010464738,479.0617770476417,0.0,
2021-03-11 14:01:22.050,1,0.3331368673661251,478.2764716138485,0.0,
2021-03-11 14:01:22.060,1,0.33674727904087104,481.49282416941145,0.0,
2021-03-11 14:01:22.070,1,0.3823067881216173,484.0623499845268,0.0,
2021-03-11 14:01:22.080,1,0.2970068832040062,479.9345522554754,0.0,
2021-03-11 14:01:22.090,1,0.2963678900728523,482.9414364109563,0.0,
2021-03-11 14:01:22.100,1,0.3071685970609011,485.8405124660051,0.0,
2021-03-11 14:01:22.110,1,0.3280414168310773,479.1038260491107,0.0,
2021-03-11 14:01:22.120,1,0.2717581016788745,481.19633625262185,0.0,
2021-03-11 14:01:22.130,1,0.3583459957547669,480.3686131045153,0.0,
2021-03-11 14:01:22.140,1,0.3892811642603578,480.9340169133142,0.0,
2021-03-11 14:01:22.150,1,0.3108406902876641,483.1687158805007,0.0,
2021-03-11 14:01:22.160,1,0.2708223329695484,483.7058630365077,0.0,
2021-03-11 14:01:22.170,1,0.3747206253468425,484.1004604984461,0.0,
2021-03-11 14:01:22.180,1,0.3449790408882008,485.9480525106521,0.0,
2021-03-11 14:01:22.190,1,0.2914469368287277,485.8667439354205,0.0,
2021-03-11 14:01:22.200,1,0.301996669999258,479.86073704410757,0.0,
2021-03-11 14:01:22.210,1,0.3864301638877151,484.85121494659205,0.0,
2021-03-11 14:01:22.220,1,0.4069749109205326,484.4870232877698,0.0,
2021-03-11 14:01:22.230,1,0.3246100428535224,482.8624161184858,0.0,
2021-03-11 14:01:22.240,1,0.3541584776071143,481.63068405440816,0.0,
2021-03-11 14:01:22.250,1,0.3488982046827673,485.1451620505173,0.0,
2021-03-11 14:01:22.260,1,0.3799350215492638,488.86647356126883,0.0,
2021-03-11 14:01:22.270,1,0.2920581359363281,484.20094400316236,0.0,
2021-03-11 14:01:22.280,1,0.4202690105210249,481.4006743744443,0.0,
2021-03-11 14:01:22.290,1,0.2889293596088825,486.0380912308622,0.0,
2021-03-11 14:01:22.300,1,0.3790837256013715,484.17582070589873,0.0,
2021-03-11 14:01:22.310,1,0.3756801388038741,481.7531916858769,0.0,
2021-03-11 14:01:22.320,1,0.3908400879694176,481.38653540207946,0.0,
2021-03-11 14:01:22.330,1,0.3344432650483518,481.482253706114,0.0,
2021-03-11 14:01:22.340,1,0.4025138738630019,481.17849976995774,0.0,
2021-03-11 14:01:22.350,1,0.4256763265252383,479.7289760584112,0.0,
2021-03-11 14:01:22.360,1,0.4014413587380462,480.60999502312876,0.0,
2021-03-11 14:01:22.370,1,0.3166861929536566,482.2918136238482,0.0,
2021-03-11 14:01:22.380,1,0.3963716424903963,480.77960991648325,0.0,
2021-03-11 14:01:22.390,1,0.4350828969048507,478.2044914613466,0.0,
2021-03-11 14:01:22.400,1,0.4554894332834882,484.7646908408954,0.0,
2021-03-11 14:01:22.410,1,0.4343843455276453,479.9183483227777,0.0,
2021-03-11 14:01:22.420,1,0.3864118524141711,480.2522827702857,0.0,
2021-03-11 14:01:22.430,1,0.3913988673349716,478.0202232075018,0.0,
2021-03-11 14:01:22.440,1,0.3581480112481251,481.8137641538736,0.0,
2021-03-11 14:01:22.450,1,0.3292713478099659,481.5511894742544,0.0,
2021-03-11 14:01:22.460,1,0.4298045122994229,473.0321745127692,0.0,
2021-03-11 14:01:22.470,1,0.4424552566261596,478.97616934781433,0.0,
2021-03-11 14:01:22.480,1,0.4641813412831827,476.91468478033937,0.0,
2021-03-11 14:01:22.490,1,0.4352449178361214,470.75224207386117,0.0,
2021-03-11 14:01:22.500,1,0.3538608228923087,479.3140297650882,0.0,
2021-03-11 14:01:22.510,1,0.4031470754482458,475.2265927209662,0.0,
2021-03-11 14:01:22.520,1,0.4384277764866087,473.47687483486436,0.0,
2021-03-11 14:01:22.530,1,0.3502234261847016,474.4640243848099,0.0,
2021-03-11 14:01:22.540,1,0.4469164217168255,473.67429901536696,0.0,
2021-03-11 14:01:22.550,1,0.3751487429405351,476.40749748843217,0.0,
2021-03-11 14:01:22.560,1,0.3804585422970332,466.4155995833677,0.0,
2021-03-11 14:01:22.570,1,0.4160038448261609,468.0267783358959,0.0,
2021-03-11 14:01:22.580,1,0.4500728602442009,475.2642010265867,0.0,
2021-03-11 14:01:22.590,1,0.4888207408209694,469.3460043769262,0.0,
2021-03-11 14:01:22.600,1,0.4593703782842157,468.29931167048693,0.0,
2021-03-11 14:01:22.610,1,0.4666843387672595,470.47327493201857,0.0,
2021-03-11 14:01:22.620,1,0.4786320085887171,472.92421579661385,0.0,
2021-03-11 14:01:22.630,1,0.4649507162558283,467.8567406425341,0.0,
2021-03-11 14:01:22.640,1,0.4106435942064638,477.25930382363885,0.0,
2021-03-11 14:01:22.650,1,0.4347419831493229,474.1505559438167,0.0,
2021-03-11 14:01:22.660,1,0.4944174901461071,475.1900388249487,0.0,
2021-03-11 14:01:22.670,1,0.400111307442497,471.4842502792097,0.0,
2021-03-11 14:01:22.680,1,0.3653243785686897,472.73485764332014,0.0,
2021-03-11 14:01:22.690,1,0.3377496445164422,474.86948519065584,0.0,
2021-03-11 14:01:22.700,1,0.4429509116284135,473.6183098665584,0.0,
2021-03-11 14:01:22.710,1,0.4540408193785689,474.70500971623625,0.0,
2021-03-11 14:01:22.720,1,0.4237049556918569,472.2941016788361,0.0,
2021-03-11 14:01:22.730,1,0.4060392307903499,475.10900597950064,0.0,
2021-03-11 14:01:22.740,1,0.4862928604243945,477.2161293722869,0.0,
2021-03-11 14:01:22.750,1,0.4161108399837636,471.7481759998553,0.0,
2021-03-11 14:01:22.760,1,0.4333318991526054,478.39317800632006,0.0,
2021-03-11 14:01:22.770,1,0.3866322229311291,481.25666056553183,0.0,
2021-03-11 14:01:22.780,1,0.3678627156697416,479.0892489562867,0.0,
2021-03-11 14:01:22.790,1,0.4255048388133886,477.5056738976229,0.0,
2021-03-11 14:01:22.800,1,0.3372923504057434,477.1504144183052,0.0,
2021-03-11 14:01:22.810,1,0.4717443551582436,476.7819254348993,0.0,
2021-03-11 14:01:22.820,1,0.3194025224572575,480.37471002293364,0.0,
2021-03-11 14:01:22.830,1,0.4366015557313101,486.3558689824695,0.0,
2021-03-11 14:01:22.840,1,0.3924454565065536,481.3805061047057,0.0,
2021-03-11 14:01:22.850,1,0.3405702519540862,486.4985675162512,0.0,
2021-03-11 14:01:22.860,1,0.3820466061471067,484.9251664463162,0.0,
2021-03-11 14:01:22.870,1,0.4491588960764239,477.451276799586,0.0,
2021-03-11 14:01:22.880,1,0.3950919751725327,482.96579903608017,0.0,
2021-03-11 14:01:22.890,1,0.4130491388197049,481.1562038892621,0.0,
2021-03-11 14:01:22.900,1,0.4327208178364704,485.1565747660653,0.0,
2021-03-11 14:01:22.910,1,0.4228180196385197,487.3075784483735,0.0,
2021-03-11 14:01:22.920,1,0.4262889609514839,486.60072733728,0.0,
2021-03-11 14:01:22.930,1,0.4208983995096904,484.4157774702072,0.0,
2021-03-11 14:01:22.940,1,0.2990257760206647,482.54566544610594,0.0,
2021-03-11 14:01:22.950,1,0.3564941357498113,486.78973031134836,0.0,
2021-03-11 14:01:22.960,1,0.403831517815374,482.9307916079856,0.0,
2021-03-11 14:01:22.970,1,0.3885169635738581,482.3141574142662,0.0,
2021-03-11 14:01:22.980,1,0.3723228011805537,487.4877476077436,0.0,
2021-03-11 14:01:22.990,1,0.3430032819274666,485.21992405351074,0.0,
2021-03-11 14:01:23.000,1,0.2884611597310124,487.3147579726643,0.0,
2021-03-11 14:01:23.010,1,0.3894226558440025,486.9979190453536,0.0,
2021-03-11 14:01:23.020,1,0.2933382055837695,482.79513903590106,0.0,
2021-03-11 14:01:23.030,1,0.3357767813549094,487.3013204886483,0.0,
2021-03-11 14:01:23.040,1,0.3665743964355403,484.52827411580085,0.0,
2021-03-11 14:01:23.050,1,0.3704341759861231,486.35149891758203,0.0,
2021-03-11 14:01:23.060,1,0.3569449532341143,488.35180699940776,0.0,
2021-03-11 14:01:23.070,1,0.2747867634511348,488.963774470024,0.0,
2021-03-11 14:01:23.080,1,0.3086642578230806,482.8426066001098,0.0,
2021-03-11 14:01:23.090,1,0.3542544370384143,487.6113282323181,0.0,
2021-03-11 14:01:23.100,1,0.2975990973754043,482.8977433501146,0.0,
2021-03-11 14:01:23.110,1,0.3822739804330103,483.1462064043173,0.0,
2021-03-11 14:01:23.120,1,0.2751488413206934,477.94947461465966,0.0,
2021-03-11 14:01:23.130,1,0.3737889160139661,482.54523328894976,0.0,
2021-03-11 14:01:23.140,1,0.3071153529934722,480.69419830966285,0.0,
2021-03-11 14:01:23.150,1,0.3806054118554884,479.3235934270214,0.0,
2021-03-11 14:01:23.160,1,0.2601398262245067,488.2582556678329,0.0,
2021-03-11 14:01:23.170,1,0.3650693444602168,483.00665208860715,0.0,
2021-03-11 14:01:23.180,1,0.3308679454026971,481.9776788108599,0.0,
2021-03-11 14:01:23.190,1,0.312797210675958,480.82121710462997,0.0,
2021-03-11 14:01:23.200,1,0.2668092148048679,482.6362434786396,0.0,
2021-03-11 14:01:23.210,1,0.2685763539182613,479.6717164030849,0.0,
2021-03-11 14:01:23.220,1,0.3522904975416522,478.3829863854632,0.0,
2021-03-11 14:01:23.230,1,0.3572673028126828,482.2434880852527,0.0,
2021-03-11 14:01:23.240,1,0.3871449675492112,484.3112334759906,0.0,
2021-03-11 14:01:23.250,1,0.3163844134475868,479.4803117575878,0.0,
2021-03-11 14:01:23.260,1,0.3573792405016122,483.5517982189092,0.0,
2021-03-11 14:01:23.270,1,0.3513134534894361,483.94105844543486,0.0,
2021-03-11 14:01:23.280,1,0.3404539334044894,482.69327224958084,0.0,
2021-03-11 14:01:23.290,1,0.3991989362280787,480.1074581932744,0.0,
2021-03-11 14:01:23.300,1,0.3890068368449669,480.39136046389433,0.0,
2021-03-11 14:01:23.310,1,0.3523419625564403,477.3625949921266,0.0,
2021-03-11 14:01:23.320,1,0.2863477240830466,479.14783279860796,0.0,
2021-03-11 14:01:23.330,1,0.3095491887134625,481.2943505394397,0.0,
2021-03-11 14:01:23.340,1,0.3348469315549642,482.6917610784809,0.0,
2021-03-11 14:01:23.350,1,0.3658809529416864,483.2237347814802,0.0,
2021-03-11 14:01:23.360,1,0.2861684746484936,488.1273789512806,0.0,
2021-03-11 14:01:23.370,1,0.4091190486191141,482.3294901199665,0.0,
2021-03-11 14:01:23.380,1,0.4019678304980181,481.1417898918808,0.0,
2021-03-11 14:01:23.390,1,0.38619889799583895,484.4296993347559,0.0,
2021-03-11 14:01:23.400,1,0.302807120032724,481.17141659821885,0.0,
2021-03-11 14:01:23.410,1,0.3468634530776897,483.6251477320349,0.0,
2021-03-11 14:01:23.420,1,0.4137950334611061,481.8149245742563,0.0,
2021-03-11 14:01:23.430,1,0.4025008399233739,488.0095623935047,0.0,
2021-03-11 14:01:23.440,1,0.4138034172325321,484.2011539945298,0.0,
2021-03-11 14:01:23.450,1,0.3175567757639232,485.6918958781632,0.0,
2021-03-11 14:01:23.460,1,0.4386576355955817,484.8266512947332,0.0,
2021-03-11 14:01:23.470,1,0.4079074978544254,485.52321093180313,0.0,
2021-03-11 14:01:23.480,1,0.43803371449755496,487.9729677832534,0.0,
2021-03-11 14:01:23.490,1,0.3330677049417859,483.38916458568633,0.0,
2021-03-11 14:01:23.500,1,0.3518843653756707,490.03142471034033,0.0,
2021-03-11 14:01:23.510,1,0.4342882766732946,484.2706247038169,0.0,
2021-03-11 14:01:23.520,1,0.3349070584355215,488.8165362585733,0.0,
2021-03-11 14:01:23.530,1,0.3112253156915951,488.6128245884637,0.0,
2021-03-11 14:01:23.540,1,0.3818805523433664,489.61389109337256,0.0,
2021-03-11 14:01:23.550,1,0.3707757176112111,493.9291277753995,0.0,
2021-03-11 14:01:23.560,1,0.3063060136772293,493.2584687681368,0.0,
2021-03-11 14:01:23.570,1,0.4223961061572794,490.4738799009215,0.0,
2021-03-11 14:01:23.580,1,0.3366847543571255,490.1188077661378,0.0,
2021-03-11 14:01:23.590,1,0.3474202581970825,496.0209241965815,0.0,
2021-03-11 14:01:23.600,1,0.406342726386152,491.0331326933652,0.0,
2021-03-11 14:01:23.610,1,0.3425526960661015,491.1735370600049,0.0,
2021-03-11 14:01:23.620,1,0.4508209901558487,491.30227939289216,0.0,
2021-03-11 14:01:23.630,1,0.3657126033057429,489.29974868397767,0.0,
2021-03-11 14:01:23.640,1,0.4058887401842287,492.1551997943607,0.0,
2021-03-11 14:01:23.650,1,0.4466732480510908,492.62803509652906,0.0,
2021-03-11 14:01:23.660,1,0.4353246953524551,486.5805033694797,0.0,
2021-03-11 14:01:23.670,1,0.4045920705181371,495.3636368159925,0.0,
2021-03-11 14:01:23.680,1,0.3508346964716044,492.2819796759722,0.0,
2021-03-11 14:01:23.690,1,0.3395523612430794,489.12658475587904,0.0,
2021-03-11 14:01:23.700,1,0.33947442650814,489.2119289112151,0.0,
2021-03-11 14:01:23.710,1,0.32008820715082603,485.08034312741654,0.0,
2021-03-11 14:01:23.720,1,0.3613502216315743,491.8626189014556,0.0,
2021-03-11 14:01:23.730,1,0.3427963968679326,486.65427233657545,0.0,
2021-03-11 14:01:23.740,1,0.4145400320270118,485.59353374008543,0.0,
2021-03-11 14:01:23.750,1,0.3387746332953581,489.0576569109516,0.0,
2021-03-11 14:01:23.760,1,0.3021506049262396,487.3739703573312,0.0,
2021-03-11 14:01:23.770,1,0.312689891383318,486.42030874208547,0.0,
2021-03-11 14:01:23.780,1,0.3590852218795016,485.804809224433,0.0,
2021-03-11 14:01:23.790,1,0.4352628026235678,488.66984193242735,0.0,
2021-03-11 14:01:23.800,1,0.3659422930658279,489.22348334596774,0.0,
2021-03-11 14:01:23.810,1,0.3202273637837583,491.5993138202355,0.0,
2021-03-11 14:01:23.820,1,0.3058676521607023,486.5833188504863,0.0,
2021-03-11 14:01:23.830,1,0.2883515569408498,488.14884294654206,0.0,
2021-03-11 14:01:23.840,1,0.3292975135637138,487.0283832984591,0.0,
2021-03-11 14:01:23.850,1,0.3035004346497308,478.52798885742,0.0,
2021-03-11 14:01:23.860,1,0.3317213909974043,481.9318211195063,0.0,
2021-03-11 14:01:23.870,1,0.3230918656569901,481.560815058068,0.0,
2021-03-11 14:01:23.880,1,0.3000737754265499,480.6156403315457,0.0,
2021-03-11 14:01:23.890,1,0.3828806581140824,479.66926486700515,0.0,
2021-03-11 14:01:23.900,1,0.3406999075621448,481.6863917343555,0.0,
2021-03-11 14:01:23.910,1,0.4131977036117889,484.0068566968068,0.0,
2021-03-11 14:01:23.920,1,0.4204512500477575,480.6567148044138,0.0,
2021-03-11 14:01:23.930,1,0.3425169088490717,479.05573241678144,0.0,
2021-03-11 14:01:23.940,1,0.3390356168732339,483.4013205199663,0.0,
2021-03-11 14:01:23.950,1,0.391559723834402,476.022079904313,0.0,
2021-03-11 14:01:23.960,1,0.3064579785016995,474.7208231090442,0.0,
2021-03-11 14:01:23.970,1,0.2731755178533152,476.0205956120812,0.0,
2021-03-11 14:01:23.980,1,0.299232460668422,479.778049062882,0.0,
2021-03-11 14:01:23.990,1,0.3984128013447636,477.1639188367933,0.0,
2021-03-11 14:01:24.000,1,0.3394776604475827,482.34141005247045,0.0,
2021-03-11 14:01:24.010,1,0.2675745608337946,481.14398794209166,0.0,
2021-03-11 14:01:24.020,1,0.2879000996071802,479.09979947540876,0.0,
2021-03-11 14:01:24.030,1,0.2987947213594675,478.50861522235977,0.0,
2021-03-11 14:01:24.040,1,0.3072461815134726,476.7646191724359,0.0,
2021-03-11 14:01:24.050,1,0.2816585683470984,480.6917693765853,0.0,
2021-03-11 14:01:24.060,1,0.3189513041971205,484.3809136127823,0.0,
2021-03-11 14:01:24.070,1,0.3857908787480101,477.80400727940076,0.0,
2021-03-11 14:01:24.080,1,0.267063552646552,478.4413476126725,0.0,
2021-03-11 14:01:24.090,1,0.2825053977780609,480.0777117876545,0.0,
2021-03-11 14:01:24.100,1,0.316394293953978,484.0003922382431,0.0,
2021-03-11 14:01:24.110,1,0.2935194252036095,478.1276566081157,0.0,
2021-03-11 14:01:24.120,1,0.317211304242835,485.1227855343078,0.0,
2021-03-11 14:01:24.130,1,0.3135268121666169,480.71795557895484,0.0,
2021-03-11 14:01:24.140,1,0.3086027095466486,485.8713714780894,0.0,
2021-03-11 14:01:24.150,1,0.264008682814677,483.6790775772805,0.0,
2021-03-11 14:01:24.160,1,0.3617871335236404,483.3863324469572,0.0,
2021-03-11 14:01:24.170,1,0.2807044935245743,480.0786784131436,0.0,
2021-03-11 14:01:24.180,1,0.3780584040865103,482.38289242841904,0.0,
2021-03-11 14:01:24.190,1,0.3019644248593645,485.5022011842202,0.0,
2021-03-11 14:01:24.200,1,0.3036036547705285,488.16022271573684,0.0,
2021-03-11 14:01:24.210,1,0.3568961764987724,480.85978979690833,0.0,
2021-03-11 14:01:24.220,1,0.3116798117420841,488.522787795576,0.0,
2021-03-11 14:01:24.230,1,0.3892764941104199,490.08409720745163,0.0,
2021-03-11 14:01:24.240,1,0.3520594958357923,485.23741045636876,0.0,
2021-03-11 14:01:24.250,1,0.3903187656628276,482.2686528047937,0.0,
2021-03-11 14:01:24.260,1,0.3521269139440592,484.98892155115766,0.0,
2021-03-11 14:01:24.270,1,0.4255297156033091,484.5491982407893,0.0,
2021-03-11 14:01:24.280,1,0.2872467647922404,482.50544851766807,0.0,
2021-03-11 14:01:24.290,1,0.3069917572082014,488.3578823963938,0.0,
2021-03-11 14:01:24.300,1,0.3192295524257022,486.81356897098055,0.0,
2021-03-11 14:01:24.310,1,0.3978905667557487,485.12532315803367,0.0,
2021-03-11 14:01:24.320,1,0.3116129996748722,485.20857373349196,0.0,
2021-03-11 14:01:24.330,1,0.3809694777996839,485.63175810739807,0.0,
2021-03-11 14:01:24.340,1,0.3217683411259576,483.7005311502373,0.0,
2021-03-11 14:01:24.350,1,0.3571585489736152,488.94839443318773,0.0,
2021-03-11 14:01:24.360,1,0.35712969021558,487.8275217948158,0.0,
2021-03-11 14:01:24.370,1,0.3702109315994284,489.6148082327577,0.0,
2021-03-11 14:01:24.380,1,0.4014271489241301,484.49733219229216,0.0,
2021-03-11 14:01:24.390,1,0.4275186127387344,485.4153748664083,0.0,
2021-03-11 14:01:24.400,1,0.4077759091397187,485.11987915017335,0.0,
2021-03-11 14:01:24.410,1,0.373782115436448,487.8679143271704,0.0,
2021-03-11 14:01:24.420,1,0.3398321806364481,488.95680262810913,0.0,
2021-03-11 14:01:24.430,1,0.4050293657025384,485.17183477125104,0.0,
2021-03-11 14:01:24.440,1,0.4142855843490465,487.12716959278237,0.0,
2021-03-11 14:01:24.450,1,0.3808409260445574,486.28296739344535,0.0,
2021-03-11 14:01:24.460,1,0.354162086607545,486.38968024232094,0.0,
2021-03-11 14:01:24.470,1,0.4393796144220936,483.6039537696297,0.0,
2021-03-11 14:01:24.480,1,0.4903661850744497,483.1969732189482,0.0,
2021-03-11 14:01:24.490,1,0.4060231627030971,482.93642581262566,0.0,
2021-03-11 14:01:24.500,1,0.5086838921287766,482.4222036501618,0.0,
2021-03-11 14:01:24.510,1,0.5103559244814484,485.06655956600486,0.0,
2021-03-11 14:01:24.520,1,0.4262591729035505,482.5550119677258,0.0,
2021-03-11 14:01:24.530,1,0.3731482011240843,479.47100321594695,0.0,
2021-03-11 14:01:24.540,1,0.4721124891039871,479.8714757615674,0.0,
2021-03-11 14:01:24.550,1,0.4012049078853493,478.9752575919857,0.0,
2021-03-11 14:01:24.560,1,0.4017485760652704,480.2231424283999,0.0,
2021-03-11 14:01:24.570,1,0.5052620347190183,473.9938575650322,0.0,
2021-03-11 14:01:24.580,1,0.3788224732283258,486.6064809242672,0.0,
2021-03-11 14:01:24.590,1,0.4261105081116669,480.1777100987616,0.0,
2021-03-11 14:01:24.600,1,0.4508255468599374,480.1885458385865,0.0,
2021-03-11 14:01:24.610,1,0.4097221410950759,482.7731014615968,0.0,
2021-03-11 14:01:24.620,1,0.5388337360294014,481.7063892849293,0.0,
2021-03-11 14:01:24.630,1,0.5666349116207364,479.47938320158266,0.0,
2021-03-11 14:01:24.640,1,0.4208294144256339,482.3823816951128,0.0,
2021-03-11 14:01:24.650,1,0.487362103219605,477.4121353464538,0.0,
2021-03-11 14:01:24.660,1,0.5467323645466462,481.37033665985876,0.0,
2021-03-11 14:01:24.670,1,0.4697839814643328,480.5795099441661,0.0,
2021-03-11 14:01:24.680,1,0.3913500912262947,481.1217476287227,0.0,
2021-03-11 14:01:24.690,1,0.4243399201681708,482.61790487057283,0.0,
2021-03-11 14:01:24.700,1,0.3934710701759463,481.7793756375698,0.0,
2021-03-11 14:01:24.710,1,0.4033009301618952,482.68621861189087,0.0,
2021-03-11 14:01:24.720,1,0.4467790677554151,480.43712589543946,0.0,
2021-03-11 14:01:24.730,1,0.3819789339523957,485.6229691080932,0.0,
2021-03-11 14:01:24.740,1,0.4552714414237181,481.514915635349,0.0,
2021-03-11 14:01:24.750,1,0.4447683372704167,486.3608985331957,0.0,
2021-03-11 14:01:24.760,1,0.4664251064557883,484.708656318339,0.0,
2021-03-11 14:01:24.770,1,0.4282719662810091,484.8181041941034,0.0,
2021-03-11 14:01:24.780,1,0.559669091417135,483.00227414051005,0.0,
2021-03-11 14:01:24.790,1,0.5655759923305592,489.29387155330994,0.0,
2021-03-11 14:01:24.800,1,0.5279132355883889,482.4542589017561,0.0,
2021-03-11 14:01:24.810,1,0.4841463489554176,490.4089039903973,0.0,
2021-03-11 14:01:24.820,1,0.4174547978853171,485.6228625714586,0.0,
2021-03-11 14:01:24.830,1,0.4717604088265951,489.69586826111504,0.0,
2021-03-11 14:01:24.840,1,0.3728652529163005,489.87190504563415,0.0,
2021-03-11 14:01:24.850,1,0.5597230344555763,491.93588953579246,0.0,
2021-03-11 14:01:24.860,1,0.4519539703724922,492.4351964717431,0.0,
2021-03-11 14:01:24.870,1,0.4826557902365815,488.78828102996033,0.0,
2021-03-11 14:01:24.880,1,0.4286117560287445,490.4553373512657,0.0,
2021-03-11 14:01:24.890,1,0.5335247130834395,494.1657825272948,0.0,
2021-03-11 14:01:24.900,1,0.5295381089845136,489.302279595524,0.0,
2021-03-11 14:01:24.910,1,0.4744891551154017,492.62652276417725,0.0,
2021-03-11 14:01:24.920,1,0.4390618813496474,495.2029656737024,0.0,
2021-03-11 14:01:24.930,1,0.4198201208395676,498.3374867916172,0.0,
2021-03-11 14:01:24.940,1,0.4773812637584855,491.8455253082879,0.0,
2021-03-11 14:01:24.950,1,0.4527359206590737,498.29435336550256,0.0,
2021-03-11 14:01:24.960,1,0.4864606799981732,493.9498073163946,0.0,
2021-03-11 14:01:24.970,1,0.4690085157060454,500.3996579718685,0.0,
2021-03-11 14:01:24.980,1,0.4104029595495918,494.5858897808085,0.0,
2021-03-11 14:01:24.990,1,0.4463618960436787,496.62075824187247,0.0,
2021-03-11 14:01:25.000,1,0.3708099969970732,500.2573911677788,0.0,
2021-03-11 14:01:25.010,1,0.5356366981191689,497.1293043227222,0.0,
2021-03-11 14:01:25.020,1,0.3670576741878353,495.8006900135228,0.0,
2021-03-11 14:01:25.030,1,0.4212632726666879,498.61483106535,0.0,
2021-03-11 14:01:25.040,1,0.5233762887374963,496.6708457457402,0.0,
2021-03-11 14:01:25.050,1,0.5078326466389461,500.360372498593,0.0,
2021-03-11 14:01:25.060,1,0.4388920044168189,500.1353538507034,0.0,
2021-03-11 14:01:25.070,1,0.3913126284226234,499.59693790269836,0.0,
2021-03-11 14:01:25.080,1,0.4564341200103198,504.3327671577951,0.0,
2021-03-11 14:01:25.090,1,0.3836985141957728,499.77842351248717,0.0,
2021-03-11 14:01:25.100,1,0.4200912509036134,501.74745816977236,0.0,
2021-03-11 14:01:25.110,1,0.4675340751754419,494.72896747241197,0.0,
2021-03-11 14:01:25.120,1,0.477099252230885,497.13457193184433,0.0,
2021-03-11 14:01:25.130,1,0.3742825216859873,497.6878512921621,0.0,
2021-03-11 14:01:25.140,1,0.3826434424283947,496.26408786455545,0.0,
2021-03-11 14:01:25.150,1,0.5167811930441435,493.63074928177747,0.0,
2021-03-11 14:01:25.160,1,0.365444431800169,497.41704168209196,0.0,
2021-03-11 14:01:25.170,1,0.4936822780240811,497.5589315293821,0.0,
2021-03-11 14:01:25.180,1,0.4286648417826985,496.43296737234726,0.0,
2021-03-11 14:01:25.190,1,0.4002257672368064,493.9566256315176,0.0,
2021-03-11 14:01:25.200,1,0.5438202209242957,495.5425621681604,0.0,
2021-03-11 14:01:25.210,1,0.5311884590356218,493.3466517032003,0.0,
2021-03-11 14:01:25.220,1,0.423545744618375,491.2178264211734,0.0,
2021-03-11 14:01:25.230,1,0.4111341614380342,493.70576457671206,0.0,
2021-03-11 14:01:25.240,1,0.42492366507553103,497.84832269272437,0.0,
2021-03-11 14:01:25.250,1,0.4524387135918692,501.57139094494596,0.0,
2021-03-11 14:01:25.260,1,0.4095702647944478,493.33380354228876,0.0,
2021-03-11 14:01:25.270,1,0.4143321666012142,492.73974434090746,0.0,
2021-03-11 14:01:25.280,1,0.5337737810442014,494.8587377649323,0.0,
2021-03-11 14:01:25.290,1,0.4521781771829654,494.9920989796334,0.0,
2021-03-11 14:01:25.300,1,0.5612106873039201,495.373764284833,0.0,
2021-03-11 14:01:25.310,1,0.5079673185600898,490.1824473845778,0.0,
2021-03-11 14:01:25.320,1,0.4988116046638172,496.70745693541323,0.0,
2021-03-11 14:01:25.330,1,0.454065942955705,491.96447249287763,0.0,
2021-03-11 14:01:25.340,1,0.5311680376920637,495.95742707000227,0.0,
2021-03-11 14:01:25.350,1,0.5922668977370266,495.31322551231176,0.0,
2021-03-11 14:01:25.360,1,0.4423780879740105,496.52445869806536,0.0,
2021-03-11 14:01:25.370,1,0.4908518142124169,494.088568324198,0.0,
2021-03-11 14:01:25.380,1,0.4918616797091705,495.1277537279153,0.0,
2021-03-11 14:01:25.390,1,0.5444808202494615,494.3464593917907,0.0,
2021-03-11 14:01:25.400,1,0.4362009736792158,494.0164508780028,0.0,
2021-03-11 14:01:25.410,1,0.4628747395574517,498.31457335961744,0.0,
2021-03-11 14:01:25.420,1,0.5045747659648833,496.71105893585167,0.0,
2021-03-11 14:01:25.430,1,0.5630457476050948,499.305311843781,0.0,
2021-03-11 14:01:25.440,1,0.5444473694020048,500.0255781088079,0.0,
2021-03-11 14:01:25.450,1,0.6121921423578071,495.829425961653,0.0,
2021-03-11 14:01:25.460,1,0.5975307577902681,500.6974080044577,0.0,
2021-03-11 14:01:25.470,1,0.5510028180579573,501.3151667336511,0.0,
2021-03-11 14:01:25.480,1,0.585631481119672,501.2510961107893,0.0,
2021-03-11 14:01:25.490,1,0.4987525488983305,499.7323154090754,0.0,
2021-03-11 14:01:25.500,1,0.4255989265671711,501.6439330377297,0.0,
2021-03-11 14:01:25.510,1,0.6189601981751629,499.08354055993516,0.0,
2021-03-11 14:01:25.520,1,0.5507817449102659,496.1064033188489,0.0,
2021-03-11 14:01:25.530,1,0.5160226659473308,502.0118862641031,0.0,
2021-03-11 14:01:25.540,1,0.4882308153830735,500.7488354008224,0.0,
2021-03-11 14:01:25.550,1,0.5964830600628381,503.44789475315866,0.0,
2021-03-11 14:01:25.560,1,0.5375669598117511,503.78303232058715,0.0,
2021-03-11 14:01:25.570,1,0.5530271084912064,504.52336032826594,0.0,
2021-03-11 14:01:25.580,1,0.5422770504958254,505.24234849590835,0.0,
2021-03-11 14:01:25.590,1,0.5469277564574642,503.77014019582896,0.0,
2021-03-11 14:01:25.600,1,0.469358640347175,504.1807849482877,0.0,
2021-03-11 14:01:25.610,1,0.4924911427691459,502.9924956950628,0.0,
2021-03-11 14:01:25.620,1,0.5164061048374544,507.3713977169142,0.0,
2021-03-11 14:01:25.630,1,0.5822451072885481,505.9897549367322,0.0,
2021-03-11 14:01:25.640,1,0.6377215282516456,503.42574069651255,0.0,
2021-03-11 14:01:25.650,1,0.4833301441307657,510.22207705645934,0.0,
2021-03-11 14:01:25.660,1,0.5542689304780031,506.88677212781766,0.0,
2021-03-11 14:01:25.670,1,0.4878163035030465,503.5663413666137,0.0,
2021-03-11 14:01:25.680,1,0.6264709189112717,501.9458708833384,0.0,
2021-03-11 14:01:25.690,1,0.4303889701221816,504.1843728341905,0.0,
2021-03-11 14:01:25.700,1,0.5978059148424731,508.2272433107392,0.0,
2021-03-11 14:01:25.710,1,0.45082790111763,505.485043660723,0.0,
2021-03-11 14:01:25.720,1,0.4950780045194494,497.8277807361753,0.0,
2021-03-11 14:01:25.730,1,0.4588838317466689,504.41172469599485,0.0,
2021-03-11 14:01:25.740,1,0.4427824970408914,505.64124354138056,0.0,
2021-03-11 14:01:25.750,1,0.5974451522926493,509.5862332692955,0.0,
2021-03-11 14:01:25.760,1,0.5214385175190972,501.7823449151469,0.0,
2021-03-11 14:01:25.770,1,0.626955178690099,505.6886934775573,0.0,
2021-03-11 14:01:25.780,1,0.4576445930352654,499.91018451461264,0.0,
2021-03-11 14:01:25.790,1,0.5554894336628444,499.4756655855233,0.0,
2021-03-11 14:01:25.800,1,0.4372048012588856,501.6159153118444,0.0,
2021-03-11 14:01:25.810,1,0.4339013851347966,502.5107491589928,0.0,
2021-03-11 14:01:25.820,1,0.5424129590251832,499.3353916986541,0.0,
2021-03-11 14:01:25.830,1,0.5660862921637563,504.59111542596565,0.0,
2021-03-11 14:01:25.840,1,0.4115165095003154,496.9493145471027,0.0,
2021-03-11 14:01:25.850,1,0.5327623225063421,501.4182874717137,0.0,
2021-03-11 14:01:25.860,1,0.5198066775103483,500.5116414852433,0.0,
2021-03-11 14:01:25.870,1,0.4574334169655488,496.4935991280239,0.0,
2021-03-11 14:01:25.880,1,0.4290971094061993,502.7333588190149,0.0,
2021-03-11 14:01:25.890,1,0.5140390062379171,500.8851889797461,0.0,
2021-03-11 14:01:25.900,1,0.4363347844543603,494.5573159375467,0.0,
2021-03-11 14:01:25.910,1,0.5163349643461198,495.8650100036243,0.0,
2021-03-11 14:01:25.920,1,0.5511026268200911,495.24259240147234,0.0,
2021-03-11 14:01:25.930,1,0.503377875166906,495.48204925345163,0.0,
2021-03-11 14:01:25.940,1,0.4591469055069466,495.7560967590477,0.0,
2021-03-11 14:01:25.950,1,0.4533684403582983,488.1987040069457,0.0,
2021-03-11 14:01:25.960,1,0.5254186723432572,492.05276966015845,0.0,
2021-03-11 14:01:25.970,1,0.4624192329581572,493.6397573100281,0.0,
2021-03-11 14:01:25.980,1,0.4634803768567071,492.1580702030667,0.0,
2021-03-11 14:01:25.990,1,0.43074597936954,495.9942161029178,0.0,
2021-03-11 14:01:26.000,1,0.3683982051759782,485.5031784543898,0.0,
2021-03-11 14:01:26.010,1,0.4553566422228775,488.97693981029283,0.0,
2021-03-11 14:01:26.020,1,0.5341071028832313,493.1450129798831,0.0,
2021-03-11 14:01:26.030,1,0.4700662109094017,494.08252001147207,0.0,
2021-03-11 14:01:26.040,1,0.487713242396762,495.7824902881037,0.0,
2021-03-11 14:01:26.050,1,0.3991777914709289,496.1822254399033,0.0,
2021-03-11 14:01:26.060,1,0.5192433183541733,494.3020858954402,0.0,
2021-03-11 14:01:26.070,1,0.4311341208259032,495.1385860678648,0.0,
2021-03-11 14:01:26.080,1,0.4771326264416951,493.60181944190424,0.0,
2021-03-11 14:01:26.090,1,0.5182661081509815,493.3433376668508,0.0,
2021-03-11 14:01:26.100,1,0.4406302874681071,493.52719146191106,0.0,
2021-03-11 14:01:26.110,1,0.4216297315374374,491.503887066074,0.0,
2021-03-11 14:01:26.120,1,0.5194651964283012,489.4673749645825,0.0,
2021-03-11 14:01:26.130,1,0.4349201979357003,494.91688985156685,0.0,
2021-03-11 14:01:26.140,1,0.4083963090133135,493.2684323760642,0.0,
2021-03-11 14:01:26.150,1,0.5059595241042584,491.60238554097015,0.0,
2021-03-11 14:01:26.160,1,0.4744032903483889,491.87577821720254,0.0,
2021-03-11 14:01:26.170,1,0.4394109160097993,498.96705596156335,0.0,
2021-03-11 14:01:26.180,1,0.4319079838101325,492.3714952812333,0.0,
2021-03-11 14:01:26.190,1,0.4535964379958994,499.6643095371535,0.0,
2021-03-11 14:01:26.200,1,0.42788266892441,499.6907415614341,0.0,
2021-03-11 14:01:26.210,1,0.3554559375109652,493.7658486022119,0.0,
2021-03-11 14:01:26.220,1,0.4745003507064241,496.54134715706635,0.0,
2021-03-11 14:01:26.230,1,0.3621249065363803,497.2166302918145,0.0,
2021-03-11 14:01:26.240,1,0.4635887005238915,497.496627549502,0.0,
2021-03-11 14:01:26.250,1,0.3795305382253858,495.8354479716088,0.0,
2021-03-11 14:01:26.260,1,0.4563047114532139,496.4645282750442,0.0,
2021-03-11 14:01:26.270,1,0.506893066298973,493.8917112521198,0.0,
2021-03-11 14:01:26.280,1,0.5101995637899952,499.3116702699187,0.0,
2021-03-11 14:01:26.290,1,0.3449250906692349,493.06677535351196,0.0,
2021-03-11 14:01:26.300,1,0.4840828673690774,501.8347008650555,0.0,
2021-03-11 14:01:26.310,1,0.4997643217299724,499.3371151770217,0.0,
2021-03-11 14:01:26.320,1,0.4138447470174705,500.85173290282603,0.0,
2021-03-11 14:01:26.330,1,0.5019290189281279,498.5005814305797,0.0,
2021-03-11 14:01:26.340,1,0.4987723581783068,501.2111994080088,0.0,
2021-03-11 14:01:26.350,1,0.4013245354896055,499.3615669322992,0.0,
2021-03-11 14:01:26.360,1,0.360632398845514,494.4879124955384,0.0,
2021-03-11 14:01:26.370,1,0.367923240284868,495.3638335338396,0.0,
2021-03-11 14:01:26.380,1,0.5294890696012148,499.10039156461,0.0,
2021-03-11 14:01:26.390,1,0.5305103500249011,497.2053613696805,0.0,
2021-03-11 14:01:26.400,1,0.41303799148667497,499.5576707424689,0.0,
2021-03-11 14:01:26.410,1,0.4609630744122834,495.2595667547188,0.0,
2021-03-11 14:01:26.420,1,0.5169933481579995,498.9421890407496,0.0,
2021-03-11 14:01:26.430,1,0.5130167199630606,498.5836025749089,0.0,
2021-03-11 14:01:26.440,1,0.3690274612592717,493.7770984416867,0.0,
2021-03-11 14:01:26.450,1,0.4306405040027097,495.9590875218547,0.0,
2021-03-11 14:01:26.460,1,0.3950441280580442,496.3376248072214,0.0,
2021-03-11 14:01:26.470,1,0.3709166539197802,495.5137292485919,0.0,
2021-03-11 14:01:26.480,1,0.4360882341186468,497.62834177232963,0.0,
2021-03-11 14:01:26.490,1,0.4517718660711504,494.46354270496437,0.0,
2021-03-11 14:01:26.500,1,0.4686778394373387,497.9387277966162,0.0,
2021-03-11 14:01:26.510,1,0.4046763255592407,494.0073080171337,0.0,
2021-03-11 14:01:26.520,1,0.528980415078377,493.0006987848098,0.0,
2021-03-11 14:01:26.530,1,0.5416656383924022,491.28721527347807,0.0,
2021-03-11 14:01:26.540,1,0.4239716412348744,491.2946899188181,0.0,
2021-03-11 14:01:26.550,1,0.5388458493688605,488.142696223012,0.0,
2021-03-11 14:01:26.560,1,0.5430749517966535,488.2076276138221,0.0,
2021-03-11 14:01:26.570,1,0.3847430074985989,491.40994504930575,0.0,
2021-03-11 14:01:26.580,1,0.4283508884024969,491.87435300751235,0.0,
2021-03-11 14:01:26.590,1,0.4349040502006711,490.4060062659645,0.0,
2021-03-11 14:01:26.600,1,0.460841740309981,489.6014288478378,0.0,
2021-03-11 14:01:26.610,1,0.3635514028695858,487.9398709501253,0.0,
2021-03-11 14:01:26.620,1,0.4486908257922244,492.4004145234117,0.0,
2021-03-11 14:01:26.630,1,0.3906900816738239,487.3349072141832,0.0,
2021-03-11 14:01:26.640,1,0.4477144062646905,486.0727459103977,0.0,
2021-03-11 14:01:26.650,1,0.4239284482178689,488.19815079763436,0.0,
2021-03-11 14:01:26.660,1,0.4401740243168615,485.0467030173257,0.0,
2021-03-11 14:01:26.670,1,0.4621399763804768,487.42527111618597,0.0,
2021-03-11 14:01:26.680,1,0.4533676124310572,485.7164506305095,0.0,
2021-03-11 14:01:26.690,1,0.5232147597287671,488.40895470907236,0.0,
2021-03-11 14:01:26.700,1,0.3712329122174194,488.436943645997,0.0,
2021-03-11 14:01:26.710,1,0.4053053458641737,488.9641840056237,0.0,
2021-03-11 14:01:26.720,1,0.3618007352309961,488.91416643083113,0.0,
2021-03-11 14:01:26.730,1,0.3503730681499944,491.5510783793744,0.0,
2021-03-11 14:01:26.740,1,0.4631309966022767,488.7630039486637,0.0,
2021-03-11 14:01:26.750,1,0.3726280142566667,490.5742894961213,0.0,
2021-03-11 14:01:26.760,1,0.3509965990699153,487.638608889376,0.0,
2021-03-11 14:01:26.770,1,0.4116015535026674,483.4441753822207,0.0,
2021-03-11 14:01:26.780,1,0.4317399534194898,488.3200618857047,0.0,
2021-03-11 14:01:26.790,1,0.404977732196762,491.6396211070214,0.0,
2021-03-11 14:01:26.800,1,0.4698318113450442,489.76020850261716,0.0,
2021-03-11 14:01:26.810,1,0.4572283532360607,496.3710095937265,0.0,
2021-03-11 14:01:26.820,1,0.3691234774460666,494.44051208307167,0.0,
2021-03-11 14:01:26.830,1,0.3340197131365636,492.66434384615127,0.0,
2021-03-11 14:01:26.840,1,0.4245372143121553,497.3194740703197,0.0,
2021-03-11 14:01:26.850,1,0.4381685814531502,494.8959070512678,0.0,
2021-03-11 14:01:26.860,1,0.4081402423858593,497.6516827052635,0.0,
2021-03-11 14:01:26.870,1,0.4590344552678576,495.4950157206217,0.0,
2021-03-11 14:01:26.880,1,0.4186944650796719,494.6113408178903,0.0,
2021-03-11 14:01:26.890,1,0.4319871624298543,496.49712574874115,0.0,
2021-03-11 14:01:26.900,1,0.3988180361153881,496.36570833542714,0.0,
2021-03-11 14:01:26.910,1,0.3003408673497118,499.60027587183816,0.0,
2021-03-11 14:01:26.920,1,0.4146689591979321,500.35952240975837,0.0,
2021-03-11 14:01:26.930,1,0.38685465959962895,498.8375679398416,0.0,
2021-03-11 14:01:26.940,1,0.3981458384601365,501.36438431082365,0.0,
2021-03-11 14:01:26.950,1,0.3511505607188879,502.7551136299594,0.0,
2021-03-11 14:01:26.960,1,0.3118755006707385,502.2596186315052,0.0,
2021-03-11 14:01:26.970,1,0.3072818787885407,503.55384681226485,0.0,
2021-03-11 14:01:26.980,1,0.4361529840942724,499.9884212710588,0.0,
2021-03-11 14:01:26.990,1,0.2844310808573181,506.0941504803168,0.0,
2021-03-11 14:01:27.000,1,0.318190291518637,502.7791943967752,0.0,
2021-03-11 14:01:27.010,1,0.4231835621662825,506.3598618173152,0.0,
2021-03-11 14:01:27.020,1,0.381605252685529,500.4645884925979,0.0,
2021-03-11 14:01:27.030,1,0.382894362185337,496.6075983444661,0.0,
2021-03-11 14:01:27.040,1,0.3257857568375533,500.0857102013487,0.0,
2021-03-11 14:01:27.050,1,0.4163457851681368,500.7949219744767,0.0,
2021-03-11 14:01:27.060,1,0.3598726206553729,499.78559914908686,0.0,
2021-03-11 14:01:27.070,1,0.3812767788080676,503.7163974875965,0.0,
2021-03-11 14:01:27.080,1,0.3589604146467612,502.220389209091,0.0,
2021-03-11 14:01:27.090,1,0.3345512120193525,502.4227953098378,0.0,
2021-03-11 14:01:27.100,1,0.351595897057084,504.18144488833946,0.0,
2021-03-11 14:01:27.110,1,0.3861321285440001,501.3911705734249,0.0,
2021-03-11 14:01:27.120,1,0.3905292516199189,504.5944593048069,0.0,
2021-03-11 14:01:27.130,1,0.3305947619927019,500.3207069255823,0.0,
2021-03-11 14:01:27.140,1,0.3486352940275451,501.5093778366168,0.0,
2021-03-11 14:01:27.150,1,0.2973031550407308,505.1288292181372,0.0,
2021-03-11 14:01:27.160,1,0.3679009064282011,499.73361150325127,0.0,
2021-03-11 14:01:27.170,1,0.3346416697167608,500.8957165521608,0.0,
2021-03-11 14:01:27.180,1,0.3329899624684476,495.0424975175042,0.0,
2021-03-11 14:01:27.190,1,0.3083237370694045,502.9134758958879,0.0,
2021-03-11 14:01:27.200,1,0.297458061569554,497.158325502464,0.0,
2021-03-11 14:01:27.210,1,0.2954583599009412,495.2863202940076,0.0,
2021-03-11 14:01:27.220,1,0.292650308843107,493.70239074337286,0.0,
2021-03-11 14:01:27.230,1,0.3694858859844827,494.66185905206527,0.0,
2021-03-11 14:01:27.240,1,0.4163117340807242,499.5510006129816,0.0,
2021-03-11 14:01:27.250,1,0.3807665199646691,496.2919194277237,0.0,
2021-03-11 14:01:27.260,1,0.3220771199621163,492.11637068052926,0.0,
2021-03-11 14:01:27.270,1,0.4032931916897465,492.3430212185841,0.0,
2021-03-11 14:01:27.280,1,0.3086974183816562,497.0710025160865,0.0,
2021-03-11 14:01:27.290,1,0.3801045426151406,495.88368262452315,0.0,
2021-03-11 14:01:27.300,1,0.4134092049873681,494.0710099563762,0.0,
2021-03-11 14:01:27.310,1,0.3118988713215165,497.05288192238265,0.0,
2021-03-11 14:01:27.320,1,0.3058354502982536,494.7929653661357,0.0,
2021-03-11 14:01:27.330,1,0.3580246025386132,496.801949906135,0.0,
2021-03-11 14:01:27.340,1,0.3406472362561111,496.30342868037377,0.0,
2021-03-11 14:01:27.350,1,0.4330173051929034,492.14942419908624,0.0,
2021-03-11 14:01:27.360,1,0.3717193047836079,495.242515850708,0.0,
2021-03-11 14:01:27.370,1,0.3335210593339258,492.77103260214966,0.0,
2021-03-11 14:01:27.380,1,0.4250680220432396,496.4491742395214,0.0,
2021-03-11 14:01:27.390,1,0.4440946278347327,497.565130496421,0.0,
2021-03-11 14:01:27.400,1,0.3758664761931795,498.32438171758326,0.0,
2021-03-11 14:01:27.410,1,0.4680911395066922,491.9529483449588,0.0,
2021-03-11 14:01:27.420,1,0.4464012780630336,492.4102415442058,0.0,
2021-03-11 14:01:27.430,1,0.3702349480956093,497.27338298033067,0.0,
2021-03-11 14:01:27.440,1,0.3254671560286242,495.973457674644,0.0,
2021-03-11 14:01:27.450,1,0.4401712457879309,494.60143653741477,0.0,
2021-03-11 14:01:27.460,1,0.4707402997494045,497.73429840872274,0.0,
2021-03-11 14:01:27.470,1,0.4951662336995089,495.0228403633047,0.0,
2021-03-11 14:01:27.480,1,0.3972770340589924,495.7326184249134,0.0,
2021-03-11 14:01:27.490,1,0.3819684897441541,492.87167451515467,0.0,
2021-03-11 14:01:27.500,1,0.4899746994626079,501.61063738401697,0.0,
2021-03-11 14:01:27.510,1,0.3804885564006355,499.94445198137663,0.0,
2021-03-11 14:01:27.520,1,0.3727252305634491,498.11691845877374,0.0,
2021-03-11 14:01:27.530,1,0.5079365491258506,501.2844806230997,0.0,
2021-03-11 14:01:27.540,1,0.3871296534005807,497.0933815007992,0.0,
2021-03-11 14:01:27.550,1,0.5067127183813019,501.3728073565042,0.0,
2021-03-11 14:01:27.560,1,0.4928227250179613,498.6109028973003,0.0,
2021-03-11 14:01:27.570,1,0.3881334330841227,501.34121380435323,0.0,
2021-03-11 14:01:27.580,1,0.3581926145855811,499.3137062479187,0.0,
2021-03-11 14:01:27.590,1,0.4673902824193455,499.1736822633509,0.0,
2021-03-11 14:01:27.600,1,0.5233551509510779,503.5908234625326,0.0,
2021-03-11 14:01:27.610,1,0.3547652741334795,500.6334451584152,0.0,
2021-03-11 14:01:27.620,1,0.3581981535795158,503.35966444585824,0.0,
2021-03-11 14:01:27.630,1,0.3957683259628307,499.1741223016737,0.0,
2021-03-11 14:01:27.640,1,0.4483967904627939,505.5486137452002,0.0,
2021-03-11 14:01:27.650,1,0.5125319832491402,506.4896376777703,0.0,
2021-03-11 14:01:27.660,1,0.3753842131054288,504.594022195696,0.0,
2021-03-11 14:01:27.670,1,0.3687737779190818,504.8255132472133,0.0,
2021-03-11 14:01:27.680,1,0.4062604791717148,502.6873233922811,0.0,
2021-03-11 14:01:27.690,1,0.4872865115906513,502.4328131592443,0.0,
2021-03-11 14:01:27.700,1,0.3821396263474018,503.39977573733427,0.0,
2021-03-11 14:01:27.710,1,0.3489901919947931,505.7672441974357,0.0,
2021-03-11 14:01:27.720,1,0.4657434385657801,504.4285563662882,0.0,
2021-03-11 14:01:27.730,1,0.5144802422052828,503.3297316547696,0.0,
2021-03-11 14:01:27.740,1,0.3459117667890443,501.59974764134284,0.0,
2021-03-11 14:01:27.750,1,0.4839315952572315,500.9521058142452,0.0,
2021-03-11 14:01:27.760,1,0.4852489457371449,500.8122826454198,0.0,
2021-03-11 14:01:27.770,1,0.3752022492720747,501.91838191232085,0.0,
2021-03-11 14:01:27.780,1,0.3582492875179095,502.3159540885719,0.0,
2021-03-11 14:01:27.790,1,0.4509036264848503,498.9524481166178,0.0,
2021-03-11 14:01:27.800,1,0.3294172118989515,501.0879813874109,0.0,
2021-03-11 14:01:27.810,1,0.3674327079251077,499.8713413191173,0.0,
2021-03-11 14:01:27.820,1,0.4767463682667186,497.56082142055817,0.0,
2021-03-11 14:01:27.830,1,0.4852590002551129,498.3350799840633,0.0,
2021-03-11 14:01:27.840,1,0.462612668207185,499.54929522641794,0.0,
2021-03-11 14:01:27.850,1,0.4518748916862973,493.0608513905531,0.0,
2021-03-11 14:01:27.860,1,0.445292242562826,495.2472442532733,0.0,
2021-03-11 14:01:27.870,1,0.3869909997862972,497.97743848063567,0.0,
2021-03-11 14:01:27.880,1,0.3442843520741734,500.0287904262335,0.0,
2021-03-11 14:01:27.890,1,0.4187495474044952,494.5832832012817,0.0,
2021-03-11 14:01:27.900,1,0.4379045179196621,493.56212511182036,0.0,
2021-03-11 14:01:27.910,1,0.4234541269340829,495.2326075814137,0.0,
2021-03-11 14:01:27.920,1,0.3944509256394708,491.9443947782662,0.0,
2021-03-11 14:01:27.930,1,0.3897874748281456,495.8616227085456,0.0,
2021-03-11 14:01:27.940,1,0.3628277649368799,492.72634038059573,0.0,
2021-03-11 14:01:27.950,1,0.4450391911459297,491.2677378004188,0.0,
2021-03-11 14:01:27.960,1,0.3908826003727811,488.34668710414337,0.0,
2021-03-11 14:01:27.970,1,0.3173264484551448,488.612834746904,0.0,
2021-03-11 14:01:27.980,1,0.4246690483288677,485.1922012581464,0.0,
2021-03-11 14:01:27.990,1,0.3778494589220997,487.961059330696,0.0,
2021-03-11 14:01:28.000,1,0.3633013930732112,491.8923327630088,0.0,
2021-03-11 14:01:28.010,1,0.4597587926657615,494.66360466001845,0.0,
2021-03-11 14:01:28.020,1,0.4075984076156903,486.7418004280336,0.0,
2021-03-11 14:01:28.030,1,0.4461584297409134,488.5604532722162,0.0,
2021-03-11 14:01:28.040,1,0.3638587929726011,482.94803327818636,0.0,
2021-03-11 14:01:28.050,1,0.3439392959914855,482.7576002107147,0.0,
2021-03-11 14:01:28.060,1,0.3555696908327855,486.9470198439532,0.0,
2021-03-11 14:01:28.070,1,0.3484920466718634,485.15326234992745,0.0,
2021-03-11 14:01:28.080,1,0.4488168258342738,489.4255128292884,0.0,
2021-03-11 14:01:28.090,1,0.3669042171426581,488.11589114834885,0.0,
2021-03-11 14:01:28.100,1,0.4409150355467556,485.83528699028193,0.0,
2021-03-11 14:01:28.110,1,0.4240124413552404,486.2471471050074,0.0,
2021-03-11 14:01:28.120,1,0.4238462583521624,489.88211574271196,0.0,
2021-03-11 14:01:28.130,1,0.3696249126584259,488.39214198107317,0.0,
2021-03-11 14:01:28.140,1,0.4460127660476027,492.17878637361235,0.0,
2021-03-11 14:01:28.150,1,0.3784944675736896,489.4465132222352,0.0,
2021-03-11 14:01:28.160,1,0.3155408603209618,490.0413158126728,0.0,
2021-03-11 14:01:28.170,1,0.38100060934094704,487.1085412606553,0.0,
2021-03-11 14:01:28.180,1,0.3923878992312106,486.2993090680913,0.0,
2021-03-11 14:01:28.190,1,0.3099374723528452,484.2203937507084,0.0,
2021-03-11 14:01:28.200,1,0.4078525151168101,483.50361096491315,0.0,
2021-03-11 14:01:28.210,1,0.4224020751364821,485.2356881994895,0.0,
2021-03-11 14:01:28.220,1,0.3319618502771316,490.9034808588359,0.0,
2021-03-11 14:01:28.230,1,0.4336974092724686,491.1653596722438,0.0,
2021-03-11 14:01:28.240,1,0.3652985637898547,489.06398726282606,0.0,
2021-03-11 14:01:28.250,1,0.3844863947318634,486.7955743473725,0.0,
2021-03-11 14:01:28.260,1,0.3184675681814939,491.4291662578162,0.0,
2021-03-11 14:01:28.270,1,0.3474620420003641,489.4761357413543,0.0,
2021-03-11 14:01:28.280,1,0.3615660085692267,488.0848420191915,0.0,
2021-03-11 14:01:28.290,1,0.318906850017531,490.8297179698507,0.0,
2021-03-11 14:01:28.300,1,0.3517521825861862,490.1195521537077,0.0,
2021-03-11 14:01:28.310,1,0.3798067264274992,492.4636044580011,0.0,
2021-03-11 14:01:28.320,1,0.4201160509369696,491.1582130313317,0.0,
2021-03-11 14:01:28.330,1,0.4150924888652265,491.7322901211715,0.0,
2021-03-11 14:01:28.340,1,0.4551559893327254,491.1367898737333,0.0,
2021-03-11 14:01:28.350,1,0.3761162825585267,493.3853834762066,0.0,
2021-03-11 14:01:28.360,1,0.3571818119265597,494.5407181369784,0.0,
2021-03-11 14:01:28.370,1,0.3694924877796814,493.8937065521386,0.0,
2021-03-11 14:01:28.380,1,0.5022408242087818,492.57198627020483,0.0,
2021-03-11 14:01:28.390,1,0.3847949877506801,488.8715665468345,0.0,
2021-03-11 14:01:28.400,1,0.3864038127736923,491.77271214986087,0.0,
2021-03-11 14:01:28.410,1,0.4095968120368067,491.22185969885106,0.0,
2021-03-11 14:01:28.420,1,0.3608229614660763,495.4836601027612,0.0,
2021-03-11 14:01:28.430,1,0.4037935958925955,487.4229311458143,0.0,
2021-03-11 14:01:28.440,1,0.5204651798263178,493.3536046779199,0.0,
2021-03-11 14:01:28.450,1,0.4792961341672939,490.87219394590346,0.0,
2021-03-11 14:01:28.460,1,0.3635713506613273,486.7950319411476,0.0,
2021-03-11 14:01:28.470,1,0.5290205241038732,491.96412471183817,0.0,
2021-03-11 14:01:28.480,1,0.4461534243579301,492.8541892853102,0.0,
2021-03-11 14:01:28.490,1,0.4529166143132865,491.9281915474005,0.0,
2021-03-11 14:01:28.500,1,0.4556501273607305,490.5620309539093,0.0,
2021-03-11 14:01:28.510,1,0.5304803802593779,487.4078946628952,0.0,
2021-03-11 14:01:28.520,1,0.491298612085063,493.0026906795793,0.0,
2021-03-11 14:01:28.530,1,0.4077359944136987,489.8355597561869,0.0,
2021-03-11 14:01:28.540,1,0.520680729287091,490.8222379384876,0.0,
2021-03-11 14:01:28.550,1,0.4198002272385359,488.1524682620876,0.0,
2021-03-11 14:01:28.560,1,0.3974193001231767,484.3764477945677,0.0,
2021-03-11 14:01:28.570,1,0.4575164647725054,486.14527113184334,0.0,
2021-03-11 14:01:28.580,1,0.4407167766059341,484.344213039068,0.0,
2021-03-11 14:01:28.590,1,0.4425586416238686,485.52391354259584,0.0,
2021-03-11 14:01:28.600,1,0.4046583816367767,485.982446599186,0.0,
2021-03-11 14:01:28.610,1,0.5096131066735454,485.8453280171344,0.0,
2021-03-11 14:01:28.620,1,0.3917416058809821,483.63333186805056,0.0,
2021-03-11 14:01:28.630,1,0.489160522379767,489.2271741365045,0.0,
2021-03-11 14:01:28.640,1,0.4550638406565199,482.855791093621,0.0,
2021-03-11 14:01:28.650,1,0.4643028278885769,484.360698259793,0.0,
2021-03-11 14:01:28.660,1,0.40838908467370505,483.1636254158055,0.0,
2021-03-11 14:01:28.670,1,0.3608585324519859,477.4908837256209,0.0,
2021-03-11 14:01:28.680,1,0.4896763202844508,478.9182238756719,0.0,
2021-03-11 14:01:28.690,1,0.5199178982645282,480.2139918777783,0.0,
2021-03-11 14:01:28.700,1,0.3929498750676563,483.2924506213536,0.0,
2021-03-11 14:01:28.710,1,0.4619115866125923,478.9773667197617,0.0,
2021-03-11 14:01:28.720,1,0.4460793041312894,484.8995992342791,0.0,
2021-03-11 14:01:28.730,1,0.5109786058423523,483.3133484503462,0.0,
2021-03-11 14:01:28.740,1,0.4268821101319897,480.677091273219,0.0,
2021-03-11 14:01:28.750,1,0.3966522217114375,478.3033874568041,0.0,
2021-03-11 14:01:28.760,1,0.4793582704290352,483.098642823394,0.0,
2021-03-11 14:01:28.770,1,0.4707061480039581,484.1469224837468,0.0,
2021-03-11 14:01:28.780,1,0.3566783895335198,482.8811311578794,0.0,
2021-03-11 14:01:28.790,1,0.4782213622166107,486.4863529409,0.0,
2021-03-11 14:01:28.800,1,0.43560975911834704,485.18865643578056,0.0,
2021-03-11 14:01:28.810,1,0.3477882808294526,484.3077207728791,0.0,
2021-03-11 14:01:28.820,1,0.4850851662731207,486.5565939402237,0.0,
2021-03-11 14:01:28.830,1,0.3818211483000121,483.511504473214,0.0,
2021-03-11 14:01:28.840,1,0.4683528031939275,487.1120044885387,0.0,
2021-03-11 14:01:28.850,1,0.3868076415673933,488.9092374559513,0.0,
2021-03-11 14:01:28.860,1,0.4811081196340311,487.7766260555527,0.0,
2021-03-11 14:01:28.870,1,0.3920472757458821,493.16520585322746,0.0,
2021-03-11 14:01:28.880,1,0.4460899302276013,485.3141282093217,0.0,
2021-03-11 14:01:28.890,1,0.3302301582444072,490.28810656092384,0.0,
2021-03-11 14:01:28.900,1,0.4232258309344258,488.0134860572521,0.0,
2021-03-11 14:01:28.910,1,0.3286259626538454,491.2673553771032,0.0,
2021-03-11 14:01:28.920,1,0.4432437346006618,495.20804997406685,0.0,
2021-03-11 14:01:28.930,1,0.4216067259565203,490.0618461848136,0.0,
2021-03-11 14:01:28.940,1,0.37827123960688,496.1402786208352,0.0,
2021-03-11 14:01:28.950,1,0.3840197129828323,493.8948932530292,0.0,
2021-03-11 14:01:28.960,1,0.4377797260633099,492.32241603058617,0.0,
2021-03-11 14:01:28.970,1,0.4015892668370983,495.1046597801173,0.0,
2021-03-11 14:01:28.980,1,0.3213335613249149,496.2960896334546,0.0,
2021-03-11 14:01:28.990,1,0.3696206369573581,498.68755875614335,0.0,
2021-03-11 14:01:29.000,1,0.3265365123028531,495.0413778752532,0.0,
2021-03-11 14:01:29.010,1,0.3556698483105091,498.65551590389845,0.0,
2021-03-11 14:01:29.020,1,0.346264094549323,497.7026687082811,0.0,
2021-03-11 14:01:29.030,1,0.3775949170576141,495.2723108955005,0.0,
2021-03-11 14:01:29.040,1,0.3289698238139342,497.2604193015399,0.0,
2021-03-11 14:01:29.050,1,0.3155672937454388,500.13442000976687,0.0,
2021-03-11 14:01:29.060,1,0.3563563382038582,497.9933928473352,0.0,
2021-03-11 14:01:29.070,1,0.3373765581638869,495.18835432011815,0.0,
2021-03-11 14:01:29.080,1,0.3830576817718734,499.3204345433989,0.0,
2021-03-11 14:01:29.090,1,0.2733091206844355,496.60324163393636,0.0,
2021-03-11 14:01:29.100,1,0.2839164746939353,497.36839950447444,0.0,
2021-03-11 14:01:29.110,1,0.2990828581979287,498.0082653045951,0.0,
2021-03-11 14:01:29.120,1,0.3863532428545065,497.76487402737325,0.0,
2021-03-11 14:01:29.130,1,0.3217646603013757,501.6102527948285,0.0,
2021-03-11 14:01:29.140,1,0.3739451423020044,497.5617249985186,0.0,
2021-03-11 14:01:29.150,1,0.409189152030216,496.87995856803735,0.0,
2021-03-11 14:01:29.160,1,0.3581699879530243,498.02591973821836,0.0,
2021-03-11 14:01:29.170,1,0.2800204776332315,493.8375298722021,0.0,
2021-03-11 14:01:29.180,1,0.3835997098857709,498.97570864035197,0.0,
2021-03-11 14:01:29.190,1,0.3937661852885266,494.1024592538182,0.0,
2021-03-11 14:01:29.200,1,0.2890167941540714,495.9293681457778,0.0,
2021-03-11 14:01:29.210,1,0.3448901668295608,493.75797296219577,0.0,
2021-03-11 14:01:29.220,1,0.3327302021303723,492.7850464111602,0.0,
2021-03-11 14:01:29.230,1,0.3377312217275727,496.98670215462477,0.0,
2021-03-11 14:01:29.240,1,0.3714104242609085,494.01614898808464,0.0,
2021-03-11 14:01:29.250,1,0.4204907581822025,493.8318462924896,0.0,
2021-03-11 14:01:29.260,1,0.2839949029354789,494.2606376500338,0.0,
2021-03-11 14:01:29.270,1,0.2933166803260657,489.1119718861759,0.0,
2021-03-11 14:01:29.280,1,0.3388641187780131,501.85961803876353,0.0,
2021-03-11 14:01:29.290,1,0.3681617323262927,495.3938206030351,0.0,
2021-03-11 14:01:29.300,1,0.3561640885125859,495.3719949080292,0.0,
2021-03-11 14:01:29.310,1,0.4023251963045307,492.38342595002365,0.0,
2021-03-11 14:01:29.320,1,0.3578590871346738,491.8503822378767,0.0,
2021-03-11 14:01:29.330,1,0.4377909225822806,496.70658185993216,0.0,
2021-03-11 14:01:29.340,1,0.3183816065912417,494.19187782940895,0.0,
2021-03-11 14:01:29.350,1,0.4048891325408688,492.2524620427795,0.0,
2021-03-11 14:01:29.360,1,0.4422376084458684,488.9003285260237,0.0,
2021-03-11 14:01:29.370,1,0.4001880436236107,494.3349423336525,0.0,
2021-03-11 14:01:29.380,1,0.3922180580411935,493.72391335380433,0.0,
2021-03-11 14:01:29.390,1,0.3992449963961709,492.54300538379545,0.0,
2021-03-11 14:01:29.400,1,0.4387109237160342,494.69285285385,0.0,
2021-03-11 14:01:29.410,1,0.4247864216729515,497.97151617317746,0.0,
2021-03-11 14:01:29.420,1,0.3863603551117086,494.37541471140287,0.0,
2021-03-11 14:01:29.430,1,0.3494435467274542,498.2097056408708,0.0,
2021-03-11 14:01:29.440,1,0.4443547760704063,489.06615401573646,0.0,
2021-03-11 14:01:29.450,1,0.317139616090227,493.6924280002913,0.0,
2021-03-11 14:01:29.460,1,0.4335775094497139,498.03839734729337,0.0,
2021-03-11 14:01:29.470,1,0.3766585120327221,491.11876166797936,0.0,
2021-03-11 14:01:29.480,1,0.3539436709797491,491.2878989221138,0.0,
2021-03-11 14:01:29.490,1,0.4058153438744943,493.23349671584464,0.0,
2021-03-11 14:01:29.500,1,0.3345650102813345,491.6319719879901,0.0,
2021-03-11 14:01:29.510,1,0.4458532518611847,501.0056955184353,0.0,
2021-03-11 14:01:29.520,1,0.3498009043783338,496.972790008378,0.0,
2021-03-11 14:01:29.530,1,0.4152723795130333,499.85827289924913,0.0,
2021-03-11 14:01:29.540,1,0.4778846564905186,496.5563600027074,0.0,
2021-03-11 14:01:29.550,1,0.3508393218781348,501.2658844141416,0.0,
2021-03-11 14:01:29.560,1,0.4068262857875648,497.8362043079664,0.0,
2021-03-11 14:01:29.570,1,0.3588687680150842,498.596802979867,0.0,
2021-03-11 14:01:29.580,1,0.4315627478749331,498.7374138027673,0.0,
2021-03-11 14:01:29.590,1,0.3363422328925058,500.3535199763346,0.0,
2021-03-11 14:01:29.600,1,0.3621610074943961,502.28793872218665,0.0,
2021-03-11 14:01:29.610,1,0.4199397173448085,501.44032767227026,0.0,
2021-03-11 14:01:29.620,1,0.3679574486895738,501.14116134489996,0.0,
2021-03-11 14:01:29.630,1,0.4710833335090534,501.5108762519506,0.0,
2021-03-11 14:01:29.640,1,0.3879839462674168,500.29008884382864,0.0,
2021-03-11 14:01:29.650,1,0.3976226041862049,501.5466098410025,0.0,
2021-03-11 14:01:29.660,1,0.3377007121979272,500.485954903298,0.0,
2021-03-11 14:01:29.670,1,0.4032417668337558,501.49789267199424,0.0,
2021-03-11 14:01:29.680,1,0.4629938948534516,501.24200940286005,0.0,
2021-03-11 14:01:29.690,1,0.4019772188459547,499.9028525715151,0.0,
2021-03-11 14:01:29.700,1,0.3455462770619508,505.4908061847046,0.0,
2021-03-11 14:01:29.710,1,0.3550542514669352,505.109494593458,0.0,
2021-03-11 14:01:29.720,1,0.4292062731089563,505.6591425868216,0.0,
2021-03-11 14:01:29.730,1,0.3326239000527796,507.1015426677162,0.0,
2021-03-11 14:01:29.740,1,0.4512465899601356,499.19436187711625,0.0,
2021-03-11 14:01:29.750,1,0.3740906434838404,500.09622561758096,0.0,
2021-03-11 14:01:29.760,1,0.3269218225231023,500.91471051902136,0.0,
2021-03-11 14:01:29.770,1,0.3083090514820095,500.10392201415084,0.0,
2021-03-11 14:01:29.780,1,0.403524992786988,499.31675357551546,0.0,
2021-03-11 14:01:29.790,1,0.3055858205876416,498.9135306772535,0.0,
2021-03-11 14:01:29.800,1,0.3773491536467125,504.3035404643578,0.0,
2021-03-11 14:01:29.810,1,0.3781050743847718,503.33463807143664,0.0,
2021-03-11 14:01:29.820,1,0.3278752517857073,498.1964719020319,0.0,
2021-03-11 14:01:29.830,1,0.4144348601541068,503.94804565710973,0.0,
2021-03-11 14:01:29.840,1,0.2869809307800567,494.9429619989898,0.0,
2021-03-11 14:01:29.850,1,0.2951515335091708,504.0964399566018,0.0,
2021-03-11 14:01:29.860,1,0.3245019306197047,495.901158877781,0.0,
2021-03-11 14:01:29.870,1,0.3529434668898442,496.4152507040207,0.0,
2021-03-11 14:01:29.880,1,0.3923602736597596,499.69847014041926,0.0,
2021-03-11 14:01:29.890,1,0.3194091229003382,499.7754345776194,0.0,
2021-03-11 14:01:29.900,1,0.3200742612623414,500.8127104990077,0.0,
2021-03-11 14:01:29.910,1,0.3792083196553366,496.30332741967743,0.0,
2021-03-11 14:01:29.920,1,0.4087920012764891,490.99935523008577,0.0,
2021-03-11 14:01:29.930,1,0.3033338253574592,497.0552557911464,0.0,
2021-03-11 14:01:29.940,1,0.27825793847318503,495.2582189444504,0.0,
2021-03-11 14:01:29.950,1,0.2754807740245473,495.6206059735537,0.0,
2021-03-11 14:01:29.960,1,0.2979158658185422,491.241149233766,0.0,
2021-03-11 14:01:29.970,1,0.3746685442662272,495.0709201840026,0.0,
2021-03-11 14:01:29.980,1,0.2687670344268425,493.34692383038737,0.0,
2021-03-11 14:01:29.990,1,0.31102458650909603,498.7385022485968,0.0,
2021-03-11 14:01:30.000,1,0.3496852627523321,491.2674237008657,0.0,
2021-03-11 14:01:30.010,1,0.3399321481923041,494.1467183409345,0.0,
2021-03-11 14:01:30.020,1,0.3451952599584505,491.94707527652383,0.0,
2021-03-11 14:01:30.030,1,0.3391952917405185,490.1105114622867,0.0,
2021-03-11 14:01:30.040,1,0.26250214373755,488.1369401595262,0.0,
2021-03-11 14:01:30.050,1,0.2628138630358864,488.6066207795113,0.0,
2021-03-11 14:01:30.060,1,0.3736403590749289,493.1233790410009,0.0,
2021-03-11 14:01:30.070,1,0.3427108375569277,488.13601446137716,0.0,
2021-03-11 14:01:30.080,1,0.2638770121658585,487.88418494714136,0.0,
2021-03-11 14:01:30.090,1,0.2586155634006009,495.8380950961654,0.0,
2021-03-11 14:01:30.100,1,0.3856440646098576,489.8847392069207,0.0,
2021-03-11 14:01:30.110,1,0.3380769234074121,491.3563412981672,0.0,
2021-03-11 14:01:30.120,1,0.2856236715980954,493.0210334657376,0.0,
2021-03-11 14:01:30.130,1,0.3920856564019912,488.17716144569033,0.0,
2021-03-11 14:01:30.140,1,0.3508411223721486,488.3639692268724,0.0,
2021-03-11 14:01:30.150,1,0.3757301582133544,492.6272473163805,0.0,
2021-03-11 14:01:30.160,1,0.3061736296652997,488.6990977794325,0.0,
2021-03-11 14:01:30.170,1,0.3701733961818009,490.77769331538207,0.0,
2021-03-11 14:01:30.180,1,0.2961448179206801,492.2801439290459,0.0,
2021-03-11 14:01:30.190,1,0.298632509097471,489.45371024010916,0.0,
2021-03-11 14:01:30.200,1,0.343441207340502,491.3714132263341,0.0,
2021-03-11 14:01:30.210,1,0.3011541740360926,492.1758714363627,0.0,
2021-03-11 14:01:30.220,1,0.3483760437693711,489.94650202064565,0.0,
2021-03-11 14:01:30.230,1,0.3985740998622045,491.69521904805816,0.0,
2021-03-11 14:01:30.240,1,0.3006275859738321,493.2822906344246,0.0,
2021-03-11 14:01:30.250,1,0.4191874059725173,494.70536743917137,0.0,
2021-03-11 14:01:30.260,1,0.3594620695926869,494.40098568224937,0.0,
2021-03-11 14:01:30.270,1,0.3126114232471589,494.806419749857,0.0,
2021-03-11 14:01:30.280,1,0.4203969886703131,494.80471475061137,0.0,
2021-03-11 14:01:30.290,1,0.2962619277928472,495.0001334413137,0.0,
2021-03-11 14:01:30.300,1,0.3593881501062345,498.3459407200506,0.0,
2021-03-11 14:01:30.310,1,0.382451851376842,495.2776697659748,0.0,
2021-03-11 14:01:30.320,1,0.3353259952669674,490.9782073331172,0.0,
2021-03-11 14:01:30.330,1,0.4060289526860763,497.7230641995185,0.0,
2021-03-11 14:01:30.340,1,0.3481693408182736,493.9987346184216,0.0,
2021-03-11 14:01:30.350,1,0.380801213639346,496.530306675813,0.0,
2021-03-11 14:01:30.360,1,0.4211524523623399,496.3360274715342,0.0,
2021-03-11 14:01:30.370,1,0.3439572367592956,499.68856113794374,0.0,
2021-03-11 14:01:30.380,1,0.4141790626081195,494.402904308748,0.0,
2021-03-11 14:01:30.390,1,0.3386807707322495,497.8609872146016,0.0,
2021-03-11 14:01:30.400,1,0.3537100513137096,492.9393708866485,0.0,
2021-03-11 14:01:30.410,1,0.3686915195953563,498.9772780286042,0.0,
2021-03-11 14:01:30.420,1,0.3487079486061375,496.03814749636217,0.0,
2021-03-11 14:01:30.430,1,0.3454810750888129,492.5460225081922,0.0,
2021-03-11 14:01:30.440,1,0.4153188545763794,497.1136110440995,0.0,
2021-03-11 14:01:30.450,1,0.3528853717231978,493.8345416180175,0.0,
2021-03-11 14:01:30.460,1,0.4014965134226786,495.293925627934,0.0,
2021-03-11 14:01:30.470,1,0.4073637555743762,497.7628826865557,0.0,
2021-03-11 14:01:30.480,1,0.5037693183827189,498.8138594203061,0.0,
2021-03-11 14:01:30.490,1,0.4384832193722881,496.6533319087671,0.0,
2021-03-11 14:01:30.500,1,0.4244873833662026,494.7461268394485,0.0,
2021-03-11 14:01:30.510,1,0.4279659632230782,497.3595410652813,0.0,
2021-03-11 14:01:30.520,1,0.3955138633523499,493.7807378939943,0.0,
2021-03-11 14:01:30.530,1,0.4285096258633135,494.2852541210903,0.0,
2021-03-11 14:01:30.540,1,0.4098711949738938,496.4616340559541,0.0,
2021-03-11 14:01:30.550,1,0.3787557163550553,493.0047850916211,0.0,
2021-03-11 14:01:30.560,1,0.376138771290108,494.34225127666144,0.0,
2021-03-11 14:01:30.570,1,0.3506271498594235,494.80879280636077,0.0,
2021-03-11 14:01:30.580,1,0.4552703927411727,494.0855031913843,0.0,
2021-03-11 14:01:30.590,1,0.4921915022806534,493.63551187762044,0.0,
2021-03-11 14:01:30.600,1,0.364427556293749,493.8139833907109,0.0,
2021-03-11 14:01:30.610,1,0.4410855306214992,488.84208518680657,0.0,
2021-03-11 14:01:30.620,1,0.4313048575582232,488.51292868408393,0.0,
2021-03-11 14:01:30.630,1,0.439102577078745,493.7463968947638,0.0,
2021-03-11 14:01:30.640,1,0.3807795953935054,490.01465637788056,0.0,
2021-03-11 14:01:30.650,1,0.3765662655905709,487.40938013382055,0.0,
2021-03-11 14:01:30.660,1,0.4720813672505815,491.69969899810064,0.0,
2021-03-11 14:01:30.670,1,0.4875039304077868,488.55773363796914,0.0,
2021-03-11 14:01:30.680,1,0.4436940711330343,487.8435069790607,0.0,
2021-03-11 14:01:30.690,1,0.4679265919900837,484.22245725532537,0.0,
2021-03-11 14:01:30.700,1,0.3900439767847579,485.2993578784484,0.0,
2021-03-11 14:01:30.710,1,0.411316323170074,489.2731371783368,0.0,
2021-03-11 14:01:30.720,1,0.4538330769941563,490.4309325078229,0.0,
2021-03-11 14:01:30.730,1,0.5099446591044633,489.9749556632431,0.0,
2021-03-11 14:01:30.740,1,0.5012690966432125,487.9310533884204,0.0,
2021-03-11 14:01:30.750,1,0.5141640188362824,491.4254697961725,0.0,
2021-03-11 14:01:30.760,1,0.3598333779988604,491.9874623280768,0.0,
2021-03-11 14:01:30.770,1,0.4141395950385439,486.2163661227562,0.0,
2021-03-11 14:01:30.780,1,0.3759362230853826,486.9840280190128,0.0,
2021-03-11 14:01:30.790,1,0.3667043000396231,490.8055262391757,0.0,
2021-03-11 14:01:30.800,1,0.4187392821982311,490.7598044724874,0.0,
2021-03-11 14:01:30.810,1,0.498249192979788,490.7899198797597,0.0,
2021-03-11 14:01:30.820,1,0.3804195028337825,485.3294677580888,0.0,
2021-03-11 14:01:30.830,1,0.5028166793561477,494.4972301344553,0.0,
2021-03-11 14:01:30.840,1,0.4772966629457332,488.78743515986235,0.0,
2021-03-11 14:01:30.850,1,0.4044583079551183,491.6773100401024,0.0,
2021-03-11 14:01:30.860,1,0.4516848564797391,493.6446759133792,0.0,
2021-03-11 14:01:30.870,1,0.3598799323631018,496.5338658567645,0.0,
2021-03-11 14:01:30.880,1,0.4249937087543645,493.0383700475902,0.0,
2021-03-11 14:01:30.890,1,0.4419381421633489,492.0237489816553,0.0,
2021-03-11 14:01:30.900,1,0.3677709796241719,495.9678616298921,0.0,
2021-03-11 14:01:30.910,1,0.4270393589253237,496.0005896444633,0.0,
2021-03-11 14:01:30.920,1,0.3374310837430551,488.853279082326,0.0,
2021-03-11 14:01:30.930,1,0.4275394954192477,495.5870450893521,0.0,
2021-03-11 14:01:30.940,1,0.4725931890266115,497.89176203798434,0.0,
2021-03-11 14:01:30.950,1,0.445009274754264,493.2262988747541,0.0,
2021-03-11 14:01:30.960,1,0.3548179015108576,496.0572973423359,0.0,
2021-03-11 14:01:30.970,1,0.4406093415235309,499.7792529310575,0.0,
2021-03-11 14:01:30.980,1,0.4077679548511934,496.78013174596384,0.0,
2021-03-11 14:01:30.990,1,0.4520266716249108,495.5288803119486,0.0,
2021-03-11 14:01:31.000,1,0.3977422685386639,498.01207436886375,0.0,
2021-03-11 14:01:31.010,1,0.3085107307673286,496.4909395209401,0.0,
2021-03-11 14:01:31.020,1,0.3761234076245617,496.44846870125406,0.0,
2021-03-11 14:01:31.030,1,0.4069488128793873,500.74692015120087,0.0,
2021-03-11 14:01:31.040,1,0.348849528306768,502.0457246212864,0.0,
2021-03-11 14:01:31.050,1,0.3662420913521819,504.65381598123236,0.0,
2021-03-11 14:01:31.060,1,0.4137594538593382,502.23079032369833,0.0,
2021-03-11 14:01:31.070,1,0.3636670044355725,501.4750497349594,0.0,
2021-03-11 14:01:31.080,1,0.3728493242251452,504.2876549101291,0.0,
2021-03-11 14:01:31.090,1,0.4592556095413637,502.15642120698266,0.0,
2021-03-11 14:01:31.100,1,0.3542549219021718,506.1564137589533,0.0,
2021-03-11 14:01:31.110,1,0.3270848314155162,500.593333208727,0.0,
2021-03-11 14:01:31.120,1,0.3873579888523629,505.51718451118296,0.0,
2021-03-11 14:01:31.130,1,0.3292819100204,498.8760199197265,0.0,
2021-03-11 14:01:31.140,1,0.3572974315528023,505.4430380826622,0.0,
2021-03-11 14:01:31.150,1,0.3268333891466322,500.8473344186637,0.0,
2021-03-11 14:01:31.160,1,0.4142723357597153,505.4851441122103,0.0,
2021-03-11 14:01:31.170,1,0.388473354256125,502.7696841329433,0.0,
2021-03-11 14:01:31.180,1,0.4248178999247745,506.00495194915527,0.0,
2021-03-11 14:01:31.190,1,0.4291925533331879,499.7652914021144,0.0,
2021-03-11 14:01:31.200,1,0.4262018969776919,498.2194277280644,0.0,
2021-03-11 14:01:31.210,1,0.3300383991091984,503.4203931846319,0.0,
2021-03-11 14:01:31.220,1,0.4279125982674156,504.29325752184235,0.0,
2021-03-11 14:01:31.230,1,0.3797110057509281,499.8015280055161,0.0,
2021-03-11 14:01:31.240,1,0.3482074264623924,501.4879356729653,0.0,
2021-03-11 14:01:31.250,1,0.4449675269393873,501.350100606401,0.0,
2021-03-11 14:01:31.260,1,0.3828301728098652,501.6601773677459,0.0,
2021-03-11 14:01:31.270,1,0.3253230184797886,505.37610987726754,0.0,
2021-03-11 14:01:31.280,1,0.3417646397757381,502.54623819964877,0.0,
2021-03-11 14:01:31.290,1,0.3574889399274122,499.1923527193122,0.0,
2021-03-11 14:01:31.300,1,0.4582173373735139,498.16581872097123,0.0,
2021-03-11 14:01:31.310,1,0.4459707434137968,495.5686773419083,0.0,
2021-03-11 14:01:31.320,1,0.3294471332299569,500.7351082470633,0.0,
2021-03-11 14:01:31.330,1,0.3486218399778846,497.8935536241484,0.0,
2021-03-11 14:01:31.340,1,0.3590075161853848,498.69132707098936,0.0,
2021-03-11 14:01:31.350,1,0.4656878666372306,496.5196953759949,0.0,
2021-03-11 14:01:31.360,1,0.3830871510198019,500.42738438909737,0.0,
2021-03-11 14:01:31.370,1,0.3758921328447794,494.4672574502453,0.0,
2021-03-11 14:01:31.380,1,0.3442884340583649,496.3654563148232,0.0,
2021-03-11 14:01:31.390,1,0.4827710575675376,494.8178374736133,0.0,
2021-03-11 14:01:31.400,1,0.4554376932800455,496.3296317714907,0.0,
2021-03-11 14:01:31.410,1,0.4185493349332921,496.45243427409827,0.0,
2021-03-11 14:01:31.420,1,0.4462056778583257,494.5898237023234,0.0,
2021-03-11 14:01:31.430,1,0.3494603957932023,493.8781445326301,0.0,
2021-03-11 14:01:31.440,1,0.3883484110938553,494.5369710964904,0.0,
2021-03-11 14:01:31.450,1,0.4906276925116206,491.3664325149839,0.0,
2021-03-11 14:01:31.460,1,0.3663799149887113,492.31482595303635,0.0,
2021-03-11 14:01:31.470,1,0.4355297929628874,496.3642331950018,0.0,
2021-03-11 14:01:31.480,1,0.3829416562180121,499.63922064943887,0.0,
2021-03-11 14:01:31.490,1,0.4633888638038209,494.1773613833883,0.0,
2021-03-11 14:01:31.500,1,0.4152388624749672,496.2553771787986,0.0,
2021-03-11 14:01:31.510,1,0.4098893104736618,492.28292122345,0.0,
2021-03-11 14:01:31.520,1,0.3562799228426499,498.2654975957204,0.0,
2021-03-11 14:01:31.530,1,0.4787993684202405,502.75236188602287,0.0,
2021-03-11 14:01:31.540,1,0.4592168002243268,496.44061715276337,0.0,
2021-03-11 14:01:31.550,1,0.4098026045960155,495.05492066558975,0.0,
2021-03-11 14:01:31.560,1,0.5030256538271145,496.76031645624334,0.0,
2021-03-11 14:01:31.570,1,0.462547791580133,495.86125908440687,0.0,
2021-03-11 14:01:31.580,1,0.5032394665991363,497.4358852353915,0.0,
2021-03-11 14:01:31.590,1,0.3746631931377108,502.60103266446646,0.0,
2021-03-11 14:01:31.600,1,0.3635613833495134,499.18794202257635,0.0,
2021-03-11 14:01:31.610,1,0.5054366847910172,498.3241754889592,0.0,
2021-03-11 14:01:31.620,1,0.3683197915966271,499.213993115987,0.0,
2021-03-11 14:01:31.630,1,0.4180482360697038,497.6426869848957,0.0,
2021-03-11 14:01:31.640,1,0.3819175040465981,503.9783896075286,0.0,
2021-03-11 14:01:31.650,1,0.4837347600517981,497.3855812300225,0.0,
2021-03-11 14:01:31.660,1,0.3675068550737974,500.2549063774794,0.0,
2021-03-11 14:01:31.670,1,0.3939240381879998,503.7524856200556,0.0,
2021-03-11 14:01:31.680,1,0.4276453193433538,505.1879899085137,0.0,
2021-03-11 14:01:31.690,1,0.3342233894508825,501.20438947517295,0.0,
2021-03-11 14:01:31.700,1,0.475384145830792,505.2827222795863,0.0,
2021-03-11 14:01:31.710,1,0.4722038594342513,506.2959514252916,0.0,
2021-03-11 14:01:31.720,1,0.4881457978346989,502.3880433514676,0.0,
2021-03-11 14:01:31.730,1,0.3704382088210088,503.38178501730704,0.0,
2021-03-11 14:01:31.740,1,0.3848331588570773,502.28666489480753,0.0,
2021-03-11 14:01:31.750,1,0.4616248310203239,506.1150270505167,0.0,
2021-03-11 14:01:31.760,1,0.3799843950763052,507.96344841120833,0.0,
2021-03-11 14:01:31.770,1,0.4051391138567713,500.8832537932815,0.0,
2021-03-11 14:01:31.780,1,0.3183646699509575,501.56628297641794,0.0,
2021-03-11 14:01:31.790,1,0.3714735345265442,500.9290179814985,0.0,
2021-03-11 14:01:31.800,1,0.4466673012961346,502.1010241017678,0.0,
2021-03-11 14:01:31.810,1,0.4210665868244982,501.37952263926354,0.0,
2021-03-11 14:01:31.820,1,0.4174594284503575,502.09479062115514,0.0,
2021-03-11 14:01:31.830,1,0.3174969277117809,505.3364756815632,0.0,
2021-03-11 14:01:31.840,1,0.349578240931136,498.4164728770189,0.0,
2021-03-11 14:01:31.850,1,0.2909265339276808,504.49704349423723,0.0,
2021-03-11 14:01:31.860,1,0.3079936006253894,502.8082291610791,0.0,
2021-03-11 14:01:31.870,1,0.2960256828171727,500.6512733909484,0.0,
2021-03-11 14:01:31.880,1,0.3153067065975702,503.2287099696009,0.0,
2021-03-11 14:01:31.890,1,0.2881137101213586,499.5554473180399,0.0,
2021-03-11 14:01:31.900,1,0.3998870864780838,500.45227505616464,0.0,
2021-03-11 14:01:31.910,1,0.2711882157167382,496.7373955014607,0.0,
2021-03-11 14:01:31.920,1,0.2727539742234335,497.01931532847436,0.0,
2021-03-11 14:01:31.930,1,0.3540636329782524,495.1454809363182,0.0,
2021-03-11 14:01:31.940,1,0.3661622517453559,494.60231553489785,0.0,
2021-03-11 14:01:31.950,1,0.2973740936706804,497.038012859245,0.0,
2021-03-11 14:01:31.960,1,0.3059430472373692,495.8375534343176,0.0,
2021-03-11 14:01:31.970,1,0.2899710053717347,492.2992968878346,0.0,
2021-03-11 14:01:31.980,1,0.3038087274318111,492.57852753582875,0.0,
2021-03-11 14:01:31.990,1,0.3666130077391856,494.05271836811966,0.0,
2021-03-11 14:01:32.000,1,0.32493670523175106,489.52030746366404,0.0,
2021-03-11 14:01:32.010,1,0.3690345041001407,488.921266797213,0.0,
2021-03-11 14:01:32.020,1,0.3076097569457953,491.804739287978,0.0,
2021-03-11 14:01:32.030,1,0.3045969280299021,490.55790667954096,0.0,
2021-03-11 14:01:32.040,1,0.2720691968276068,490.01089087642777,0.0,
2021-03-11 14:01:32.050,1,0.3308358477642141,489.81577997738685,0.0,
2021-03-11 14:01:32.060,1,0.2993598405888722,486.064797451494,0.0,
2021-03-11 14:01:32.070,1,0.3426776686068211,487.0396003704744,0.0,
2021-03-11 14:01:32.080,1,0.3391217911936786,490.8715706636674,0.0,
2021-03-11 14:01:32.090,1,0.2408326252482921,487.8271076274685,0.0,
2021-03-11 14:01:32.100,1,0.2868076284808733,487.42917632447995,0.0,
2021-03-11 14:01:32.110,1,0.2870815016625724,486.51829245818647,0.0,
2021-03-11 14:01:32.120,1,0.32645337927670504,486.1371357433615,0.0,
2021-03-11 14:01:32.130,1,0.3187513934725596,488.7663300521102,0.0,
2021-03-11 14:01:32.140,1,0.2911121870288675,489.1545512903169,0.0,
2021-03-11 14:01:32.150,1,0.3383549198519489,482.38111325458345,0.0,
2021-03-11 14:01:32.160,1,0.2733326701653156,485.48923794256444,0.0,
2021-03-11 14:01:32.170,1,0.275593285724912,485.2119880954232,0.0,
2021-03-11 14:01:32.180,1,0.2912135200099772,489.5575108351806,0.0,
2021-03-11 14:01:32.190,1,0.2578486807383982,488.2141650685328,0.0,
2021-03-11 14:01:32.200,1,0.3195059096225036,486.1111647898862,0.0,
2021-03-11 14:01:32.210,1,0.3071516789512373,483.76068384941726,0.0,
2021-03-11 14:01:32.220,1,0.310418051328594,483.84491422651183,0.0,
2021-03-11 14:01:32.230,1,0.2458927959984022,483.55063112188384,0.0,
2021-03-11 14:01:32.240,1,0.2879570544994451,490.2980552177861,0.0,
2021-03-11 14:01:32.250,1,0.3514200224736012,487.59252089130615,0.0,
2021-03-11 14:01:32.260,1,0.2796551567644375,490.4866884950853,0.0,
2021-03-11 14:01:32.270,1,0.2787835697265226,489.8925878064081,0.0,
2021-03-11 14:01:32.280,1,0.3081031500785565,484.7218364628658,0.0,
2021-03-11 14:01:32.290,1,0.2984191908683861,483.5959435396418,0.0,
2021-03-11 14:01:32.300,1,0.2641531587533668,487.32250339889936,0.0,
2021-03-11 14:01:32.310,1,0.3505942883039011,489.6460182997802,0.0,
2021-03-11 14:01:32.320,1,0.3157043630638937,484.4576668529158,0.0,
2021-03-11 14:01:32.330,1,0.3139016289282628,489.55732973622077,0.0,
2021-03-11 14:01:32.340,1,0.286580072590843,492.2455877032352,0.0,
2021-03-11 14:01:32.350,1,0.2781719356499292,491.1954701281003,0.0,
2021-03-11 14:01:32.360,1,0.2679857999545366,488.6617289322401,0.0,
2021-03-11 14:01:32.370,1,0.266582083764092,489.5016718094459,0.0,
2021-03-11 14:01:32.380,1,0.355254254047293,492.1566914687498,0.0,
2021-03-11 14:01:32.390,1,0.3499699032235328,483.9451104905011,0.0,
2021-03-11 14:01:32.400,1,0.3541202112669419,490.8637236183607,0.0,
2021-03-11 14:01:32.410,1,0.3131334456830051,484.6555344370191,0.0,
2021-03-11 14:01:32.420,1,0.3211589049497028,492.7255968831985,0.0,
2021-03-11 14:01:32.430,1,0.3516779084404311,492.24315930222224,0.0,
2021-03-11 14:01:32.440,1,0.2714708922071898,492.3075917794381,0.0,
2021-03-11 14:01:32.450,1,0.3625599381864952,491.3453567017794,0.0,
2021-03-11 14:01:32.460,1,0.3026554117046231,495.1766506593666,0.0,
2021-03-11 14:01:32.470,1,0.2733603468696127,494.3493459998443,0.0,
2021-03-11 14:01:32.480,1,0.3026683940656898,493.7990418994564,0.0,
2021-03-11 14:01:32.490,1,0.3098412822404369,493.4740338190367,0.0,
2021-03-11 14:01:32.500,1,0.3294449312693432,486.30833463917435,0.0,
2021-03-11 14:01:32.510,1,0.2548772592918196,484.6476558686858,0.0,
2021-03-11 14:01:32.520,1,0.2943375029614412,490.4335001981314,0.0,
2021-03-11 14:01:32.530,1,0.3168897194013261,493.4457052575942,0.0,
2021-03-11 14:01:32.540,1,0.3715872364933484,489.531369111209,0.0,
2021-03-11 14:01:32.550,1,0.3668297605632561,485.12434709909934,0.0,
2021-03-11 14:01:32.560,1,0.3514798290152766,489.18634434934603,0.0,
2021-03-11 14:01:32.570,1,0.3649511371737958,487.5412046845689,0.0,
2021-03-11 14:01:32.580,1,0.3339724949386277,484.00800851984235,0.0,
2021-03-11 14:01:32.590,1,0.2804158974215678,486.04717851816696,0.0,
2021-03-11 14:01:32.600,1,0.312063598053434,484.96309713456617,0.0,
2021-03-11 14:01:32.610,1,0.3171554927258976,486.13943684232095,0.0,
2021-03-11 14:01:32.620,1,0.2868984838565279,480.5029547648327,0.0,
2021-03-11 14:01:32.630,1,0.3248063916230131,483.7209232982415,0.0,
2021-03-11 14:01:32.640,1,0.3338637536063989,484.3364541390197,0.0,
2021-03-11 14:01:32.650,1,0.2713649559180391,481.8040371834282,0.0,
2021-03-11 14:01:32.660,1,0.3594034275057255,481.18841816459695,0.0,
2021-03-11 14:01:32.670,1,0.3330773900766587,481.84691361784064,0.0,
2021-03-11 14:01:32.680,1,0.3110337891918893,482.56220152405194,0.0,
2021-03-11 14:01:32.690,1,0.2994795789478848,483.11798332318494,0.0,
2021-03-11 14:01:32.700,1,0.3372431788505955,482.49739647604866,0.0,
2021-03-11 14:01:32.710,1,0.2382345765303042,481.0785837715468,0.0,
2021-03-11 14:01:32.720,1,0.2813067093984657,482.1672372742307,0.0,
2021-03-11 14:01:32.730,1,0.2329441737548562,480.95575618242754,0.0,
2021-03-11 14:01:32.740,1,0.3331820316272091,479.8197209376899,0.0,
2021-03-11 14:01:32.750,1,0.2432849128954826,477.3535051732364,0.0,
2021-03-11 14:01:32.760,1,0.2710323201128601,478.7631858004927,0.0,
2021-03-11 14:01:32.770,1,0.3351363487680864,476.5080544245722,0.0,
2021-03-11 14:01:32.780,1,0.2792373041409343,475.4674901788311,0.0,
2021-03-11 14:01:32.790,1,0.3112212394200551,477.6154946843093,0.0,
2021-03-11 14:01:32.800,1,0.2681090991407718,480.58456816531236,0.0,
2021-03-11 14:01:32.810,1,0.3058288099629289,474.63511784135846,0.0,
2021-03-11 14:01:32.820,1,0.2959868856135064,479.7776414998482,0.0,
2021-03-11 14:01:32.830,1,0.2389168933232848,477.4580409734552,0.0,
2021-03-11 14:01:32.840,1,0.2662154081751547,478.7757146289569,0.0,
2021-03-11 14:01:32.850,1,0.2294176929761621,481.51846171560686,0.0,
2021-03-11 14:01:32.860,1,0.3134902080273446,483.9741410107088,0.0,
2021-03-11 14:01:32.870,1,0.3008586700123737,479.40625881347535,0.0,
2021-03-11 14:01:32.880,1,0.303708435583956,480.54929976399256,0.0,
2021-03-11 14:01:32.890,1,0.2627257388235756,482.8875941328502,0.0,
2021-03-11 14:01:32.900,1,0.2865430590494333,479.5297172751335,0.0,
2021-03-11 14:01:32.910,1,0.2797977077787039,483.6819367448352,0.0,
2021-03-11 14:01:32.920,1,0.2270873623767194,482.0225596830574,0.0,
2021-03-11 14:01:32.930,1,0.254460419071199,483.8910392906706,0.0,
2021-03-11 14:01:32.940,1,0.2005666552368991,484.12799181793457,0.0,
2021-03-11 14:01:32.950,1,0.2839195943795629,488.79816897357836,0.0,
2021-03-11 14:01:32.960,1,0.2853847534917509,483.1641906839973,0.0,
2021-03-11 14:01:32.970,1,0.2695337485637272,484.49132119959603,0.0,
2021-03-11 14:01:32.980,1,0.2603150835045042,485.9548409487449,0.0,
2021-03-11 14:01:32.990,1,0.2349770605849707,488.61887452100297,0.0,
2021-03-11 14:01:33.000,1,0.2246640919861824,485.22593693820846,0.0,
2021-03-11 14:01:33.010,1,0.1871381190377197,489.1554103736392,0.0,
2021-03-11 14:01:33.020,1,0.2818122767414218,492.1508505322477,0.0,
2021-03-11 14:01:33.030,1,0.2584098846489934,491.1505988776857,0.0,
2021-03-11 14:01:33.040,1,0.2005628343671911,491.250833843538,0.0,
2021-03-11 14:01:33.050,1,0.2206818191517049,490.12451667624634,0.0,
2021-03-11 14:01:33.060,1,0.2431479637819679,490.7712459528162,0.0,
2021-03-11 14:01:33.070,1,0.2326771478157432,488.0057019946978,0.0,
2021-03-11 14:01:33.080,1,0.1993238029160227,486.5649366903331,0.0,
2021-03-11 14:01:33.090,1,0.27600532001272904,492.4910023254043,0.0,
2021-03-11 14:01:33.100,1,0.2207454926524109,490.2485880123235,0.0,
2021-03-11 14:01:33.110,1,0.1970802351284984,492.00323359170784,0.0,
2021-03-11 14:01:33.120,1,0.2856100724521618,491.12651739523596,0.0,
2021-03-11 14:01:33.130,1,0.26533633858072103,492.2494342508023,0.0,
2021-03-11 14:01:33.140,1,0.2642149095630572,492.57528942130426,0.0,
2021-03-11 14:01:33.150,1,0.2835361293706388,493.96991741025977,0.0,
2021-03-11 14:01:33.160,1,0.2335810180579475,497.917867120464,0.0,
2021-03-11 14:01:33.170,1,0.2473830283008772,490.59347023151474,0.0,
2021-03-11 14:01:33.180,1,0.2949655671253872,496.28979013863335,0.0,
2021-03-11 14:01:33.190,1,0.2733615685208775,486.8687073075873,0.0,
2021-03-11 14:01:33.200,1,0.2265511903908837,490.9576272526748,0.0,
2021-03-11 14:01:33.210,1,0.2337107087155695,495.78792748831637,0.0,
2021-03-11 14:01:33.220,1,0.30804009472661104,491.5714356610076,0.0,
2021-03-11 14:01:33.230,1,0.2665075284599787,486.295900107998,0.0,
2021-03-11 14:01:33.240,1,0.2390562777393733,489.8834903744386,0.0,
2021-03-11 14:01:33.250,1,0.23909387476599805,494.9324700856262,0.0,
2021-03-11 14:01:33.260,1,0.3109040518934497,490.2737284770314,0.0,
2021-03-11 14:01:33.270,1,0.2533670257262058,486.1580679862941,0.0,
2021-03-11 14:01:33.280,1,0.3145009681064155,488.18139227912906,0.0,
2021-03-11 14:01:33.290,1,0.3088530339101524,491.9452067710929,0.0,
2021-03-11 14:01:33.300,1,0.3266401642191926,485.17580595425545,0.0,
2021-03-11 14:01:33.310,1,0.2510423829598669,487.7800669592252,0.0,
2021-03-11 14:01:33.320,1,0.2680887178255559,487.3391185440154,0.0,
2021-03-11 14:01:33.330,1,0.3315534948664306,486.1896647199953,0.0,
2021-03-11 14:01:33.340,1,0.2823510106663497,489.9799855241175,0.0,
2021-03-11 14:01:33.350,1,0.2719361284123278,489.4375777242543,0.0,
2021-03-11 14:01:33.360,1,0.3147112910589014,488.0791709662981,0.0,
2021-03-11 14:01:33.370,1,0.2850654081273999,485.1913683562752,0.0,
2021-03-11 14:01:33.380,1,0.2543139464500611,483.9614503596469,0.0,
2021-03-11 14:01:33.390,1,0.3298764145592075,481.7028340286892,0.0,
2021-03-11 14:01:33.400,1,0.3818010177291844,487.56779221737776,0.0,
2021-03-11 14:01:33.410,1,0.3521668287692171,487.8587241744688,0.0,
2021-03-11 14:01:33.420,1,0.3195571544029721,486.0578362001521,0.0,
2021-03-11 14:01:33.430,1,0.3084491147465578,482.8998286125553,0.0,
2021-03-11 14:01:33.440,1,0.3482868431370198,487.14150710061705,0.0,
2021-03-11 14:01:33.450,1,0.3304053392871726,484.9294187462455,0.0,
2021-03-11 14:01:33.460,1,0.2913415865519468,484.571099553748,0.0,
2021-03-11 14:01:33.470,1,0.4056388774991669,484.41024571443376,0.0,
2021-03-11 14:01:33.480,1,0.3494661782609064,487.325606696916,0.0,
2021-03-11 14:01:33.490,1,0.4066698302647106,486.95969344582113,0.0,
2021-03-11 14:01:33.500,1,0.3557758261326855,482.9267971685052,0.0,
2021-03-11 14:01:33.510,1,0.2846790391137005,486.88935119383143,0.0,
2021-03-11 14:01:33.520,1,0.33281806107605105,483.00506724555163,0.0,
2021-03-11 14:01:33.530,1,0.3935966116643487,484.24230881740374,0.0,
2021-03-11 14:01:33.540,1,0.2835317041668473,491.2568775664538,0.0,
2021-03-11 14:01:33.550,1,0.3960686485523884,488.3296898039832,0.0,
2021-03-11 14:01:33.560,1,0.2969138593003321,484.4438242768254,0.0,
2021-03-11 14:01:33.570,1,0.3679401213425891,485.2972729318779,0.0,
2021-03-11 14:01:33.580,1,0.3014280092092413,489.789028187108,0.0,
2021-03-11 14:01:33.590,1,0.3009188724356851,485.4096647104825,0.0,
2021-03-11 14:01:33.600,1,0.2863786757077746,484.3944244104454,0.0,
2021-03-11 14:01:33.610,1,0.3553369963014861,491.6527905865977,0.0,
2021-03-11 14:01:33.620,1,0.4234854654185679,490.2801833930156,0.0,
2021-03-11 14:01:33.630,1,0.2781022953015158,490.4639395563742,0.0,
2021-03-11 14:01:33.640,1,0.34046476263797104,491.86842390407526,0.0,
2021-03-11 14:01:33.650,1,0.3018303522580146,489.6086829955632,0.0,
2021-03-11 14:01:33.660,1,0.3657945761992477,488.2978887876618,0.0,
2021-03-11 14:01:33.670,1,0.3802036227206324,488.52975803694085,0.0,
2021-03-11 14:01:33.680,1,0.316309098042402,487.1681177525276,0.0,
2021-03-11 14:01:33.690,1,0.3251214265397694,492.8862457040735,0.0,
2021-03-11 14:01:33.700,1,0.3614835794716404,489.1463993618245,0.0,
2021-03-11 14:01:33.710,1,0.3416195984089166,488.2162653136737,0.0,
2021-03-11 14:01:33.720,1,0.3142188915636824,494.9054784304101,0.0,
2021-03-11 14:01:33.730,1,0.323105583601901,492.9971156377333,0.0,
2021-03-11 14:01:33.740,1,0.3488207730032455,493.34795577511255,0.0,
2021-03-11 14:01:33.750,1,0.3891112247908588,490.9351399870017,0.0,
2021-03-11 14:01:33.760,1,0.374815550556878,492.9383233543852,0.0,
2021-03-11 14:01:33.770,1,0.4165987640551236,494.6544110732601,0.0,
2021-03-11 14:01:33.780,1,0.4154739576121995,495.03303737178237,0.0,
2021-03-11 14:01:33.790,1,0.4107036683297476,495.0267626704925,0.0,
2021-03-11 14:01:33.800,1,0.3449233308630138,495.3458343597474,0.0,
2021-03-11 14:01:33.810,1,0.3148267755431188,496.91149042406647,0.0,
2021-03-11 14:01:33.820,1,0.2838223436817839,493.4994143437072,0.0,
2021-03-11 14:01:33.830,1,0.3254954036417506,496.2461162026654,0.0,
2021-03-11 14:01:33.840,1,0.2864548795296136,492.6821118050594,0.0,
2021-03-11 14:01:33.850,1,0.4036237869818695,491.62373101461714,0.0,
2021-03-11 14:01:33.860,1,0.3445490019068954,492.4004624397496,0.0,
2021-03-11 14:01:33.870,1,0.3949586203433565,494.9858454741673,0.0,
2021-03-11 14:01:33.880,1,0.3928501899053883,492.89313247842296,0.0,
2021-03-11 14:01:33.890,1,0.2894996168903231,494.7297188180799,0.0,
2021-03-11 14:01:33.900,1,0.3049649577366773,492.4462374921337,0.0,
2021-03-11 14:01:33.910,1,0.3857901575061266,488.1191292705834,0.0,
2021-03-11 14:01:33.920,1,0.3303408786350746,488.94291807806366,0.0,
2021-03-11 14:01:33.930,1,0.3862292404546834,490.2290394497953,0.0,
2021-03-11 14:01:33.940,1,0.3298779324301096,490.3837140321261,0.0,
2021-03-11 14:01:33.950,1,0.3916117636363093,487.9332285298685,0.0,
2021-03-11 14:01:33.960,1,0.3537683946223549,487.7584171478186,0.0,
2021-03-11 14:01:33.970,1,0.3178883964801381,487.9959771205727,0.0,
2021-03-11 14:01:33.980,1,0.3446244700824181,488.92412861776876,0.0,
2021-03-11 14:01:33.990,1,0.3892206793873397,482.86701418987207,0.0,
2021-03-11 14:01:34.000,1,0.3553463487504799,487.03885612181847,0.0,
2021-03-11 14:01:34.010,1,0.3215275356201365,483.77693522035037,0.0,
2021-03-11 14:01:34.020,1,0.3459205520494468,485.2032858258986,0.0,
2021-03-11 14:01:34.030,1,0.3568071938569998,484.8190517776568,0.0,
2021-03-11 14:01:34.040,1,0.2777770559296563,485.62186183651977,0.0,
2021-03-11 14:01:34.050,1,0.2787249869221656,486.39720618817057,0.0,
2021-03-11 14:01:34.060,1,0.3336693388546939,483.3847757873362,0.0,
2021-03-11 14:01:34.070,1,0.3133816993250575,484.3956278449167,0.0,
2021-03-11 14:01:34.080,1,0.2724399958302553,482.42265196619684,0.0,
2021-03-11 14:01:34.090,1,0.3296789733836676,484.5778176909864,0.0,
2021-03-11 14:01:34.100,1,0.2729974265590801,483.2836434702148,0.0,
2021-03-11 14:01:34.110,1,0.2795963119343204,479.64925971041436,0.0,
2021-03-11 14:01:34.120,1,0.2812991688583233,480.5306568785611,0.0,
2021-03-11 14:01:34.130,1,0.3102592847844345,485.12653348354746,0.0,
2021-03-11 14:01:34.140,1,0.3598155905392003,484.267704937475,0.0,
2021-03-11 14:01:34.150,1,0.3980185489158441,477.80627577796054,0.0,
2021-03-11 14:01:34.160,1,0.3280137098768544,474.7168414145029,0.0,
2021-03-11 14:01:34.170,1,0.306716028158689,475.3122892313045,0.0,
2021-03-11 14:01:34.180,1,0.2959072820893061,482.4016952932385,0.0,
2021-03-11 14:01:34.190,1,0.3382341917635084,482.4101301352028,0.0,
2021-03-11 14:01:34.200,1,0.4111919549612478,483.04392425668937,0.0,
2021-03-11 14:01:34.210,1,0.4165514920972369,479.0784186115174,0.0,
2021-03-11 14:01:34.220,1,0.3132884936811936,482.09107706876745,0.0,
2021-03-11 14:01:34.230,1,0.4218818016111152,478.6677292108519,0.0,
2021-03-11 14:01:34.240,1,0.4046694547947473,480.1247633754227,0.0,
2021-03-11 14:01:34.250,1,0.3672392418868377,480.3873490908734,0.0,
2021-03-11 14:01:34.260,1,0.4166814235773686,476.6792298443624,0.0,
2021-03-11 14:01:34.270,1,0.4163638015609601,480.6815228922105,0.0,
2021-03-11 14:01:34.280,1,0.3196408669480309,480.2085243088645,0.0,
2021-03-11 14:01:34.290,1,0.3181467384594497,486.9036570994371,0.0,
2021-03-11 14:01:34.300,1,0.3507252079867807,487.3299375446412,0.0,
2021-03-11 14:01:34.310,1,0.4433546546583486,481.2790856621555,0.0,
2021-03-11 14:01:34.320,1,0.3351550877272172,486.7516972061354,0.0,
2021-03-11 14:01:34.330,1,0.4419277279999777,488.04451058216864,0.0,
2021-03-11 14:01:34.340,1,0.4697965254011984,482.99659707141467,0.0,
2021-03-11 14:01:34.350,1,0.4367617357219645,487.7392893713472,0.0,
2021-03-11 14:01:34.360,1,0.4290137494356318,484.15572418791396,0.0,
2021-03-11 14:01:34.370,1,0.3255619636597737,486.0247427242485,0.0,
2021-03-11 14:01:34.380,1,0.4504336058294621,484.85852360131554,0.0,
2021-03-11 14:01:34.390,1,0.4624945989958759,491.1446461988618,0.0,
2021-03-11 14:01:34.400,1,0.3315224515128586,480.06693754243753,0.0,
2021-03-11 14:01:34.410,1,0.3757602469080242,487.3655385388289,0.0,
2021-03-11 14:01:34.420,1,0.4277592493221486,486.52272987624536,0.0,
2021-03-11 14:01:34.430,1,0.4759828053963472,486.98905300499916,0.0,
2021-03-11 14:01:34.440,1,0.4804418807150931,488.6329700777693,0.0,
2021-03-11 14:01:34.450,1,0.4628381271995722,490.89086262507067,0.0,
2021-03-11 14:01:34.460,1,0.4006075261691638,489.16881522500773,0.0,
2021-03-11 14:01:34.470,1,0.4977701065908972,490.9755233489971,0.0,
2021-03-11 14:01:34.480,1,0.4256791398331827,487.1338180190082,0.0,
2021-03-11 14:01:34.490,1,0.3864275293107903,486.0175370694457,0.0,
2021-03-11 14:01:34.500,1,0.4922776245579865,488.6477456082061,0.0,
2021-03-11 14:01:34.510,1,0.4840471894357775,492.7933145476094,0.0,
2021-03-11 14:01:34.520,1,0.3654252356121467,488.3475484588428,0.0,
2021-03-11 14:01:34.530,1,0.4627901815872077,488.5875006396117,0.0,
2021-03-11 14:01:34.540,1,0.381636800394428,486.5855894385946,0.0,
2021-03-11 14:01:34.550,1,0.4283358003550376,485.7148399535968,0.0,
2021-03-11 14:01:34.560,1,0.3455964011527387,486.3666081161948,0.0,
2021-03-11 14:01:34.570,1,0.3871389257097219,487.0118633207009,0.0,
2021-03-11 14:01:34.580,1,0.4043562968886077,486.7994616487169,0.0,
2021-03-11 14:01:34.590,1,0.4081295886428495,483.8503886428849,0.0,
2021-03-11 14:01:34.600,1,0.4102888681088557,491.81321529483427,0.0,
2021-03-11 14:01:34.610,1,0.3426042314351154,485.36179251888717,0.0,
2021-03-11 14:01:34.620,1,0.4109013181961719,486.2589999643893,0.0,
2021-03-11 14:01:34.630,1,0.3763913401759223,485.9036748152428,0.0,
2021-03-11 14:01:34.640,1,0.3821417102759836,481.93775538000773,0.0,
2021-03-11 14:01:34.650,1,0.509884077987449,481.75570971757065,0.0,
2021-03-11 14:01:34.660,1,0.3647229327518928,486.2510302606913,0.0,
2021-03-11 14:01:34.670,1,0.3994868783249816,486.4633545078434,0.0,
2021-03-11 14:01:34.680,1,0.3497339463509413,484.90935972418646,0.0,
2021-03-11 14:01:34.690,1,0.4606064974174982,482.6105429699581,0.0,
2021-03-11 14:01:34.700,1,0.4856690916788377,484.6415063539339,0.0,
2021-03-11 14:01:34.710,1,0.4035239479744277,483.0855689513786,0.0,
2021-03-11 14:01:34.720,1,0.3826696322303033,483.21339763885584,0.0,
2021-03-11 14:01:34.730,1,0.4090727796941061,487.4102003077766,0.0,
2021-03-11 14:01:34.740,1,0.4467055660681013,479.02126009980765,0.0,
2021-03-11 14:01:34.750,1,0.4432714341347593,482.24465590605047,0.0,
2021-03-11 14:01:34.760,1,0.4811049862046344,479.8297377142893,0.0,
2021-03-11 14:01:34.770,1,0.4661523339595663,483.3334843614711,0.0,
2021-03-11 14:01:34.780,1,0.3807342320623332,484.09077610855,0.0,
2021-03-11 14:01:34.790,1,0.3692001555948087,479.7795640912487,0.0,
2021-03-11 14:01:34.800,1,0.3329359638702951,476.81113459462745,0.0,
2021-03-11 14:01:34.810,1,0.3417689493478534,476.9049543978977,0.0,
2021-03-11 14:01:34.820,1,0.4271190147269652,482.59226417505903,0.0,
2021-03-11 14:01:34.830,1,0.3781874832094814,483.4359901501534,0.0,
2021-03-11 14:01:34.840,1,0.4318624589025108,487.34824808702456,0.0,
2021-03-11 14:01:34.850,1,0.3976736893254071,484.7441451618146,0.0,
2021-03-11 14:01:34.860,1,0.40393304155516496,486.38388198297514,0.0,
2021-03-11 14:01:34.870,1,0.3115175864386195,481.8860754338504,0.0,
2021-03-11 14:01:34.880,1,0.442037894586659,488.15657487542364,0.0,
2021-03-11 14:01:34.890,1,0.3997915410115245,484.5642985994989,0.0,
2021-03-11 14:01:34.900,1,0.2963210963676277,486.86457823218353,0.0,
2021-03-11 14:01:34.910,1,0.289708848659411,484.7007124738463,0.0,
2021-03-11 14:01:34.920,1,0.4281804978038055,488.0781595741248,0.0,
2021-03-11 14:01:34.930,1,0.4124014278578421,488.7624739203375,0.0,
2021-03-11 14:01:34.940,1,0.2933370171645278,486.15362338862917,0.0,
2021-03-11 14:01:34.950,1,0.3644556071620074,484.14919330402944,0.0,
2021-03-11 14:01:34.960,1,0.2864692005059109,486.1634303622689,0.0,
2021-03-11 14:01:34.970,1,0.4035867426845014,486.7512184116258,0.0,
2021-03-11 14:01:34.980,1,0.4025145285134514,487.714472339082,0.0,
2021-03-11 14:01:34.990,1,0.3690803276489582,496.2048625022914,0.0,
2021-03-11 14:01:35.000,1,0.3492285324674721,490.4707484841514,0.0,
2021-03-11 14:01:35.010,1,0.3202049511095233,492.00451794870116,0.0,
2021-03-11 14:01:35.020,1,0.3231723249185215,490.0914892096895,0.0,
2021-03-11 14:01:35.030,1,0.3275276954618774,491.029753543134,0.0,
2021-03-11 14:01:35.040,1,0.4065564805062012,491.6916824334875,0.0,
2021-03-11 14:01:35.050,1,0.3175391448417685,497.32517519782135,0.0,
2021-03-11 14:01:35.060,1,0.3833849981811601,497.1805819638111,0.0,
2021-03-11 14:01:35.070,1,0.411950810971617,493.63433310634423,0.0,
2021-03-11 14:01:35.080,1,0.2933911458237795,498.4411108351024,0.0,
2021-03-11 14:01:35.090,1,0.3546903087649452,501.192212100309,0.0,
2021-03-11 14:01:35.100,1,0.3260270824773535,497.6805545210102,0.0,
2021-03-11 14:01:35.110,1,0.3545667798094364,501.1515770647197,0.0,
2021-03-11 14:01:35.120,1,0.3148775059255427,498.162889392912,0.0,
2021-03-11 14:01:35.130,1,0.3414905546225041,497.3874800586159,0.0,
2021-03-11 14:01:35.140,1,0.3729972166055679,500.4533034374866,0.0,
2021-03-11 14:01:35.150,1,0.4075101386033348,499.8357805644337,0.0,
2021-03-11 14:01:35.160,1,0.3321540929316292,503.10116606858384,0.0,
2021-03-11 14:01:35.170,1,0.3083608301482357,499.5646780755621,0.0,
2021-03-11 14:01:35.180,1,0.3972178936620196,499.0308310606271,0.0,
2021-03-11 14:01:35.190,1,0.3611526095922635,504.1763950729437,0.0,
2021-03-11 14:01:35.200,1,0.4225691979752932,500.12500537051363,0.0,
2021-03-11 14:01:35.210,1,0.342793291116547,504.52574968376,0.0,
2021-03-11 14:01:35.220,1,0.2894016353390158,500.7395044144056,0.0,
2021-03-11 14:01:35.230,1,0.4065914948765528,503.1320492050863,0.0,
2021-03-11 14:01:35.240,1,0.3890472291274647,499.5033164062149,0.0,
2021-03-11 14:01:35.250,1,0.4356268397002178,497.1569635310707,0.0,
2021-03-11 14:01:35.260,1,0.3767249770448209,504.7773062305279,0.0,
2021-03-11 14:01:35.270,1,0.3981752964246045,499.99759782416834,0.0,
2021-03-11 14:01:35.280,1,0.4235201509761719,502.33905754995163,0.0,
2021-03-11 14:01:35.290,1,0.3761109885048232,496.555298257661,0.0,
2021-03-11 14:01:35.300,1,0.3383167987801241,502.5390818940935,0.0,
2021-03-11 14:01:35.310,1,0.4260431333228497,500.70220663542227,0.0,
2021-03-11 14:01:35.320,1,0.4270329393934082,498.40857556804366,0.0,
2021-03-11 14:01:35.330,1,0.4138770104203737,499.5216451735265,0.0,
2021-03-11 14:01:35.340,1,0.4487334261228614,494.9546507233882,0.0,
2021-03-11 14:01:35.350,1,0.4118732620294915,498.0755096574025,0.0,
2021-03-11 14:01:35.360,1,0.3299360909581915,500.20243648659454,0.0,
2021-03-11 14:01:35.370,1,0.3510604579134154,497.3122212952649,0.0,
2021-03-11 14:01:35.380,1,0.3812000324080214,501.1352877613295,0.0,
2021-03-11 14:01:35.390,1,0.4164130164395279,497.6333342423619,0.0,
2021-03-11 14:01:35.400,1,0.4611213036927217,496.49670068352,0.0,
2021-03-11 14:01:35.410,1,0.3914689727015208,495.82049324574166,0.0,
2021-03-11 14:01:35.420,1,0.3900020346665653,499.95714741626006,0.0,
2021-03-11 14:01:35.430,1,0.4325605567297638,494.19481522327095,0.0,
2021-03-11 14:01:35.440,1,0.4376518688995211,497.87832851992135,0.0,
2021-03-11 14:01:35.450,1,0.457027228670277,494.61339463416886,0.0,
2021-03-11 14:01:35.460,1,0.4629895621770313,497.10685679892316,0.0,
2021-03-11 14:01:35.470,1,0.4417268726905807,497.2574106197274,0.0,
2021-03-11 14:01:35.480,1,0.4572284135955585,495.9815165166593,0.0,
2021-03-11 14:01:35.490,1,0.3472224493063308,495.33294970023314,0.0,
2021-03-11 14:01:35.500,1,0.347255584453357,494.7594072138922,0.0,
2021-03-11 14:01:35.510,1,0.4376623863882868,497.0088907905887,0.0,
2021-03-11 14:01:35.520,1,0.4318775775764009,497.4220679742154,0.0,
2021-03-11 14:01:35.530,1,0.3941693637885063,493.2309351448328,0.0,
2021-03-11 14:01:35.540,1,0.4093487452023321,496.49584574882516,0.0,
2021-03-11 14:01:35.550,1,0.4291436456382861,503.8574055142215,0.0,
2021-03-11 14:01:35.560,1,0.4353329265623948,492.61449522047246,0.0,
2021-03-11 14:01:35.570,1,0.4232749376646553,496.4921485206965,0.0,
2021-03-11 14:01:35.580,1,0.3922048822971286,494.346125788129,0.0,
2021-03-11 14:01:35.590,1,0.3341772331998877,497.243398675538,0.0,
2021-03-11 14:01:35.600,1,0.4992319173743256,499.32895850170235,0.0,
2021-03-11 14:01:35.610,1,0.4141583709148138,496.6963725245597,0.0,
2021-03-11 14:01:35.620,1,0.3349315660636844,500.46048569898073,0.0,
2021-03-11 14:01:35.630,1,0.4048796538734475,503.383892279185,0.0,
2021-03-11 14:01:35.640,1,0.3844348267858805,506.00118594692003,0.0,
2021-03-11 14:01:35.650,1,0.4881281081175364,503.5188021974757,0.0,
2021-03-11 14:01:35.660,1,0.4326546302733389,498.4098847420355,0.0,
2021-03-11 14:01:35.670,1,0.3638938582338026,505.5671901276512,0.0,
2021-03-11 14:01:35.680,1,0.4555600052715648,504.3344951928037,0.0,
2021-03-11 14:01:35.690,1,0.3848453150856855,498.6221179307442,0.0,
2021-03-11 14:01:35.700,1,0.4199598280134227,500.41073582080963,0.0,
2021-03-11 14:01:35.710,1,0.4372202662238628,505.43846492593366,0.0,
2021-03-11 14:01:35.720,1,0.4267026378443045,505.2776111131733,0.0,
2021-03-11 14:01:35.730,1,0.3711340921382747,507.6775850792503,0.0,
2021-03-11 14:01:35.740,1,0.4296759265471228,506.7661248571672,0.0,
2021-03-11 14:01:35.750,1,0.3666680466104026,505.81653029214937,0.0,
2021-03-11 14:01:35.760,1,0.4253458784194408,507.2026979618559,0.0,
2021-03-11 14:01:35.770,1,0.4085937176746201,505.3868353149143,0.0,
2021-03-11 14:01:35.780,1,0.4520059467924783,508.1954219359803,0.0,
2021-03-11 14:01:35.790,1,0.4402242020218202,508.54101627328765,0.0,
2021-03-11 14:01:35.800,1,0.36699104927052,508.47007414886576,0.0,
2021-03-11 14:01:35.810,1,0.4005606240396024,512.0457133612039,0.0,
2021-03-11 14:01:35.820,1,0.3422874644083422,509.0976544117048,0.0,
2021-03-11 14:01:35.830,1,0.3869805925649054,507.8466675863533,0.0,
2021-03-11 14:01:35.840,1,0.3682063836490848,503.2318828024223,0.0,
2021-03-11 14:01:35.850,1,0.4325518621013608,510.1049220864399,0.0,
2021-03-11 14:01:35.860,1,0.3874763601367476,505.4197770747816,0.0,
2021-03-11 14:01:35.870,1,0.3232769045597156,511.6227430199884,0.0,
2021-03-11 14:01:35.880,1,0.3787508356753217,506.2773066306508,0.0,
2021-03-11 14:01:35.890,1,0.4036637777598603,508.5049956700643,0.0,
2021-03-11 14:01:35.900,1,0.3937634529056953,513.817413554093,0.0,
2021-03-11 14:01:35.910,1,0.294371750177157,508.6571760509373,0.0,
2021-03-11 14:01:35.920,1,0.4000505119445226,507.7191036239595,0.0,
2021-03-11 14:01:35.930,1,0.3039975893148318,505.38450359245286,0.0,
2021-03-11 14:01:35.940,1,0.4330081234751828,506.49898122179087,0.0,
2021-03-11 14:01:35.950,1,0.35865187580883706,501.8102246121437,0.0,
2021-03-11 14:01:35.960,1,0.3054322445659817,503.0447687761602,0.0,
2021-03-11 14:01:35.970,1,0.3979286184922971,506.05535406524245,0.0,
2021-03-11 14:01:35.980,1,0.2962644687604284,498.76871295571465,0.0,
2021-03-11 14:01:35.990,1,0.3657523999725692,503.7151921658786,0.0,
2021-03-11 14:01:36.000,1,0.29987984074647,501.6639329340841,0.0,
2021-03-11 14:01:36.010,1,0.3393215042185351,501.9016189299034,0.0,
2021-03-11 14:01:36.020,1,0.3514227147439472,502.8061759248124,0.0,
2021-03-11 14:01:36.030,1,0.3327418293618696,504.3957741129562,0.0,
2021-03-11 14:01:36.040,1,0.341599711748849,500.2965231622869,0.0,
2021-03-11 14:01:36.050,1,0.435502807537387,503.7074607765435,0.0,
2021-03-11 14:01:36.060,1,0.3535709302740355,500.4442119163816,0.0,
2021-03-11 14:01:36.070,1,0.3958291628839196,494.9548790799209,0.0,
2021-03-11 14:01:36.080,1,0.3943743196981964,497.4069458150447,0.0,
2021-03-11 14:01:36.090,1,0.3615607888821324,499.31871456493246,0.0,
2021-03-11 14:01:36.100,1,0.3857036284624779,500.59863510433945,0.0,
2021-03-11 14:01:36.110,1,0.3024585268738621,498.46318804619085,0.0,
2021-03-11 14:01:36.120,1,0.4153953117335432,501.2957226812706,0.0,
2021-03-11 14:01:36.130,1,0.32774640731238497,497.16061680455664,0.0,
2021-03-11 14:01:36.140,1,0.4114941185072518,500.633493427758,0.0,
2021-03-11 14:01:36.150,1,0.3203181224645461,499.0684272073867,0.0,
2021-03-11 14:01:36.160,1,0.3710760950266742,498.5557840974497,0.0,
2021-03-11 14:01:36.170,1,0.4116157815621192,493.7896546533374,0.0,
2021-03-11 14:01:36.180,1,0.3271109185573239,494.77181983490516,0.0,
2021-03-11 14:01:36.190,1,0.3585320916758736,501.67172296918517,0.0,
2021-03-11 14:01:36.200,1,0.430565572652719,495.7771265878331,0.0,
2021-03-11 14:01:36.210,1,0.4066873452779581,496.5754952068245,0.0,
2021-03-11 14:01:36.220,1,0.4691152793433197,491.9666348076295,0.0,
2021-03-11 14:01:36.230,1,0.4745417216680268,492.7211340197753,0.0,
2021-03-11 14:01:36.240,1,0.4759957665366624,494.2840796313771,0.0,
2021-03-11 14:01:36.250,1,0.4530591450637216,494.55860341215936,0.0,
2021-03-11 14:01:36.260,1,0.3499155311685293,497.3517549504437,0.0,
2021-03-11 14:01:36.270,1,0.3300575849309515,494.7160846834546,0.0,
2021-03-11 14:01:36.280,1,0.3369196616734521,494.6687386375753,0.0,
2021-03-11 14:01:36.290,1,0.4798746137793929,495.9672905774688,0.0,
2021-03-11 14:01:36.300,1,0.3496191185503141,498.0641276021534,0.0,
2021-03-11 14:01:36.310,1,0.3653371305833442,491.0312598487522,0.0,
2021-03-11 14:01:36.320,1,0.487969584325309,496.5056366294333,0.0,
2021-03-11 14:01:36.330,1,0.3490924525205885,499.9492986372538,0.0,
2021-03-11 14:01:36.340,1,0.4935812955804124,500.1347812009493,0.0,
2021-03-11 14:01:36.350,1,0.4102086696390042,502.0157277315578,0.0,
2021-03-11 14:01:36.360,1,0.482670456564874,497.08229365097793,0.0,
2021-03-11 14:01:36.370,1,0.4504944611130209,500.0493005062041,0.0,
2021-03-11 14:01:36.380,1,0.4087560939520068,498.95091637441607,0.0,
2021-03-11 14:01:36.390,1,0.4062170667250028,501.45349698188585,0.0,
2021-03-11 14:01:36.400,1,0.3771183983721955,499.3896558093381,0.0,
2021-03-11 14:01:36.410,1,0.5255051524949234,499.5594923669788,0.0,
2021-03-11 14:01:36.420,1,0.5394239056861886,498.7509852547398,0.0,
2021-03-11 14:01:36.430,1,0.4011112372767398,502.63463025122377,0.0,
2021-03-11 14:01:36.440,1,0.4934407693758619,504.01595241606543,0.0,
2021-03-11 14:01:36.450,1,0.4593002724843764,498.6338524143005,0.0,
2021-03-11 14:01:36.460,1,0.3898837808766623,504.7015987398189,0.0,
2021-03-11 14:01:36.470,1,0.5181475128505763,502.6177072464701,0.0,
2021-03-11 14:01:36.480,1,0.4254148890553082,505.1846681806395,0.0,
2021-03-11 14:01:36.490,1,0.5528264794112018,502.0934493478673,0.0,
2021-03-11 14:01:36.500,1,0.4088893819219986,503.6904039151627,0.0,
2021-03-11 14:01:36.510,1,0.5543333298973093,501.41060733033913,0.0,
2021-03-11 14:01:36.520,1,0.3906424520686453,501.0943988351461,0.0,
2021-03-11 14:01:36.530,1,0.3804821496750047,506.029767559636,0.0,
2021-03-11 14:01:36.540,1,0.5589420974836955,503.4738485806382,0.0,
2021-03-11 14:01:36.550,1,0.5209350266035114,503.78792022772905,0.0,
2021-03-11 14:01:36.560,1,0.4509807664538271,499.48229194321937,0.0,
2021-03-11 14:01:36.570,1,0.4108519430665728,506.9985477760952,0.0,
2021-03-11 14:01:36.580,1,0.528356461845441,501.32878455059415,0.0,
2021-03-11 14:01:36.590,1,0.5271453091776367,498.5238629315497,0.0,
2021-03-11 14:01:36.600,1,0.5448588219523166,496.3748141910471,0.0,
2021-03-11 14:01:36.610,1,0.3901931690584158,500.98554190848915,0.0,
2021-03-11 14:01:36.620,1,0.3968143402174373,505.61538264066877,0.0,
2021-03-11 14:01:36.630,1,0.448433670965207,500.9520402229097,0.0,
2021-03-11 14:01:36.640,1,0.5146536274309914,501.7232970442356,0.0,
2021-03-11 14:01:36.650,1,0.4549617628330396,500.42880709153184,0.0,
2021-03-11 14:01:36.660,1,0.5451702819655753,499.1619490511145,0.0,
2021-03-11 14:01:36.670,1,0.5450725575849149,499.2186564535163,0.0,
2021-03-11 14:01:36.680,1,0.3829562069736351,497.5324825725356,0.0,
2021-03-11 14:01:36.690,1,0.5251348749270335,501.31047255340826,0.0,
2021-03-11 14:01:36.700,1,0.3844960872968011,497.6590439175223,0.0,
2021-03-11 14:01:36.710,1,0.495972560547247,502.0532191401831,0.0,
2021-03-11 14:01:36.720,1,0.5490840234168277,500.18013983819947,0.0,
2021-03-11 14:01:36.730,1,0.4742474339095626,495.22972949948985,0.0,
2021-03-11 14:01:36.740,1,0.5399962373483775,495.5378331904658,0.0,
2021-03-11 14:01:36.750,1,0.3742925165930905,497.33711912857177,0.0,
2021-03-11 14:01:36.760,1,0.4116699114736324,499.2356615379997,0.0,
2021-03-11 14:01:36.770,1,0.5181175977597299,496.54090271506936,0.0,
2021-03-11 14:01:36.780,1,0.5359335953732005,497.10105291636046,0.0,
2021-03-11 14:01:36.790,1,0.4427429572448166,501.4622037717557,0.0,
2021-03-11 14:01:36.800,1,0.3983455210664657,497.8566090496572,0.0,
2021-03-11 14:01:36.810,1,0.3905995134286229,494.0185571678051,0.0,
2021-03-11 14:01:36.820,1,0.5235782949575355,495.72885163071686,0.0,
2021-03-11 14:01:36.830,1,0.4142635587598268,494.83959407746033,0.0,
2021-03-11 14:01:36.840,1,0.5168462823475528,495.4888837304004,0.0,
2021-03-11 14:01:36.850,1,0.40714121032663503,495.184124680494,0.0,
2021-03-11 14:01:36.860,1,0.3685298364873812,497.90508286953536,0.0,
2021-03-11 14:01:36.870,1,0.4118113064227995,494.7802836820043,0.0,
2021-03-11 14:01:36.880,1,0.4317188049113193,497.5524676166681,0.0,
2021-03-11 14:01:36.890,1,0.350148637912388,494.7534427883572,0.0,
2021-03-11 14:01:36.900,1,0.3883331793941574,496.9092360366648,0.0,
2021-03-11 14:01:36.910,1,0.4491471817406031,498.16390466355836,0.0,
2021-03-11 14:01:36.920,1,0.4109684338464535,497.1556460004709,0.0,
2021-03-11 14:01:36.930,1,0.4053949569420171,499.0652798531763,0.0,
2021-03-11 14:01:36.940,1,0.4256821533828741,497.6619654902596,0.0,
2021-03-11 14:01:36.950,1,0.3353226590638332,496.7679486314106,0.0,
2021-03-11 14:01:36.960,1,0.3995461552414939,498.1942930932039,0.0,
2021-03-11 14:01:36.970,1,0.4228694492333778,498.650957460488,0.0,
2021-03-11 14:01:36.980,1,0.3614889049171049,497.9120735943168,0.0,
2021-03-11 14:01:36.990,1,0.41727382772879706,493.0976869881279,0.0,
2021-03-11 14:01:37.000,1,0.3351416727449995,502.06015248176453,0.0,
2021-03-11 14:01:37.010,1,0.4388570966780903,502.47754724540687,0.0,
2021-03-11 14:01:37.020,1,0.4518798446140908,498.8925083971253,0.0,
2021-03-11 14:01:37.030,1,0.4222297727984378,503.8394352590025,0.0,
2021-03-11 14:01:37.040,1,0.4209778862867268,506.66531301351637,0.0,
2021-03-11 14:01:37.050,1,0.4207591419810047,504.15037161685984,0.0,
2021-03-11 14:01:37.060,1,0.3730621310391564,504.2098915389856,0.0,
2021-03-11 14:01:37.070,1,0.3693757056903604,503.98934070911974,0.0,
2021-03-11 14:01:37.080,1,0.3720063427787519,505.48529384356766,0.0,
2021-03-11 14:01:37.090,1,0.4766761866985776,506.8963500635769,0.0,
2021-03-11 14:01:37.100,1,0.4306433023828508,509.0895759401629,0.0,
2021-03-11 14:01:37.110,1,0.3641077242085429,506.8821338949703,0.0,
2021-03-11 14:01:37.120,1,0.4335607081770037,508.41438197088127,0.0,
2021-03-11 14:01:37.130,1,0.4004632411927095,503.48196466968255,0.0,
2021-03-11 14:01:37.140,1,0.431430353586001,507.45166187742035,0.0,
2021-03-11 14:01:37.150,1,0.3594548453845501,506.9927784489411,0.0,
2021-03-11 14:01:37.160,1,0.4696296633563105,508.4364953279342,0.0,
2021-03-11 14:01:37.170,1,0.4120446151744864,512.4071565765963,0.0,
2021-03-11 14:01:37.180,1,0.4560265331569623,503.51492718298135,0.0,
2021-03-11 14:01:37.190,1,0.4082016504747043,514.7250502434546,0.0,
2021-03-11 14:01:37.200,1,0.3668882503678236,509.1929361159641,0.0,
2021-03-11 14:01:37.210,1,0.4128151022194224,510.69551111491984,0.0,
2021-03-11 14:01:37.220,1,0.4105351633611891,510.12817297795175,0.0,
2021-03-11 14:01:37.230,1,0.3483475553238962,511.7060841166393,0.0,
2021-03-11 14:01:37.240,1,0.4202117401101065,510.43638265512845,0.0,
2021-03-11 14:01:37.250,1,0.3881637777312566,506.6220360825748,0.0,
2021-03-11 14:01:37.260,1,0.3956597578674723,507.8362451121357,0.0,
2021-03-11 14:01:37.270,1,0.4691980307304466,513.0035848364594,0.0,
2021-03-11 14:01:37.280,1,0.4145094111918686,513.5301105215856,0.0,
2021-03-11 14:01:37.290,1,0.4104670495709486,507.58388377784416,0.0,
2021-03-11 14:01:37.300,1,0.409082020283866,508.9468243381497,0.0,
2021-03-11 14:01:37.310,1,0.3903207182984415,507.5621439777591,0.0,
2021-03-11 14:01:37.320,1,0.469861293803659,510.42584381889884,0.0,
2021-03-11 14:01:37.330,1,0.3699729124944639,509.20484047819394,0.0,
2021-03-11 14:01:37.340,1,0.3865600014636053,507.58308233816206,0.0,
2021-03-11 14:01:37.350,1,0.3919212269663553,509.73553002227686,0.0,
2021-03-11 14:01:37.360,1,0.4464107829315736,509.335586443929,0.0,
2021-03-11 14:01:37.370,1,0.5278001257459064,506.1097096759565,0.0,
2021-03-11 14:01:37.380,1,0.3856318799043383,505.32628012594637,0.0,
2021-03-11 14:01:37.390,1,0.3596166811566556,506.5423028496735,0.0,
2021-03-11 14:01:37.400,1,0.5046781093698246,508.7693024237793,0.0,
2021-03-11 14:01:37.410,1,0.5022630009153086,504.0503203678948,0.0,
2021-03-11 14:01:37.420,1,0.3977879240921513,508.2373667328727,0.0,
2021-03-11 14:01:37.430,1,0.4406536525874132,504.5380332316352,0.0,
2021-03-11 14:01:37.440,1,0.4945900447547381,503.5531040035586,0.0,
2021-03-11 14:01:37.450,1,0.4919732450751909,502.5609688323713,0.0,
2021-03-11 14:01:37.460,1,0.3854300261332845,508.5052337047062,0.0,
2021-03-11 14:01:37.470,1,0.5435662756762619,502.55786952249116,0.0,
2021-03-11 14:01:37.480,1,0.4495971925020115,502.97920886757566,0.0,
2021-03-11 14:01:37.490,1,0.3720901626180012,505.73740592936326,0.0,
2021-03-11 14:01:37.500,1,0.5019150367569732,502.84143449898596,0.0,
2021-03-11 14:01:37.510,1,0.4866405179818808,500.2044014355709,0.0,
2021-03-11 14:01:37.520,1,0.4466075983161399,498.4216450488332,0.0,
2021-03-11 14:01:37.530,1,0.3895872614620849,503.7394711602212,0.0,
2021-03-11 14:01:37.540,1,0.4833462034984424,502.7926749449045,0.0,
2021-03-11 14:01:37.550,1,0.523427207174456,500.8848504043389,0.0,
2021-03-11 14:01:37.560,1,0.4526699923398924,506.03767233189836,0.0,
2021-03-11 14:01:37.570,1,0.3611281850405941,501.36432058715485,0.0,
2021-03-11 14:01:37.580,1,0.4557805016513088,502.1005747280861,0.0,
2021-03-11 14:01:37.590,1,0.3613238269125877,504.3329031136447,0.0,
2021-03-11 14:01:37.600,1,0.4711139671857161,503.70860241015737,0.0,
2021-03-11 14:01:37.610,1,0.4811576350007615,503.1500942009528,0.0,
2021-03-11 14:01:37.620,1,0.4824723499052831,504.0170553444891,0.0,
2021-03-11 14:01:37.630,1,0.4706143347885632,506.73553149202047,0.0,
2021-03-11 14:01:37.640,1,0.3845302622111863,502.6588202001873,0.0,
2021-03-11 14:01:37.650,1,0.4715659402321067,504.0616137454132,0.0,
2021-03-11 14:01:37.660,1,0.3781899739060631,502.8030639331037,0.0,
2021-03-11 14:01:37.670,1,0.4245277065024651,506.7275516899663,0.0,
2021-03-11 14:01:37.680,1,0.4235607900952888,504.53635513398245,0.0,
2021-03-11 14:01:37.690,1,0.3931199498795082,506.3936691731952,0.0,
2021-03-11 14:01:37.700,1,0.3488643917894394,507.29595596965623,0.0,
2021-03-11 14:01:37.710,1,0.3340682631472188,504.71753437942976,0.0,
2021-03-11 14:01:37.720,1,0.3725928055095319,503.9080360333799,0.0,
2021-03-11 14:01:37.730,1,0.4182664269008413,505.9061050391289,0.0,
2021-03-11 14:01:37.740,1,0.3839249875216562,508.2321154853695,0.0,
2021-03-11 14:01:37.750,1,0.4053426186869121,504.0475631893496,0.0,
2021-03-11 14:01:37.760,1,0.3756104864592606,508.95098477117654,0.0,
2021-03-11 14:01:37.770,1,0.461084965397288,511.2850414529117,0.0,
2021-03-11 14:01:37.780,1,0.3179479635844635,509.6673569932498,0.0,
2021-03-11 14:01:37.790,1,0.3423324131453422,505.7857952492108,0.0,
2021-03-11 14:01:37.800,1,0.3637596011601574,511.3625986464162,0.0,
2021-03-11 14:01:37.810,1,0.4071058370915212,509.18954102795294,0.0,
2021-03-11 14:01:37.820,1,0.4368460317928869,510.68004828285035,0.0,
2021-03-11 14:01:37.830,1,0.3656769757027575,511.4712300120058,0.0,
2021-03-11 14:01:37.840,1,0.3898268140234067,510.2975242373988,0.0,
2021-03-11 14:01:37.850,1,0.4031748852368219,508.4082185568685,0.0,
2021-03-11 14:01:37.860,1,0.3344223762456201,506.2178632296695,0.0,
2021-03-11 14:01:37.870,1,0.3819038675074936,507.1978531397822,0.0,
2021-03-11 14:01:37.880,1,0.3395886770590944,510.77687230709006,0.0,
2021-03-11 14:01:37.890,1,0.290357709801417,508.36922165515716,0.0,
2021-03-11 14:01:37.900,1,0.2850099556616969,512.6884906274248,0.0,
2021-03-11 14:01:37.910,1,0.3336327018757047,512.7979754954358,0.0,
2021-03-11 14:01:37.920,1,0.3257460533843033,512.3308323103051,0.0,
2021-03-11 14:01:37.930,1,0.3894745229575929,503.7207546080999,0.0,
2021-03-11 14:01:37.940,1,0.3806183517144718,506.40415522153916,0.0,
2021-03-11 14:01:37.950,1,0.3863486847405499,510.3370624092369,0.0,
2021-03-11 14:01:37.960,1,0.3059207064164063,509.4235358146418,0.0,
2021-03-11 14:01:37.970,1,0.3121709899272067,509.15166231330045,0.0,
2021-03-11 14:01:37.980,1,0.2621940466352588,501.07871388642235,0.0,
2021-03-11 14:01:37.990,1,0.3840349839801319,501.8509852362647,0.0,
2021-03-11 14:01:38.000,1,0.2530000817216484,509.3649340979278,0.0,
2021-03-11 14:01:38.010,1,0.2872555750023456,506.2279307719944,0.0,
2021-03-11 14:01:38.020,1,0.371313478311729,507.6106452348082,0.0,
2021-03-11 14:01:38.030,1,0.2761660244051259,508.2556799221867,0.0,
2021-03-11 14:01:38.040,1,0.3100082006031591,505.0269807758912,0.0,
2021-03-11 14:01:38.050,1,1.0283094330342801,503.1884427607911,0.0,
2021-03-11 14:01:38.060,1,0.2918949198968093,501.5700508635417,0.0,
2021-03-11 14:01:38.070,1,0.2815111005000262,502.69896866726515,0.0,
2021-03-11 14:01:38.080,1,0.2700775021038841,500.9500713771875,0.0,
2021-03-11 14:01:38.090,1,0.3199775505091258,503.5813530723424,0.0,
2021-03-11 14:01:38.100,1,0.2604323906187898,502.19306067312806,0.0,
2021-03-11 14:01:38.110,1,0.3495810434704192,502.12939345633635,0.0,
2021-03-11 14:01:38.120,1,0.2577275605352464,498.648584978887,0.0,
2021-03-11 14:01:38.130,1,0.2486551948147771,494.8655198782288,0.0,
2021-03-11 14:01:38.140,1,0.3641615560235768,496.17207039350257,0.0,
2021-03-11 14:01:38.150,1,0.2773540530465398,497.3959970908979,0.0,
2021-03-11 14:01:38.160,1,0.3161584482812604,490.80244699336487,0.0,
2021-03-11 14:01:38.170,1,0.3022628372211643,496.39091607548585,0.0,
2021-03-11 14:01:38.180,1,0.3336483153789279,495.2410866169622,0.0,
2021-03-11 14:01:38.190,1,0.3617658133424149,496.28260981507583,0.0,
2021-03-11 14:01:38.200,1,0.3588141219660181,493.64900708622537,0.0,
2021-03-11 14:01:38.210,1,0.3224682057978599,494.11621556613983,0.0,
2021-03-11 14:01:38.220,1,0.3350040948329016,492.0939698789505,0.0,
2021-03-11 14:01:38.230,1,0.2507862485833385,495.737461895082,0.0,
2021-03-11 14:01:38.240,1,0.3021690419511425,493.2319189359878,0.0,
2021-03-11 14:01:38.250,1,0.363094338400573,489.948542034643,0.0,
2021-03-11 14:01:38.260,1,0.3208086916237057,493.7438657508046,0.0,
2021-03-11 14:01:38.270,1,0.3076499596638302,492.41646805576414,0.0,
2021-03-11 14:01:38.280,1,0.2833450553929405,492.1518552674077,0.0,
2021-03-11 14:01:38.290,1,0.3745375858900998,494.8663859242685,0.0,
2021-03-11 14:01:38.300,1,0.3386683209566077,491.152702103522,0.0,
2021-03-11 14:01:38.310,1,0.2746847336808223,493.71122676353934,0.0,
2021-03-11 14:01:38.320,1,0.3315097237747675,491.2684296276701,0.0,
2021-03-11 14:01:38.330,1,0.2986504909545753,492.55464653234253,0.0,
2021-03-11 14:01:38.340,1,0.3370758406409145,497.1170177692993,0.0,
2021-03-11 14:01:38.350,1,0.3757626701131067,491.4276667041455,0.0,
2021-03-11 14:01:38.360,1,0.3048105578408625,491.73197868566336,0.0,
2021-03-11 14:01:38.370,1,0.294314483853842,491.3529520353591,0.0,
2021-03-11 14:01:38.380,1,0.3026034624401336,492.0018294668862,0.0,
2021-03-11 14:01:38.390,1,0.347572340375534,493.0393520303475,0.0,
2021-03-11 14:01:38.400,1,0.3177413123728339,503.9316780847901,0.0,
2021-03-11 14:01:38.410,1,0.3531533659134222,494.11828027334707,0.0,
2021-03-11 14:01:38.420,1,0.3813497460635292,499.160287693846,0.0,
2021-03-11 14:01:38.430,1,0.36878078822692895,499.23172625886514,0.0,
2021-03-11 14:01:38.440,1,0.40605792833775295,494.13321793849775,0.0,
2021-03-11 14:01:38.450,1,0.3183986753472118,501.533569146002,0.0,
2021-03-11 14:01:38.460,1,0.3125758533185581,493.99479178729683,0.0,
2021-03-11 14:01:38.470,1,0.3886605968791474,499.0133132390216,0.0,
2021-03-11 14:01:38.480,1,0.3236925867502713,498.26099500704805,0.0,
2021-03-11 14:01:38.490,1,0.3650672759611558,499.7260614117552,0.0,
2021-03-11 14:01:38.500,1,0.3986128701949836,500.57356938722677,0.0,
2021-03-11 14:01:38.510,1,0.3087689586102116,499.6617968329051,0.0,
2021-03-11 14:01:38.520,1,0.3318325439815074,497.8131518259437,0.0,
2021-03-11 14:01:38.530,1,0.402926165468418,498.8618441752205,0.0,
2021-03-11 14:01:38.540,1,0.3176121417196836,500.14456533718203,0.0,
2021-03-11 14:01:38.550,1,0.3086074645647208,497.4705085653501,0.0,
2021-03-11 14:01:38.560,1,0.3593571526303201,500.37604936305945,0.0,
2021-03-11 14:01:38.570,1,0.3643247456482698,500.15159781254255,0.0,
2021-03-11 14:01:38.580,1,0.2762971901737591,494.83627759978555,0.0,
2021-03-11 14:01:38.590,1,0.3557197623603974,497.48401485246177,0.0,
2021-03-11 14:01:38.600,1,0.28253442567043896,497.9305114837478,0.0,
2021-03-11 14:01:38.610,1,0.296304972493932,496.106161099801,0.0,
2021-03-11 14:01:38.620,1,0.3732754052465364,499.15006221003904,0.0,
2021-03-11 14:01:38.630,1,0.2876453894997217,499.46237767064963,0.0,
2021-03-11 14:01:38.640,1,0.3786511884065985,498.1429702308329,0.0,
2021-03-11 14:01:38.650,1,0.3524114696560493,500.8689762008572,0.0,
2021-03-11 14:01:38.660,1,0.379131171669564,495.3101060064132,0.0,
2021-03-11 14:01:38.670,1,0.2795470546610014,498.33484272361625,0.0,
2021-03-11 14:01:38.680,1,0.3789418266802503,495.1141031882844,0.0,
2021-03-11 14:01:38.690,1,0.3600372170329866,496.5576248258249,0.0,
2021-03-11 14:01:38.700,1,0.3602452640971985,494.93358134445833,0.0,
2021-03-11 14:01:38.710,1,0.3032393250864261,494.6026545982775,0.0,
2021-03-11 14:01:38.720,1,0.26251515547188603,495.106210136858,0.0,
2021-03-11 14:01:38.730,1,0.2630909642382635,496.69465869627226,0.0,
2021-03-11 14:01:38.740,1,0.3514902140988159,494.8152534830989,0.0,
2021-03-11 14:01:38.750,1,0.3521042934686951,496.31907785335886,0.0,
2021-03-11 14:01:38.760,1,0.2830154898870947,490.30693009969735,0.0,
2021-03-11 14:01:38.770,1,0.2855104331968353,491.995096879838,0.0,
2021-03-11 14:01:38.780,1,0.3578937157372596,491.16277102722876,0.0,
2021-03-11 14:01:38.790,1,0.3620110873444867,491.7165296778642,0.0,
2021-03-11 14:01:38.800,1,0.3079398180746852,493.6032591741157,0.0,
2021-03-11 14:01:38.810,1,0.2379341766881978,489.6648803719442,0.0,
2021-03-11 14:01:38.820,1,0.2782750561149786,491.6619905746608,0.0,
2021-03-11 14:01:38.830,1,0.24617755831805704,488.6622278792145,0.0,
2021-03-11 14:01:38.840,1,0.3160221066771965,490.989123028042,0.0,
2021-03-11 14:01:38.850,1,0.3405077206901198,487.66392395064696,0.0,
2021-03-11 14:01:38.860,1,0.3063253070361047,494.3000609715557,0.0,
2021-03-11 14:01:38.870,1,0.2462055256012926,492.6025387242668,0.0,
2021-03-11 14:01:38.880,1,0.2547325683382929,492.6250826396941,0.0,
2021-03-11 14:01:38.890,1,0.3098201628462979,486.6859908239716,0.0,
2021-03-11 14:01:38.900,1,0.2945729904938949,487.17809840862697,0.0,
2021-03-11 14:01:38.910,1,0.337802053037822,488.4975041956588,0.0,
2021-03-11 14:01:38.920,1,0.3075752533072469,491.6668153102297,0.0,
2021-03-11 14:01:38.930,1,0.2716569014709634,491.9366277707348,0.0,
2021-03-11 14:01:38.940,1,0.3041655840752706,494.1640900878717,0.0,
2021-03-11 14:01:38.950,1,0.2936257328634297,490.5230604819314,0.0,
2021-03-11 14:01:38.960,1,0.3286703966340618,490.93247791011214,0.0,
2021-03-11 14:01:38.970,1,0.2937952212996383,490.8949295516482,0.0,
2021-03-11 14:01:38.980,1,0.2654336181105003,491.2523768813553,0.0,
2021-03-11 14:01:38.990,1,0.3012521918867347,492.81569865379447,0.0,
2021-03-11 14:01:39.000,1,0.2638409790438394,495.4148595664211,0.0,
2021-03-11 14:01:39.010,1,0.2237284845651782,495.8113484100531,0.0,
2021-03-11 14:01:39.020,1,0.2832857631210287,494.70136528219564,0.0,
2021-03-11 14:01:39.030,1,0.2714423249364449,491.05595772456843,0.0,
2021-03-11 14:01:39.040,1,0.2332412277384195,497.53898393578766,0.0,
2021-03-11 14:01:39.050,1,0.2243550335480874,490.0932263759912,0.0,
2021-03-11 14:01:39.060,1,0.2447423902669092,500.1417702083594,0.0,
2021-03-11 14:01:39.070,1,0.27038701779972896,495.7422262791316,0.0,
2021-03-11 14:01:39.080,1,0.2686078200969566,492.11354616941054,0.0,
2021-03-11 14:01:39.090,1,0.2644447354718384,497.0989563116888,0.0,
2021-03-11 14:01:39.100,1,0.2383641408865671,500.60735171602477,0.0,
2021-03-11 14:01:39.110,1,0.2927007456535311,501.4116253279127,0.0,
2021-03-11 14:01:39.120,1,0.2569024266160947,502.7867200043891,0.0,
2021-03-11 14:01:39.130,1,0.2565916063667348,501.1687109579603,0.0,
2021-03-11 14:01:39.140,1,0.3488391875048712,504.00969345855765,0.0,
2021-03-11 14:01:39.150,1,0.3214781688761107,503.1162171683778,0.0,
2021-03-11 14:01:39.160,1,0.2469187492080539,497.9994236459494,0.0,
2021-03-11 14:01:39.170,1,0.258388655903239,503.3480841199769,0.0,
2021-03-11 14:01:39.180,1,0.3233823513302373,504.39022922314837,0.0,
2021-03-11 14:01:39.190,1,0.276105769746837,505.0082407812873,0.0,
2021-03-11 14:01:39.200,1,0.3183042921897922,508.1697429130912,0.0,
2021-03-11 14:01:39.210,1,0.3685539921256228,502.0794280568999,0.0,
2021-03-11 14:01:39.220,1,0.3805014204253923,503.9001871804785,0.0,
2021-03-11 14:01:39.230,1,0.2908431749025395,506.0786929177565,0.0,
2021-03-11 14:01:39.240,1,0.3458677561211793,500.88170321827596,0.0,
2021-03-11 14:01:39.250,1,0.3176526114820375,504.3027087963012,0.0,
2021-03-11 14:01:39.260,1,0.2735233938217318,508.4526043787564,0.0,
2021-03-11 14:01:39.270,1,0.3675463856883963,503.0824807510076,0.0,
2021-03-11 14:01:39.280,1,0.3076639802135948,506.28177356086167,0.0,
2021-03-11 14:01:39.290,1,0.3458601209323652,506.77709180474267,0.0,
2021-03-11 14:01:39.300,1,0.3879862003701172,505.99897767840906,0.0,
2021-03-11 14:01:39.310,1,0.4183425550577798,501.6618558940529,0.0,
2021-03-11 14:01:39.320,1,0.390785367810122,507.6886928318011,0.0,
2021-03-11 14:01:39.330,1,0.3098947357802273,503.58586580056425,0.0,
2021-03-11 14:01:39.340,1,0.3678592201540073,507.56084318951514,0.0,
2021-03-11 14:01:39.350,1,0.3587440823292042,507.56343860270414,0.0,
2021-03-11 14:01:39.360,1,0.3943787458144663,506.3875431597422,0.0,
2021-03-11 14:01:39.370,1,0.3520706543384577,501.05422533037927,0.0,
2021-03-11 14:01:39.380,1,0.4086448626611977,501.1772103282111,0.0,
2021-03-11 14:01:39.390,1,0.4303563173890709,503.6400199304104,0.0,
2021-03-11 14:01:39.400,1,0.34655668287410496,502.7760056832592,0.0,
2021-03-11 14:01:39.410,1,0.446275705188524,498.10850775918715,0.0,
2021-03-11 14:01:39.420,1,0.3769429257253094,500.5913123307219,0.0,
2021-03-11 14:01:39.430,1,0.4538315842040396,499.0859072398097,0.0,
2021-03-11 14:01:39.440,1,0.3870425817416645,500.6398924161029,0.0,
2021-03-11 14:01:39.450,1,0.4138374186167566,498.4916189854125,0.0,
2021-03-11 14:01:39.460,1,0.3812268967489279,500.4070803139649,0.0,
2021-03-11 14:01:39.470,1,0.3950625534418993,501.9936637359008,0.0,
2021-03-11 14:01:39.480,1,0.3198207793914311,496.69111563130616,0.0,
2021-03-11 14:01:39.490,1,0.468088200012285,498.38980840353065,0.0,
2021-03-11 14:01:39.500,1,0.3957527007988969,497.5972096936158,0.0,
2021-03-11 14:01:39.510,1,0.4499265026958618,500.87664403960036,0.0,
2021-03-11 14:01:39.520,1,0.3147469400707965,500.3421489354141,0.0,
2021-03-11 14:01:39.530,1,0.4045255261876748,498.45648732295484,0.0,
2021-03-11 14:01:39.540,1,0.4384957494626648,496.2444342986988,0.0,
2021-03-11 14:01:39.550,1,0.3308176757921374,496.21949031040634,0.0,
2021-03-11 14:01:39.560,1,0.4410676976568452,500.4318793335581,0.0,
2021-03-11 14:01:39.570,1,0.4335599814511957,500.6917084252778,0.0,
2021-03-11 14:01:39.580,1,0.3617782307931282,496.7023368774656,0.0,
2021-03-11 14:01:39.590,1,0.3253114382765066,495.9281261341719,0.0,
2021-03-11 14:01:39.600,1,0.3969160666398911,497.8708150173526,0.0,
2021-03-11 14:01:39.610,1,0.3902388752051459,501.0523171069251,0.0,
2021-03-11 14:01:39.620,1,0.3885548645843064,497.54440439717865,0.0,
2021-03-11 14:01:39.630,1,0.3711893905679328,500.0615709466449,0.0,
2021-03-11 14:01:39.640,1,0.465989526623741,497.16446000549325,0.0,
2021-03-11 14:01:39.650,1,0.4508426117661613,505.5070896129536,0.0,
2021-03-11 14:01:39.660,1,0.3278395211867818,501.2834079251654,0.0,
2021-03-11 14:01:39.670,1,0.4409446853839876,498.49054928841537,0.0,
2021-03-11 14:01:39.680,1,0.4526598305976165,501.6922652978234,0.0,
2021-03-11 14:01:39.690,1,0.3526796198050584,503.8064712240347,0.0,
2021-03-11 14:01:39.700,1,0.3378571448848645,501.6966433608368,0.0,
2021-03-11 14:01:39.710,1,0.3539565072616305,500.89692005739516,0.0,
2021-03-11 14:01:39.720,1,0.4520237734154933,501.3002090510749,0.0,
2021-03-11 14:01:39.730,1,0.3528012759875514,504.3081086475833,0.0,
2021-03-11 14:01:39.740,1,0.3135763020636012,504.3313747764213,0.0,
2021-03-11 14:01:39.750,1,0.4142014315228411,505.7608757723828,0.0,
2021-03-11 14:01:39.760,1,0.4404371974353984,506.9174469028698,0.0,
2021-03-11 14:01:39.770,1,0.4445103816060233,505.1378053079712,0.0,
2021-03-11 14:01:39.780,1,0.4035719114624208,507.52321004372146,0.0,
2021-03-11 14:01:39.790,1,0.3124660724145632,504.35626194133033,0.0,
2021-03-11 14:01:39.800,1,0.3502111698336064,504.233533532392,0.0,
2021-03-11 14:01:39.810,1,0.3530338107590301,509.0587465307989,0.0,
2021-03-11 14:01:39.820,1,0.3169236871221714,506.3432781886442,0.0,
2021-03-11 14:01:39.830,1,0.4441044700898514,509.0958223962489,0.0,
2021-03-11 14:01:39.840,1,0.3632897818266683,509.9569804730896,0.0,
2021-03-11 14:01:39.850,1,0.3076605045260234,508.1967305369414,0.0,
2021-03-11 14:01:39.860,1,0.4181724144520381,514.2201111061955,0.0,
2021-03-11 14:01:39.870,1,0.4374348272107288,507.65539795353135,0.0,
2021-03-11 14:01:39.880,1,0.3043101044288011,504.7502070895575,0.0,
2021-03-11 14:01:39.890,1,0.3447286678995431,508.8822751567079,0.0,
2021-03-11 14:01:39.900,1,0.3176733129532869,506.3997125133973,0.0,
2021-03-11 14:01:39.910,1,0.4040191984715576,502.8403889176989,0.0,
2021-03-11 14:01:39.920,1,0.3687466807638089,508.075484159288,0.0,
2021-03-11 14:01:39.930,1,0.3608473461746954,511.32116582126815,0.0,
2021-03-11 14:01:39.940,1,0.3076055482311475,510.3716116131897,0.0,
2021-03-11 14:01:39.950,1,0.3062900311372525,505.84880208432855,0.0,
2021-03-11 14:01:39.960,1,0.425757071715818,504.0940139086692,0.0,
2021-03-11 14:01:39.970,1,0.4058204187350325,511.8907066145853,0.0,
2021-03-11 14:01:39.980,1,0.4259029537633318,509.1578175329429,0.0,
2021-03-11 14:01:39.990,1,0.4268985537519715,505.9061156722445,0.0,
2021-03-11 14:01:40.000,1,0.3658397116385156,508.8856672148507,0.0,
2021-03-11 14:01:40.010,1,0.3060977443606423,508.17930915098526,0.0,
2021-03-11 14:01:40.020,1,0.378969505487022,505.5766044922518,0.0,
2021-03-11 14:01:40.030,1,0.4146465601969233,507.40581778643343,0.0,
2021-03-11 14:01:40.040,1,0.3826794263172604,503.9972028943361,0.0,
2021-03-11 14:01:40.050,1,0.3084853973588252,506.41797698817686,0.0,
2021-03-11 14:01:40.060,1,0.4174062307056855,502.59191376087466,0.0,
2021-03-11 14:01:40.070,1,0.3664042337137442,499.8081185885402,0.0,
2021-03-11 14:01:40.080,1,0.3235826238032965,497.78383325398215,0.0,
2021-03-11 14:01:40.090,1,0.3556397344185467,500.0070448610743,0.0,
2021-03-11 14:01:40.100,1,0.344804995273166,500.4368389252568,0.0,
2021-03-11 14:01:40.110,1,0.4012256207661101,498.2231220240499,0.0,
2021-03-11 14:01:40.120,1,0.3025455390096409,499.74613358955713,0.0,
2021-03-11 14:01:40.130,1,0.39769673806820505,500.862405686818,0.0,
2021-03-11 14:01:40.140,1,0.3396534556153636,501.4603962168367,0.0,
2021-03-11 14:01:40.150,1,0.4023971609148002,503.41971770059456,0.0,
2021-03-11 14:01:40.160,1,0.376092345750848,499.035555151755,0.0,
2021-03-11 14:01:40.170,1,0.398318279861964,489.4458749991017,0.0,
2021-03-11 14:01:40.180,1,0.314728919972666,494.21053849842406,0.0,
2021-03-11 14:01:40.190,1,0.3887679204328926,497.4631707954026,0.0,
2021-03-11 14:01:40.200,1,0.3580893202456167,497.9096130552401,0.0,
2021-03-11 14:01:40.210,1,0.3728725064262771,495.5758828419625,0.0,
2021-03-11 14:01:40.220,1,0.4579332052830233,498.4000786054641,0.0,
2021-03-11 14:01:40.230,1,0.4030663955955418,499.9128710785757,0.0,
2021-03-11 14:01:40.240,1,0.427849554741962,497.8670846725302,0.0,
2021-03-11 14:01:40.250,1,0.4642327044416708,492.2155420817122,0.0,
2021-03-11 14:01:40.260,1,0.3870597733285122,492.5180050552254,0.0,
2021-03-11 14:01:40.270,1,0.3194483978600622,494.84396157965017,0.0,
2021-03-11 14:01:40.280,1,0.4653005093558494,492.82155064952764,0.0,
2021-03-11 14:01:40.290,1,0.3776301359075511,494.6378644547119,0.0,
2021-03-11 14:01:40.300,1,0.4303719692392411,495.0032151758378,0.0,
2021-03-11 14:01:40.310,1,0.3690944477786939,491.2559909660566,0.0,
2021-03-11 14:01:40.320,1,0.3753465938079141,496.84653558184647,0.0,
2021-03-11 14:01:40.330,1,0.4894637861683313,493.6693526984593,0.0,
2021-03-11 14:01:40.340,1,0.4088202196477446,493.23025971043836,0.0,
2021-03-11 14:01:40.350,1,0.3949054671687139,496.2725438879405,0.0,
2021-03-11 14:01:40.360,1,0.4422827522530807,496.6635926757062,0.0,
2021-03-11 14:01:40.370,1,0.3918810725864338,497.35295318159723,0.0,
2021-03-11 14:01:40.380,1,0.3722663016861308,496.0836288923349,0.0,
2021-03-11 14:01:40.390,1,0.4913269948242476,498.27304698588586,0.0,
2021-03-11 14:01:40.400,1,0.3376439560866757,495.6245357124051,0.0,
2021-03-11 14:01:40.410,1,0.5092834786125959,495.41691577271536,0.0,
2021-03-11 14:01:40.420,1,0.3590577474139817,498.97371756170685,0.0,
2021-03-11 14:01:40.430,1,0.4721872315554085,498.6781362500179,0.0,
2021-03-11 14:01:40.440,1,0.5065239688307198,501.1344341479879,0.0,
2021-03-11 14:01:40.450,1,0.4025441728417713,497.604318777972,0.0,
2021-03-11 14:01:40.460,1,0.3809961624574162,495.2673993509385,0.0,
2021-03-11 14:01:40.470,1,0.3418453795751066,498.744422874993,0.0,
2021-03-11 14:01:40.480,1,0.3633101343380829,500.45822950746805,0.0,
2021-03-11 14:01:40.490,1,0.4522481857506873,493.9490157680194,0.0,
2021-03-11 14:01:40.500,1,0.4560133205947007,502.9114702343932,0.0,
2021-03-11 14:01:40.510,1,0.4562812863124807,500.70053572861366,0.0,
2021-03-11 14:01:40.520,1,0.4775878353445494,503.00099221048566,0.0,
2021-03-11 14:01:40.530,1,0.4696040414179701,502.01991208201247,0.0,
2021-03-11 14:01:40.540,1,0.3596724233815043,504.85873608373504,0.0,
2021-03-11 14:01:40.550,1,0.4561872207602915,499.9573664112784,0.0,
2021-03-11 14:01:40.560,1,0.4470979900088134,501.9699238578428,0.0,
2021-03-11 14:01:40.570,1,0.3461530971053968,505.15355076879706,0.0,
2021-03-11 14:01:40.580,1,0.4754786768795055,499.8070279312089,0.0,
2021-03-11 14:01:40.590,1,0.4351980061861246,500.07528277669263,0.0,
2021-03-11 14:01:40.600,1,0.3591446798993641,503.8757747189569,0.0,
2021-03-11 14:01:40.610,1,0.4168189251087241,502.06935155735977,0.0,
2021-03-11 14:01:40.620,1,0.3431404062564644,499.0248693604485,0.0,
2021-03-11 14:01:40.630,1,0.3939836279660018,500.6596548320829,0.0,
2021-03-11 14:01:40.640,1,0.3965313170286861,500.28899808516303,0.0,
2021-03-11 14:01:40.650,1,0.3973949790021547,503.31720148562033,0.0,
2021-03-11 14:01:40.660,1,0.4447357546005518,504.5245570383839,0.0,
2021-03-11 14:01:40.670,1,0.4094458598181271,499.17821936578116,0.0,
2021-03-11 14:01:40.680,1,0.3185395748504455,500.3328452491625,0.0,
2021-03-11 14:01:40.690,1,0.3276625806308896,502.3603173202691,0.0,
2021-03-11 14:01:40.700,1,0.3451008914103454,498.0189911569674,0.0,
2021-03-11 14:01:40.710,1,0.35754275002464003,501.99722104412285,0.0,
2021-03-11 14:01:40.720,1,0.4596909388266953,497.0403891723167,0.0,
2021-03-11 14:01:40.730,1,0.3562945228688464,500.2864627711601,0.0,
2021-03-11 14:01:40.740,1,0.3609599499462051,499.7108165495949,0.0,
2021-03-11 14:01:40.750,1,0.4021947319305167,501.5240835178576,0.0,
2021-03-11 14:01:40.760,1,0.3111361613622041,499.788936427108,0.0,
2021-03-11 14:01:40.770,1,0.2942310624989254,499.84498954294713,0.0,
2021-03-11 14:01:40.780,1,0.3973407189955483,497.35905047185656,0.0,
2021-03-11 14:01:40.790,1,0.336405948220158,498.6514799659594,0.0,
2021-03-11 14:01:40.800,1,0.3710609829920422,496.38928568784036,0.0,
2021-03-11 14:01:40.810,1,0.2955476157750978,496.8334146664618,0.0,
2021-03-11 14:01:40.820,1,0.3543658933119085,498.0941967619529,0.0,
2021-03-11 14:01:40.830,1,0.306482597425287,497.9045694750581,0.0,
2021-03-11 14:01:40.840,1,0.43983755821745824,499.609058290347,0.0,
2021-03-11 14:01:40.850,1,0.3910134908847504,494.22934714141945,0.0,
2021-03-11 14:01:40.860,1,0.3577030496787942,495.26871059755206,0.0,
2021-03-11 14:01:40.870,1,0.3347048295190079,497.02207645939336,0.0,
2021-03-11 14:01:40.880,1,0.2692963503853349,494.7465266031832,0.0,
2021-03-11 14:01:40.890,1,0.3912393307418827,498.50749715289504,0.0,
2021-03-11 14:01:40.900,1,0.3474929925794779,496.5362175983087,0.0,
2021-03-11 14:01:40.910,1,0.3576598728624383,498.8531480131578,0.0,
2021-03-11 14:01:40.920,1,0.3326326835978708,493.33010464385626,0.0,
2021-03-11 14:01:40.930,1,0.3361994403982035,493.469894657716,0.0,
2021-03-11 14:01:40.940,1,0.3646433835892156,492.43548454858535,0.0,
2021-03-11 14:01:40.950,1,0.2645403028604171,490.8108251686635,0.0,
2021-03-11 14:01:40.960,1,0.3048076421383486,496.01193152022415,0.0,
2021-03-11 14:01:40.970,1,0.2655613416438618,499.66654788288946,0.0,
2021-03-11 14:01:40.980,1,0.3720474287103197,497.1876561017832,0.0,
2021-03-11 14:01:40.990,1,0.3624765486754853,496.6992051350354,0.0,
2021-03-11 14:01:41.000,1,0.3447143053988193,500.63649864024353,0.0,
2021-03-11 14:01:41.010,1,0.3227123274666948,494.70776773972017,0.0,
2021-03-11 14:01:41.020,1,0.3423122226342779,498.29514606093056,0.0,
2021-03-11 14:01:41.030,1,0.3103690337929823,494.8070536901629,0.0,
2021-03-11 14:01:41.040,1,0.2865001367384029,503.255139273742,0.0,
2021-03-11 14:01:41.050,1,0.301050707282148,503.6376479694494,0.0,
2021-03-11 14:01:41.060,1,0.2892412727178763,506.8188389010788,0.0,
2021-03-11 14:01:41.070,1,0.2497318883751891,500.7549373546379,0.0,
2021-03-11 14:01:41.080,1,0.3558964574045705,500.5271485037217,0.0,
2021-03-11 14:01:41.090,1,0.2942177973535382,499.1079749940145,0.0,
2021-03-11 14:01:41.100,1,0.2793088069289739,501.6225524740701,0.0,
2021-03-11 14:01:41.110,1,0.3051874298594255,501.3316266226912,0.0,
2021-03-11 14:01:41.120,1,0.2817309383645425,501.370185669261,0.0,
2021-03-11 14:01:41.130,1,0.24676792056114105,499.8890372206048,0.0,
2021-03-11 14:01:41.140,1,0.2888177210731198,506.306139430263,0.0,
2021-03-11 14:01:41.150,1,0.2764455838447214,506.96453474537043,0.0,
2021-03-11 14:01:41.160,1,0.305329238468411,505.7761981154898,0.0,
2021-03-11 14:01:41.170,1,0.3168305447087887,506.6394137914192,0.0,
2021-03-11 14:01:41.180,1,0.2943706781928696,509.543834114538,0.0,
2021-03-11 14:01:41.190,1,0.38050134169831895,508.61126363738884,0.0,
2021-03-11 14:01:41.200,1,0.3155406083700993,509.96367416414284,0.0,
2021-03-11 14:01:41.210,1,0.290214525320119,509.1552131398653,0.0,
2021-03-11 14:01:41.220,1,0.279599194347277,507.1291323835093,0.0,
2021-03-11 14:01:41.230,1,0.3039842891723029,510.216316836183,0.0,
2021-03-11 14:01:41.240,1,0.2925564270551523,508.47495921950997,0.0,
2021-03-11 14:01:41.250,1,0.2678269922096621,509.6890958987551,0.0,
2021-03-11 14:01:41.260,1,0.2944794702269618,515.2685989398906,0.0,
2021-03-11 14:01:41.270,1,0.3510862665159769,511.72904758085497,0.0,
2021-03-11 14:01:41.280,1,0.3566619859151319,509.6102927792788,0.0,
2021-03-11 14:01:41.290,1,0.2897628812809866,508.28640733796163,0.0,
2021-03-11 14:01:41.300,1,0.4015892742671095,513.1183018520188,0.0,
2021-03-11 14:01:41.310,1,0.2846949671377183,511.2670770024983,0.0,
2021-03-11 14:01:41.320,1,0.3837833238950111,512.16499636093,0.0,
2021-03-11 14:01:41.330,1,0.3225009627486622,506.5918591804026,0.0,
2021-03-11 14:01:41.340,1,0.3275268955370291,510.5406821095132,0.0,
2021-03-11 14:01:41.350,1,0.2776395517941178,510.35549763587545,0.0,
2021-03-11 14:01:41.360,1,0.3405187984518588,509.4813797229965,0.0,
2021-03-11 14:01:41.370,1,0.2937963168939683,508.83362161053395,0.0,
2021-03-11 14:01:41.380,1,0.3227814651503554,510.994464060991,0.0,
2021-03-11 14:01:41.390,1,0.4167658680825559,510.64026429002325,0.0,
2021-03-11 14:01:41.400,1,0.2989196747391685,512.1994794904627,0.0,
2021-03-11 14:01:41.410,1,0.3844269581662686,510.0548982972133,0.0,
2021-03-11 14:01:41.420,1,0.4236592883820445,505.8762243016577,0.0,
2021-03-11 14:01:41.430,1,0.2884184622346174,509.8538117828417,0.0,
2021-03-11 14:01:41.440,1,0.2937346318963468,507.1968083289978,0.0,
2021-03-11 14:01:41.450,1,0.3146936957371037,509.69814790933,0.0,
2021-03-11 14:01:41.460,1,0.3830227649576062,507.56852197099465,0.0,
2021-03-11 14:01:41.470,1,0.3157893548534676,506.4016977833329,0.0,
2021-03-11 14:01:41.480,1,0.4184788332486335,511.3614008496347,0.0,
2021-03-11 14:01:41.490,1,0.3180378986553772,503.9971987950824,0.0,
2021-03-11 14:01:41.500,1,0.3243601584117159,510.4894396478797,0.0,
2021-03-11 14:01:41.510,1,0.4017687613562777,507.3361969220202,0.0,
2021-03-11 14:01:41.520,1,0.3397883364253787,508.1168375977793,0.0,
2021-03-11 14:01:41.530,1,0.3306393135141203,503.93146775546575,0.0,
2021-03-11 14:01:41.540,1,0.3215677896683082,505.3273641801162,0.0,
2021-03-11 14:01:41.550,1,0.3232122135278929,504.15021298900973,0.0,
2021-03-11 14:01:41.560,1,0.3692878396493466,505.9290302199508,0.0,
2021-03-11 14:01:41.570,1,0.3911628618813201,502.01162234010076,0.0,
2021-03-11 14:01:41.580,1,0.2920281571197544,504.1671025683737,0.0,
2021-03-11 14:01:41.590,1,0.3255395136064494,504.9549908653858,0.0,
2021-03-11 14:01:41.600,1,0.3467273486088125,505.5063354113949,0.0,
2021-03-11 14:01:41.610,1,0.3483547943311672,504.24143028880997,0.0,
2021-03-11 14:01:41.620,1,0.2874589941433114,501.2861704553257,0.0,
2021-03-11 14:01:41.630,1,0.2896023486446425,503.4914340320311,0.0,
2021-03-11 14:01:41.640,1,0.3157715491922396,502.00007034803116,0.0,
2021-03-11 14:01:41.650,1,0.3164701910401721,501.3902356515834,0.0,
2021-03-11 14:01:41.660,1,0.3046503543834462,503.7080201063541,0.0,
2021-03-11 14:01:41.670,1,0.3131660516155163,504.8514537362481,0.0,
2021-03-11 14:01:41.680,1,0.3762544044529103,503.45112149733393,0.0,
2021-03-11 14:01:41.690,1,0.3457339254997753,503.63485820547004,0.0,
2021-03-11 14:01:41.700,1,0.3230263589891449,503.5519215927159,0.0,
2021-03-11 14:01:41.710,1,0.2799168960741551,503.3029797553572,0.0,
2021-03-11 14:01:41.720,1,0.3457877331718187,508.3572016418621,0.0,
2021-03-11 14:01:41.730,1,0.3181289404517681,503.78809362728,0.0,
2021-03-11 14:01:41.740,1,0.3473223219481077,505.5635798040846,0.0,
2021-03-11 14:01:41.750,1,0.3267510841033709,503.6602987961176,0.0,
2021-03-11 14:01:41.760,1,0.2498713651889057,508.62079602454145,0.0,
2021-03-11 14:01:41.770,1,0.2760477252294508,503.16637649666086,0.0,
2021-03-11 14:01:41.780,1,0.3077318983648811,504.0891888940216,0.0,
2021-03-11 14:01:41.790,1,0.2451480191371368,507.6481778795074,0.0,
2021-03-11 14:01:41.800,1,0.309131042196375,509.9911550040249,0.0,
2021-03-11 14:01:41.810,1,0.2615919034657961,509.02251126747285,0.0,
2021-03-11 14:01:41.820,1,0.293438326703478,510.6782529871424,0.0,
2021-03-11 14:01:41.830,1,0.2937929447632131,510.4958559671745,0.0,
2021-03-11 14:01:41.840,1,0.2952254582184098,507.35685813984406,0.0,
2021-03-11 14:01:41.850,1,0.3344523778874291,511.0289559783834,0.0,
2021-03-11 14:01:41.860,1,0.2755690453110617,512.7321263216195,0.0,
2021-03-11 14:01:41.870,1,0.2875963987759238,510.31115438624033,0.0,
2021-03-11 14:01:41.880,1,0.2670593570354533,506.7303146038742,0.0,
2021-03-11 14:01:41.890,1,0.3396547386295351,511.7530266696969,0.0,
2021-03-11 14:01:41.900,1,0.2628745122406183,507.10088672797616,0.0,
2021-03-11 14:01:41.910,1,0.2510592679856965,507.1813824262367,0.0,
2021-03-11 14:01:41.920,1,0.2680220163090205,513.4960605108586,0.0,
2021-03-11 14:01:41.930,1,0.3136611150490425,511.0026429510704,0.0,
2021-03-11 14:01:41.940,1,0.3234322084653597,507.02410452327865,0.0,
2021-03-11 14:01:41.950,1,0.3039219707305057,511.7488032246495,0.0,
2021-03-11 14:01:41.960,1,0.3282599725665411,515.7011494760708,0.0,
2021-03-11 14:01:41.970,1,0.2663744266292964,512.6961376072512,0.0,
2021-03-11 14:01:41.980,1,0.2817655973928468,508.2503234547947,0.0,
2021-03-11 14:01:41.990,1,0.3301404182370366,509.7751490451012,0.0,
2021-03-11 14:01:42.000,1,0.3348275520171986,504.4497690427446,0.0,
2021-03-11 14:01:42.010,1,0.2454836437278689,512.9420387092798,0.0,
2021-03-11 14:01:42.020,1,0.3164198738993841,511.0415927751567,0.0,
2021-03-11 14:01:42.030,1,0.2700972191602281,506.4743938097701,0.0,
2021-03-11 14:01:42.040,1,0.2311286032454025,507.55104019026396,0.0,
2021-03-11 14:01:42.050,1,0.3139288265036417,506.422587598154,0.0,
2021-03-11 14:01:42.060,1,0.2802645544399759,508.5879818190222,0.0,
2021-03-11 14:01:42.070,1,0.2681993183514807,502.1936023935762,0.0,
2021-03-11 14:01:42.080,1,0.3420522136726961,503.7386352041581,0.0,
2021-03-11 14:01:42.090,1,0.2971172700234398,500.6671952677266,0.0,
2021-03-11 14:01:42.100,1,0.2795083274648432,500.79630964736856,0.0,
2021-03-11 14:01:42.110,1,0.3064922711940649,504.9211309012943,0.0,
2021-03-11 14:01:42.120,1,0.31396863907633504,501.9634441187429,0.0,
2021-03-11 14:01:42.130,1,0.2833388533333295,503.7723536249297,0.0,
2021-03-11 14:01:42.140,1,0.235890728847552,504.3025974597197,0.0,
2021-03-11 14:01:42.150,1,0.3422601125502886,496.52821835272033,0.0,
2021-03-11 14:01:42.160,1,0.3173885074978307,500.9160552618019,0.0,
2021-03-11 14:01:42.170,1,0.3046525963022595,498.96638738535376,0.0,
2021-03-11 14:01:42.180,1,0.2630040417063579,501.5134858166802,0.0,
2021-03-11 14:01:42.190,1,0.2954973993363416,499.4005992546697,0.0,
2021-03-11 14:01:42.200,1,0.2830645538018181,500.12831176478136,0.0,
2021-03-11 14:01:42.210,1,0.2608421748098058,497.8475628031159,0.0,
2021-03-11 14:01:42.220,1,0.339163800853938,491.8098216211502,0.0,
2021-03-11 14:01:42.230,1,0.3180250788229378,498.1821350522872,0.0,
2021-03-11 14:01:42.240,1,0.2998192331696609,499.034025946758,0.0,
2021-03-11 14:01:42.250,1,0.3526268024959473,496.20525285021677,0.0,
2021-03-11 14:01:42.260,1,0.2899581416989111,495.3006295569114,0.0,
2021-03-11 14:01:42.270,1,0.3270984100874715,490.6519050799923,0.0,
2021-03-11 14:01:42.280,1,0.3443727036473139,499.8121825029488,0.0,
2021-03-11 14:01:42.290,1,0.3449077597844199,491.2760887443309,0.0,
2021-03-11 14:01:42.300,1,0.3504376353952801,490.93099725744514,0.0,
2021-03-11 14:01:42.310,1,0.3197603819320572,495.9438194324417,0.0,
2021-03-11 14:01:42.320,1,0.3960051623641889,495.0878765707003,0.0,
2021-03-11 14:01:42.330,1,0.4045068316873987,494.0920911557309,0.0,
2021-03-11 14:01:42.340,1,0.3841975391054735,493.2522853196497,0.0,
2021-03-11 14:01:42.350,1,0.39395147020186105,490.2859087148537,0.0,
2021-03-11 14:01:42.360,1,0.29085512608714503,494.9847877728328,0.0,
2021-03-11 14:01:42.370,1,0.3742926686554473,497.8154770483789,0.0,
2021-03-11 14:01:42.380,1,0.3399443480685508,492.35834760867067,0.0,
2021-03-11 14:01:42.390,1,0.299719048302906,494.1696925202079,0.0,
2021-03-11 14:01:42.400,1,0.3929707805092275,497.9103771176335,0.0,
2021-03-11 14:01:42.410,1,0.3178905099893854,494.0011332050728,0.0,
2021-03-11 14:01:42.420,1,0.3638986291069671,491.83844862766546,0.0,
2021-03-11 14:01:42.430,1,0.4210844041632939,496.45418246864057,0.0,
2021-03-11 14:01:42.440,1,0.4412927856219792,498.4498983062897,0.0,
2021-03-11 14:01:42.450,1,0.3548154211971883,491.0722756360862,0.0,
2021-03-11 14:01:42.460,1,0.341891914319693,493.8535825976006,0.0,
2021-03-11 14:01:42.470,1,0.4165064874759978,496.4969949820346,0.0,
2021-03-11 14:01:42.480,1,0.38362100370537,496.87127627406545,0.0,
2021-03-11 14:01:42.490,1,0.4400187162188824,496.272884418226,0.0,
2021-03-11 14:01:42.500,1,0.3622046073724985,501.72941915151154,0.0,
2021-03-11 14:01:42.510,1,0.3014882693422573,498.3068051392901,0.0,
2021-03-11 14:01:42.520,1,0.3040936458082406,496.6074156519654,0.0,
2021-03-11 14:01:42.530,1,0.4297762562805485,497.8927666822551,0.0,
2021-03-11 14:01:42.540,1,0.3702990510072391,499.7120038707732,0.0,
2021-03-11 14:01:42.550,1,0.3366009420667212,499.9345877785424,0.0,
2021-03-11 14:01:42.560,1,0.3686621162408724,501.9348437748321,0.0,
2021-03-11 14:01:42.570,1,0.3462884797542648,497.5240089624601,0.0,
2021-03-11 14:01:42.580,1,0.3740358001682175,495.11032727684545,0.0,
2021-03-11 14:01:42.590,1,0.3754501783358789,496.9675418962988,0.0,
2021-03-11 14:01:42.600,1,0.3198793253839827,504.6994932108293,0.0,
2021-03-11 14:01:42.610,1,0.3047524742421716,497.72945255372207,0.0,
2021-03-11 14:01:42.620,1,0.3221722450122953,497.8719455626229,0.0,
2021-03-11 14:01:42.630,1,0.3737550466696096,496.3142864223522,0.0,
2021-03-11 14:01:42.640,1,0.3384054402118726,495.4187595791027,0.0,
2021-03-11 14:01:42.650,1,0.3106282394711127,497.69016570778234,0.0,
2021-03-11 14:01:42.660,1,0.3728713937049435,502.72664644032415,0.0,
2021-03-11 14:01:42.670,1,0.3665670898745305,500.4820912422135,0.0,
2021-03-11 14:01:42.680,1,0.3748186433502933,501.90825542656137,0.0,
2021-03-11 14:01:42.690,1,0.3450681023141014,495.55333732251455,0.0,
2021-03-11 14:01:42.700,1,0.3108960307745554,494.1999352988987,0.0,
2021-03-11 14:01:42.710,1,0.3294853177680503,502.0650550485031,0.0,
2021-03-11 14:01:42.720,1,0.3594665422403144,489.6645734979976,0.0,
2021-03-11 14:01:42.730,1,0.3860002943558952,492.98853086939795,0.0,
2021-03-11 14:01:42.740,1,0.3201162019308993,495.2453420809615,0.0,
2021-03-11 14:01:42.750,1,0.3085889577963651,494.54318595827294,0.0,
2021-03-11 14:01:42.760,1,0.3783396252668452,497.52392880779007,0.0,
2021-03-11 14:01:42.770,1,0.34447870797385605,498.65937228146544,0.0,
2021-03-11 14:01:42.780,1,0.2883264212463149,492.6779710638018,0.0,
2021-03-11 14:01:42.790,1,0.3638504070832139,494.8008544454418,0.0,
2021-03-11 14:01:42.800,1,0.29691974289951506,493.960352505388,0.0,
2021-03-11 14:01:42.810,1,0.3139917395193069,493.3100513150332,0.0,
2021-03-11 14:01:42.820,1,0.3767724801275098,491.09441254085874,0.0,
2021-03-11 14:01:42.830,1,0.3742224882915169,489.81520649564237,0.0,
2021-03-11 14:01:42.840,1,0.3810526850411116,490.2326686003505,0.0,
2021-03-11 14:01:42.850,1,0.2690592880747987,493.22733863297685,0.0,
2021-03-11 14:01:42.860,1,0.3196415077566015,489.3819184299868,0.0,
2021-03-11 14:01:42.870,1,0.3006334701156898,490.5120691075069,0.0,
2021-03-11 14:01:42.880,1,0.2992468233500738,485.82622519550483,0.0,
2021-03-11 14:01:42.890,1,0.2909216410358374,488.67031209435197,0.0,
2021-03-11 14:01:42.900,1,0.2504125751900172,489.9579239008274,0.0,
2021-03-11 14:01:42.910,1,0.2566712956934063,489.12399891166365,0.0,
2021-03-11 14:01:42.920,1,0.27874714626320296,484.8314626956032,0.0,
2021-03-11 14:01:42.930,1,0.3415340529340253,487.9144096216043,0.0,
2021-03-11 14:01:42.940,1,0.3063300474010754,486.06041070172745,0.0,
2021-03-11 14:01:42.950,1,0.3064329172162402,492.31015622401117,0.0,
2021-03-11 14:01:42.960,1,0.3164080019228691,485.35838692501403,0.0,
2021-03-11 14:01:42.970,1,0.2662274778482119,488.8562139509587,0.0,
2021-03-11 14:01:42.980,1,0.2997912033615478,489.1934337036552,0.0,
2021-03-11 14:01:42.990,1,0.3356162560989972,489.07921672298033,0.0,
2021-03-11 14:01:43.000,1,0.2630939272313872,484.00837838803824,0.0,
2021-03-11 14:01:43.010,1,0.2479115321527447,487.0007804003627,0.0,
2021-03-11 14:01:43.020,1,0.3136914187682666,492.2362659184532,0.0,
2021-03-11 14:01:43.030,1,0.3006397228216507,486.82881926924415,0.0,
2021-03-11 14:01:43.040,1,0.3203948566535524,490.513393876964,0.0,
2021-03-11 14:01:43.050,1,0.3514455042862346,489.381968383957,0.0,
2021-03-11 14:01:43.060,1,0.2904974355200495,493.7797826137802,0.0,
2021-03-11 14:01:43.070,1,0.2913476505569783,494.635623245415,0.0,
2021-03-11 14:01:43.080,1,0.3318888231958933,497.63194217873576,0.0,
2021-03-11 14:01:43.090,1,0.269570527898814,489.9033061296444,0.0,
2021-03-11 14:01:43.100,1,0.3040663444613726,491.9926256399446,0.0,
2021-03-11 14:01:43.110,1,0.2878933042982162,494.4101066138752,0.0,
2021-03-11 14:01:43.120,1,0.3524038075721918,493.0898579811788,0.0,
2021-03-11 14:01:43.130,1,0.3056782389824212,494.71748159650116,0.0,
2021-03-11 14:01:43.140,1,0.2779138603908549,494.041898908074,0.0,
2021-03-11 14:01:43.150,1,0.2747250150788932,496.8385402491671,0.0,
2021-03-11 14:01:43.160,1,0.2799388055617488,496.7503236969062,0.0,
2021-03-11 14:01:43.170,1,0.3077183864662888,496.02233566424337,0.0,
2021-03-11 14:01:43.180,1,0.2686799917016654,496.6789139900196,0.0,
2021-03-11 14:01:43.190,1,0.2784311720141961,496.39467107526633,0.0,
2021-03-11 14:01:43.200,1,0.3111191744578323,496.22371331301406,0.0,
2021-03-11 14:01:43.210,1,0.3630127493919371,498.5630699013768,0.0,
2021-03-11 14:01:43.220,1,0.2926245540587975,492.2802684640486,0.0,
2021-03-11 14:01:43.230,1,0.3348351863958889,496.39133421659983,0.0,
2021-03-11 14:01:43.240,1,0.3584821835350339,498.4030450406598,0.0,
2021-03-11 14:01:43.250,1,0.263310732604714,500.26529737888177,0.0,
2021-03-11 14:01:43.260,1,0.3533961885133995,500.73500526926057,0.0,
2021-03-11 14:01:43.270,1,0.3402161443943386,499.50209156820273,0.0,
2021-03-11 14:01:43.280,1,0.2969278566294356,496.809612821744,0.0,
2021-03-11 14:01:43.290,1,0.3454933402970333,502.0567834365266,0.0,
2021-03-11 14:01:43.300,1,0.2723383172631536,499.0564104018065,0.0,
2021-03-11 14:01:43.310,1,0.2857905769877408,500.9429500120733,0.0,
2021-03-11 14:01:43.320,1,0.3003671403420331,501.8580242471901,0.0,
2021-03-11 14:01:43.330,1,0.2918653311509301,504.45451277928566,0.0,
2021-03-11 14:01:43.340,1,0.2883479724069779,504.67866460810205,0.0,
2021-03-11 14:01:43.350,1,0.2794522228703675,501.19706984176383,0.0,
2021-03-11 14:01:43.360,1,0.2965224723085052,498.1959367910271,0.0,
2021-03-11 14:01:43.370,1,0.2848323984303951,503.6023875223189,0.0,
2021-03-11 14:01:43.380,1,0.2963666002770629,499.6909036559378,0.0,
2021-03-11 14:01:43.390,1,0.3315253634540149,503.3316546586757,0.0,
2021-03-11 14:01:43.400,1,0.3959844798986593,499.1889915074098,0.0,
2021-03-11 14:01:43.410,1,0.336874514494541,497.4560396731134,0.0,
2021-03-11 14:01:43.420,1,0.3155196741882834,498.7675626036692,0.0,
2021-03-11 14:01:43.430,1,0.2731115518136255,494.48195923643317,0.0,
2021-03-11 14:01:43.440,1,0.3287417895227583,503.4343418148607,0.0,
2021-03-11 14:01:43.450,1,0.299311107876266,498.46792229131097,0.0,
2021-03-11 14:01:43.460,1,0.2947449630006513,495.45965914240327,0.0,
2021-03-11 14:01:43.470,1,0.3407302708382318,497.7784834067656,0.0,
2021-03-11 14:01:43.480,1,0.3147024239492004,500.77178370583084,0.0,
2021-03-11 14:01:43.490,1,0.39667033585544,494.0426763809397,0.0,
2021-03-11 14:01:43.500,1,0.2855256042435803,497.3185675023468,0.0,
2021-03-11 14:01:43.510,1,0.3658293614488596,495.07540705377716,0.0,
2021-03-11 14:01:43.520,1,0.311899128562964,491.1675595991468,0.0,
2021-03-11 14:01:43.530,1,0.3114754086848146,495.3006278834064,0.0,
2021-03-11 14:01:43.540,1,0.2660745308884321,496.97981010235566,0.0,
2021-03-11 14:01:43.550,1,0.3707141951566592,491.25066043245886,0.0,
2021-03-11 14:01:43.560,1,0.3813364429022008,491.8093450232989,0.0,
2021-03-11 14:01:43.570,1,0.3048844944337185,493.6903750717557,0.0,
2021-03-11 14:01:43.580,1,0.2954470934241282,492.85529797789735,0.0,
2021-03-11 14:01:43.590,1,0.3197484016243526,497.3229137389237,0.0,
2021-03-11 14:01:43.600,1,0.3722394643021903,495.2380775226931,0.0,
2021-03-11 14:01:43.610,1,0.294008295095592,490.01445934655817,0.0,
2021-03-11 14:01:43.620,1,0.3695251883866075,492.1034042139567,0.0,
2021-03-11 14:01:43.630,1,0.2522628831770308,493.9366493865617,0.0,
2021-03-11 14:01:43.640,1,0.2930540524512825,491.6220625182958,0.0,
2021-03-11 14:01:43.650,1,0.2879309603681005,490.92250296943536,0.0,
2021-03-11 14:01:43.660,1,0.3064411097621168,487.7689049990482,0.0,
2021-03-11 14:01:43.670,1,0.2713244594129681,492.2310335380932,0.0,
2021-03-11 14:01:43.680,1,0.2692806500658196,490.3580824114663,0.0,
2021-03-11 14:01:43.690,1,0.2482887628617192,491.78179503896894,0.0,
2021-03-11 14:01:43.700,1,0.3496531623867192,491.0779365342744,0.0,
2021-03-11 14:01:43.710,1,0.2358430985981482,495.37504072988304,0.0,
2021-03-11 14:01:43.720,1,0.3413560499850067,493.75596876853723,0.0,
2021-03-11 14:01:43.730,1,0.2239274765261538,490.78884596767443,0.0,
2021-03-11 14:01:43.740,1,0.2548082655697851,492.6502734034111,0.0,
2021-03-11 14:01:43.750,1,0.2343446174529898,499.2430124300215,0.0,
2021-03-11 14:01:43.760,1,0.3309596375983715,489.9157278625398,0.0,
2021-03-11 14:01:43.770,1,0.3241457319100131,494.1544002622124,0.0,
2021-03-11 14:01:43.780,1,0.3089308330362722,495.48261007715803,0.0,
2021-03-11 14:01:43.790,1,0.2364553732117954,499.66331496431656,0.0,
2021-03-11 14:01:43.800,1,0.2739361374636139,492.42352524495385,0.0,
2021-03-11 14:01:43.810,1,0.2901418354988018,495.1757533665706,0.0,
2021-03-11 14:01:43.820,1,0.3035752850646402,502.18581224984484,0.0,
2021-03-11 14:01:43.830,1,0.2837154648915311,490.09104997164565,0.0,
2021-03-11 14:01:43.840,1,0.2340264538375876,493.3511917825994,0.0,
2021-03-11 14:01:43.850,1,0.2939684523778113,494.5834486356533,0.0,
2021-03-11 14:01:43.860,1,0.2229732725149012,496.91434140420716,0.0,
2021-03-11 14:01:43.870,1,0.2493537981156946,494.346938685589,0.0,
2021-03-11 14:01:43.880,1,0.2431383752495816,496.04518766243234,0.0,
2021-03-11 14:01:43.890,1,0.2310499975025584,497.2534489998584,0.0,
2021-03-11 14:01:43.900,1,0.1975337460193055,500.40710692027193,0.0,
2021-03-11 14:01:43.910,1,0.2512314764085849,500.12811123424734,0.0,
2021-03-11 14:01:43.920,1,0.2733055118152452,495.7079580676766,0.0,
2021-03-11 14:01:43.930,1,0.2156772081336567,500.44888398221235,0.0,
2021-03-11 14:01:43.940,1,0.2076375896398645,499.82629388334396,0.0,
2021-03-11 14:01:43.950,1,0.2462221445999261,499.31317030119874,0.0,
2021-03-11 14:01:43.960,1,0.2231976945842646,499.41279093333344,0.0,
2021-03-11 14:01:43.970,1,0.203393410561621,495.037106015965,0.0,
2021-03-11 14:01:43.980,1,0.2372670629686785,497.9467096891713,0.0,
2021-03-11 14:01:43.990,1,0.2639545453010877,498.7409371582281,0.0,
2021-03-11 14:01:44.000,1,0.216860902954585,499.4669854861843,0.0,
2021-03-11 14:01:44.010,1,0.2295049403344685,498.50354100744886,0.0,
2021-03-11 14:01:44.020,1,0.2123029065788004,495.5777082798925,0.0,
2021-03-11 14:01:44.030,1,0.2151133967594995,495.7852003607722,0.0,
2021-03-11 14:01:44.040,1,0.2206766960604832,500.00842502093286,0.0,
2021-03-11 14:01:44.050,1,0.1921294540185747,490.9519368586802,0.0,
2021-03-11 14:01:44.060,1,0.2225617817600738,496.57296383655,0.0,
2021-03-11 14:01:44.070,1,0.2397165138286725,492.6974546658207,0.0,
2021-03-11 14:01:44.080,1,0.2213325077066558,499.03838132911295,0.0,
2021-03-11 14:01:44.090,1,0.1927604483555599,493.48054634377314,0.0,
2021-03-11 14:01:44.100,1,0.2263099633659977,497.49912313294806,0.0,
2021-03-11 14:01:44.110,1,0.1975620436775888,497.4935674930485,0.0,
2021-03-11 14:01:44.120,1,0.2627939358023273,497.5287943404039,0.0,
2021-03-11 14:01:44.130,1,0.2468190203114856,494.5291411523039,0.0,
2021-03-11 14:01:44.140,1,0.2299482885220222,492.869191048934,0.0,
2021-03-11 14:01:44.150,1,0.2158806072363658,492.71241245130585,0.0,
2021-03-11 14:01:44.160,1,0.2465929992918669,493.48742748719,0.0,
2021-03-11 14:01:44.170,1,0.227193066121852,487.4790789168295,0.0,
2021-03-11 14:01:44.180,1,0.2364012526568281,484.40626878173936,0.0,
2021-03-11 14:01:44.190,1,0.1928080137758937,486.6942300664963,0.0,
2021-03-11 14:01:44.200,1,0.3017572618462621,490.6266057905892,0.0,
2021-03-11 14:01:44.210,1,0.2295052282709907,484.0421658725228,0.0,
2021-03-11 14:01:44.220,1,0.2812004635365856,488.68352126447394,0.0,
2021-03-11 14:01:44.230,1,0.2756230970574994,486.59903396731386,0.0,
2021-03-11 14:01:44.240,1,0.3045148968048252,484.3588341964746,0.0,
2021-03-11 14:01:44.250,1,0.2516693851762543,486.3306388070117,0.0,
2021-03-11 14:01:44.260,1,0.2190307048301391,489.06458699016855,0.0,
2021-03-11 14:01:44.270,1,0.3063999647847297,481.5198556442567,0.0,
2021-03-11 14:01:44.280,1,0.3092298920359828,485.2044926349243,0.0,
2021-03-11 14:01:44.290,1,0.2753820929413794,482.2427747704775,0.0,
2021-03-11 14:01:44.300,1,0.3208303994330853,483.7039128897468,0.0,
2021-03-11 14:01:44.310,1,0.2841351632669629,485.3139576547268,0.0,
2021-03-11 14:01:44.320,1,0.322166603373176,482.9978205374099,0.0,
2021-03-11 14:01:44.330,1,0.2740494771640442,480.2569184477902,0.0,
2021-03-11 14:01:44.340,1,0.2656989846236717,481.7469402855835,0.0,
2021-03-11 14:01:44.350,1,0.3011817548400887,480.7295515064939,0.0,
2021-03-11 14:01:44.360,1,0.2825663261614676,487.02184834352585,0.0,
2021-03-11 14:01:44.370,1,0.3125870905201723,488.2165917653536,0.0,
2021-03-11 14:01:44.380,1,0.3394989416561222,486.42237972984026,0.0,
2021-03-11 14:01:44.390,1,0.2653551186913987,484.00060749237963,0.0,
2021-03-11 14:01:44.400,1,0.3435054148213284,483.5541129101713,0.0,
2021-03-11 14:01:44.410,1,0.2605142650916657,481.7132322790357,0.0,
2021-03-11 14:01:44.420,1,0.2727421052467742,485.06071388693647,0.0,
2021-03-11 14:01:44.430,1,0.2747330859590321,484.70510063805983,0.0,
2021-03-11 14:01:44.440,1,0.3401373033658275,483.7207165349054,0.0,
2021-03-11 14:01:44.450,1,0.3076814646919196,489.3615661605091,0.0,
2021-03-11 14:01:44.460,1,0.3131918060291343,487.6845982358285,0.0,
2021-03-11 14:01:44.470,1,0.2706099752395819,485.90016456665427,0.0,
2021-03-11 14:01:44.480,1,0.3400345956574104,483.42333056820615,0.0,
2021-03-11 14:01:44.490,1,0.2454751396945497,486.6287021345013,0.0,
2021-03-11 14:01:44.500,1,0.2836251659821783,485.5486454228919,0.0,
2021-03-11 14:01:44.510,1,0.2863280657821284,485.6985442795833,0.0,
2021-03-11 14:01:44.520,1,0.3687245127027079,486.94405379388274,0.0,
2021-03-11 14:01:44.530,1,0.3319228270383883,483.7237130322941,0.0,
2021-03-11 14:01:44.540,1,0.3633377826212842,484.31203551318634,0.0,
2021-03-11 14:01:44.550,1,0.2981139688489329,488.6417392836893,0.0,
2021-03-11 14:01:44.560,1,0.262822588606026,491.53275722828766,0.0,
2021-03-11 14:01:44.570,1,0.3427551594709556,491.3784450070101,0.0,
2021-03-11 14:01:44.580,1,0.3516721531289632,488.6722516791391,0.0,
2021-03-11 14:01:44.590,1,0.2551842261615499,489.03721700824724,0.0,
2021-03-11 14:01:44.600,1,0.2828850077289231,487.5205691694037,0.0,
2021-03-11 14:01:44.610,1,0.3595832693150801,489.5293835077352,0.0,
2021-03-11 14:01:44.620,1,0.24586106577197894,488.8483630703906,0.0,
2021-03-11 14:01:44.630,1,0.2448408847864764,489.86773872628777,0.0,
2021-03-11 14:01:44.640,1,0.3314928905701138,491.941599003423,0.0,
2021-03-11 14:01:44.650,1,0.2904171501428214,492.9299231075773,0.0,
2021-03-11 14:01:44.660,1,0.2822383015888427,490.16714102287375,0.0,
2021-03-11 14:01:44.670,1,0.3211952684256364,487.204590930326,0.0,
2021-03-11 14:01:44.680,1,0.2802190996540972,491.4865556222784,0.0,
2021-03-11 14:01:44.690,1,0.3442951348084324,487.35756591286696,0.0,
2021-03-11 14:01:44.700,1,0.3124629076709612,494.2636788311808,0.0,
2021-03-11 14:01:44.710,1,0.2529695991109537,492.3221233597776,0.0,
2021-03-11 14:01:44.720,1,0.3131235051221261,488.8618386658223,0.0,
2021-03-11 14:01:44.730,1,0.3410406061670384,487.1054268193356,0.0,
2021-03-11 14:01:44.740,1,0.3104072588170734,489.6495921989013,0.0,
2021-03-11 14:01:44.750,1,0.2813280689672294,492.8071421432192,0.0,
2021-03-11 14:01:44.760,1,0.2907117504476258,492.19840624002177,0.0,
2021-03-11 14:01:44.770,1,0.2616299578708564,493.74212667575654,0.0,
2021-03-11 14:01:44.780,1,0.2721324937195232,489.6303842097233,0.0,
2021-03-11 14:01:44.790,1,0.2689110023341168,489.0616710665484,0.0,
2021-03-11 14:01:44.800,1,0.2424133229848478,488.399343428336,0.0,
2021-03-11 14:01:44.810,1,0.2293069593675339,495.6761236848345,0.0,
2021-03-11 14:01:44.820,1,0.2561370849616573,489.03589287383386,0.0,
2021-03-11 14:01:44.830,1,0.2526321373205116,485.2008309900158,0.0,
2021-03-11 14:01:44.840,1,0.3311048440815733,482.5693760407646,0.0,
2021-03-11 14:01:44.850,1,0.2512718688270557,488.7913452518669,0.0,
2021-03-11 14:01:44.860,1,0.2297072129010668,487.6376041127643,0.0,
2021-03-11 14:01:44.870,1,0.3258567368299448,487.7579383829913,0.0,
2021-03-11 14:01:44.880,1,0.3110450381861877,490.60058922858076,0.0,
2021-03-11 14:01:44.890,1,0.2393347143836043,486.85832315440217,0.0,
2021-03-11 14:01:44.900,1,0.2664030324919553,486.1549617897786,0.0,
2021-03-11 14:01:44.910,1,0.2671800799847915,483.8950319120906,0.0,
2021-03-11 14:01:44.920,1,0.2873274118571562,489.78920131590047,0.0,
2021-03-11 14:01:44.930,1,0.2666110476301437,486.44216651574163,0.0,
2021-03-11 14:01:44.940,1,0.278170206092838,488.39445874334234,0.0,
2021-03-11 14:01:44.950,1,0.2387861770024071,482.0097168052196,0.0,
2021-03-11 14:01:44.960,1,0.2636348880069599,482.6569366496251,0.0,
2021-03-11 14:01:44.970,1,0.22198703386364,486.9584489980236,0.0,
2021-03-11 14:01:44.980,1,0.2639965315789543,483.8923976561844,0.0,
2021-03-11 14:01:44.990,1,0.2869451073190333,483.33901117090863,0.0,
2021-03-11 14:01:45.000,1,0.2995502822779999,488.2859761201828,0.0,
2021-03-11 14:01:45.010,1,0.2367237771786911,480.3485313148257,0.0,
2021-03-11 14:01:45.020,1,0.3265276362653104,486.7676641013773,0.0,
2021-03-11 14:01:45.030,1,0.2985775955483253,486.42596994494073,0.0,
2021-03-11 14:01:45.040,1,0.2701105666437441,486.6710427221003,0.0,
2021-03-11 14:01:45.050,1,0.2380072618805051,482.7324679043117,0.0,
2021-03-11 14:01:45.060,1,0.3148177667329001,486.6034110496474,0.0,
2021-03-11 14:01:45.070,1,0.3002337177584334,486.2168960772775,0.0,
2021-03-11 14:01:45.080,1,0.2435908533819809,489.9533665325852,0.0,
2021-03-11 14:01:45.090,1,0.3021790923753211,490.3194441257019,0.0,
2021-03-11 14:01:45.100,1,0.3262663255630718,483.43100277300886,0.0,
2021-03-11 14:01:45.110,1,0.2720084742176641,492.0563753936061,0.0,
2021-03-11 14:01:45.120,1,0.2509555791929208,488.37962859483287,0.0,
2021-03-11 14:01:45.130,1,0.3819691880320428,487.12642139048495,0.0,
2021-03-11 14:01:45.140,1,0.3705803814995609,494.6264770466038,0.0,
2021-03-11 14:01:45.150,1,0.2691633651738445,490.361495817524,0.0,
2021-03-11 14:01:45.160,1,0.3710397983497828,490.69235793396035,0.0,
2021-03-11 14:01:45.170,1,0.3821169763979383,492.0203791707497,0.0,
2021-03-11 14:01:45.180,1,0.3509443316645988,492.7075121224135,0.0,
2021-03-11 14:01:45.190,1,0.3257918874816658,495.3244407744163,0.0,
2021-03-11 14:01:45.200,1,0.2732898484881997,494.55345545109367,0.0,
2021-03-11 14:01:45.210,1,0.3402956627608721,502.9369227444986,0.0,
2021-03-11 14:01:45.220,1,0.4212385106320287,499.7879924021156,0.0,
2021-03-11 14:01:45.230,1,0.4285278835966153,498.9883933812706,0.0,
2021-03-11 14:01:45.240,1,0.4125172862793797,496.8991784423884,0.0,
2021-03-11 14:01:45.250,1,0.3615013018538465,499.3053569971794,0.0,
2021-03-11 14:01:45.260,1,0.3795275057624249,500.1950002485534,0.0,
2021-03-11 14:01:45.270,1,0.3432935819593522,496.37049611999254,0.0,
2021-03-11 14:01:45.280,1,0.3972697077777332,498.35416746726077,0.0,
2021-03-11 14:01:45.290,1,0.3289960660904987,498.9630169766026,0.0,
2021-03-11 14:01:45.300,1,0.4141401037069664,500.17518471710497,0.0,
2021-03-11 14:01:45.310,1,0.4486104797136878,499.8759739755572,0.0,
2021-03-11 14:01:45.320,1,0.3864797992478427,502.22075977804565,0.0,
2021-03-11 14:01:45.330,1,0.3208682842090268,498.1712453097807,0.0,
2021-03-11 14:01:45.340,1,0.4012087530052144,502.61246489283945,0.0,
2021-03-11 14:01:45.350,1,0.3978030017953725,503.5362775807103,0.0,
2021-03-11 14:01:45.360,1,0.3331788910372086,502.2691617733104,0.0,
2021-03-11 14:01:45.370,1,0.4058499041992789,504.9497875521549,0.0,
2021-03-11 14:01:45.380,1,0.3339344041359607,504.19875257190887,0.0,
2021-03-11 14:01:45.390,1,0.4634396526072283,505.19874914717593,0.0,
2021-03-11 14:01:45.400,1,0.4941126752756123,501.8832324005819,0.0,
2021-03-11 14:01:45.410,1,0.4054835305255427,501.69514745239684,0.0,
2021-03-11 14:01:45.420,1,0.4076319529564346,499.5089989840438,0.0,
2021-03-11 14:01:45.430,1,0.3559225421390156,505.3184982692447,0.0,
2021-03-11 14:01:45.440,1,0.4896372656480796,500.51307789973197,0.0,
2021-03-11 14:01:45.450,1,0.4630438611464671,502.3654124478585,0.0,
2021-03-11 14:01:45.460,1,0.4770760207633176,501.4209450911098,0.0,
2021-03-11 14:01:45.470,1,0.4617086192171706,501.21370970311773,0.0,
2021-03-11 14:01:45.480,1,0.4282084741626473,499.9306145233711,0.0,
2021-03-11 14:01:45.490,1,0.4595446659918732,496.6972304278688,0.0,
2021-03-11 14:01:45.500,1,0.4387439306884402,498.3814843772978,0.0,
2021-03-11 14:01:45.510,1,0.4450006993774194,501.7807059282205,0.0,
2021-03-11 14:01:45.520,1,0.4273650592384422,500.68795983132884,0.0,
2021-03-11 14:01:45.530,1,0.4508455866682466,499.1688339317173,0.0,
2021-03-11 14:01:45.540,1,0.4715694784176932,497.76068331753646,0.0,
2021-03-11 14:01:45.550,1,0.4197893541404929,500.4939758653077,0.0,
2021-03-11 14:01:45.560,1,0.3869356799682866,502.3653477194899,0.0,
2021-03-11 14:01:45.570,1,0.3898991558995165,500.17189767517306,0.0,
2021-03-11 14:01:45.580,1,0.5257739287894341,495.14637849557937,0.0,
2021-03-11 14:01:45.590,1,0.4984364886668915,496.0356644753282,0.0,
2021-03-11 14:01:45.600,1,0.5126410782412271,497.6347430374323,0.0,
2021-03-11 14:01:45.610,1,0.3886617113030802,498.1048411089811,0.0,
2021-03-11 14:01:45.620,1,0.4206511734929301,499.5977060606455,0.0,
2021-03-11 14:01:45.630,1,0.3680272288144202,500.4723611088458,0.0,
2021-03-11 14:01:45.640,1,0.5188774023747026,493.5430420358574,0.0,
2021-03-11 14:01:45.650,1,0.4361546844901227,500.8284189992504,0.0,
2021-03-11 14:01:45.660,1,0.4605901427681339,496.4494277512609,0.0,
2021-03-11 14:01:45.670,1,0.4453395681200975,497.1816693293722,0.0,
2021-03-11 14:01:45.680,1,0.4098507974973637,497.7138459900004,0.0,
2021-03-11 14:01:45.690,1,0.4558582768686053,499.058929952232,0.0,
2021-03-11 14:01:45.700,1,0.3856346611556427,496.02981851037856,0.0,
2021-03-11 14:01:45.710,1,0.3420427240299384,499.0081307573622,0.0,
2021-03-11 14:01:45.720,1,0.3743836026926876,498.8973365826458,0.0,
2021-03-11 14:01:45.730,1,0.5018380285439792,502.2589204371849,0.0,
2021-03-11 14:01:45.740,1,0.4632395383703898,501.183598592544,0.0,
2021-03-11 14:01:45.750,1,0.3945731969405379,497.5916206873405,0.0,
2021-03-11 14:01:45.760,1,0.3674545118288121,501.9670216300576,0.0,
2021-03-11 14:01:45.770,1,0.360173355083569,502.89348054613515,0.0,
2021-03-11 14:01:45.780,1,0.3746511552659571,503.3497091913352,0.0,
2021-03-11 14:01:45.790,1,0.4123258930882472,500.0008017755637,0.0,
2021-03-11 14:01:45.800,1,0.3886639455893235,500.99877982297966,0.0,
2021-03-11 14:01:45.810,1,0.3874487357525855,498.3532975880765,0.0,
2021-03-11 14:01:45.820,1,0.4592321623362126,499.6299103056842,0.0,
2021-03-11 14:01:45.830,1,0.4011740708616345,502.0800551244706,0.0,
2021-03-11 14:01:45.840,1,0.4307112435531166,504.91645718792086,0.0,
2021-03-11 14:01:45.850,1,0.4310775921041651,506.38046374686826,0.0,
2021-03-11 14:01:45.860,1,0.3998202940451866,500.6750739223928,0.0,
2021-03-11 14:01:45.870,1,0.3265006069652835,502.86938524424073,0.0,
2021-03-11 14:01:45.880,1,0.4738032582184769,509.6439225161924,0.0,
2021-03-11 14:01:45.890,1,0.3832109078503131,505.3207356801262,0.0,
2021-03-11 14:01:45.900,1,0.4375599152850762,501.65031467046174,0.0,
2021-03-11 14:01:45.910,1,0.3904467527268971,503.1048675412403,0.0,
2021-03-11 14:01:45.920,1,0.3189755153853956,502.60739686164476,0.0,
2021-03-11 14:01:45.930,1,0.3659825685819033,506.7723548277546,0.0,
2021-03-11 14:01:45.940,1,0.4621779258537836,506.9649525666933,0.0,
2021-03-11 14:01:45.950,1,0.4273720275539784,507.31610110800347,0.0,
2021-03-11 14:01:45.960,1,0.3409071291790633,508.9616947766848,0.0,
2021-03-11 14:01:45.970,1,0.3288691697147045,506.3014336168016,0.0,
2021-03-11 14:01:45.980,1,0.39544771255376,504.5388320379792,0.0,
2021-03-11 14:01:45.990,1,0.4170544860695961,507.2751039763974,0.0,
2021-03-11 14:01:46.000,1,0.3217911253514251,510.5606640826044,0.0,
2021-03-11 14:01:46.010,1,0.3340584180907992,507.7526810414199,0.0,
2021-03-11 14:01:46.020,1,0.4743261392287854,508.1571985282676,0.0,
2021-03-11 14:01:46.030,1,0.3849760862517734,510.7596627166928,0.0,
2021-03-11 14:01:46.040,1,0.4121302744205715,510.9883386488693,0.0,
2021-03-11 14:01:46.050,1,0.3692523178547166,506.0987882476609,0.0,
2021-03-11 14:01:46.060,1,0.3685971335811168,505.38642008255164,0.0,
2021-03-11 14:01:46.070,1,0.355404701051155,511.01888340162316,0.0,
2021-03-11 14:01:46.080,1,0.474723611216426,506.8121694691493,0.0,
2021-03-11 14:01:46.090,1,0.4614796092132615,500.4811269934946,0.0,
2021-03-11 14:01:46.100,1,0.4455859463028592,506.61709926431365,0.0,
2021-03-11 14:01:46.110,1,0.3320432244341362,507.113794520197,0.0,
2021-03-11 14:01:46.120,1,0.3946326256612218,508.32852991908516,0.0,
2021-03-11 14:01:46.130,1,0.391653440459326,502.71781847764083,0.0,
2021-03-11 14:01:46.140,1,0.4475995366205324,505.9741770436559,0.0,
2021-03-11 14:01:46.150,1,0.4723638973823564,506.7827055845683,0.0,
2021-03-11 14:01:46.160,1,0.3700124185354295,502.63260747923965,0.0,
2021-03-11 14:01:46.170,1,0.4203816869855146,507.28271065384484,0.0,
2021-03-11 14:01:46.180,1,0.4342938884137341,505.2736969713935,0.0,
2021-03-11 14:01:46.190,1,0.4708672985322727,499.07707019989766,0.0,
2021-03-11 14:01:46.200,1,0.5067010394601921,503.3220435170932,0.0,
2021-03-11 14:01:46.210,1,0.4417376307200765,500.37727378482043,0.0,
2021-03-11 14:01:46.220,1,0.4587491171824312,497.2951626309105,0.0,
2021-03-11 14:01:46.230,1,0.4026405902736949,496.38426936251847,0.0,
2021-03-11 14:01:46.240,1,0.3774963578261368,502.42755621833976,0.0,
2021-03-11 14:01:46.250,1,0.3748205230362249,500.37062280610166,0.0,
2021-03-11 14:01:46.260,1,0.3571428879269744,501.28645054670375,0.0,
2021-03-11 14:01:46.270,1,0.3746170258956032,498.04924018602964,0.0,
2021-03-11 14:01:46.280,1,0.4838903668768066,502.44612610042435,0.0,
2021-03-11 14:01:46.290,1,0.372597433006147,496.7207995409455,0.0,
2021-03-11 14:01:46.300,1,0.5397789784396612,503.3016693369808,0.0,
2021-03-11 14:01:46.310,1,0.4844285869796734,499.15166884227256,0.0,
2021-03-11 14:01:46.320,1,0.5217568286924914,493.6385783477761,0.0,
2021-03-11 14:01:46.330,1,0.3897819712066583,498.64964606021584,0.0,
2021-03-11 14:01:46.340,1,0.3929755832551956,494.774904124245,0.0,
2021-03-11 14:01:46.350,1,0.4209087502471284,498.90364529741026,0.0,
2021-03-11 14:01:46.360,1,0.4781269353607327,497.4790988488755,0.0,
2021-03-11 14:01:46.370,1,0.4034031724580124,494.6065298902736,0.0,
2021-03-11 14:01:46.380,1,0.498645954434465,491.38173943508315,0.0,
2021-03-11 14:01:46.390,1,0.5203239322431962,495.1884429801848,0.0,
2021-03-11 14:01:46.400,1,0.50699828024147,497.4449317870781,0.0,
2021-03-11 14:01:46.410,1,0.3984061297853307,496.01159239546615,0.0,
2021-03-11 14:01:46.420,1,0.5507815923061391,498.5698214545167,0.0,
2021-03-11 14:01:46.430,1,0.5404788390173559,494.3056520942257,0.0,
2021-03-11 14:01:46.440,1,0.4559891933796823,498.89638485515496,0.0,
2021-03-11 14:01:46.450,1,0.422857166373468,495.3016526094879,0.0,
2021-03-11 14:01:46.460,1,0.4093832933837132,497.7289420130512,0.0,
2021-03-11 14:01:46.470,1,0.4786821394081759,495.5152925373145,0.0,
2021-03-11 14:01:46.480,1,0.4166580506317863,499.411756052473,0.0,
2021-03-11 14:01:46.490,1,0.4394769515330059,497.94576298511817,0.0,
2021-03-11 14:01:46.500,1,0.3896576308215395,500.73732716918886,0.0,
2021-03-11 14:01:46.510,1,0.4907027283246544,498.1826002441797,0.0,
2021-03-11 14:01:46.520,1,0.4191035086200568,500.4300064506273,0.0,
2021-03-11 14:01:46.530,1,0.4365317987980759,501.2430167405065,0.0,
2021-03-11 14:01:46.540,1,0.4982712155776209,498.9745196910904,0.0,
2021-03-11 14:01:46.550,1,0.4203137369098294,502.4183082935244,0.0,
2021-03-11 14:01:46.560,1,0.4454337916801445,501.5171217132075,0.0,
2021-03-11 14:01:46.570,1,0.4513966530443044,502.5141746401685,0.0,
2021-03-11 14:01:46.580,1,0.4980077452357802,504.24881806297196,0.0,
2021-03-11 14:01:46.590,1,0.3828498432687041,506.3204155011466,0.0,
2021-03-11 14:01:46.600,1,0.4901743680456907,502.2763175629258,0.0,
2021-03-11 14:01:46.610,1,0.4555189283100973,503.46597603310136,0.0,
2021-03-11 14:01:46.620,1,0.5142173712744159,499.7664639185463,0.0,
2021-03-11 14:01:46.630,1,0.3924861013886674,498.96299567559606,0.0,
2021-03-11 14:01:46.640,1,0.4917429271136267,508.8359869044957,0.0,
2021-03-11 14:01:46.650,1,0.4090481892219246,505.6187473300308,0.0,
2021-03-11 14:01:46.660,1,0.3747076822805386,504.5266258444205,0.0,
2021-03-11 14:01:46.670,1,0.3395760929732986,501.9477376855948,0.0,
2021-03-11 14:01:46.680,1,0.4457071741078873,504.6252533310791,0.0,
2021-03-11 14:01:46.690,1,0.4592627093817604,504.9328611731729,0.0,
2021-03-11 14:01:46.700,1,0.3850860586440872,506.90438558963433,0.0,
2021-03-11 14:01:46.710,1,0.4347874648406084,506.4353881708731,0.0,
2021-03-11 14:01:46.720,1,0.3925086933355976,503.7270753836786,0.0,
2021-03-11 14:01:46.730,1,0.3414937600734783,502.75122985417534,0.0,
2021-03-11 14:01:46.740,1,0.3424306526560878,503.23472404673316,0.0,
2021-03-11 14:01:46.750,1,0.4075206899758956,504.39541885044486,0.0,
2021-03-11 14:01:46.760,1,0.4688772126779921,501.7748326379871,0.0,
2021-03-11 14:01:46.770,1,0.4062309051338305,499.6880095337647,0.0,
2021-03-11 14:01:46.780,1,0.3338764008762325,505.2135743465596,0.0,
2021-03-11 14:01:46.790,1,0.4030504941903133,506.26586665123057,0.0,
2021-03-11 14:01:46.800,1,0.4454973951795569,503.8612951283236,0.0,
2021-03-11 14:01:46.810,1,0.4497502352870482,502.1871490056329,0.0,
2021-03-11 14:01:46.820,1,0.3996053489009221,503.2257347091597,0.0,
2021-03-11 14:01:46.830,1,0.4411670002252739,505.2306455542072,0.0,
2021-03-11 14:01:46.840,1,0.4120766312188882,503.5557707152311,0.0,
2021-03-11 14:01:46.850,1,0.3771037357230021,501.9395146438916,0.0,
2021-03-11 14:01:46.860,1,0.3068527470580444,504.7832958285804,0.0,
2021-03-11 14:01:46.870,1,0.3840528479626933,498.48222608210716,0.0,
2021-03-11 14:01:46.880,1,0.3156635120118173,503.86612741735496,0.0,
2021-03-11 14:01:46.890,1,0.4033579235984211,504.07902562072195,0.0,
2021-03-11 14:01:46.900,1,0.3823230259140242,500.5876467339354,0.0,
2021-03-11 14:01:46.910,1,0.3408715871108134,502.6689044485289,0.0,
2021-03-11 14:01:46.920,1,0.3695057627942404,501.9007497687269,0.0,
2021-03-11 14:01:46.930,1,0.386165215866427,498.4053251555588,0.0,
2021-03-11 14:01:46.940,1,0.3320621410763151,500.3631454482049,0.0,
2021-03-11 14:01:46.950,1,0.4087933403304016,501.9818938280709,0.0,
2021-03-11 14:01:46.960,1,0.3044319499303393,501.2183103286542,0.0,
2021-03-11 14:01:46.970,1,0.421717153327007,501.1706826937397,0.0,
2021-03-11 14:01:46.980,1,0.4177536723206868,497.6611470971153,0.0,
2021-03-11 14:01:46.990,1,0.3213851830531732,498.8604284675962,0.0,
2021-03-11 14:01:47.000,1,0.3700320791887522,498.8871347622139,0.0,
2021-03-11 14:01:47.010,1,0.3344032324834275,501.0869381874,0.0,
2021-03-11 14:01:47.020,1,0.3525562287849805,497.19431161349786,0.0,
2021-03-11 14:01:47.030,1,0.3554808003818039,500.57713613779885,0.0,
2021-03-11 14:01:47.040,1,0.418054368724536,501.0802016803136,0.0,
2021-03-11 14:01:47.050,1,0.3776589477621459,500.41546976000564,0.0,
2021-03-11 14:01:47.060,1,0.3139030073165569,498.0431506349744,0.0,
2021-03-11 14:01:47.070,1,0.4075968222631024,501.93768474027235,0.0,
2021-03-11 14:01:47.080,1,0.2897168164509782,502.3223212247326,0.0,
2021-03-11 14:01:47.090,1,0.3395054753347374,496.5635401341916,0.0,
2021-03-11 14:01:47.100,1,0.4026584890012143,497.6209035670343,0.0,
2021-03-11 14:01:47.110,1,0.3286265560347368,502.88779822314126,0.0,
2021-03-11 14:01:47.120,1,0.3406603047981504,502.2302446372917,0.0,
2021-03-11 14:01:47.130,1,0.3322517331761964,502.8530468071869,0.0,
2021-03-11 14:01:47.140,1,0.4188187694524218,503.0184182943706,0.0,
2021-03-11 14:01:47.150,1,0.3588228473382968,499.6388760726935,0.0,
2021-03-11 14:01:47.160,1,0.4403042275801861,504.3069559986402,0.0,
2021-03-11 14:01:47.170,1,0.42575184168181,505.41752406768194,0.0,
2021-03-11 14:01:47.180,1,0.3168799287788912,502.7692822634373,0.0,
2021-03-11 14:01:47.190,1,0.3702206524218308,505.661129321515,0.0,
2021-03-11 14:01:47.200,1,0.4220013953349779,503.05775906999236,0.0,
2021-03-11 14:01:47.210,1,0.3589052559489415,504.9515738437426,0.0,
2021-03-11 14:01:47.220,1,0.4120902640452437,504.0466345325057,0.0,
2021-03-11 14:01:47.230,1,0.4080589030207887,503.9072498143431,0.0,
2021-03-11 14:01:47.240,1,0.3430338521709367,507.576028147752,0.0,
2021-03-11 14:01:47.250,1,0.3870891499939063,505.34448261909347,0.0,
2021-03-11 14:01:47.260,1,0.44454377409124896,506.8483533171489,0.0,
2021-03-11 14:01:47.270,1,0.3276014271762297,505.6184956270622,0.0,
2021-03-11 14:01:47.280,1,0.3122582217796407,510.47068814410835,0.0,
2021-03-11 14:01:47.290,1,0.3436708517140853,511.5341173683119,0.0,
2021-03-11 14:01:47.300,1,0.3643380234672559,511.5916024333018,0.0,
2021-03-11 14:01:47.310,1,0.4102763725462107,512.5910485341328,0.0,
2021-03-11 14:01:47.320,1,0.4586286476682896,512.0269558983638,0.0,
2021-03-11 14:01:47.330,1,0.4838401351434648,512.4018761527237,0.0,
2021-03-11 14:01:47.340,1,0.4798975362224307,512.3123293489261,0.0,
2021-03-11 14:01:47.350,1,0.3526022644127836,515.9261980473736,0.0,
2021-03-11 14:01:47.360,1,0.4123167645930658,515.1966736193887,0.0,
2021-03-11 14:01:47.370,1,0.4260849578364962,510.5395973391774,0.0,
2021-03-11 14:01:47.380,1,0.4497609928599265,514.1475087385139,0.0,
2021-03-11 14:01:47.390,1,0.4016035046359604,513.5373775810364,0.0,
2021-03-11 14:01:47.400,1,0.44543810751132,514.7574878682132,0.0,
2021-03-11 14:01:47.410,1,0.3373770986957191,513.2038805889987,0.0,
2021-03-11 14:01:47.420,1,0.4293190997018642,512.3065776435486,0.0,
2021-03-11 14:01:47.430,1,0.4549284284782172,514.4725623251388,0.0,
2021-03-11 14:01:47.440,1,0.4556780404809227,515.3648539144136,0.0,
2021-03-11 14:01:47.450,1,0.3988836316183456,518.035769166961,0.0,
2021-03-11 14:01:47.460,1,0.3915402130975075,512.5675732253394,0.0,
2021-03-11 14:01:47.470,1,0.3305430748884362,516.290676315336,0.0,
2021-03-11 14:01:47.480,1,0.4175876389322765,510.0837689410666,0.0,
2021-03-11 14:01:47.490,1,0.3960061880420087,511.2336538094583,0.0,
2021-03-11 14:01:47.500,1,0.3957684395261056,513.7753234909618,0.0,
2021-03-11 14:01:47.510,1,0.3694068858641701,509.6788292254358,0.0,
2021-03-11 14:01:47.520,1,0.4013270240745634,513.5687133310837,0.0,
2021-03-11 14:01:47.530,1,0.4053934455228707,506.23865211627253,0.0,
2021-03-11 14:01:47.540,1,0.3407997779115347,509.5436654262612,0.0,
2021-03-11 14:01:47.550,1,0.3501777146353866,511.0780292731697,0.0,
2021-03-11 14:01:47.560,1,0.3766370458794194,511.9357878944184,0.0,
2021-03-11 14:01:47.570,1,0.4698609370206553,508.46431038093385,0.0,
2021-03-11 14:01:47.580,1,0.4238260316945313,506.0139004801789,0.0,
2021-03-11 14:01:47.590,1,0.3500623101735861,510.2708098769929,0.0,
2021-03-11 14:01:47.600,1,0.3794287267950111,507.8982860225743,0.0,
2021-03-11 14:01:47.610,1,0.3254485295874369,511.3107533403901,0.0,
2021-03-11 14:01:47.620,1,0.4300644414116503,511.71704483054833,0.0,
2021-03-11 14:01:47.630,1,0.3426843195219947,513.5241319328474,0.0,
2021-03-11 14:01:47.640,1,0.4374467825809446,509.88212317190363,0.0,
2021-03-11 14:01:47.650,1,0.3081527508535451,510.67912527164685,0.0,
2021-03-11 14:01:47.660,1,0.3492984999319702,508.3115855001558,0.0,
2021-03-11 14:01:47.670,1,0.4408177794306988,509.6432848137176,0.0,
2021-03-11 14:01:47.680,1,0.3644544147452658,510.6062174738929,0.0,
2021-03-11 14:01:47.690,1,0.3021660487135907,509.0504379641196,0.0,
2021-03-11 14:01:47.700,1,0.3111046866911924,504.89925885357286,0.0,
2021-03-11 14:01:47.710,1,0.415769130753498,509.3233755079929,0.0,
2021-03-11 14:01:47.720,1,0.4235086910631651,505.73653732595045,0.0,
2021-03-11 14:01:47.730,1,0.3583535372622921,503.0327439971837,0.0,
2021-03-11 14:01:47.740,1,0.3708225292974322,503.7155280122146,0.0,
2021-03-11 14:01:47.750,1,0.3065640004734365,506.3850014547567,0.0,
2021-03-11 14:01:47.760,1,0.3511094273019797,511.62940320959984,0.0,
2021-03-11 14:01:47.770,1,0.4020706991092697,504.0316668682907,0.0,
2021-03-11 14:01:47.780,1,0.3788426740185953,511.28111577759535,0.0,
2021-03-11 14:01:47.790,1,0.3789721116699407,506.2966166265082,0.0,
2021-03-11 14:01:47.800,1,0.3517984749045971,508.63881859476106,0.0,
2021-03-11 14:01:47.810,1,0.3053330394869897,508.76598050522483,0.0,
2021-03-11 14:01:47.820,1,0.3220610896401203,511.2270354429837,0.0,
2021-03-11 14:01:47.830,1,0.4101774841144058,510.4472892386654,0.0,
2021-03-11 14:01:47.840,1,0.4145052806888812,513.7633483748933,0.0,
2021-03-11 14:01:47.850,1,0.3053215040863823,508.76491771191047,0.0,
2021-03-11 14:01:47.860,1,0.3930730257971367,505.8217306583255,0.0,
2021-03-11 14:01:47.870,1,0.3782691128115737,512.8463095588994,0.0,
2021-03-11 14:01:47.880,1,0.3755026841192211,512.465627260072,0.0,
2021-03-11 14:01:47.890,1,0.3693164290769231,509.279495404828,0.0,
2021-03-11 14:01:47.900,1,0.40059724375473,507.3449049310923,0.0,
2021-03-11 14:01:47.910,1,0.3420664856433252,509.9220089754697,0.0,
2021-03-11 14:01:47.920,1,0.308713518678138,515.7599895631229,0.0,
2021-03-11 14:01:47.930,1,0.276295812961609,512.675003898572,0.0,
2021-03-11 14:01:47.940,1,0.2781151541682249,513.3987892089788,0.0,
2021-03-11 14:01:47.950,1,0.3539899982932589,510.98285669112886,0.0,
2021-03-11 14:01:47.960,1,0.333960412327627,510.15922486249224,0.0,
2021-03-11 14:01:47.970,1,0.2760862562339055,515.3191221500509,0.0,
2021-03-11 14:01:47.980,1,0.2945953807849958,507.8144606822338,0.0,
2021-03-11 14:01:47.990,1,0.3780382036238605,511.4803498600954,0.0,
2021-03-11 14:01:48.000,1,0.2983015066179733,514.4174979455333,0.0,
2021-03-11 14:01:48.010,1,0.3857861481002058,514.373226503903,0.0,
2021-03-11 14:01:48.020,1,0.3791261598005939,515.1364724663965,0.0,
2021-03-11 14:01:48.030,1,0.3394779764515269,515.9375227695463,0.0,
2021-03-11 14:01:48.040,1,0.3183592126850006,510.24396585564637,0.0,
2021-03-11 14:01:48.050,1,0.32874682406800604,514.7206504694535,0.0,
2021-03-11 14:01:48.060,1,0.2888057097321653,517.3877440029212,0.0,
2021-03-11 14:01:48.070,1,0.3471970978787693,514.6475428258849,0.0,
2021-03-11 14:01:48.080,1,0.3920362842395614,509.2507710403401,0.0,
2021-03-11 14:01:48.090,1,0.3022249305059543,508.0402102225708,0.0,
2021-03-11 14:01:48.100,1,0.3237741657182412,506.57734186672343,0.0,
2021-03-11 14:01:48.110,1,0.3406100904847287,515.0726732262249,0.0,
2021-03-11 14:01:48.120,1,0.3621216493916217,512.9647467543032,0.0,
2021-03-11 14:01:48.130,1,0.3215804641245856,509.815743376916,0.0,
2021-03-11 14:01:48.140,1,0.3211241169265446,508.6987458525269,0.0,
2021-03-11 14:01:48.150,1,0.3849360845663256,506.8855104575638,0.0,
2021-03-11 14:01:48.160,1,0.4104390067228475,508.420580231769,0.0,
2021-03-11 14:01:48.170,1,0.3395860119943429,507.06155831632935,0.0,
2021-03-11 14:01:48.180,1,0.4285115791655796,509.3365850813426,0.0,
2021-03-11 14:01:48.190,1,0.4378592875822231,503.8869491000122,0.0,
2021-03-11 14:01:48.200,1,0.3709896215886121,508.6464845710621,0.0,
2021-03-11 14:01:48.210,1,0.3169326376803434,504.2321725156299,0.0,
2021-03-11 14:01:48.220,1,0.4152181471136975,506.1363172009802,0.0,
2021-03-11 14:01:48.230,1,0.3169197612977769,507.2361154527536,0.0,
2021-03-11 14:01:48.240,1,0.4478833873835982,504.3378572550473,0.0,
2021-03-11 14:01:48.250,1,0.4039377969410382,504.7082578245573,0.0,
2021-03-11 14:01:48.260,1,0.4127752115586839,503.6986298485448,0.0,
2021-03-11 14:01:48.270,1,0.3602950755569448,500.90848484085313,0.0,
2021-03-11 14:01:48.280,1,0.4680228069223621,509.2737408623522,0.0,
2021-03-11 14:01:48.290,1,0.3653364573313647,502.00953665471167,0.0,
2021-03-11 14:01:48.300,1,0.4089914716278945,504.51573568942115,0.0,
2021-03-11 14:01:48.310,1,0.3881300702178736,506.0289530763372,0.0,
2021-03-11 14:01:48.320,1,0.4744435912446822,500.5805962699688,0.0,
2021-03-11 14:01:48.330,1,0.434618171967401,495.63224049241967,0.0,
2021-03-11 14:01:48.340,1,0.4328002548504198,499.1290932571861,0.0,
2021-03-11 14:01:48.350,1,0.4953147044772824,497.3559093429786,0.0,
2021-03-11 14:01:48.360,1,0.3480281687253998,500.7634617829039,0.0,
2021-03-11 14:01:48.370,1,0.4216259062588052,499.18552303985314,0.0,
2021-03-11 14:01:48.380,1,0.5029908461022019,499.7029185982215,0.0,
2021-03-11 14:01:48.390,1,0.5024940826253969,498.5146629423308,0.0,
2021-03-11 14:01:48.400,1,0.3610244458648828,495.16650570847764,0.0,
2021-03-11 14:01:48.410,1,0.442940549191669,498.0945941444088,0.0,
2021-03-11 14:01:48.420,1,0.4801461546590996,496.53594270124086,0.0,
2021-03-11 14:01:48.430,1,0.3953152734756214,496.3827774774547,0.0,
2021-03-11 14:01:48.440,1,0.3856462579884741,498.47932382882436,0.0,
2021-03-11 14:01:48.450,1,0.4373759050275174,496.4622234116035,0.0,
2021-03-11 14:01:48.460,1,0.4151986960829963,499.727747781876,0.0,
2021-03-11 14:01:48.470,1,0.4470287678209551,501.06877859978636,0.0,
2021-03-11 14:01:48.480,1,0.4780324978171393,501.42341752147837,0.0,
2021-03-11 14:01:48.490,1,0.4835084315394941,499.47002998014483,0.0,
2021-03-11 14:01:48.500,1,0.3828249826475762,495.9073433090184,0.0,
2021-03-11 14:01:48.510,1,0.4033232273481766,494.9334851896005,0.0,
2021-03-11 14:01:48.520,1,0.34297457487286404,500.6993411612287,0.0,
2021-03-11 14:01:48.530,1,0.5159032894309986,498.2805725639837,0.0,
2021-03-11 14:01:48.540,1,0.4189712521360724,497.230720473336,0.0,
2021-03-11 14:01:48.550,1,0.3520575683473565,497.6862515169464,0.0,
2021-03-11 14:01:48.560,1,0.3711928509312577,499.52496050677865,0.0,
2021-03-11 14:01:48.570,1,0.396483251276984,496.5088702026727,0.0,
2021-03-11 14:01:48.580,1,0.3518340867259988,496.82791259262063,0.0,
2021-03-11 14:01:48.590,1,0.3824973344877457,501.8870113011177,0.0,
2021-03-11 14:01:48.600,1,0.4859285901704674,504.7630489475272,0.0,
2021-03-11 14:01:48.610,1,0.4562171098744202,496.8331760868056,0.0,
2021-03-11 14:01:48.620,1,0.4423628509824633,501.33733050659583,0.0,
2021-03-11 14:01:48.630,1,0.4408960345036443,502.51291276330625,0.0,
2021-03-11 14:01:48.640,1,0.4415629550540535,502.2490539786024,0.0,
2021-03-11 14:01:48.650,1,0.4620497827753547,501.0693847269004,0.0,
2021-03-11 14:01:48.660,1,0.3396281683230506,500.9239293897914,0.0,
2021-03-11 14:01:48.670,1,0.4114833176423865,506.0959922776897,0.0,
2021-03-11 14:01:48.680,1,0.4824356334552865,499.2117479909701,0.0,
2021-03-11 14:01:48.690,1,0.4524152555601026,504.2456157411235,0.0,
2021-03-11 14:01:48.700,1,0.3682459123032822,501.9303907012813,0.0,
2021-03-11 14:01:48.710,1,0.3869247472010545,502.7811959804752,0.0,
2021-03-11 14:01:48.720,1,0.4083680527896929,504.6198283295913,0.0,
2021-03-11 14:01:48.730,1,0.4190220484011542,505.443424416754,0.0,
2021-03-11 14:01:48.740,1,0.4173034083919928,505.5084701527605,0.0,
2021-03-11 14:01:48.750,1,0.3115669969249554,497.4882529055732,0.0,
2021-03-11 14:01:48.760,1,0.45570592684801,499.74282551637225,0.0,
2021-03-11 14:01:48.770,1,0.3539430091298166,501.5791512521685,0.0,
2021-03-11 14:01:48.780,1,0.3394642833315441,503.0841264259572,0.0,
2021-03-11 14:01:48.790,1,0.4239787935668307,502.10457315203865,0.0,
2021-03-11 14:01:48.800,1,0.4317025689860675,502.9707407607322,0.0,
2021-03-11 14:01:48.810,1,0.3873764952915978,502.22104620896835,0.0,
2021-03-11 14:01:48.820,1,0.2898153438368324,504.5335402334922,0.0,
2021-03-11 14:01:48.830,1,0.3089632775083048,497.9574105830321,0.0,
2021-03-11 14:01:48.840,1,0.3218143254018789,499.09302036486366,0.0,
2021-03-11 14:01:48.850,1,0.3321287437134975,499.6158622914991,0.0,
2021-03-11 14:01:48.860,1,0.3288523866353309,501.4893635171417,0.0,
2021-03-11 14:01:48.870,1,0.3228386108950203,500.8629996485737,0.0,
2021-03-11 14:01:48.880,1,0.3251801264712898,494.22700217868635,0.0,
2021-03-11 14:01:48.890,1,0.3724695750302496,496.98371012292847,0.0,
2021-03-11 14:01:48.900,1,0.300837814964005,500.3328386993708,0.0,
2021-03-11 14:01:48.910,1,0.3009617127689584,497.69938825955177,0.0,
2021-03-11 14:01:48.920,1,0.3683686126631827,493.4132107674469,0.0,
2021-03-11 14:01:48.930,1,0.2925486581587279,499.23475108378267,0.0,
2021-03-11 14:01:48.940,1,0.3692508734423501,495.7363922997493,0.0,
2021-03-11 14:01:48.950,1,0.3078414495887206,494.3070427757434,0.0,
2021-03-11 14:01:48.960,1,0.3661747226891389,499.1848646730028,0.0,
2021-03-11 14:01:48.970,1,0.2797665527749393,494.1470342773287,0.0,
2021-03-11 14:01:48.980,1,0.2901956369781189,496.7837454847817,0.0,
2021-03-11 14:01:48.990,1,0.4021103123301682,489.4675421486023,0.0,
2021-03-11 14:01:49.000,1,0.2969511526927374,497.5539259408071,0.0,
2021-03-11 14:01:49.010,1,0.2839196930785572,494.7931251870355,0.0,
2021-03-11 14:01:49.020,1,0.3319598570897928,492.3271211966373,0.0,
2021-03-11 14:01:49.030,1,0.3779664587233292,493.12957476151314,0.0,
2021-03-11 14:01:49.040,1,0.2879590207411491,494.1975670676149,0.0,
2021-03-11 14:01:49.050,1,0.39103224930731295,490.5580049305678,0.0,
2021-03-11 14:01:49.060,1,0.3018894057544302,492.8704155459213,0.0,
2021-03-11 14:01:49.070,1,0.3620839256586838,493.3906400961854,0.0,
2021-03-11 14:01:49.080,1,0.4013330739798791,493.17863362389915,0.0,
2021-03-11 14:01:49.090,1,0.2908366187030078,497.8317564755709,0.0,
2021-03-11 14:01:49.100,1,0.3256166423998681,489.1047277425306,0.0,
2021-03-11 14:01:49.110,1,0.3179180947862409,497.3675714468926,0.0,
2021-03-11 14:01:49.120,1,0.3887664860110923,495.0382351188495,0.0,
2021-03-11 14:01:49.130,1,0.4101670615101853,493.3445097904688,0.0,
2021-03-11 14:01:49.140,1,0.4263669555210472,493.8565885860557,0.0,
2021-03-11 14:01:49.150,1,0.4002911724372208,495.1784164760253,0.0,
2021-03-11 14:01:49.160,1,0.3277057419580697,497.923436761558,0.0,
2021-03-11 14:01:49.170,1,0.3165401446334107,497.371222506602,0.0,
2021-03-11 14:01:49.180,1,0.4305739211719475,498.4561523541168,0.0,
2021-03-11 14:01:49.190,1,0.3656402557558706,497.35360974606726,0.0,
2021-03-11 14:01:49.200,1,0.3344081142182445,499.9689681994896,0.0,
2021-03-11 14:01:49.210,1,0.4472166777836434,500.2604879503591,0.0,
2021-03-11 14:01:49.220,1,0.4269072973200773,499.2633634087144,0.0,
2021-03-11 14:01:49.230,1,0.4191151637009248,496.73927134559636,0.0,
2021-03-11 14:01:49.240,1,0.431731837202252,499.8204561307169,0.0,
2021-03-11 14:01:49.250,1,0.3082584575115561,500.5123711849008,0.0,
2021-03-11 14:01:49.260,1,0.3399882068731059,500.0720585173578,0.0,
2021-03-11 14:01:49.270,1,0.4194806131624218,504.7615658016861,0.0,
2021-03-11 14:01:49.280,1,0.3122190899398632,505.03235840619624,0.0,
2021-03-11 14:01:49.290,1,0.3801520416639348,502.6754198534462,0.0,
2021-03-11 14:01:49.300,1,0.4585229478682163,503.7672139290963,0.0,
2021-03-11 14:01:49.310,1,0.4602770325941986,507.3818045278856,0.0,
2021-03-11 14:01:49.320,1,0.4034758108285475,505.2366823998323,0.0,
2021-03-11 14:01:49.330,1,0.3598203949198632,506.672698912701,0.0,
2021-03-11 14:01:49.340,1,0.3884690152288018,506.24341757651695,0.0,
2021-03-11 14:01:49.350,1,0.4685263160388636,506.14016770344233,0.0,
2021-03-11 14:01:49.360,1,0.4494878506801436,508.7321340503354,0.0,
2021-03-11 14:01:49.370,1,0.4689523699984135,507.10766460655685,0.0,
2021-03-11 14:01:49.380,1,0.4059220315699153,507.7698451361767,0.0,
2021-03-11 14:01:49.390,1,0.3526673426632449,502.65464892861223,0.0,
2021-03-11 14:01:49.400,1,0.3777337017939601,508.0150620349885,0.0,
2021-03-11 14:01:49.410,1,0.3860734692175,508.1369345116259,0.0,
2021-03-11 14:01:49.420,1,0.3791504869405829,505.6663606783685,0.0,
2021-03-11 14:01:49.430,1,0.3266028352551407,505.9218817078663,0.0,
2021-03-11 14:01:49.440,1,0.3642239015387201,508.2982895720517,0.0,
2021-03-11 14:01:49.450,1,0.4225402832175688,510.16350984794997,0.0,
2021-03-11 14:01:49.460,1,0.4230761699647621,507.2995439127533,0.0,
2021-03-11 14:01:49.470,1,0.3962083684422445,512.9944216547822,0.0,
2021-03-11 14:01:49.480,1,0.4110264432218682,503.9755515296794,0.0,
2021-03-11 14:01:49.490,1,0.3535409741665253,509.91541530489195,0.0,
2021-03-11 14:01:49.500,1,0.3617786573070685,509.90515854861616,0.0,
2021-03-11 14:01:49.510,1,0.3972301206381641,507.5388569562055,0.0,
2021-03-11 14:01:49.520,1,0.4348861328600671,504.13452130201637,0.0,
2021-03-11 14:01:49.530,1,0.4579618287256113,506.0227890108129,0.0,
2021-03-11 14:01:49.540,1,0.3277591917976374,504.90193136244994,0.0,
2021-03-11 14:01:49.550,1,0.4325761833742928,508.13858824873853,0.0,
2021-03-11 14:01:49.560,1,0.3927086490531306,504.81277961454674,0.0,
2021-03-11 14:01:49.570,1,0.4466762682558091,502.6463656290196,0.0,
2021-03-11 14:01:49.580,1,0.414636726412026,499.0706319521742,0.0,
2021-03-11 14:01:49.590,1,0.4213540642389648,504.2803491024891,0.0,
2021-03-11 14:01:49.600,1,0.4048708705554775,505.9212700832959,0.0,
2021-03-11 14:01:49.610,1,0.4212715636411137,501.53662907056633,0.0,
2021-03-11 14:01:49.620,1,0.2892342163089264,503.8389158789072,0.0,
2021-03-11 14:01:49.630,1,0.3983615946023121,500.87579224492276,0.0,
2021-03-11 14:01:49.640,1,0.2971911587568291,499.4634578071374,0.0,
2021-03-11 14:01:49.650,1,0.3737580758996364,498.10622476992484,0.0,
2021-03-11 14:01:49.660,1,0.3633555079301663,502.8940602481396,0.0,
2021-03-11 14:01:49.670,1,0.4063670358042781,501.69666163686895,0.0,
2021-03-11 14:01:49.680,1,0.3702770491705678,505.33431344028855,0.0,
2021-03-11 14:01:49.690,1,0.2983852372944852,504.1533270226187,0.0,
2021-03-11 14:01:49.700,1,0.3302214591569125,501.5480098333883,0.0,
2021-03-11 14:01:49.710,1,0.2854722116613634,504.60029993509727,0.0,
2021-03-11 14:01:49.720,1,0.3204345766723809,499.398498165035,0.0,
2021-03-11 14:01:49.730,1,0.2626095239508359,498.86848266713514,0.0,
2021-03-11 14:01:49.740,1,0.2690891479507578,496.67733983556457,0.0,
2021-03-11 14:01:49.750,1,0.351632814758172,502.456069159213,0.0,
2021-03-11 14:01:49.760,1,0.3034151925171457,505.45440523928687,0.0,
2021-03-11 14:01:49.770,1,0.2711826796690572,497.6457121078133,0.0,
2021-03-11 14:01:49.780,1,0.3421443575329252,496.4219443449906,0.0,
2021-03-11 14:01:49.790,1,0.2611423059340246,501.7619157534795,0.0,
2021-03-11 14:01:49.800,1,0.3280865826050189,498.8155134479047,0.0,
2021-03-11 14:01:49.810,1,0.2523051029064483,497.09569283789114,0.0,
2021-03-11 14:01:49.820,1,0.3632042179559818,501.13638214347253,0.0,
2021-03-11 14:01:49.830,1,0.2770083091751875,499.6936810771192,0.0,
2021-03-11 14:01:49.840,1,0.2942219671522934,504.1785219670493,0.0,
2021-03-11 14:01:49.850,1,0.3416068840727312,498.5061348051674,0.0,
2021-03-11 14:01:49.860,1,0.3511064242612433,503.53801360922654,0.0,
2021-03-11 14:01:49.870,1,0.325203205800726,502.8354328737312,0.0,
2021-03-11 14:01:49.880,1,0.3016251897682528,499.5047971348919,0.0,
2021-03-11 14:01:49.890,1,0.3249859141284341,505.7739034955773,0.0,
2021-03-11 14:01:49.900,1,0.2363725579247756,501.0005175228523,0.0,
2021-03-11 14:01:49.910,1,0.3075322436146822,505.960030268312,0.0,
2021-03-11 14:01:49.920,1,0.2319841596737124,502.1354661617283,0.0,
2021-03-11 14:01:49.930,1,0.3146904540499956,504.494255897536,0.0,
2021-03-11 14:01:49.940,1,0.263788352583947,503.1780860956951,0.0,
2021-03-11 14:01:49.950,1,0.2437807657880213,504.11593347688193,0.0,
2021-03-11 14:01:49.960,1,0.2560638391493229,503.48059724755615,0.0,
2021-03-11 14:01:49.970,1,0.3130322363848961,505.1837840508464,0.0,
2021-03-11 14:01:49.980,1,0.2663214178453483,508.9541829949134,0.0,
2021-03-11 14:01:49.990,1,0.2643124087825745,504.182731937322,0.0,
2021-03-11 14:01:50.000,1,0.2941172653552975,503.3688992740688,0.0,
2021-03-11 14:01:50.010,1,0.2950175143960802,507.64260155670615,0.0,
2021-03-11 14:01:50.020,1,0.30577926556369106,509.0067973141407,0.0,
2021-03-11 14:01:50.030,1,0.2449546636314221,508.1638092454269,0.0,
2021-03-11 14:01:50.040,1,0.3141508649551157,509.57776064140546,0.0,
2021-03-11 14:01:50.050,1,0.325475899013744,506.17606105130784,0.0,
2021-03-11 14:01:50.060,1,0.3342798518583007,510.66042163744766,0.0,
2021-03-11 14:01:50.070,1,0.2762777293703254,507.4176290747178,0.0,
2021-03-11 14:01:50.080,1,0.3482383150060932,507.5954729385261,0.0,
2021-03-11 14:01:50.090,1,0.2484981690732021,508.50758338151024,0.0,
2021-03-11 14:01:50.100,1,0.2952670533988669,507.4402978085662,0.0,
2021-03-11 14:01:50.110,1,0.2436135633187933,504.71772742429636,0.0,
2021-03-11 14:01:50.120,1,0.2745703319071087,505.98378915038603,0.0,
2021-03-11 14:01:50.130,1,0.2711103666331345,504.4240038541028,0.0,
2021-03-11 14:01:50.140,1,0.2647161532461535,504.29410522732735,0.0,
2021-03-11 14:01:50.150,1,0.2471173824164986,507.541558534269,0.0,
2021-03-11 14:01:50.160,1,0.2675915319042979,506.57927061093386,0.0,
2021-03-11 14:01:50.170,1,0.3406798309354882,504.5405517941271,0.0,
2021-03-11 14:01:50.180,1,0.3375156927831209,503.4886207538018,0.0,
2021-03-11 14:01:50.190,1,0.2610587005796829,509.8656372313506,0.0,
2021-03-11 14:01:50.200,1,0.2808156710166136,499.9047635887858,0.0,
2021-03-11 14:01:50.210,1,0.3262702815403376,504.1944785602169,0.0,
2021-03-11 14:01:50.220,1,0.2782941326127078,501.8793961925597,0.0,
2021-03-11 14:01:50.230,1,0.3818811450228804,504.0870788084436,0.0,
2021-03-11 14:01:50.240,1,0.3367014512470792,504.5713267640633,0.0,
2021-03-11 14:01:50.250,1,0.3652317339746798,499.868610028644,0.0,
2021-03-11 14:01:50.260,1,0.2776389264751556,498.8239998284775,0.0,
2021-03-11 14:01:50.270,1,0.295104703303582,496.9954751382064,0.0,
2021-03-11 14:01:50.280,1,0.3285143849297707,498.04675638006034,0.0,
2021-03-11 14:01:50.290,1,0.3566509716152777,499.6345604961296,0.0,
2021-03-11 14:01:50.300,1,0.3758332426590764,496.0222577432513,0.0,
2021-03-11 14:01:50.310,1,0.2953135807816428,500.5256549123887,0.0,
2021-03-11 14:01:50.320,1,0.3333962645364787,499.2215086787973,0.0,
2021-03-11 14:01:50.330,1,0.373701113301802,499.1916704813181,0.0,
2021-03-11 14:01:50.340,1,0.3754163132279405,495.78533324944834,0.0,
2021-03-11 14:01:50.350,1,0.376224827351081,494.0168681550618,0.0,
2021-03-11 14:01:50.360,1,0.3929756665866546,490.6650130083132,0.0,
2021-03-11 14:01:50.370,1,0.3971833080285076,499.3937270136008,0.0,
2021-03-11 14:01:50.380,1,0.3157224743452876,494.8726799746139,0.0,
2021-03-11 14:01:50.390,1,0.3668448228572752,495.8595399780012,0.0,
2021-03-11 14:01:50.400,1,0.3559183523225111,490.5942521460871,0.0,
2021-03-11 14:01:50.410,1,0.2961556917627515,493.82280403869737,0.0,
2021-03-11 14:01:50.420,1,0.3616168071076737,493.4884527113777,0.0,
2021-03-11 14:01:50.430,1,0.3320865817246717,492.40998093524536,0.0,
2021-03-11 14:01:50.440,1,0.4004979676790984,491.33450779180725,0.0,
2021-03-11 14:01:50.450,1,0.3017208076613453,496.0002764233945,0.0,
2021-03-11 14:01:50.460,1,0.4285721778950607,491.6128257475343,0.0,
2021-03-11 14:01:50.470,1,0.3964610856707176,492.7135526306262,0.0,
2021-03-11 14:01:50.480,1,0.3780139988059899,491.54938476324577,0.0,
2021-03-11 14:01:50.490,1,0.3865831942027541,494.1614188613218,0.0,
2021-03-11 14:01:50.500,1,0.3434968747763978,493.9424717382801,0.0,
2021-03-11 14:01:50.510,1,0.3402606031823613,492.3846895669098,0.0,
2021-03-11 14:01:50.520,1,0.4317190650517822,489.89885405577417,0.0,
2021-03-11 14:01:50.530,1,0.4139195761710666,496.26169885288283,0.0,
2021-03-11 14:01:50.540,1,0.3997421115601977,490.6232156334042,0.0,
2021-03-11 14:01:50.550,1,0.4074378971325114,497.76632935276365,0.0,
2021-03-11 14:01:50.560,1,0.2834050947229429,493.7102554983053,0.0,
2021-03-11 14:01:50.570,1,0.31599075340350896,491.8785519346607,0.0,
2021-03-11 14:01:50.580,1,0.3680934567167512,499.2662722792777,0.0,
2021-03-11 14:01:50.590,1,0.3420089961948027,495.55189097270693,0.0,
2021-03-11 14:01:50.600,1,0.3360397216478431,496.38859503732283,0.0,
2021-03-11 14:01:50.610,1,0.4156811493906193,499.5601126463728,0.0,
2021-03-11 14:01:50.620,1,0.4073176691394242,493.41898862013693,0.0,
2021-03-11 14:01:50.630,1,0.3244162455110682,491.4038619189965,0.0,
2021-03-11 14:01:50.640,1,0.3023057671131279,500.6559681512902,0.0,
2021-03-11 14:01:50.650,1,0.3412424766858768,501.2031291235376,0.0,
2021-03-11 14:01:50.660,1,0.358950151268437,500.0617384508332,0.0,
2021-03-11 14:01:50.670,1,0.3898419221434238,500.2068077911611,0.0,
2021-03-11 14:01:50.680,1,0.312416956828798,499.6759867588739,0.0,
2021-03-11 14:01:50.690,1,0.2972690208323706,495.6258142340314,0.0,
2021-03-11 14:01:50.700,1,0.4098055019171828,498.5622541865218,0.0,
2021-03-11 14:01:50.710,1,0.4016580455067357,499.43052122773076,0.0,
2021-03-11 14:01:50.720,1,0.2988651207574179,499.02890668140617,0.0,
2021-03-11 14:01:50.730,1,0.3661183427589,504.3902103564614,0.0,
2021-03-11 14:01:50.740,1,0.3424106873210384,498.790721880904,0.0,
2021-03-11 14:01:50.750,1,0.26102558200108,505.4498041253223,0.0,
2021-03-11 14:01:50.760,1,0.3282495582727215,498.25096398162606,0.0,
2021-03-11 14:01:50.770,1,0.3734299756235615,506.847696245869,0.0,
2021-03-11 14:01:50.780,1,0.2798196114678482,504.2478899345321,0.0,
2021-03-11 14:01:50.790,1,0.2778948184586586,500.188180403364,0.0,
2021-03-11 14:01:50.800,1,0.2890920583247115,503.87372778565225,0.0,
2021-03-11 14:01:50.810,1,0.3755687909272412,499.4035264016359,0.0,
2021-03-11 14:01:50.820,1,0.3305515143041481,504.73484426026397,0.0,
2021-03-11 14:01:50.830,1,0.3868781010232931,498.03377776967596,0.0,
2021-03-11 14:01:50.840,1,0.3345149519322975,505.4245057731256,0.0,
2021-03-11 14:01:50.850,1,0.2933680785269108,497.5481142975582,0.0,
2021-03-11 14:01:50.860,1,0.278204411611797,499.0934522084729,0.0,
2021-03-11 14:01:50.870,1,0.2823458011589841,501.01764235149284,0.0,
2021-03-11 14:01:50.880,1,0.2634773643942034,501.92554431299806,0.0,
2021-03-11 14:01:50.890,1,0.3642649024212401,502.5933433404584,0.0,
2021-03-11 14:01:50.900,1,0.3815579625001415,501.0852315684773,0.0,
2021-03-11 14:01:50.910,1,0.3412897700574439,500.80033462743967,0.0,
2021-03-11 14:01:50.920,1,0.3216905860497466,499.83651046999915,0.0,
2021-03-11 14:01:50.930,1,0.2716228920092742,502.600216423482,0.0,
2021-03-11 14:01:50.940,1,0.284260951849891,499.95998361888473,0.0,
2021-03-11 14:01:50.950,1,0.2683780998192629,500.7252692705215,0.0,
2021-03-11 14:01:50.960,1,0.262565989368926,496.0331956743306,0.0,
2021-03-11 14:01:50.970,1,0.290449506522524,496.3717456682735,0.0,
2021-03-11 14:01:50.980,1,0.3719702176543464,499.5666273911552,0.0,
2021-03-11 14:01:50.990,1,0.3375522230748142,498.8150788247469,0.0,
2021-03-11 14:01:51.000,1,0.3239427427046153,495.02293465249085,0.0,
2021-03-11 14:01:51.010,1,0.3956182918497433,493.0329015268288,0.0,
2021-03-11 14:01:51.020,1,0.3127279929292262,497.7983406056704,0.0,
2021-03-11 14:01:51.030,1,0.3733869229660971,496.719726096988,0.0,
2021-03-11 14:01:51.040,1,0.3043348053721407,489.7795215221848,0.0,
2021-03-11 14:01:51.050,1,0.3187705592154963,495.7304028575803,0.0,
2021-03-11 14:01:51.060,1,0.283861147883493,496.29011195483764,0.0,
2021-03-11 14:01:51.070,1,0.2788410326780683,492.32339696687654,0.0,
2021-03-11 14:01:51.080,1,0.3615646003486989,496.77004687972334,0.0,
2021-03-11 14:01:51.090,1,0.3072475691391877,500.21881951255097,0.0,
2021-03-11 14:01:51.100,1,0.3985247660633655,493.1747519847369,0.0,
2021-03-11 14:01:51.110,1,0.3444428458291489,492.74015138651725,0.0,
2021-03-11 14:01:51.120,1,0.3547283280552322,499.2432936957529,0.0,
2021-03-11 14:01:51.130,1,0.3009865559951314,494.77155412287215,0.0,
2021-03-11 14:01:51.140,1,0.3947319151697544,495.51818318115687,0.0,
2021-03-11 14:01:51.150,1,0.40123088400161,497.5309840439063,0.0,
2021-03-11 14:01:51.160,1,0.4040264763760841,499.45406856942077,0.0,
2021-03-11 14:01:51.170,1,0.3572578223500956,498.16523867819535,0.0,
2021-03-11 14:01:51.180,1,0.3170042954367092,497.7633274760891,0.0,
2021-03-11 14:01:51.190,1,0.4118955350980786,498.5811491506597,0.0,
2021-03-11 14:01:51.200,1,0.3628650156335837,497.5684108500674,0.0,
2021-03-11 14:01:51.210,1,0.4435543655862836,497.05299011807,0.0,
2021-03-11 14:01:51.220,1,0.4437296761627067,500.38596482007256,0.0,
2021-03-11 14:01:51.230,1,0.3817885307452485,497.9809471624962,0.0,
2021-03-11 14:01:51.240,1,0.3368688836808226,505.73822933830365,0.0,
2021-03-11 14:01:51.250,1,0.3713516415739609,499.9301430697119,0.0,
2021-03-11 14:01:51.260,1,0.442548197167105,502.09312624163215,0.0,
2021-03-11 14:01:51.270,1,0.4585103856757401,496.3720686483898,0.0,
2021-03-11 14:01:51.280,1,0.3273711509767485,505.7025180183262,0.0,
2021-03-11 14:01:51.290,1,0.3763133654945327,498.343402983015,0.0,
2021-03-11 14:01:51.300,1,0.3815001978293739,504.9042462358911,0.0,
2021-03-11 14:01:51.310,1,0.3809612203076256,504.0309876340757,0.0,
2021-03-11 14:01:51.320,1,0.4362509340691277,499.5402220937468,0.0,
2021-03-11 14:01:51.330,1,0.5165112141634869,511.806636781768,0.0,
2021-03-11 14:01:51.340,1,0.4763320429573202,504.5251221396471,0.0,
2021-03-11 14:01:51.350,1,0.5086215872953088,508.3365589186658,0.0,
2021-03-11 14:01:51.360,1,0.3951315928563536,512.3608979772708,0.0,
2021-03-11 14:01:51.370,1,0.4830497502230805,507.2269828134574,0.0,
2021-03-11 14:01:51.380,1,0.4834129329259257,514.8259573385786,0.0,
2021-03-11 14:01:51.390,1,0.4724415136853335,511.81301158075127,0.0,
2021-03-11 14:01:51.400,1,0.4863740511639728,507.0257355313272,0.0,
2021-03-11 14:01:51.410,1,0.4748658404667394,510.1641810422302,0.0,
2021-03-11 14:01:51.420,1,0.4247708309759929,509.8078678412208,0.0,
2021-03-11 14:01:51.430,1,0.499597355514325,510.013461821642,0.0,
2021-03-11 14:01:51.440,1,0.4479202458486315,511.4992755252342,0.0,
2021-03-11 14:01:51.450,1,0.5062055410377123,506.8610381724456,0.0,
2021-03-11 14:01:51.460,1,0.4293834873553244,509.90867783448135,0.0,
2021-03-11 14:01:51.470,1,0.4464694964528671,512.46493192253,0.0,
2021-03-11 14:01:51.480,1,0.3754369785056344,512.7482413619601,0.0,
2021-03-11 14:01:51.490,1,0.3553229787797093,512.7770840186372,0.0,
2021-03-11 14:01:51.500,1,0.4521839983419185,511.241207663026,0.0,
2021-03-11 14:01:51.510,1,0.4450781991885006,510.7713210770437,0.0,
2021-03-11 14:01:51.520,1,0.4592217531026401,509.84834432579294,0.0,
2021-03-11 14:01:51.530,1,0.5129554075264023,514.4157671793172,0.0,
2021-03-11 14:01:51.540,1,0.5082053369338471,511.8458663251293,0.0,
2021-03-11 14:01:51.550,1,0.5175122784118159,510.9177381917901,0.0,
2021-03-11 14:01:51.560,1,0.4807635550554338,513.0377274065291,0.0,
2021-03-11 14:01:51.570,1,0.3577973868203186,510.972715226187,0.0,
2021-03-11 14:01:51.580,1,0.3500883143686379,508.39897909554395,0.0,
2021-03-11 14:01:51.590,1,0.3804717132843047,508.3821224862765,0.0,
2021-03-11 14:01:51.600,1,0.4897783336008396,507.43276230326063,0.0,
2021-03-11 14:01:51.610,1,0.402494364099549,505.4770946529948,0.0,
2021-03-11 14:01:51.620,1,0.4273809395012029,509.8101870162533,0.0,
2021-03-11 14:01:51.630,1,0.3554669257535093,507.7551619307618,0.0,
2021-03-11 14:01:51.640,1,0.4795014819032163,506.27475173470634,0.0,
2021-03-11 14:01:51.650,1,0.4069484877317328,506.92892364098844,0.0,
2021-03-11 14:01:51.660,1,0.4312041493843494,508.1170200440165,0.0,
2021-03-11 14:01:51.670,1,0.4377948601759344,509.49379784870837,0.0,
2021-03-11 14:01:51.680,1,0.365504361675088,510.91194929685776,0.0,
2021-03-11 14:01:51.690,1,0.4410787657051988,511.0452525622016,0.0,
2021-03-11 14:01:51.700,1,0.4747622421814457,507.2850168711872,0.0,
2021-03-11 14:01:51.710,1,0.3844412043861105,501.6635578935701,0.0,
2021-03-11 14:01:51.720,1,0.4119065869788407,506.43812770146536,0.0,
2021-03-11 14:01:51.730,1,0.4031072848702841,509.2259583701658,0.0,
2021-03-11 14:01:51.740,1,0.3676077267588594,504.6118203477551,0.0,
2021-03-11 14:01:51.750,1,0.3718281184098871,508.61573598979066,0.0,
2021-03-11 14:01:51.760,1,0.3831745927387489,503.0267445833185,0.0,
2021-03-11 14:01:51.770,1,0.3449717956481203,501.28456085118194,0.0,
2021-03-11 14:01:51.780,1,0.3325183112019784,501.96611644357023,0.0,
2021-03-11 14:01:51.790,1,0.3979286814583684,506.0579496431824,0.0,
2021-03-11 14:01:51.800,1,0.4466587896905398,506.0850245531682,0.0,
2021-03-11 14:01:51.810,1,0.3823638000645265,505.9664339360181,0.0,
2021-03-11 14:01:51.820,1,0.4385439805550797,509.3910204693733,0.0,
2021-03-11 14:01:51.830,1,0.4158473921243029,504.5855645668783,0.0,
2021-03-11 14:01:51.840,1,0.3465779532376753,504.64892279029283,0.0,
2021-03-11 14:01:51.850,1,0.4484995192090012,505.5587412747935,0.0,
2021-03-11 14:01:51.860,1,0.432229917446664,504.5115287071209,0.0,
2021-03-11 14:01:51.870,1,0.442362734823059,502.82274645347536,0.0,
2021-03-11 14:01:51.880,1,0.4106554128350883,508.3409378909769,0.0,
2021-03-11 14:01:51.890,1,0.4110115746679572,507.6699266141984,0.0,
2021-03-11 14:01:51.900,1,0.4294303367881273,504.62137370569855,0.0,
2021-03-11 14:01:51.910,1,0.3436824739434276,506.0311378657735,0.0,
2021-03-11 14:01:51.920,1,0.4039111575983325,505.2781591805854,0.0,
2021-03-11 14:01:51.930,1,0.3392174781944942,506.4463794078891,0.0,
2021-03-11 14:01:51.940,1,0.415848963570062,509.1417444795151,0.0,
2021-03-11 14:01:51.950,1,0.3012989927873069,513.0286197685217,0.0,
2021-03-11 14:01:51.960,1,0.344872590101301,508.71356833857885,0.0,
2021-03-11 14:01:51.970,1,0.369871647790448,505.2617105238836,0.0,
2021-03-11 14:01:51.980,1,0.3764993731466876,509.6151391252506,0.0,
2021-03-11 14:01:51.990,1,0.3202037463916705,507.030293564347,0.0,
2021-03-11 14:01:52.000,1,0.4095573917982724,512.9931562238706,0.0,
2021-03-11 14:01:52.010,1,0.4261283452218958,509.4506475573606,0.0,
2021-03-11 14:01:52.020,1,0.3018857550078703,505.1187088599978,0.0,
2021-03-11 14:01:52.030,1,0.3965114804805471,508.72797826702123,0.0,
2021-03-11 14:01:52.040,1,0.3792801899303338,513.6713039735766,0.0,
2021-03-11 14:01:52.050,1,0.345124235343662,508.5957062838813,0.0,
2021-03-11 14:01:52.060,1,0.3994480230204885,513.0447000028872,0.0,
2021-03-11 14:01:52.070,1,0.4429525380048158,508.8430485993274,0.0,
2021-03-11 14:01:52.080,1,0.3618269717079115,512.4649368577861,0.0,
2021-03-11 14:01:52.090,1,0.3179468572710273,512.9092804776733,0.0,
2021-03-11 14:01:52.100,1,0.4205041992615376,512.4510288606957,0.0,
2021-03-11 14:01:52.110,1,0.3450002829681647,513.7778215673474,0.0,
2021-03-11 14:01:52.120,1,0.3290699606282384,506.7953134440986,0.0,
2021-03-11 14:01:52.130,1,0.4504649221103046,509.5070585005281,0.0,
2021-03-11 14:01:52.140,1,0.3567895158131141,514.1747455678557,0.0,
2021-03-11 14:01:52.150,1,0.3383890066778428,508.7075201830581,0.0,
2021-03-11 14:01:52.160,1,0.4399673521904969,509.9974002509529,0.0,
2021-03-11 14:01:52.170,1,0.4194562122159411,505.6327495142044,0.0,
2021-03-11 14:01:52.180,1,0.3478041321893844,510.5290821260508,0.0,
2021-03-11 14:01:52.190,1,0.3229375108026261,510.22810996463966,0.0,
2021-03-11 14:01:52.200,1,0.3254032589793815,507.1996792425605,0.0,
2021-03-11 14:01:52.210,1,0.3806918514063567,503.5088516492325,0.0,
2021-03-11 14:01:52.220,1,0.3465701069702011,507.76457029233705,0.0,
2021-03-11 14:01:52.230,1,0.4038596702850911,507.63661001511497,0.0,
2021-03-11 14:01:52.240,1,0.4234908076460241,504.26764912131927,0.0,
2021-03-11 14:01:52.250,1,0.3287961406695985,505.68293816096616,0.0,
2021-03-11 14:01:52.260,1,0.4456071368881764,507.6420538228867,0.0,
2021-03-11 14:01:52.270,1,0.4480088256723189,505.874116163084,0.0,
2021-03-11 14:01:52.280,1,0.3512879066169552,510.2218459336405,0.0,
2021-03-11 14:01:52.290,1,0.46597774594036,500.9073138763555,0.0,
2021-03-11 14:01:52.300,1,0.336309983666659,508.0946454166812,0.0,
2021-03-11 14:01:52.310,1,0.4095085940133229,502.4980325356185,0.0,
2021-03-11 14:01:52.320,1,0.4597945181285344,499.9531025079557,0.0,
2021-03-11 14:01:52.330,1,0.4326389413942523,504.7273227374514,0.0,
2021-03-11 14:01:52.340,1,0.3304595939975991,504.32139106674674,0.0,
2021-03-11 14:01:52.350,1,0.3641820085211114,500.3459932821666,0.0,
2021-03-11 14:01:52.360,1,0.4776358109919043,501.3382889008277,0.0,
2021-03-11 14:01:52.370,1,0.4500444111627171,498.9481453170409,0.0,
2021-03-11 14:01:52.380,1,0.4123810556320589,500.58878402544633,0.0,
2021-03-11 14:01:52.390,1,0.3415860016470197,496.3729962571455,0.0,
2021-03-11 14:01:52.400,1,0.337452417218328,498.36951567731285,0.0,
2021-03-11 14:01:52.410,1,0.3288792571716408,495.6536961868852,0.0,
2021-03-11 14:01:52.420,1,0.3250964184256844,494.6898752448671,0.0,
2021-03-11 14:01:52.430,1,0.3487456318496639,501.8931758918556,0.0,
2021-03-11 14:01:52.440,1,0.3799348046662892,498.8547895412997,0.0,
2021-03-11 14:01:52.450,1,0.3838008917313034,497.2173300341079,0.0,
2021-03-11 14:01:52.460,1,0.3188455592911304,501.4488809301353,0.0,
2021-03-11 14:01:52.470,1,0.4183464632584575,497.311988437688,0.0,
2021-03-11 14:01:52.480,1,0.4095311600093549,495.17362398055366,0.0,
2021-03-11 14:01:52.490,1,0.4392689145272058,498.1483066461489,0.0,
2021-03-11 14:01:52.500,1,0.3824403221882629,494.1789319972576,0.0,
2021-03-11 14:01:52.510,1,0.3835620647786047,496.8303553874445,0.0,
2021-03-11 14:01:52.520,1,0.4409417220304382,495.1350010672385,0.0,
2021-03-11 14:01:52.530,1,0.449170112557711,494.06190973903915,0.0,
2021-03-11 14:01:52.540,1,0.3505009381071454,494.4242495414669,0.0,
2021-03-11 14:01:52.550,1,0.3784377901505618,495.6207559939497,0.0,
2021-03-11 14:01:52.560,1,0.414613665040148,496.51450769655787,0.0,
2021-03-11 14:01:52.570,1,0.3269075273303393,496.81486518628685,0.0,
2021-03-11 14:01:52.580,1,0.4007041396919551,494.8043534545448,0.0,
2021-03-11 14:01:52.590,1,0.4268462102302265,499.2456755433322,0.0,
2021-03-11 14:01:52.600,1,0.3477086634740184,497.29077458222235,0.0,
2021-03-11 14:01:52.610,1,0.2939674333954992,493.995548649786,0.0,
2021-03-11 14:01:52.620,1,0.4017456311762145,493.6478094698973,0.0,
2021-03-11 14:01:52.630,1,0.3524137722472918,495.6616812701975,0.0,
2021-03-11 14:01:52.640,1,0.361652933562803,495.1463453547831,0.0,
2021-03-11 14:01:52.650,1,0.3000547223317457,494.0274856258139,0.0,
2021-03-11 14:01:52.660,1,0.3325203703024882,493.93945292749083,0.0,
2021-03-11 14:01:52.670,1,0.2993470479925846,495.97906989575785,0.0,
2021-03-11 14:01:52.680,1,0.3446755724040301,499.0844790417996,0.0,
2021-03-11 14:01:52.690,1,0.2914557010887307,500.05277436246087,0.0,
2021-03-11 14:01:52.700,1,0.2763814312315303,497.8618012917089,0.0,
2021-03-11 14:01:52.710,1,0.3073968627748285,502.3380125002954,0.0,
2021-03-11 14:01:52.720,1,0.3769805404261338,499.43539223394896,0.0,
2021-03-11 14:01:52.730,1,0.3667029081421207,500.59954090474406,0.0,
2021-03-11 14:01:52.740,1,0.3432398816024819,505.9803295096118,0.0,
2021-03-11 14:01:52.750,1,0.3045978014746041,500.93186125956436,0.0,
2021-03-11 14:01:52.760,1,0.2761116018258651,503.5921998350256,0.0,
2021-03-11 14:01:52.770,1,0.2508472971466129,498.4198715131256,0.0,
2021-03-11 14:01:52.780,1,0.2547190012697346,498.6660635465012,0.0,
2021-03-11 14:01:52.790,1,0.3282699629690973,498.387185356936,0.0,
2021-03-11 14:01:52.800,1,0.3062493544692931,499.7039560627092,0.0,
2021-03-11 14:01:52.810,1,0.2339853769166518,497.0154078817614,0.0,
2021-03-11 14:01:52.820,1,0.3118095692005089,499.1276149214552,0.0,
2021-03-11 14:01:52.830,1,0.2491021580461694,502.5420946890948,0.0,
2021-03-11 14:01:52.840,1,0.33001999228203605,502.90841634620796,0.0,
2021-03-11 14:01:52.850,1,0.2752578664405316,501.38870609832514,0.0,
2021-03-11 14:01:52.860,1,0.3013640222154216,501.3925762296777,0.0,
2021-03-11 14:01:52.870,1,0.2226248935380272,501.5647167289116,0.0,
2021-03-11 14:01:52.880,1,0.2769621378915652,498.97265712399565,0.0,
2021-03-11 14:01:52.890,1,0.272074392701748,498.4541145252919,0.0,
2021-03-11 14:01:52.900,1,0.3128413959225797,501.4387162051643,0.0,
2021-03-11 14:01:52.910,1,0.2181461826531711,497.3836457395367,0.0,
2021-03-11 14:01:52.920,1,0.2658807546679081,496.2408886694526,0.0,
2021-03-11 14:01:52.930,1,0.2775081019379258,494.9876566697578,0.0,
2021-03-11 14:01:52.940,1,0.2718094255434666,497.44661310791605,0.0,
2021-03-11 14:01:52.950,1,0.2522195516662118,495.19332079670255,0.0,
2021-03-11 14:01:52.960,1,0.2329277200914067,500.74884906116944,0.0,
2021-03-11 14:01:52.970,1,0.3110541423030931,497.2138308444708,0.0,
2021-03-11 14:01:52.980,1,0.3071488844607799,492.8656875757192,0.0,
2021-03-11 14:01:52.990,1,0.2921512614854085,494.2946448654615,0.0,
2021-03-11 14:01:53.000,1,0.2749184757043591,498.1012480593962,0.0,
2021-03-11 14:01:53.010,1,0.2501188265739062,495.8516600155576,0.0,
2021-03-11 14:01:53.020,1,0.2435418365153737,494.17472603815713,0.0,
2021-03-11 14:01:53.030,1,0.3177459750743607,493.02102972527365,0.0,
2021-03-11 14:01:53.040,1,0.2974119633197978,497.136156269898,0.0,
2021-03-11 14:01:53.050,1,0.2654749871212919,495.1170875970751,0.0,
2021-03-11 14:01:53.060,1,0.233094822718185,491.1330739345575,0.0,
2021-03-11 14:01:53.070,1,0.297893177039027,492.65312743392684,0.0,
2021-03-11 14:01:53.080,1,0.2197440441913915,491.7532933245278,0.0,
2021-03-11 14:01:53.090,1,0.2375961600619588,497.49263110273284,0.0,
2021-03-11 14:01:53.100,1,0.2880995202536663,493.66376562770137,0.0,
2021-03-11 14:01:53.110,1,0.286050583418264,490.01489437925596,0.0,
2021-03-11 14:01:53.120,1,0.2693749171589151,490.4541401517552,0.0,
2021-03-11 14:01:53.130,1,0.2800726114977739,488.5819240110701,0.0,
2021-03-11 14:01:53.140,1,0.2782109327012866,492.73742225382927,0.0,
2021-03-11 14:01:53.150,1,0.265751862848567,493.8175233497705,0.0,
2021-03-11 14:01:53.160,1,0.2868746664023504,481.0871913553788,0.0,
2021-03-11 14:01:53.170,1,0.2781650693294035,490.2914658812239,0.0,
2021-03-11 14:01:53.180,1,0.2303665518266138,492.43904190999535,0.0,
2021-03-11 14:01:53.190,1,0.2499320680401767,492.0312779011823,0.0,
2021-03-11 14:01:53.200,1,0.3270404425205761,491.44159164180087,0.0,
2021-03-11 14:01:53.210,1,0.2968916569548095,496.98714698020797,0.0,
2021-03-11 14:01:53.220,1,0.3246423575238594,493.5897752165174,0.0,
2021-03-11 14:01:53.230,1,0.3328271059640487,490.68116044463466,0.0,
2021-03-11 14:01:53.240,1,0.3133890707586239,496.1359259079872,0.0,
2021-03-11 14:01:53.250,1,0.3121231668427034,492.504810428085,0.0,
2021-03-11 14:01:53.260,1,0.2458274306960109,490.76182484813376,0.0,
2021-03-11 14:01:53.270,1,0.3321521659753307,493.60324861701037,0.0,
2021-03-11 14:01:53.280,1,0.3621389730011752,493.48371372800216,0.0,
2021-03-11 14:01:53.290,1,0.3252831013496572,493.212028094573,0.0,
2021-03-11 14:01:53.300,1,0.3307624985578776,496.4139122361746,0.0,
2021-03-11 14:01:53.310,1,0.3646196550443956,496.4911090256264,0.0,
2021-03-11 14:01:53.320,1,0.3312258132731756,491.1327801435092,0.0,
2021-03-11 14:01:53.330,1,0.3042202611205521,493.9037815112183,0.0,
2021-03-11 14:01:53.340,1,0.2686838311255818,497.1022039792935,0.0,
2021-03-11 14:01:53.350,1,0.3173171316092475,501.9994489706768,0.0,
2021-03-11 14:01:53.360,1,0.2914534044208718,499.552655869409,0.0,
2021-03-11 14:01:53.370,1,0.2900886831417881,495.291042610775,0.0,
2021-03-11 14:01:53.380,1,0.3701948834065958,501.1163626746544,0.0,
2021-03-11 14:01:53.390,1,0.3186924799610408,499.9515932048798,0.0,
2021-03-11 14:01:53.400,1,0.3309372012754897,504.5546892386699,0.0,
2021-03-11 14:01:53.410,1,0.3211674877354643,497.476342898737,0.0,
2021-03-11 14:01:53.420,1,0.2894800342181762,504.32462763963656,0.0,
2021-03-11 14:01:53.430,1,0.2715962082626653,503.8360287439231,0.0,
2021-03-11 14:01:53.440,1,0.2780219062914453,504.61369007179087,0.0,
2021-03-11 14:01:53.450,1,0.3126340445933676,505.14486227784766,0.0,
2021-03-11 14:01:53.460,1,0.2734320322923622,504.77544071418623,0.0,
2021-03-11 14:01:53.470,1,0.3306209077029578,503.2546789135537,0.0,
2021-03-11 14:01:53.480,1,0.2592268502164678,500.6928807194935,0.0,
2021-03-11 14:01:53.490,1,0.2938509902449051,507.05643186332816,0.0,
2021-03-11 14:01:53.500,1,0.2500928283588786,505.31963302440636,0.0,
2021-03-11 14:01:53.510,1,0.2544101079269197,500.06684265898076,0.0,
2021-03-11 14:01:53.520,1,0.3701368823315675,503.7138635717226,0.0,
2021-03-11 14:01:53.530,1,0.2490766653672503,502.8021694249505,0.0,
2021-03-11 14:01:53.540,1,0.3241369021608903,502.9251573446692,0.0,
2021-03-11 14:01:53.550,1,0.3323194486658557,504.0063525211969,0.0,
2021-03-11 14:01:53.560,1,0.3143758750315591,503.23332906879074,0.0,
2021-03-11 14:01:53.570,1,0.3072723731088653,505.3719719344825,0.0,
2021-03-11 14:01:53.580,1,0.2899333545460739,499.4392058518693,0.0,
2021-03-11 14:01:53.590,1,0.3582170798856497,502.6638773706144,0.0,
2021-03-11 14:01:53.600,1,0.2657968490093265,498.46039575991705,0.0,
2021-03-11 14:01:53.610,1,0.3452450865803108,499.1439454544004,0.0,
2021-03-11 14:01:53.620,1,0.3334375777256265,501.04290716852853,0.0,
2021-03-11 14:01:53.630,1,0.3353997197541644,500.35604423116257,0.0,
2021-03-11 14:01:53.640,1,0.2276711482724026,501.9145410887699,0.0,
2021-03-11 14:01:53.650,1,0.25359310933880896,498.2244724199805,0.0,
2021-03-11 14:01:53.660,1,0.3018755037338619,498.3139213908527,0.0,
2021-03-11 14:01:53.670,1,0.2797279928783152,498.12822495644747,0.0,
2021-03-11 14:01:53.680,1,0.25556807854384,492.0995345246422,0.0,
2021-03-11 14:01:53.690,1,0.2217035815830796,497.2027345449732,0.0,
2021-03-11 14:01:53.700,1,0.2825024212121501,496.2655892724594,0.0,
2021-03-11 14:01:53.710,1,0.2938810228356865,496.7787662456439,0.0,
2021-03-11 14:01:53.720,1,0.2890993418339369,498.82939057322545,0.0,
2021-03-11 14:01:53.730,1,0.3070592631084625,496.7376303332986,0.0,
2021-03-11 14:01:53.740,1,0.3047054534749331,495.56839145292616,0.0,
2021-03-11 14:01:53.750,1,0.2780685392049795,493.4063745711769,0.0,
2021-03-11 14:01:53.760,1,0.2283433295272174,494.11293630808717,0.0,
2021-03-11 14:01:53.770,1,0.2486305441873555,495.5184110338237,0.0,
2021-03-11 14:01:53.780,1,0.2504717308866895,496.0351332440787,0.0,
2021-03-11 14:01:53.790,1,0.2187254793798282,493.94315564532485,0.0,
2021-03-11 14:01:53.800,1,0.2685843969603592,494.2166990055655,0.0,
2021-03-11 14:01:53.810,1,0.2844043321449157,490.6710506404258,0.0,
2021-03-11 14:01:53.820,1,0.2271320232295932,489.6250568188267,0.0,
2021-03-11 14:01:53.830,1,0.2245060653588977,495.22930429364953,0.0,
2021-03-11 14:01:53.840,1,0.2594886678406133,492.6806441059062,0.0,
2021-03-11 14:01:53.850,1,0.2404178863069006,489.2774293545691,0.0,
2021-03-11 14:01:53.860,1,0.2930648402524366,497.55237224374633,0.0,
2021-03-11 14:01:53.870,1,0.2167788204646819,491.4902042390791,0.0,
2021-03-11 14:01:53.880,1,0.3075029844362049,491.10300804440726,0.0,
2021-03-11 14:01:53.890,1,0.2063117363879277,489.64021182360005,0.0,
2021-03-11 14:01:53.900,1,0.2320152885765011,493.94460710031234,0.0,
2021-03-11 14:01:53.910,1,0.3086550600660893,492.8279721992115,0.0,
2021-03-11 14:01:53.920,1,0.2382804980872964,492.8522554639608,0.0,
2021-03-11 14:01:53.930,1,0.281245076325448,494.4323733513285,0.0,
2021-03-11 14:01:53.940,1,0.2722661989534971,494.3599915107279,0.0,
2021-03-11 14:01:53.950,1,0.3020487439495172,498.4042511912557,0.0,
2021-03-11 14:01:53.960,1,0.2691676030510586,496.3900056984948,0.0,
2021-03-11 14:01:53.970,1,0.3172617731007999,497.3492484958674,0.0,
2021-03-11 14:01:53.980,1,0.3148047531060337,501.1176885884593,0.0,
2021-03-11 14:01:53.990,1,0.32404882323052303,495.10379968581077,0.0,
2021-03-11 14:01:54.000,1,0.318638810639779,496.4015874836479,0.0,
2021-03-11 14:01:54.010,1,0.2413130859292998,495.8816008857617,0.0,
2021-03-11 14:01:54.020,1,0.2602854468884096,495.13412163047934,0.0,
2021-03-11 14:01:54.030,1,0.2543545788640131,498.23141054139916,0.0,
2021-03-11 14:01:54.040,1,0.2504215768365107,497.04600509188936,0.0,
2021-03-11 14:01:54.050,1,0.2933038194450704,498.9121354196407,0.0,
2021-03-11 14:01:54.060,1,0.28470594791639103,497.8030984182759,0.0,
2021-03-11 14:01:54.070,1,0.3321039527557507,499.009611314904,0.0,
2021-03-11 14:01:54.080,1,0.3354299609636364,499.2552853742904,0.0,
2021-03-11 14:01:54.090,1,0.3477585209413462,491.9030719752623,0.0,
2021-03-11 14:01:54.100,1,0.3434112753285026,498.0591791827157,0.0,
2021-03-11 14:01:54.110,1,0.2575471384125751,502.5624560488782,0.0,
2021-03-11 14:01:54.120,1,0.3522460697678161,496.201775026508,0.0,
2021-03-11 14:01:54.130,1,0.3392449028216603,497.1066943846382,0.0,
2021-03-11 14:01:54.140,1,0.2800954270517611,499.79279389773836,0.0,
2021-03-11 14:01:54.150,1,0.2936010572316037,495.8127781670272,0.0,
2021-03-11 14:01:54.160,1,0.3822221045843675,495.9916771958188,0.0,
2021-03-11 14:01:54.170,1,0.3284575764020067,501.7549650727538,0.0,
2021-03-11 14:01:54.180,1,0.3354003140834597,499.8827499684823,0.0,
2021-03-11 14:01:54.190,1,0.3690662750670918,499.474732249897,0.0,
2021-03-11 14:01:54.200,1,0.3106780430063731,499.78096611537177,0.0,
2021-03-11 14:01:54.210,1,0.2894188845811131,499.0002168193274,0.0,
2021-03-11 14:01:54.220,1,0.3493210108121172,495.15089043424433,0.0,
2021-03-11 14:01:54.230,1,0.3884183661813215,496.23401029220634,0.0,
2021-03-11 14:01:54.240,1,0.3252874519101318,493.4139522046779,0.0,
2021-03-11 14:01:54.250,1,0.3576884855942375,499.6416988219882,0.0,
2021-03-11 14:01:54.260,1,0.2838501934025634,487.3964597734526,0.0,
2021-03-11 14:01:54.270,1,0.3565154532813599,487.4593917026442,0.0,
2021-03-11 14:01:54.280,1,0.3105275221277789,488.6091072914243,0.0,
2021-03-11 14:01:54.290,1,0.2917126445568651,493.6970463808542,0.0,
2021-03-11 14:01:54.300,1,0.2998145479324547,493.29078276438037,0.0,
2021-03-11 14:01:54.310,1,0.4311280213881118,490.9706023924939,0.0,
2021-03-11 14:01:54.320,1,0.3327436283175919,490.5880293623461,0.0,
2021-03-11 14:01:54.330,1,0.4314077910354906,486.8608853557165,0.0,
2021-03-11 14:01:54.340,1,0.3143890759833811,488.69089299409796,0.0,
2021-03-11 14:01:54.350,1,0.3275376553062109,488.46622696756765,0.0,
2021-03-11 14:01:54.360,1,0.3010883401133283,491.3276832205689,0.0,
2021-03-11 14:01:54.370,1,0.3449102883268811,485.44981161955263,0.0,
2021-03-11 14:01:54.380,1,0.412348728106049,485.97639116786894,0.0,
2021-03-11 14:01:54.390,1,0.32457778489607003,485.22560739117193,0.0,
2021-03-11 14:01:54.400,1,0.3348012564993631,483.19223998350753,0.0,
2021-03-11 14:01:54.410,1,0.4251209127977384,485.13531685751366,0.0,
2021-03-11 14:01:54.420,1,0.3750676854131767,484.6415464657,0.0,
2021-03-11 14:01:54.430,1,0.3259370542060397,482.72024731642335,0.0,
2021-03-11 14:01:54.440,1,0.450002591266075,484.9138384014309,0.0,
2021-03-11 14:01:54.450,1,0.3633510516858799,483.21438710342835,0.0,
2021-03-11 14:01:54.460,1,0.4010441517180481,480.8370765583789,0.0,
2021-03-11 14:01:54.470,1,0.3744602608529121,485.85086417864335,0.0,
2021-03-11 14:01:54.480,1,0.2982109955748239,482.6950348026276,0.0,
2021-03-11 14:01:54.490,1,0.3007273052732561,481.6712603215127,0.0,
2021-03-11 14:01:54.500,1,0.3319297259324692,478.7163646989466,0.0,
2021-03-11 14:01:54.510,1,0.3337857077157215,480.6139821446337,0.0,
2021-03-11 14:01:54.520,1,0.4345424470295848,481.0734759116117,0.0,
2021-03-11 14:01:54.530,1,0.4029681580977957,476.38155843940916,0.0,
2021-03-11 14:01:54.540,1,0.3006073252128324,485.18968282383963,0.0,
2021-03-11 14:01:54.550,1,0.3998553804204678,478.40488794865416,0.0,
2021-03-11 14:01:54.560,1,0.3094827292778104,481.2550192267243,0.0,
2021-03-11 14:01:54.570,1,0.4327018100510379,479.9335782569952,0.0,
2021-03-11 14:01:54.580,1,0.4129333688499337,478.741951614823,0.0,
2021-03-11 14:01:54.590,1,0.3278930352094497,483.82212095639596,0.0,
2021-03-11 14:01:54.600,1,0.3977995305559629,479.0187799098731,0.0,
2021-03-11 14:01:54.610,1,0.4145194514557652,480.5444915902069,0.0,
2021-03-11 14:01:54.620,1,0.29758263777203003,482.0382977142077,0.0,
2021-03-11 14:01:54.630,1,0.33584555154913104,480.1209395314628,0.0,
2021-03-11 14:01:54.640,1,0.361164406590468,481.6090098814652,0.0,
2021-03-11 14:01:54.650,1,0.3060105765455473,482.6609561683243,0.0,
2021-03-11 14:01:54.660,1,0.3114558571014379,480.7614405790934,0.0,
2021-03-11 14:01:54.670,1,0.3030307157064006,485.88690240767716,0.0,
2021-03-11 14:01:54.680,1,0.3970858523572748,488.8929174747123,0.0,
2021-03-11 14:01:54.690,1,0.3876611702371419,481.76990780861166,0.0,
2021-03-11 14:01:54.700,1,0.3083138625579576,483.6776414350901,0.0,
2021-03-11 14:01:54.710,1,0.2730379064818897,483.3356167721529,0.0,
2021-03-11 14:01:54.720,1,0.3903333720685048,487.3952503681849,0.0,
2021-03-11 14:01:54.730,1,0.3826954424723709,488.99143031358636,0.0,
2021-03-11 14:01:54.740,1,0.3901772244581957,483.2638397656089,0.0,
2021-03-11 14:01:54.750,1,0.3223234072775757,484.9898273051401,0.0,
2021-03-11 14:01:54.760,1,0.3497703441005683,488.31520103305184,0.0,
2021-03-11 14:01:54.770,1,0.267378738878089,484.8582961091308,0.0,
2021-03-11 14:01:54.780,1,0.3463156868717419,488.5036523027083,0.0,
2021-03-11 14:01:54.790,1,0.2712874064041851,489.27217130112433,0.0,
2021-03-11 14:01:54.800,1,0.3037019189568345,483.4639061849892,0.0,
2021-03-11 14:01:54.810,1,0.3543994129713016,487.21601688642687,0.0,
2021-03-11 14:01:54.820,1,0.28188776802101,486.6458790495765,0.0,
2021-03-11 14:01:54.830,1,0.3451021713034004,483.6572614576124,0.0,
2021-03-11 14:01:54.840,1,0.3806797502189591,487.2645536337161,0.0,
2021-03-11 14:01:54.850,1,0.2940142195166642,489.7660722761293,0.0,
2021-03-11 14:01:54.860,1,0.3627965740130646,484.6173505923468,0.0,
2021-03-11 14:01:54.870,1,0.2957619453680939,487.01776721013914,0.0,
2021-03-11 14:01:54.880,1,0.3134834242837652,486.06304138624716,0.0,
2021-03-11 14:01:54.890,1,0.2675826500266764,491.3588804639482,0.0,
2021-03-11 14:01:54.900,1,0.2922577127709098,482.4089379548842,0.0,
2021-03-11 14:01:54.910,1,0.3525427718813446,487.41064981055166,0.0,
2021-03-11 14:01:54.920,1,0.3210939582946543,491.68226037832335,0.0,
2021-03-11 14:01:54.930,1,0.3281156775625427,487.06429096100754,0.0,
2021-03-11 14:01:54.940,1,0.3568864630743148,487.008909425941,0.0,
2021-03-11 14:01:54.950,1,0.3150483696986366,486.4021500033684,0.0,
2021-03-11 14:01:54.960,1,0.2594693037875893,487.91252749619713,0.0,
2021-03-11 14:01:54.970,1,0.3216993094943612,485.2534895934908,0.0,
2021-03-11 14:01:54.980,1,0.3519488992977319,484.76859637270485,0.0,
2021-03-11 14:01:54.990,1,0.2992094451501512,483.56686056081566,0.0,
2021-03-11 14:01:55.000,1,0.3691100647200513,486.4853157125363,0.0,
2021-03-11 14:01:55.010,1,0.3871204311108582,481.3793530146682,0.0,
2021-03-11 14:01:55.020,1,0.3680924910593626,485.48479818980553,0.0,
2021-03-11 14:01:55.030,1,0.3207883511378807,482.1662590903264,0.0,
2021-03-11 14:01:55.040,1,0.3847438797902939,484.1291559322773,0.0,
2021-03-11 14:01:55.050,1,0.3866026335044005,486.1489935938904,0.0,
2021-03-11 14:01:55.060,1,0.3555268918934264,481.80113215758973,0.0,
2021-03-11 14:01:55.070,1,0.3111191097200134,483.1189026134364,0.0,
2021-03-11 14:01:55.080,1,0.2976629487984403,480.682893399219,0.0,
2021-03-11 14:01:55.090,1,0.3305560348175118,483.1803203847695,0.0,
2021-03-11 14:01:55.100,1,0.3876283446876584,482.29965225832086,0.0,
2021-03-11 14:01:55.110,1,0.3261895401705225,481.667853280003,0.0,
2021-03-11 14:01:55.120,1,0.4075029398253881,480.04183088445916,0.0,
2021-03-11 14:01:55.130,1,0.3875116481491141,481.2426695219918,0.0,
2021-03-11 14:01:55.140,1,0.3925255716260538,478.7743723595082,0.0,
2021-03-11 14:01:55.150,1,0.4051666017636461,483.5848234391469,0.0,
2021-03-11 14:01:55.160,1,0.3303881842905599,483.07888734692,0.0,
2021-03-11 14:01:55.170,1,0.3139296640476901,482.51346118720164,0.0,
2021-03-11 14:01:55.180,1,0.3801650776318739,479.35909712650476,0.0,
2021-03-11 14:01:55.190,1,0.4361505001798779,478.1678072893495,0.0,
2021-03-11 14:01:55.200,1,0.3774040836366175,479.5553258604628,0.0,
2021-03-11 14:01:55.210,1,0.3691562937832313,479.3582068529892,0.0,
2021-03-11 14:01:55.220,1,0.3528551538281381,482.5481098702643,0.0,
2021-03-11 14:01:55.230,1,0.3912318295126095,483.427424767068,0.0,
2021-03-11 14:01:55.240,1,0.40277615394199895,486.3156406291778,0.0,
2021-03-11 14:01:55.250,1,0.3421225438246975,484.03859962914186,0.0,
2021-03-11 14:01:55.260,1,0.3408301308902959,479.8682356296013,0.0,
2021-03-11 14:01:55.270,1,0.4026011334023887,482.7665157313772,0.0,
2021-03-11 14:01:55.280,1,0.4010338530631654,484.11872535161245,0.0,
2021-03-11 14:01:55.290,1,0.3468907007365374,487.14888739919337,0.0,
2021-03-11 14:01:55.300,1,0.4365290853596602,487.250669311921,0.0,
2021-03-11 14:01:55.310,1,0.4170728391380413,484.8455337637103,0.0,
2021-03-11 14:01:55.320,1,0.3751029961631645,486.6311710845189,0.0,
2021-03-11 14:01:55.330,1,0.342893438653147,491.63285276610975,0.0,
2021-03-11 14:01:55.340,1,0.3227939598286413,486.5573270337552,0.0,
2021-03-11 14:01:55.350,1,0.4023979276669753,493.03531812091234,0.0,
2021-03-11 14:01:55.360,1,0.3615443154782706,492.1091697880754,0.0,
2021-03-11 14:01:55.370,1,0.357737966096915,491.6953273215179,0.0,
2021-03-11 14:01:55.380,1,0.3673161503759035,493.3636506844329,0.0,
2021-03-11 14:01:55.390,1,0.3939873498440849,489.4395119776986,0.0,
2021-03-11 14:01:55.400,1,0.4601147670313493,494.9021788581621,0.0,
2021-03-11 14:01:55.410,1,0.3675776732214448,493.4796878520148,0.0,
2021-03-11 14:01:55.420,1,0.4506522907166881,492.1291175870172,0.0,
2021-03-11 14:01:55.430,1,0.3586398526595856,491.8024431080886,0.0,
2021-03-11 14:01:55.440,1,0.3558441387908733,493.72228979587663,0.0,
2021-03-11 14:01:55.450,1,0.3300478291262979,494.90794787184416,0.0,
2021-03-11 14:01:55.460,1,0.3775639932250108,494.7113643415279,0.0,
2021-03-11 14:01:55.470,1,0.3502098231768816,499.50702491595695,0.0,
2021-03-11 14:01:55.480,1,0.3597512350090606,494.4990528672634,0.0,
2021-03-11 14:01:55.490,1,0.4008918303164872,498.40053736951074,0.0,
2021-03-11 14:01:55.500,1,0.3843895322201978,497.97862099379057,0.0,
2021-03-11 14:01:55.510,1,0.4588730019948022,499.6942861735463,0.0,
2021-03-11 14:01:55.520,1,0.3325657312333733,496.4583395521733,0.0,
2021-03-11 14:01:55.530,1,0.44323635048