time,ton,thrust,mfr,vl,anomaly_code
2021-05-13 06:00:00.000,0,-0.0010998756218774,0.0,0.0,
2021-05-13 06:00:00.010,0,-0.0030667807259235,0.0,1.0,
2021-05-13 06:00:00.020,0,0.0038730783312687,0.0,1.0,
2021-05-13 06:00:00.030,0,-0.0080667862144411,0.0,1.0,
2021-05-13 06:00:00.040,0,0.0023855764032584,0.0,1.0,
2021-05-13 06:00:00.050,0,0.0039209752209689,0.0,1.0,
2021-05-13 06:00:00.060,0,-0.0021421435282009,0.0,1.0,
2021-05-13 06:00:00.070,0,0.0016215656426706,0.0,1.0,
2021-05-13 06:00:00.080,0,0.005062671210401,0.0,1.0,
2021-05-13 06:00:00.090,0,0.0008687389660204,0.0,1.0,
2021-05-13 06:00:00.100,0,-0.0001246911455361,0.0,1.0,
2021-05-13 06:00:00.110,0,0.0036454908095981,0.0,1.0,
2021-05-13 06:00:00.120,0,-0.0033375242482289,0.0,1.0,
2021-05-13 06:00:00.130,0,-0.0029993903152877,0.0,1.0,
2021-05-13 06:00:00.140,0,-0.005010672089508,0.0,1.0,
2021-05-13 06:00:00.150,0,-0.0037137203500902,0.0,0.0,
2021-05-13 06:00:00.160,0,-0.0007528825292098,0.0,0.0,
2021-05-13 06:00:00.170,0,0.0042538702117361,0.0,0.0,
2021-05-13 06:00:00.180,0,0.0012690111605545,0.0,0.0,
2021-05-13 06:00:00.190,0,-0.0009089086924611,0.0,0.0,
2021-05-13 06:00:00.200,0,-0.0022027379627094,0.0,0.0,
2021-05-13 06:00:00.210,0,0.0018285162403795,0.0,0.0,
2021-05-13 06:00:00.220,0,0.0025147108354719,0.0,0.0,
2021-05-13 06:00:00.230,0,-0.0013246719637161,0.0,0.0,
2021-05-13 06:00:00.240,0,0.0009759695658667,0.0,0.0,
2021-05-13 06:00:00.250,0,-0.0007641170532821,0.0,0.0,
2021-05-13 06:00:00.260,0,-0.0034963102969317,0.0,0.0,
2021-05-13 06:00:00.270,0,0.0079444629658046,0.0,0.0,
2021-05-13 06:00:00.280,0,-0.0013630589302559,0.0,0.0,
2021-05-13 06:00:00.290,0,0.0065495592726002,0.0,0.0,
2021-05-13 06:00:00.300,0,-0.0031625920956882,0.0,0.0,
2021-05-13 06:00:00.310,0,0.0045657366608903,0.0,0.0,
2021-05-13 06:00:00.320,0,-0.0001778937254733,0.0,0.0,
2021-05-13 06:00:00.330,0,0.0036542332119639,0.0,0.0,
2021-05-13 06:00:00.340,0,-0.001363698973416,0.0,0.0,
2021-05-13 06:00:00.350,0,0.0027899174790582,0.0,0.0,
2021-05-13 06:00:00.360,0,0.0025990225503207,0.0,0.0,
2021-05-13 06:00:00.370,0,0.0011363580088144,0.0,0.0,
2021-05-13 06:00:00.380,0,0.0034484085929869,0.0,0.0,
2021-05-13 06:00:00.390,0,-0.0034586106492785,0.0,0.0,
2021-05-13 06:00:00.400,0,0.0057613389072926,0.0,0.0,
2021-05-13 06:00:00.410,0,-0.007366955827758,0.0,0.0,
2021-05-13 06:00:00.420,0,0.0061827649802174,0.0,0.0,
2021-05-13 06:00:00.430,0,-0.0001505405054247,0.0,0.0,
2021-05-13 06:00:00.440,0,0.0056165346969673,0.0,0.0,
2021-05-13 06:00:00.450,0,0.0008717342904332,0.0,0.0,
2021-05-13 06:00:00.460,0,0.0005691282760935,0.0,0.0,
2021-05-13 06:00:00.470,0,0.008902037414815999,0.0,0.0,
2021-05-13 06:00:00.480,0,-0.0003054569262024,0.0,0.0,
2021-05-13 06:00:00.490,0,-0.0008939699193216,0.0,0.0,
2021-05-13 06:00:00.500,0,-0.0036086251035713,0.0,0.0,
2021-05-13 06:00:00.510,0,0.0037304928683883,0.0,0.0,
2021-05-13 06:00:00.520,0,-0.0026603630627781,0.0,0.0,
2021-05-13 06:00:00.530,0,0.0004834377178705,0.0,0.0,
2021-05-13 06:00:00.540,0,-0.0018710710913818,0.0,0.0,
2021-05-13 06:00:00.550,0,6.697652606242339e-05,0.0,0.0,
2021-05-13 06:00:00.560,0,-0.0031806463800366,0.0,0.0,
2021-05-13 06:00:00.570,0,0.0055178018602556,0.0,0.0,
2021-05-13 06:00:00.580,0,0.0016126695823025,0.0,0.0,
2021-05-13 06:00:00.590,0,0.0001410669984342,0.0,0.0,
2021-05-13 06:00:00.600,0,0.0013357409876952,0.0,0.0,
2021-05-13 06:00:00.610,0,0.0023910716726584,0.0,0.0,
2021-05-13 06:00:00.620,0,0.0027570820975705,0.0,0.0,
2021-05-13 06:00:00.630,0,0.0008749680940040001,0.0,0.0,
2021-05-13 06:00:00.640,0,0.0048316282638479,0.0,0.0,
2021-05-13 06:00:00.650,0,-0.0030155934332739,0.0,0.0,
2021-05-13 06:00:00.660,0,0.0024989429118261,0.0,0.0,
2021-05-13 06:00:00.670,0,-0.0016631330250294,0.0,0.0,
2021-05-13 06:00:00.680,0,0.0018020405317344,0.0,0.0,
2021-05-13 06:00:00.690,0,0.0027005204382138,0.0,0.0,
2021-05-13 06:00:00.700,0,-0.0006818653926268,0.0,0.0,
2021-05-13 06:00:00.710,0,-0.0036246982071363,0.0,0.0,
2021-05-13 06:00:00.720,0,0.0064426035749625,0.0,0.0,
2021-05-13 06:00:00.730,0,0.0020126045634996,0.0,0.0,
2021-05-13 06:00:00.740,0,0.0050878895731574,0.0,0.0,
2021-05-13 06:00:00.750,0,0.0013763276734601,0.0,0.0,
2021-05-13 06:00:00.760,0,-0.0034288153781264,0.0,0.0,
2021-05-13 06:00:00.770,0,0.0014790672856032,0.0,0.0,
2021-05-13 06:00:00.780,0,-0.0009454903644557,0.0,0.0,
2021-05-13 06:00:00.790,0,-0.0027528986028014,0.0,0.0,
2021-05-13 06:00:00.800,0,-0.0059312968316827,0.0,0.0,
2021-05-13 06:00:00.810,0,0.0001794455655227,0.0,0.0,
2021-05-13 06:00:00.820,0,0.0003458160507184,0.0,0.0,
2021-05-13 06:00:00.830,0,-0.0015122744110190002,0.0,0.0,
2021-05-13 06:00:00.840,0,0.0013705987863169,0.0,0.0,
2021-05-13 06:00:00.850,0,-0.0003821606083536,0.0,0.0,
2021-05-13 06:00:00.860,0,0.0074107794670347,0.0,0.0,
2021-05-13 06:00:00.870,0,-0.0006044192030255,0.0,0.0,
2021-05-13 06:00:00.880,0,-0.0017201212336248,0.0,0.0,
2021-05-13 06:00:00.890,0,0.0023295381315394,0.0,0.0,
2021-05-13 06:00:00.900,0,-0.003927832715045,0.0,0.0,
2021-05-13 06:00:00.910,0,0.0077038215063474,0.0,0.0,
2021-05-13 06:00:00.920,0,0.0014602852001289,0.0,0.0,
2021-05-13 06:00:00.930,0,-0.0060333057551291,0.0,0.0,
2021-05-13 06:00:00.940,0,0.0021163155998038,0.0,0.0,
2021-05-13 06:00:00.950,0,-0.0025025866382351,0.0,0.0,
2021-05-13 06:00:00.960,0,0.0034574165628184,0.0,0.0,
2021-05-13 06:00:00.970,0,-0.0032950126503097,0.0,0.0,
2021-05-13 06:00:00.980,0,-0.0051912912568542,0.0,0.0,
2021-05-13 06:00:00.990,0,-0.0062189949112287,0.0,0.0,
2021-05-13 06:00:01.000,1,0.0001056279725864,0.0,0.0,
2021-05-13 06:00:01.010,1,-0.0040288932263627,0.0,0.0,
2021-05-13 06:00:01.020,1,0.0022413037582773,0.0,0.0,
2021-05-13 06:00:01.030,1,-0.0037113550232939,0.0,0.0,
2021-05-13 06:00:01.040,1,0.0070223793280937,0.0,0.0,
2021-05-13 06:00:01.050,1,0.0009077617898139,0.0,0.0,
2021-05-13 06:00:01.060,1,-0.0002475606521659,0.0,0.0,
2021-05-13 06:00:01.070,1,-0.0041599504325545,0.0,0.0,
2021-05-13 06:00:01.080,1,0.002790888548122,0.0,0.0,
2021-05-13 06:00:01.090,1,0.0009184413586587,0.0,0.0,
2021-05-13 06:00:01.100,1,-0.0047384730327331,0.0,0.0,
2021-05-13 06:00:01.110,1,0.0072584247857022,2.0690937769856284,0.0,
2021-05-13 06:00:01.120,1,0.0069962527133466,7.788792986660164,0.0,
2021-05-13 06:00:01.130,1,0.0171279073052624,16.99943052705816,0.0,
2021-05-13 06:00:01.140,1,0.0322795809777314,28.860358057649695,0.0,
2021-05-13 06:00:01.150,1,0.0514896261607121,42.59384083995005,0.0,
2021-05-13 06:00:01.160,1,0.0665146865522207,58.45076680121044,0.0,
2021-05-13 06:00:01.170,1,0.0893988728568783,75.78671212406016,0.0,
2021-05-13 06:00:01.180,1,0.0949389459897041,93.60947015627441,0.0,
2021-05-13 06:00:01.190,1,0.1060676091594667,114.08286254011213,0.0,
2021-05-13 06:00:01.200,1,0.142222688032307,132.3908059959427,0.0,
2021-05-13 06:00:01.210,1,0.1737922031655877,152.26202693067458,0.0,
2021-05-13 06:00:01.220,1,0.1713246870236575,172.5822434255458,0.0,
2021-05-13 06:00:01.230,1,0.2140494651147713,192.44331094082443,0.0,
2021-05-13 06:00:01.240,1,0.2281618758383726,213.5646130924166,0.0,
2021-05-13 06:00:01.250,1,0.1979228703894994,232.160362816338,0.0,
2021-05-13 06:00:01.260,1,0.2859384070063038,248.6161700173875,0.0,
2021-05-13 06:00:01.270,1,0.26405849211491,269.545264420749,0.0,
2021-05-13 06:00:01.280,1,0.3436449218507722,285.6115255120538,0.0,
2021-05-13 06:00:01.290,1,0.2584741595963614,298.21515786774813,0.0,
2021-05-13 06:00:01.300,1,0.3743965327650465,317.8871683934008,0.0,
2021-05-13 06:00:01.310,1,0.2896956171613647,328.5853362762447,0.0,
2021-05-13 06:00:01.320,1,0.2819281201239195,340.8978702670051,0.0,
2021-05-13 06:00:01.330,1,0.376894561758961,353.69541663701654,0.0,
2021-05-13 06:00:01.340,1,0.3939442147259322,363.383616858152,0.0,
2021-05-13 06:00:01.350,1,0.4377723590563685,376.14532954997617,0.0,
2021-05-13 06:00:01.360,1,0.378680373302312,383.2556722668617,0.0,
2021-05-13 06:00:01.370,1,0.3976051166033992,391.2983913020727,0.0,
2021-05-13 06:00:01.380,1,0.3881750516432257,399.8115598905104,0.0,
2021-05-13 06:00:01.390,1,0.4003290368061319,405.98154234538526,0.0,
2021-05-13 06:00:01.400,1,0.3501424469277236,407.8882898085568,0.0,
2021-05-13 06:00:01.410,1,0.4091124578937334,416.84467888603217,0.0,
2021-05-13 06:00:01.420,1,0.3863783061118988,422.71836716511046,0.0,
2021-05-13 06:00:01.430,1,0.5151322843729902,423.93302713821254,0.0,
2021-05-13 06:00:01.440,1,0.4079048157537827,426.2102133220752,0.0,
2021-05-13 06:00:01.450,1,0.4670016934528257,426.5366847588285,0.0,
2021-05-13 06:00:01.460,1,0.4211322585028088,432.4445391192413,0.0,
2021-05-13 06:00:01.470,1,0.4419230506982096,433.86321018209,0.0,
2021-05-13 06:00:01.480,1,0.4918203830331293,432.2206915744207,0.0,
2021-05-13 06:00:01.490,1,0.5023863864132438,434.33774229260473,0.0,
2021-05-13 06:00:01.500,1,0.5190914721373255,433.79820909951576,0.0,
2021-05-13 06:00:01.510,1,0.4294803148584857,435.39252209579263,0.0,
2021-05-13 06:00:01.520,1,0.4021952913773743,433.01835173279846,0.0,
2021-05-13 06:00:01.530,1,0.5062561352520629,430.41656846116285,0.0,
2021-05-13 06:00:01.540,1,0.3421807661828697,427.70755715986695,0.0,
2021-05-13 06:00:01.550,1,0.4992446355518429,433.1901736032369,0.0,
2021-05-13 06:00:01.560,1,0.5030587154673206,426.6765898952596,0.0,
2021-05-13 06:00:01.570,1,0.4740719425026332,430.2855506015396,0.0,
2021-05-13 06:00:01.580,1,0.3933436927314667,428.63271964759866,0.0,
2021-05-13 06:00:01.590,1,0.4863967030856417,428.491072135725,0.0,
2021-05-13 06:00:01.600,1,0.3446939323380706,427.3631607006133,0.0,
2021-05-13 06:00:01.610,1,0.443764144070389,421.9529690123842,0.0,
2021-05-13 06:00:01.620,1,0.4189372119919322,419.8622033667096,0.0,
2021-05-13 06:00:01.630,1,0.4570831386339561,423.65517453998666,0.0,
2021-05-13 06:00:01.640,1,0.3694937679324212,419.28670355849516,0.0,
2021-05-13 06:00:01.650,1,0.3386331177521629,410.79257339712575,0.0,
2021-05-13 06:00:01.660,1,0.3331898673715939,419.98494317869034,0.0,
2021-05-13 06:00:01.670,1,0.3246182805722,417.00709351530367,0.0,
2021-05-13 06:00:01.680,1,0.3758651352566227,412.92444091568535,0.0,
2021-05-13 06:00:01.690,1,0.4200309642498055,411.31984647294416,0.0,
2021-05-13 06:00:01.700,1,0.3116590407297828,409.73334921733453,0.0,
2021-05-13 06:00:01.710,1,0.4046855978494078,413.67246981645536,0.0,
2021-05-13 06:00:01.720,1,0.3897854928610179,406.49875073214287,0.0,
2021-05-13 06:00:01.730,1,0.4061904781784476,405.08388852603326,0.0,
2021-05-13 06:00:01.740,1,0.4034497520857243,405.6734536269408,0.0,
2021-05-13 06:00:01.750,1,0.3243348463650739,404.17897946759086,0.0,
2021-05-13 06:00:01.760,1,0.340034657871563,402.25430717195326,0.0,
2021-05-13 06:00:01.770,1,0.3425520357492509,404.0137102311122,0.0,
2021-05-13 06:00:01.780,1,0.3148791152856862,401.3377683458572,0.0,
2021-05-13 06:00:01.790,1,0.362014810770978,401.3015723924249,0.0,
2021-05-13 06:00:01.800,1,0.3732443200795444,403.9601214707407,0.0,
2021-05-13 06:00:01.810,1,0.3754125442107134,401.25201414231714,0.0,
2021-05-13 06:00:01.820,1,0.3301607255699544,401.96642025014506,0.0,
2021-05-13 06:00:01.830,1,0.3735338260334647,398.7841278485025,0.0,
2021-05-13 06:00:01.840,1,0.3243591826939591,396.85936451273307,0.0,
2021-05-13 06:00:01.850,1,0.3274005761204328,395.29865788762635,0.0,
2021-05-13 06:00:01.860,1,0.2951883087944035,393.90881843432203,0.0,
2021-05-13 06:00:01.870,1,0.3579563587540086,399.4950741952933,0.0,
2021-05-13 06:00:01.880,1,0.3544656008350684,396.5340618046057,0.0,
2021-05-13 06:00:01.890,1,0.3340272466881543,395.98106875391767,0.0,
2021-05-13 06:00:01.900,1,0.2733437178515491,399.44800599422064,0.0,
2021-05-13 06:00:01.910,1,0.2795691564416543,393.53293127752715,0.0,
2021-05-13 06:00:01.920,1,0.3510301936684027,398.49124523233115,0.0,
2021-05-13 06:00:01.930,1,0.3425101786624999,392.4669883757026,0.0,
2021-05-13 06:00:01.940,1,0.3192776402610923,397.6435462605426,0.0,
2021-05-13 06:00:01.950,0,0.3218195199947205,395.15554597204175,0.0,
2021-05-13 06:00:01.960,0,0.3374529259015298,393.2466973958497,0.0,
2021-05-13 06:00:01.970,0,0.2749704265508746,391.90726931973256,0.0,
2021-05-13 06:00:01.980,0,0.3761036094771344,395.44980782054637,0.0,
2021-05-13 06:00:01.990,0,0.3586817972041012,394.0378501187575,0.0,
2021-05-13 06:00:02.000,1,0.3118482484858673,394.9279813402215,0.0,
2021-05-13 06:00:02.010,1,0.3680864056558257,400.419139635069,0.0,
2021-05-13 06:00:02.020,1,0.2979268302217577,394.88481412920737,0.0,
2021-05-13 06:00:02.030,1,0.2837137216909192,391.8786199882394,0.0,
2021-05-13 06:00:02.040,1,0.3386779526874943,394.3736715737555,0.0,
2021-05-13 06:00:02.050,1,0.2557670865049445,393.22992804425087,0.0,
2021-05-13 06:00:02.060,1,0.2697015208113573,391.90917951813276,0.0,
2021-05-13 06:00:02.070,1,0.3543742650336373,384.20243261725176,0.0,
2021-05-13 06:00:02.080,1,0.2693472172942321,372.33895968954863,0.0,
2021-05-13 06:00:02.090,1,0.2580835715404749,365.2128417954817,0.0,
2021-05-13 06:00:02.100,1,0.3279196661834885,349.8053701485502,0.0,
2021-05-13 06:00:02.110,1,0.3192744769743017,337.35451662603236,0.0,
2021-05-13 06:00:02.120,1,0.3071852157434091,328.41106358202865,0.0,
2021-05-13 06:00:02.130,1,0.3019803494767109,316.11077513756806,0.0,
2021-05-13 06:00:02.140,1,0.3029074196720126,306.0733993053873,0.0,
2021-05-13 06:00:02.150,1,0.24520340249967806,301.81780179536844,0.0,
2021-05-13 06:00:02.160,1,0.2669420889730796,299.9939542662925,0.0,
2021-05-13 06:00:02.170,1,0.2937238400146162,299.35129511785226,0.0,
2021-05-13 06:00:02.180,1,0.2877247873425254,295.4232560848307,0.0,
2021-05-13 06:00:02.190,1,0.2507506342240218,295.4365714524937,0.0,
2021-05-13 06:00:02.200,1,0.2054274374516517,297.12641556689806,0.0,
2021-05-13 06:00:02.210,1,0.1982589005402546,298.1289432943953,0.0,
2021-05-13 06:00:02.220,1,0.2195224437015796,300.571645134223,0.0,
2021-05-13 06:00:02.230,1,0.2168622239703055,304.806079084964,0.0,
2021-05-13 06:00:02.240,1,0.2736560846412189,307.00593884841794,0.0,
2021-05-13 06:00:02.250,1,0.2538523309172298,311.25016979278615,0.0,
2021-05-13 06:00:02.260,1,0.3214280716000113,314.95478932307464,0.0,
2021-05-13 06:00:02.270,1,0.2629070735528682,320.46678022017016,0.0,
2021-05-13 06:00:02.280,1,0.2232033307523076,325.11254662417707,0.0,
2021-05-13 06:00:02.290,1,0.3248649812011751,326.5433870860012,0.0,
2021-05-13 06:00:02.300,1,0.3342231346328633,334.0323256591607,0.0,
2021-05-13 06:00:02.310,1,0.2344305126836071,338.94238871208785,0.0,
2021-05-13 06:00:02.320,1,0.261718912712007,345.5729687903865,0.0,
2021-05-13 06:00:02.330,1,0.2792693038275877,350.4497952780305,0.0,
2021-05-13 06:00:02.340,1,0.3156618010337119,355.70567728184517,0.0,
2021-05-13 06:00:02.350,1,0.2910747725006681,355.40146592548683,0.0,
2021-05-13 06:00:02.360,1,0.3591420230364729,361.7680794088556,0.0,
2021-05-13 06:00:02.370,1,0.2864945645677512,362.82547503316994,0.0,
2021-05-13 06:00:02.380,1,0.3405635966435997,366.92524248762106,0.0,
2021-05-13 06:00:02.390,1,0.380901630319324,369.78607330729983,0.0,
2021-05-13 06:00:02.400,1,0.3590560537033175,375.82808167789113,0.0,
2021-05-13 06:00:02.410,1,0.3267458623137814,379.6957098531002,0.0,
2021-05-13 06:00:02.420,1,0.3277144214704464,383.85483636290695,0.0,
2021-05-13 06:00:02.430,1,0.4025260916419925,385.1613865695626,0.0,
2021-05-13 06:00:02.440,1,0.39358247204982,384.636945932952,0.0,
2021-05-13 06:00:02.450,1,0.3355715809570175,387.34785736571627,0.0,
2021-05-13 06:00:02.460,1,0.3078306657043137,391.0629205055343,0.0,
2021-05-13 06:00:02.470,1,0.3347599269353919,393.1195475017215,0.0,
2021-05-13 06:00:02.480,1,0.3394055079402589,391.5722734937136,0.0,
2021-05-13 06:00:02.490,1,0.337154762135503,394.74835944754204,0.0,
2021-05-13 06:00:02.500,1,0.3504109533368936,397.04162665907967,0.0,
2021-05-13 06:00:02.510,1,0.3096471193346228,396.063197057497,0.0,
2021-05-13 06:00:02.520,1,0.3368414318203889,395.89658017349717,0.0,
2021-05-13 06:00:02.530,1,0.43370559779202095,397.5617507572883,0.0,
2021-05-13 06:00:02.540,1,0.4342630976956576,399.2116353019602,0.0,
2021-05-13 06:00:02.550,1,0.4319211852915804,400.3192220708385,0.0,
2021-05-13 06:00:02.560,1,0.3731547449010378,403.07297808195597,0.0,
2021-05-13 06:00:02.570,1,0.3299299540272568,399.6826399482212,0.0,
2021-05-13 06:00:02.580,1,0.2994710761109012,399.4418718137817,0.0,
2021-05-13 06:00:02.590,1,0.3570193437055953,399.6368916202935,0.0,
2021-05-13 06:00:02.600,1,0.348480528892178,400.837517882127,0.0,
2021-05-13 06:00:02.610,1,0.4361026318421404,402.39884338592316,0.0,
2021-05-13 06:00:02.620,1,0.3533776743636431,403.24769864584914,0.0,
2021-05-13 06:00:02.630,1,0.2888416992191892,403.2610727549109,0.0,
2021-05-13 06:00:02.640,1,0.3028292380667596,401.5860165595739,0.0,
2021-05-13 06:00:02.650,1,0.4243180180092869,398.6702600066124,0.0,
2021-05-13 06:00:02.660,1,0.3547661220583012,399.93266713645,0.0,
2021-05-13 06:00:02.670,1,0.3081978337985095,398.8532915145229,0.0,
2021-05-13 06:00:02.680,1,0.3204355280245312,401.97296078273115,0.0,
2021-05-13 06:00:02.690,1,0.3887681352572396,405.18492756622834,0.0,
2021-05-13 06:00:02.700,1,0.3323837305264357,399.8008039142293,0.0,
2021-05-13 06:00:02.710,1,0.335677698376415,402.13336260152016,0.0,
2021-05-13 06:00:02.720,1,0.3650365421766774,400.7472693817712,0.0,
2021-05-13 06:00:02.730,1,0.3301450750130471,399.3638904060127,0.0,
2021-05-13 06:00:02.740,1,0.4006748005282038,399.9603548270975,0.0,
2021-05-13 06:00:02.750,1,0.3173829286889586,398.1896396460437,0.0,
2021-05-13 06:00:02.760,1,0.362730008533336,401.95579410410403,0.0,
2021-05-13 06:00:02.770,1,0.3675145951804305,398.6268900145825,0.0,
2021-05-13 06:00:02.780,1,0.3499165547973595,396.1470305045103,0.0,
2021-05-13 06:00:02.790,1,0.3995803808937845,398.7582295229204,0.0,
2021-05-13 06:00:02.800,1,0.3175007710039829,398.6462051726023,0.0,
2021-05-13 06:00:02.810,1,0.2716813236928764,395.9728846457911,0.0,
2021-05-13 06:00:02.820,1,0.3646994555382838,398.5060909209909,0.0,
2021-05-13 06:00:02.830,1,0.3018424082914204,393.5260211544838,0.0,
2021-05-13 06:00:02.840,1,0.3526343261925916,394.71936289253983,0.0,
2021-05-13 06:00:02.850,1,0.37181181304505,393.83076701269965,0.0,
2021-05-13 06:00:02.860,1,0.2965065457943719,395.6048026367806,0.0,
2021-05-13 06:00:02.870,1,0.3016640919591953,396.76747484459327,0.0,
2021-05-13 06:00:02.880,1,0.341298189584271,394.326054859848,0.0,
2021-05-13 06:00:02.890,1,0.2593389475761618,397.01171936517136,0.0,
2021-05-13 06:00:02.900,0,0.2650536007167296,397.1394613154587,0.0,
2021-05-13 06:00:02.910,0,0.3693307921735149,396.28095877795914,0.0,
2021-05-13 06:00:02.920,0,0.2943557360228282,392.6886995024385,0.0,
2021-05-13 06:00:02.930,0,0.3093472401557725,397.7888310545338,0.0,
2021-05-13 06:00:02.940,0,0.2883282447396221,394.3896852369487,0.0,
2021-05-13 06:00:02.950,0,0.2527192859228863,395.4322071278804,0.0,
2021-05-13 06:00:02.960,0,0.37262460632187,397.7537177522358,0.0,
2021-05-13 06:00:02.970,0,0.3433960551319084,395.8975490866847,0.0,
2021-05-13 06:00:02.980,0,0.25223482126601604,394.5648434341264,0.0,
2021-05-13 06:00:02.990,0,0.3154402259621122,394.9845233870524,0.0,
2021-05-13 06:00:03.000,1,0.250738026354275,396.42964959724543,0.0,
2021-05-13 06:00:03.010,1,0.3156887099889819,394.14741240727614,0.0,
2021-05-13 06:00:03.020,1,0.2525283788159321,386.29003498289313,0.0,
2021-05-13 06:00:03.030,1,0.3200958141422644,378.3353473044864,0.0,
2021-05-13 06:00:03.040,1,0.219262742441863,366.91478187740717,0.0,
2021-05-13 06:00:03.050,1,0.2164466619902924,354.0548037214295,0.0,
2021-05-13 06:00:03.060,1,0.2303185689631142,338.30312662761355,0.0,
2021-05-13 06:00:03.070,1,0.2802173223051012,319.79051483523807,0.0,
2021-05-13 06:00:03.080,1,0.2043463119370364,304.82771506656104,0.0,
2021-05-13 06:00:03.090,1,0.2384815309678922,281.08468505097704,0.0,
2021-05-13 06:00:03.100,1,0.1760282905102811,266.4626506891345,0.0,
2021-05-13 06:00:03.110,1,0.2188580378773811,245.34055385074558,0.0,
2021-05-13 06:00:03.120,1,0.1506848126707127,233.56933664053082,0.0,
2021-05-13 06:00:03.130,1,0.1717411180462197,222.85263533670647,0.0,
2021-05-13 06:00:03.140,1,0.1914686513311837,214.36171517111146,0.0,
2021-05-13 06:00:03.150,1,0.1421649448331924,209.17541999930057,0.0,
2021-05-13 06:00:03.160,1,0.1283128197083878,210.42787891766181,0.0,
2021-05-13 06:00:03.170,1,0.1690149654190361,210.5686098131653,0.0,
2021-05-13 06:00:03.180,1,0.1514932502451853,211.65726235046958,0.0,
2021-05-13 06:00:03.190,1,0.1798862163182699,214.38341208999168,0.0,
2021-05-13 06:00:03.200,1,0.1467820210471235,216.4284067305425,0.0,
2021-05-13 06:00:03.210,1,0.1973689953139685,224.3573711264969,0.0,
2021-05-13 06:00:03.220,1,0.1885705416977941,230.3632641065957,0.0,
2021-05-13 06:00:03.230,1,0.2169987682257112,239.08089953196082,0.0,
2021-05-13 06:00:03.240,1,0.1809105092974774,248.701186287588,0.0,
2021-05-13 06:00:03.250,1,0.2086384892270512,256.32299471114004,0.0,
2021-05-13 06:00:03.260,1,0.2063181789511609,264.8045697799963,0.0,
2021-05-13 06:00:03.270,1,0.2059177495859774,274.2643840133226,0.0,
2021-05-13 06:00:03.280,1,0.2179475366675854,283.1345677953416,0.0,
2021-05-13 06:00:03.290,1,0.2291794161120815,293.880127148856,0.0,
2021-05-13 06:00:03.300,1,0.2552891992400536,302.08071060295487,0.0,
2021-05-13 06:00:03.310,1,0.2989148151567755,309.75649152908545,0.0,
2021-05-13 06:00:03.320,1,0.2773890883739109,318.1925311425143,0.0,
2021-05-13 06:00:03.330,1,0.26728164985243896,323.5447862919968,0.0,
2021-05-13 06:00:03.340,1,0.2499878609641693,333.7939876433784,0.0,
2021-05-13 06:00:03.350,1,0.2294720206993573,337.9268259243908,0.0,
2021-05-13 06:00:03.360,1,0.3054773322996924,347.3326541543496,0.0,
2021-05-13 06:00:03.370,1,0.3282355806082729,353.10432136314546,0.0,
2021-05-13 06:00:03.380,1,0.2747761503479166,358.7121696317845,0.0,
2021-05-13 06:00:03.390,1,0.3282612811156559,366.8024708127214,0.0,
2021-05-13 06:00:03.400,1,0.2921858029540273,370.7454225529302,0.0,
2021-05-13 06:00:03.410,1,0.2726971449416773,376.22757988083276,0.0,
2021-05-13 06:00:03.420,1,0.3358459791090485,382.22225331487664,0.0,
2021-05-13 06:00:03.430,1,0.3378398790186536,383.38009473372256,0.0,
2021-05-13 06:00:03.440,1,0.3613821022596651,389.0666475991207,0.0,
2021-05-13 06:00:03.450,1,0.2948613069010958,391.6290711241052,0.0,
2021-05-13 06:00:03.460,1,0.2924670078469477,395.78992551642233,0.0,
2021-05-13 06:00:03.470,1,0.3413045772543719,396.8780688652408,0.0,
2021-05-13 06:00:03.480,1,0.4015100299006025,396.92453368856775,0.0,
2021-05-13 06:00:03.490,1,0.4020498457045237,400.0225972225757,0.0,
2021-05-13 06:00:03.500,1,0.2941271093333637,402.38238447995684,0.0,
2021-05-13 06:00:03.510,1,0.3488458097254789,403.1824575735666,0.0,
2021-05-13 06:00:03.520,1,0.3054634126414961,407.1571411967096,0.0,
2021-05-13 06:00:03.530,1,0.4103065975512745,405.7592325674323,0.0,
2021-05-13 06:00:03.540,1,0.4380444301157776,412.31162108235696,0.0,
2021-05-13 06:00:03.550,1,0.419743922956916,404.1372908449135,0.0,
2021-05-13 06:00:03.560,1,0.4249288937103549,409.9375080324987,0.0,
2021-05-13 06:00:03.570,1,0.3268597564248098,401.9484717825325,0.0,
2021-05-13 06:00:03.580,1,0.3147160393587299,405.0998244612151,0.0,
2021-05-13 06:00:03.590,1,0.4600577049031377,411.8482300088475,0.0,
2021-05-13 06:00:03.600,1,0.3411313927107924,410.4518852382977,0.0,
2021-05-13 06:00:03.610,1,0.4409262788589264,406.6497928813768,0.0,
2021-05-13 06:00:03.620,1,0.4613636589469197,403.93068847625085,0.0,
2021-05-13 06:00:03.630,1,0.3448806274075777,404.07699092368586,0.0,
2021-05-13 06:00:03.640,1,0.396842012714988,405.21048732230315,0.0,
2021-05-13 06:00:03.650,1,0.4408966922409785,405.171040765165,0.0,
2021-05-13 06:00:03.660,1,0.3421666318103346,406.9042188619535,0.0,
2021-05-13 06:00:03.670,1,0.3726808468449248,404.21719721150566,0.0,
2021-05-13 06:00:03.680,1,0.3324987555994714,405.45633533262856,0.0,
2021-05-13 06:00:03.690,1,0.3730791501634172,399.00422258298363,0.0,
2021-05-13 06:00:03.700,1,0.3351046610922282,401.7856960356229,0.0,
2021-05-13 06:00:03.710,1,0.4217552337508712,402.8903106642105,0.0,
2021-05-13 06:00:03.720,1,0.3721015005759647,402.3040057581868,0.0,
2021-05-13 06:00:03.730,1,0.3440305046920182,399.6962108369525,0.0,
2021-05-13 06:00:03.740,1,0.4095154408672039,405.90621546636567,0.0,
2021-05-13 06:00:03.750,1,0.3348687794272724,403.9813586286637,0.0,
2021-05-13 06:00:03.760,1,0.4364546942836887,403.4054222100428,0.0,
2021-05-13 06:00:03.770,1,0.3932182457373381,403.2074374911879,0.0,
2021-05-13 06:00:03.780,1,0.4537956152694216,400.3205865618429,0.0,
2021-05-13 06:00:03.790,1,0.3971262893613783,400.98260490836236,0.0,
2021-05-13 06:00:03.800,1,0.3602880131139323,400.02485051407007,0.0,
2021-05-13 06:00:03.810,1,0.3299016995613091,400.67101304780266,0.0,
2021-05-13 06:00:03.820,1,0.4720366376418395,406.51935162098886,0.0,
2021-05-13 06:00:03.830,1,0.3657864454421786,405.18851625736437,0.0,
2021-05-13 06:00:03.840,1,0.3666155676522286,404.6556263529277,0.0,
2021-05-13 06:00:03.850,0,0.3776011807578472,400.68561478450965,0.0,
2021-05-13 06:00:03.860,0,0.3414105408776554,404.2072628096918,0.0,
2021-05-13 06:00:03.870,0,0.4063604198534822,403.89227112400044,0.0,
2021-05-13 06:00:03.880,0,0.4370796172367365,401.3068290185327,0.0,
2021-05-13 06:00:03.890,0,0.4023137530195959,404.6937599075332,0.0,
2021-05-13 06:00:03.900,0,0.3617511426687193,404.72831811926994,0.0,
2021-05-13 06:00:03.910,0,0.430703131069026,403.46095860260687,0.0,
2021-05-13 06:00:03.920,0,0.4243813844496362,406.1314296361386,0.0,
2021-05-13 06:00:03.930,0,0.3781950286991876,406.8550536015216,0.0,
2021-05-13 06:00:03.940,0,0.3687594405331463,402.06216415494725,0.0,
2021-05-13 06:00:03.950,0,0.392864871858964,399.964096429672,0.0,
2021-05-13 06:00:03.960,0,0.3034007480880907,401.1423169878862,0.0,
2021-05-13 06:00:03.970,0,0.3116423123429249,398.9362167512559,0.0,
2021-05-13 06:00:03.980,0,0.3723337923863137,382.14761965812136,0.0,
2021-05-13 06:00:03.990,0,0.3991958551204558,372.6889083673793,0.0,
2021-05-13 06:00:04.000,1,0.3191794086566629,360.6121752780853,0.0,
2021-05-13 06:00:04.010,1,0.2717947286789288,344.9106910591185,0.0,
2021-05-13 06:00:04.020,1,0.3516444952409629,327.2769695719463,0.0,
2021-05-13 06:00:04.030,1,0.3345861877783925,309.0693982641196,0.0,
2021-05-13 06:00:04.040,1,0.2583073739424893,287.6323407518225,0.0,
2021-05-13 06:00:04.050,1,0.2386469007926592,267.82950726977384,0.0,
2021-05-13 06:00:04.060,1,0.2582114243201376,248.63629807453,0.0,
2021-05-13 06:00:04.070,1,0.1942232879690295,229.32488108488602,1.0,
2021-05-13 06:00:04.080,1,0.1554431850981998,209.31594193930508,1.0,
2021-05-13 06:00:04.090,1,0.1495497161928498,189.08667386290068,1.0,
2021-05-13 06:00:04.100,1,0.1317437446286954,172.72724065627594,1.0,
2021-05-13 06:00:04.110,1,0.1181237646986256,154.7393398467833,1.0,
2021-05-13 06:00:04.120,1,0.1188001930602931,143.3108893075371,1.0,
2021-05-13 06:00:04.130,1,0.121469534868018,134.26675043436268,1.0,
2021-05-13 06:00:04.140,1,0.1040641492369201,128.61921869493878,1.0,
2021-05-13 06:00:04.150,1,0.1196483606717087,124.60999418398958,1.0,
2021-05-13 06:00:04.160,1,0.1227777260739187,124.22349742907768,1.0,
2021-05-13 06:00:04.170,1,0.0899114870328313,125.31152257629292,1.0,
2021-05-13 06:00:04.180,1,0.1003225509517242,128.20814198188611,1.0,
2021-05-13 06:00:04.190,1,0.1229180351683856,132.6227337491703,1.0,
2021-05-13 06:00:04.200,1,0.1392942084436885,137.91081547908436,1.0,
2021-05-13 06:00:04.210,1,0.1151888616809738,146.22871046637718,1.0,
2021-05-13 06:00:04.220,1,0.1130668541215727,153.2982712102897,1.0,
2021-05-13 06:00:04.230,1,0.1221549151259416,163.78389171929936,1.0,
2021-05-13 06:00:04.240,1,0.1645397178167507,171.15371462952876,1.0,
2021-05-13 06:00:04.250,1,0.140261121385897,181.93224483828166,1.0,
2021-05-13 06:00:04.260,1,0.1440681756311965,191.96007179552268,1.0,
2021-05-13 06:00:04.270,1,0.1848037984697187,200.92889771273468,1.0,
2021-05-13 06:00:04.280,1,0.1563428745667419,210.6481967521542,1.0,
2021-05-13 06:00:04.290,1,0.1751776672306699,221.8407470670176,1.0,
2021-05-13 06:00:04.300,1,0.2262246483158407,230.05178277951885,1.0,
2021-05-13 06:00:04.310,1,0.2129585969196912,239.02887161221767,1.0,
2021-05-13 06:00:04.320,1,0.1777193400496077,248.32973713969605,0.0,
2021-05-13 06:00:04.330,1,0.2420923852687103,259.33717568258083,0.0,
2021-05-13 06:00:04.340,1,0.1916784101650214,267.7639661245792,0.0,
2021-05-13 06:00:04.350,1,0.1956777292708554,278.1302092188076,0.0,
2021-05-13 06:00:04.360,1,0.2588341560377993,288.9056316627325,0.0,
2021-05-13 06:00:04.370,1,0.2759875531801289,297.6467598913244,0.0,
2021-05-13 06:00:04.380,1,0.2666482185250682,305.5006910733619,0.0,
2021-05-13 06:00:04.390,1,0.2221912106670814,314.9760619831553,0.0,
2021-05-13 06:00:04.400,1,0.2639958749025833,323.57592062049997,0.0,
2021-05-13 06:00:04.410,1,0.2776543697752647,332.7382290233825,0.0,
2021-05-13 06:00:04.420,1,0.2730470807945181,341.2141631777244,0.0,
2021-05-13 06:00:04.430,1,0.3628839995156531,348.3385483799685,0.0,
2021-05-13 06:00:04.440,1,0.31634745325737,353.93631567503144,0.0,
2021-05-13 06:00:04.450,1,0.3381330222829362,366.17043136860616,0.0,
2021-05-13 06:00:04.460,1,0.3391411190297679,372.20489349673136,0.0,
2021-05-13 06:00:04.470,1,0.3036212466922787,378.36147771327865,0.0,
2021-05-13 06:00:04.480,1,0.2790818877362039,381.52619778050115,0.0,
2021-05-13 06:00:04.490,1,0.3387482472805206,385.8993574467642,0.0,
2021-05-13 06:00:04.500,1,0.3952526532917571,391.443880145904,0.0,
2021-05-13 06:00:04.510,1,0.2958756773149482,395.0104988524595,0.0,
2021-05-13 06:00:04.520,1,0.3220670509295961,396.60489064215903,0.0,
2021-05-13 06:00:04.530,1,0.4028548226315764,399.83003249797935,0.0,
2021-05-13 06:00:04.540,1,0.3919213439308307,403.67207649682706,0.0,
2021-05-13 06:00:04.550,1,0.4109634158016422,405.93824281795264,0.0,
2021-05-13 06:00:04.560,1,0.4234697156917129,410.7836805164752,0.0,
2021-05-13 06:00:04.570,1,0.403569457214994,410.97634063834397,0.0,
2021-05-13 06:00:04.580,1,0.4179931160207499,408.2221682862596,0.0,
2021-05-13 06:00:04.590,1,0.4131926769369337,414.1250125278424,0.0,
2021-05-13 06:00:04.600,1,0.3874048041553954,410.8870378253337,0.0,
2021-05-13 06:00:04.610,1,0.3777744373886597,417.4253535763208,0.0,
2021-05-13 06:00:04.620,1,0.4617873128147698,410.59833056465277,0.0,
2021-05-13 06:00:04.630,1,0.3782608986322959,415.5040458543322,0.0,
2021-05-13 06:00:04.640,1,0.4392240078834193,418.0017717137802,0.0,
2021-05-13 06:00:04.650,1,0.3132872272350624,418.33187242774176,0.0,
2021-05-13 06:00:04.660,1,0.3308100604078479,419.365347074773,0.0,
2021-05-13 06:00:04.670,1,0.4488382339889008,417.9507409425911,0.0,
2021-05-13 06:00:04.680,1,0.4415848851959952,417.9296766561212,0.0,
2021-05-13 06:00:04.690,1,0.4557862131968685,414.61687720595046,0.0,
2021-05-13 06:00:04.700,1,0.3836813397682113,419.8596666555452,0.0,
2021-05-13 06:00:04.710,1,0.4175367913396934,416.13320421797937,0.0,
2021-05-13 06:00:04.720,1,0.3782763237853691,412.22512512616515,0.0,
2021-05-13 06:00:04.730,1,0.3698329728339888,410.76823851383597,0.0,
2021-05-13 06:00:04.740,1,0.3427372314863264,411.33618614630655,0.0,
2021-05-13 06:00:04.750,1,0.4212988545474533,410.37854430121047,0.0,
2021-05-13 06:00:04.760,1,0.3228568566658658,411.1486613170199,0.0,
2021-05-13 06:00:04.770,1,0.4530045830341218,411.01441763200216,0.0,
2021-05-13 06:00:04.780,1,0.328004062950578,407.5465551289364,0.0,
2021-05-13 06:00:04.790,1,0.4172315996398735,409.3925555096688,0.0,
2021-05-13 06:00:04.800,0,0.3592078063140405,409.8760581154914,0.0,
2021-05-13 06:00:04.810,0,0.3961587088254721,409.9005226827171,0.0,
2021-05-13 06:00:04.820,0,0.3936860298034057,406.4237187981943,0.0,
2021-05-13 06:00:04.830,0,0.3586178060394902,406.93884471553537,0.0,
2021-05-13 06:00:04.840,0,0.3820277550551141,408.36652798403287,0.0,
2021-05-13 06:00:04.850,0,0.33010531052151504,403.16618891215234,0.0,
2021-05-13 06:00:04.860,0,0.4660322519774807,408.2668126749701,0.0,
2021-05-13 06:00:04.870,0,0.4508012505357288,406.2706408355583,0.0,
2021-05-13 06:00:04.880,0,0.4562954291322023,407.412637336341,0.0,
2021-05-13 06:00:04.890,0,0.4173093706827945,404.7990986311647,0.0,
2021-05-13 06:00:04.900,0,0.4642817431480135,400.70215321278516,0.0,
2021-05-13 06:00:04.910,0,0.3284305865019604,402.2975751304474,0.0,
2021-05-13 06:00:04.920,0,0.3931959352952888,396.8530913314323,0.0,
2021-05-13 06:00:04.930,0,0.3344692728412439,386.8068055834602,0.0,
2021-05-13 06:00:04.940,0,0.4260308679612477,372.58094927266967,0.0,
2021-05-13 06:00:04.950,0,0.3377243448859848,362.5681829910957,0.0,
2021-05-13 06:00:04.960,0,0.3155859605497128,345.4538982540023,0.0,
2021-05-13 06:00:04.970,0,0.2628839183989866,329.09506922765183,0.0,
2021-05-13 06:00:04.980,0,0.298679260932519,309.79871491661555,0.0,
2021-05-13 06:00:04.990,0,0.2443492721448584,288.0391658054388,0.0,
2021-05-13 06:00:05.000,1,0.2615582358469486,270.4383310501816,0.0,
2021-05-13 06:00:05.010,1,0.2195592377418411,246.917674951048,1.0,
2021-05-13 06:00:05.020,1,0.2529068938121681,230.48141982517367,1.0,
2021-05-13 06:00:05.030,1,0.1957140805382172,210.53399458268711,1.0,
2021-05-13 06:00:05.040,1,0.1613339350671593,189.69824791454442,1.0,
2021-05-13 06:00:05.050,1,0.1257844995011338,171.00549171983127,1.0,
2021-05-13 06:00:05.060,1,0.1663387694447625,152.54260823081552,1.0,
2021-05-13 06:00:05.070,1,0.1521263112325353,135.5825711168098,1.0,
2021-05-13 06:00:05.080,1,0.1036745801749532,118.25183551969508,1.0,
2021-05-13 06:00:05.090,1,0.1035227528247819,103.33983488797487,1.0,
2021-05-13 06:00:05.100,1,0.0630100728685704,87.59178071300819,1.0,
2021-05-13 06:00:05.110,1,0.0595811661702525,76.63781558900375,1.0,
2021-05-13 06:00:05.120,1,0.0650406290580804,69.18971449464165,1.0,
2021-05-13 06:00:05.130,1,0.0549062285781962,65.29850516515116,1.0,
2021-05-13 06:00:05.140,1,0.0502970684525128,64.37293488045178,1.0,
2021-05-13 06:00:05.150,1,0.0635853938546496,65.84863537131757,1.0,
2021-05-13 06:00:05.160,1,0.069040686412633,70.85716378652351,1.0,
2021-05-13 06:00:05.170,1,0.0689463084014203,76.45533150959201,1.0,
2021-05-13 06:00:05.180,1,0.078081823235899,84.67090868694626,1.0,
2021-05-13 06:00:05.190,1,0.0690502633019979,94.26069958629608,1.0,
2021-05-13 06:00:05.200,1,0.1000073931614809,105.18730821002698,1.0,
2021-05-13 06:00:05.210,1,0.0909463523325355,116.21227362112214,1.0,
2021-05-13 06:00:05.220,1,0.0928332866802503,127.85876905843833,1.0,
2021-05-13 06:00:05.230,1,0.1051557814350977,141.35158887936885,1.0,
2021-05-13 06:00:05.240,1,0.1539803271012901,153.60808782067897,1.0,
2021-05-13 06:00:05.250,1,0.16005546170526902,166.24671073460257,1.0,
2021-05-13 06:00:05.260,1,0.16782451657058806,179.54353213504746,1.0,
2021-05-13 06:00:05.270,1,0.1933179762106291,191.36217512004242,1.0,
2021-05-13 06:00:05.280,1,0.155727928805087,204.5068717729568,1.0,
2021-05-13 06:00:05.290,1,0.1910523105458589,217.03172691694027,1.0,
2021-05-13 06:00:05.300,1,0.1712046635772517,228.3512767790205,1.0,
2021-05-13 06:00:05.310,1,0.1609279332125319,239.3442479553433,1.0,
2021-05-13 06:00:05.320,1,0.2170087010595567,250.6364703727387,0.0,
2021-05-13 06:00:05.330,1,0.1818072620724056,261.1308716427047,0.0,
2021-05-13 06:00:05.340,1,0.2310646888792095,271.86474326346524,0.0,
2021-05-13 06:00:05.350,1,0.221793049547238,281.52207421629413,0.0,
2021-05-13 06:00:05.360,1,0.2668002922795079,293.29554405174304,0.0,
2021-05-13 06:00:05.370,1,0.2397132369907223,304.513232344759,0.0,
2021-05-13 06:00:05.380,1,0.2717113869338187,311.7942217222535,0.0,
2021-05-13 06:00:05.390,1,0.2711570348330599,325.61285972842705,0.0,
2021-05-13 06:00:05.400,1,0.2755374249886093,332.9378106816957,0.0,
2021-05-13 06:00:05.410,1,0.2301719849198971,342.43992607554696,0.0,
2021-05-13 06:00:05.420,1,0.3194826788201801,349.32206639084063,0.0,
2021-05-13 06:00:05.430,1,0.2986912908157227,358.892512938863,0.0,
2021-05-13 06:00:05.440,1,0.3025559258639174,366.10515320048097,0.0,
2021-05-13 06:00:05.450,1,0.2740780532097892,374.4854410560877,0.0,
2021-05-13 06:00:05.460,1,0.3355117027808318,377.5485100903768,0.0,
2021-05-13 06:00:05.470,1,0.3236765294571276,383.0940004441642,0.0,
2021-05-13 06:00:05.480,1,0.3168242320302589,387.8657477821337,0.0,
2021-05-13 06:00:05.490,1,0.2863802733277845,397.53999723867446,0.0,
2021-05-13 06:00:05.500,1,0.2858099281901437,397.04851937860036,0.0,
2021-05-13 06:00:05.510,1,0.3586291016377889,403.4081001989852,0.0,
2021-05-13 06:00:05.520,1,0.3160752522064873,405.3401359435799,0.0,
2021-05-13 06:00:05.530,1,0.3862677649552908,404.3156980109816,0.0,
2021-05-13 06:00:05.540,1,0.3792567305627357,407.133849373974,0.0,
2021-05-13 06:00:05.550,1,0.3451088156424168,409.5194011730764,0.0,
2021-05-13 06:00:05.560,1,0.399805237799257,411.7976189245193,0.0,
2021-05-13 06:00:05.570,1,0.3140867264608893,412.51280731139997,0.0,
2021-05-13 06:00:05.580,1,0.3361975507176617,413.6379762243608,0.0,
2021-05-13 06:00:05.590,1,0.4048736843991221,412.4261309013908,0.0,
2021-05-13 06:00:05.600,1,0.3784653097299073,416.8384139389332,0.0,
2021-05-13 06:00:05.610,1,0.3085489886469058,418.47598165132416,0.0,
2021-05-13 06:00:05.620,1,0.3523333278603915,419.7126668348256,0.0,
2021-05-13 06:00:05.630,1,0.3279535499429537,414.3199052605227,0.0,
2021-05-13 06:00:05.640,1,0.3014958675517897,417.2956533086937,0.0,
2021-05-13 06:00:05.650,1,0.4188404526520906,414.3843908725373,0.0,
2021-05-13 06:00:05.660,1,0.3976447400133615,412.7870430232258,0.0,
2021-05-13 06:00:05.670,1,0.3638272623021196,412.9834480722357,0.0,
2021-05-13 06:00:05.680,1,0.3817746373187526,414.6422646710499,0.0,
2021-05-13 06:00:05.690,1,0.3496567781427798,408.5499154074269,0.0,
2021-05-13 06:00:05.700,1,0.4004306282643217,412.51023029114,0.0,
2021-05-13 06:00:05.710,1,0.3653647975702644,411.02559907925,0.0,
2021-05-13 06:00:05.720,1,0.3259134359778912,407.6893342695404,0.0,
2021-05-13 06:00:05.730,1,0.3898655471706062,412.7784961964258,0.0,
2021-05-13 06:00:05.740,1,0.3078796469490051,406.83055402355683,0.0,
2021-05-13 06:00:05.750,0,0.4143007536382106,406.06120109259837,0.0,
2021-05-13 06:00:05.760,0,0.3958643592723284,404.70163928732313,0.0,
2021-05-13 06:00:05.770,0,0.4453052145688178,405.8939307220455,0.0,
2021-05-13 06:00:05.780,0,0.4205444683456537,403.74932518881326,0.0,
2021-05-13 06:00:05.790,0,0.2981655031323335,402.29072667197966,0.0,
2021-05-13 06:00:05.800,0,0.3362289291754081,404.1155415816721,0.0,
2021-05-13 06:00:05.810,0,0.3284303543289564,404.1515082880889,0.0,
2021-05-13 06:00:05.820,0,0.4209597697625828,404.6601027514636,0.0,
2021-05-13 06:00:05.830,0,0.3828176339157408,398.0410270433718,0.0,
2021-05-13 06:00:05.840,0,0.4038727896363632,400.86131880572447,0.0,
2021-05-13 06:00:05.850,0,0.3660225239198588,400.20687146212776,0.0,
2021-05-13 06:00:05.860,0,0.3537903974910471,397.8343212001844,0.0,
2021-05-13 06:00:05.870,0,0.319887276352741,389.142885150066,0.0,
2021-05-13 06:00:05.880,0,0.37898426689976095,379.21921590446937,0.0,
2021-05-13 06:00:05.890,0,0.3501649081520193,363.56848023423896,0.0,
2021-05-13 06:00:05.900,0,0.3187819381988945,355.5872718846913,0.0,
2021-05-13 06:00:05.910,0,0.3100519934619292,335.48619469107825,0.0,
2021-05-13 06:00:05.920,0,0.3436619731268897,320.15904940825965,0.0,
2021-05-13 06:00:05.930,0,0.2699440737311546,301.0734039148082,0.0,
2021-05-13 06:00:05.940,0,0.2935893526290803,277.6098974150006,0.0,
2021-05-13 06:00:05.950,0,0.2999992067259654,261.03908142914867,0.0,
2021-05-13 06:00:05.960,0,0.2659195924438253,239.9344618855473,0.0,
2021-05-13 06:00:05.970,0,0.2594962303028098,220.81671433612985,1.0,
2021-05-13 06:00:05.980,0,0.163597803322025,201.8586343702372,1.0,
2021-05-13 06:00:05.990,0,0.2066043336925845,180.84807577713212,1.0,
2021-05-13 06:00:06.000,1,0.1314721806309291,165.41468270071078,1.0,
2021-05-13 06:00:06.010,1,0.142794001734504,145.9760722210326,1.0,
2021-05-13 06:00:06.020,1,0.1177441687096246,130.07200644033628,1.0,
2021-05-13 06:00:06.030,1,0.1110408721857994,113.62950231781623,1.0,
2021-05-13 06:00:06.040,1,0.0869279261467517,98.81235490260292,1.0,
2021-05-13 06:00:06.050,1,0.0848201065202217,84.31239494109299,1.0,
2021-05-13 06:00:06.060,1,0.0709322047381017,71.72161942653746,1.0,
2021-05-13 06:00:06.070,1,0.0547401480906495,58.36651151972462,1.0,
2021-05-13 06:00:06.080,1,0.0564461340848728,46.667169967487574,1.0,
2021-05-13 06:00:06.090,1,0.0375179610720324,36.56654702492414,2.0,
2021-05-13 06:00:06.100,1,0.0249518008212404,27.331457894026087,2.0,
2021-05-13 06:00:06.110,1,0.0219378435404833,20.021273867193827,2.0,
2021-05-13 06:00:06.120,1,0.0153308459105157,15.527399407915736,2.0,
2021-05-13 06:00:06.130,1,0.014668319904977,13.296231101321194,2.0,
2021-05-13 06:00:06.140,1,0.0174222268952581,13.358815008981033,2.0,
2021-05-13 06:00:06.150,1,0.0145564215703471,15.340361380273757,2.0,
2021-05-13 06:00:06.160,1,0.0139613774882739,18.895699718109586,2.0,
2021-05-13 06:00:06.170,1,0.025842240740385,23.764225637763857,2.0,
2021-05-13 06:00:06.180,1,0.0305512132912743,29.407066271871386,2.0,
2021-05-13 06:00:06.190,1,0.0314819012843594,36.659453220178534,2.0,
2021-05-13 06:00:06.200,1,0.0373286772329315,44.705320747702636,1.0,
2021-05-13 06:00:06.210,1,0.0509186212236724,54.913582128669795,1.0,
2021-05-13 06:00:06.220,1,0.0487593152058246,66.3459801535181,1.0,
2021-05-13 06:00:06.230,1,0.0737438288178078,78.40903393049787,1.0,
2021-05-13 06:00:06.240,1,0.1045081072408266,91.74215122225957,1.0,
2021-05-13 06:00:06.250,1,0.1040427295382215,106.05079610054086,1.0,
2021-05-13 06:00:06.260,1,0.1168803946400037,119.82140457150551,1.0,
2021-05-13 06:00:06.270,1,0.108616763954922,134.68217145065898,1.0,
2021-05-13 06:00:06.280,1,0.1296341553434631,150.19315713990804,1.0,
2021-05-13 06:00:06.290,1,0.13704112257306,163.31205917220674,1.0,
2021-05-13 06:00:06.300,1,0.1927273623221748,177.23385699280303,1.0,
2021-05-13 06:00:06.310,1,0.1846747478049624,189.97247028259636,1.0,
2021-05-13 06:00:06.320,1,0.2270338128384262,206.1875774484557,1.0,
2021-05-13 06:00:06.330,1,0.19758610424208306,215.3566594462738,1.0,
2021-05-13 06:00:06.340,1,0.1990086265295541,231.5416168939514,1.0,
2021-05-13 06:00:06.350,1,0.2155437508320987,242.6305928186968,0.0,
2021-05-13 06:00:06.360,1,0.2710678690751013,253.45206713672403,0.0,
2021-05-13 06:00:06.370,1,0.2895369228444507,263.5541765788956,0.0,
2021-05-13 06:00:06.380,1,0.2107961729522653,276.5349114728304,0.0,
2021-05-13 06:00:06.390,1,0.2663046972398595,288.1339643229539,0.0,
2021-05-13 06:00:06.400,1,0.3136826633348502,300.4389265730232,0.0,
2021-05-13 06:00:06.410,1,0.3088240134373375,309.18363155184545,0.0,
2021-05-13 06:00:06.420,1,0.2993632594149679,319.40709404477286,0.0,
2021-05-13 06:00:06.430,1,0.2660927995653795,329.0025973413426,0.0,
2021-05-13 06:00:06.440,1,0.3434611877434003,339.7023164411432,0.0,
2021-05-13 06:00:06.450,1,0.3698757219218366,346.66809640180986,0.0,
2021-05-13 06:00:06.460,1,0.3534050246984713,353.01609839833543,0.0,
2021-05-13 06:00:06.470,1,0.3787688350951617,362.1610667455637,0.0,
2021-05-13 06:00:06.480,1,0.3912659659280236,366.05391860629686,0.0,
2021-05-13 06:00:06.490,1,0.2951101659586216,377.9179833270822,0.0,
2021-05-13 06:00:06.500,1,0.2719310972734095,381.1840696433896,0.0,
2021-05-13 06:00:06.510,1,0.3100112256525965,387.0248543123403,0.0,
2021-05-13 06:00:06.520,1,0.4127360577085751,393.4092300298805,0.0,
2021-05-13 06:00:06.530,1,0.3206689220121033,398.0018322836184,0.0,
2021-05-13 06:00:06.540,1,0.2884983030163317,398.4446101495677,0.0,
2021-05-13 06:00:06.550,1,0.3933562624239277,406.7880986805241,0.0,
2021-05-13 06:00:06.560,1,0.31261732605660403,405.1575720565544,0.0,
2021-05-13 06:00:06.570,1,0.3819980770212689,409.6337639752523,0.0,
2021-05-13 06:00:06.580,1,0.3653893683905433,413.6618512777741,0.0,
2021-05-13 06:00:06.590,1,0.4272260924900907,408.188389347246,0.0,
2021-05-13 06:00:06.600,1,0.3323650245236726,410.2886376841038,0.0,
2021-05-13 06:00:06.610,1,0.4324083068592028,412.85603350887885,0.0,
2021-05-13 06:00:06.620,1,0.4164349406024087,416.0738358479584,0.0,
2021-05-13 06:00:06.630,1,0.4405123543250724,417.2237608873755,0.0,
2021-05-13 06:00:06.640,1,0.3933639347837187,421.56366163295297,0.0,
2021-05-13 06:00:06.650,1,0.34904692393284803,415.69444666827735,0.0,
2021-05-13 06:00:06.660,1,0.3766296284884159,416.2307069249656,0.0,
2021-05-13 06:00:06.670,1,0.4151368084830781,411.3431428117365,0.0,
2021-05-13 06:00:06.680,1,0.4352848815728755,414.0741441422776,0.0,
2021-05-13 06:00:06.690,1,0.3753282391841084,412.83200243079,0.0,
2021-05-13 06:00:06.700,0,0.3744246638576536,415.21113271614416,0.0,
2021-05-13 06:00:06.710,0,0.3506713452069918,413.2951002144091,0.0,
2021-05-13 06:00:06.720,0,0.4058380176404041,414.4993634364503,0.0,
2021-05-13 06:00:06.730,0,0.4131108768611226,411.5104906026471,0.0,
2021-05-13 06:00:06.740,0,0.4568612841231302,413.99921101448007,0.0,
2021-05-13 06:00:06.750,0,0.3947593800812685,406.6953006236407,0.0,
2021-05-13 06:00:06.760,0,0.4595112184379817,404.629195624467,0.0,
2021-05-13 06:00:06.770,0,0.3967525185172995,407.3644266209948,0.0,
2021-05-13 06:00:06.780,0,0.3596928380876854,405.7128355762172,0.0,
2021-05-13 06:00:06.790,0,0.4725458459548278,404.24952613901115,0.0,
2021-05-13 06:00:06.800,0,0.467693034545372,404.499503227098,0.0,
2021-05-13 06:00:06.810,0,0.4207752018743179,400.0742286910724,0.0,
2021-05-13 06:00:06.820,0,0.3183714455763768,397.0230315743423,0.0,
2021-05-13 06:00:06.830,0,0.3231446789772442,380.2003238788055,0.0,
2021-05-13 06:00:06.840,0,0.40279661228856295,368.0844292637056,0.0,
2021-05-13 06:00:06.850,0,0.308862369177289,354.41746731856244,0.0,
2021-05-13 06:00:06.860,0,0.3251285712165569,341.53472845481787,0.0,
2021-05-13 06:00:06.870,0,0.3389838909861703,325.1640678600378,0.0,
2021-05-13 06:00:06.880,0,0.3553267818908761,304.77883015945565,0.0,
2021-05-13 06:00:06.890,0,0.2387814403781022,283.86603154763844,0.0,
2021-05-13 06:00:06.900,0,0.3186204962019252,262.2395542102227,0.0,
2021-05-13 06:00:06.910,0,0.2623168855172759,242.19967823620902,0.0,
2021-05-13 06:00:06.920,0,0.2133258426250781,223.99814107656644,1.0,
2021-05-13 06:00:06.930,0,0.2053047352799729,204.2586090508458,1.0,
2021-05-13 06:00:06.940,0,0.2397435413124233,182.24819384533959,1.0,
2021-05-13 06:00:06.950,0,0.2069661266580056,165.36518996652796,1.0,
2021-05-13 06:00:06.960,0,0.1691895926525321,146.91474334993055,1.0,
2021-05-13 06:00:06.970,0,0.1227379138770447,129.71182035244155,1.0,
2021-05-13 06:00:06.980,0,0.1394598676953073,114.71258595716705,1.0,
2021-05-13 06:00:06.990,0,0.1242431302852146,98.19337878312872,1.0,
2021-05-13 06:00:07.000,1,0.0750160947777827,84.75391390244808,1.0,
2021-05-13 06:00:07.010,1,0.0733770082426256,70.73244463265735,1.0,
2021-05-13 06:00:07.020,1,0.0578565985506761,58.41996681749752,1.0,
2021-05-13 06:00:07.030,1,0.0414227993770306,46.937167362620194,1.0,
2021-05-13 06:00:07.040,1,0.0445826115226037,36.243684497134616,1.0,
2021-05-13 06:00:07.050,1,0.0375267011021321,26.55580127665253,2.0,
2021-05-13 06:00:07.060,1,0.0175372609892453,18.11444006379671,2.0,
2021-05-13 06:00:07.070,1,0.0180407728913408,10.309946869451442,2.0,
2021-05-13 06:00:07.080,1,-0.0014454180847224,3.661935940211649,2.0,
2021-05-13 06:00:07.090,1,-0.0053013047158625,0.0,2.0,
2021-05-13 06:00:07.100,1,-0.0120422156855899,0.0,2.0,
2021-05-13 06:00:07.110,1,-0.0117248815780257,0.0,2.0,
2021-05-13 06:00:07.120,1,-0.0142618788587931,0.0,2.0,
2021-05-13 06:00:07.130,1,-0.0147984536842027,0.0,2.0,
2021-05-13 06:00:07.140,1,-0.0094674207952306,0.0,2.0,
2021-05-13 06:00:07.150,1,-0.0071208068498526,0.0,2.0,
2021-05-13 06:00:07.160,1,0.0083856638948293,5.134599925834797,2.0,
2021-05-13 06:00:07.170,1,0.0099123546736999,12.616157587034008,2.0,
2021-05-13 06:00:07.180,1,0.019956447410298003,21.071884618850728,2.0,
2021-05-13 06:00:07.190,1,0.028702585578332995,30.05130933842155,1.0,
2021-05-13 06:00:07.200,1,0.0443572223555855,40.31035554596839,1.0,
2021-05-13 06:00:07.210,1,0.0490014254048535,52.66760462293435,1.0,
2021-05-13 06:00:07.220,1,0.0702283272798491,65.15323717943883,1.0,
2021-05-13 06:00:07.230,1,0.0893190273570006,79.2617943140875,1.0,
2021-05-13 06:00:07.240,1,0.0917274982499371,92.1229537176438,1.0,
2021-05-13 06:00:07.250,1,0.1080161657113435,107.80107435440668,1.0,
2021-05-13 06:00:07.260,1,0.1477190069953543,123.541178951625,1.0,
2021-05-13 06:00:07.270,1,0.1367051083330746,138.77230188684848,1.0,
2021-05-13 06:00:07.280,1,0.1852403037535774,153.56472862703683,1.0,
2021-05-13 06:00:07.290,1,0.1664623526970149,167.4012381009205,1.0,
2021-05-13 06:00:07.300,1,0.1616473700873326,184.23695527418374,1.0,
2021-05-13 06:00:07.310,1,0.18843514325812105,195.6134159248444,1.0,
2021-05-13 06:00:07.320,1,0.2590942785115496,209.4082258654029,1.0,
2021-05-13 06:00:07.330,1,0.2406561314743389,222.84387931569253,1.0,
2021-05-13 06:00:07.340,1,0.2294744301002393,233.99681805933318,0.0,
2021-05-13 06:00:07.350,1,0.2252975576181404,247.20581320373088,0.0,
2021-05-13 06:00:07.360,1,0.2570367364088874,259.4380110767017,0.0,
2021-05-13 06:00:07.370,1,0.3052927390460891,272.6715365037569,0.0,
2021-05-13 06:00:07.380,1,0.3107443080436313,283.3023530118695,0.0,
2021-05-13 06:00:07.390,1,0.2779379536658437,293.39887683338907,0.0,
2021-05-13 06:00:07.400,1,0.3380689741975066,305.7253996442599,0.0,
2021-05-13 06:00:07.410,1,0.2872874115216927,315.21078195449144,0.0,
2021-05-13 06:00:07.420,1,0.3022125231027368,327.85193281820284,0.0,
2021-05-13 06:00:07.430,1,0.27628191558945,335.81712205122767,0.0,
2021-05-13 06:00:07.440,1,0.2929591008320867,341.4770826137456,0.0,
2021-05-13 06:00:07.450,1,0.3696716109694,352.8632562868409,0.0,
2021-05-13 06:00:07.460,1,0.3063808804151023,364.6749523656034,0.0,
2021-05-13 06:00:07.470,1,0.3017290071146877,366.36633114400735,0.0,
2021-05-13 06:00:07.480,1,0.3675965968462178,377.32358157757074,0.0,
2021-05-13 06:00:07.490,1,0.4035747145584589,382.3127533542528,0.0,
2021-05-13 06:00:07.500,1,0.4484592421552261,385.11820911647993,0.0,
2021-05-13 06:00:07.510,1,0.4078414017810047,392.6500013245456,0.0,
2021-05-13 06:00:07.520,1,0.3142523404483526,397.2652477195517,0.0,
2021-05-13 06:00:07.530,1,0.3414349539441112,402.8398270853261,0.0,
2021-05-13 06:00:07.540,1,0.4478583051988986,403.67845637704505,0.0,
2021-05-13 06:00:07.550,1,0.3876660628694131,408.1496379223332,0.0,
2021-05-13 06:00:07.560,1,0.3761582438634971,405.7154735494265,0.0,
2021-05-13 06:00:07.570,1,0.4402869758837894,413.4739463030132,0.0,
2021-05-13 06:00:07.580,1,0.3450587869044873,414.6604602284749,0.0,
2021-05-13 06:00:07.590,1,0.4262714569395611,417.5838367429656,0.0,
2021-05-13 06:00:07.600,1,0.4046554155597336,416.78462193535455,0.0,
2021-05-13 06:00:07.610,1,0.3100002798451111,414.4088335006015,0.0,
2021-05-13 06:00:07.620,1,0.408292801625484,418.5140809991228,0.0,
2021-05-13 06:00:07.630,1,0.3825328213850062,416.5358031587117,0.0,
2021-05-13 06:00:07.640,1,0.4372007418369655,413.34934818907175,0.0,
2021-05-13 06:00:07.650,0,0.3513213989968296,422.8301521072122,0.0,
2021-05-13 06:00:07.660,0,0.3443240100165184,418.7627300235168,0.0,
2021-05-13 06:00:07.670,0,0.307774339198402,420.3166791880986,0.0,
2021-05-13 06:00:07.680,0,0.2994618415025642,417.214125138517,0.0,
2021-05-13 06:00:07.690,0,0.3865742265970613,415.62833923260047,0.0,
2021-05-13 06:00:07.700,0,0.3218258181361904,415.313118077808,0.0,
2021-05-13 06:00:07.710,0,0.428952991261461,418.14175613425584,0.0,
2021-05-13 06:00:07.720,0,0.3491141091040659,412.6406205082389,0.0,
2021-05-13 06:00:07.730,0,0.3934111593367896,416.3054936269722,0.0,
2021-05-13 06:00:07.740,0,0.3708819071095581,413.25703470681,0.0,
2021-05-13 06:00:07.750,0,0.3460855269759681,412.7253978395122,0.0,
2021-05-13 06:00:07.760,0,0.3405541661229032,411.10561490829775,0.0,
2021-05-13 06:00:07.770,0,0.3357041358766189,400.1395469085787,0.0,
2021-05-13 06:00:07.780,0,0.3260163788401354,392.722770814612,0.0,
2021-05-13 06:00:07.790,0,0.3282014865853794,378.8979347236647,0.0,
2021-05-13 06:00:07.800,0,0.3366737331268945,367.0298151522865,0.0,
2021-05-13 06:00:07.810,0,0.2793096815529267,347.70586206208395,0.0,
2021-05-13 06:00:07.820,0,0.23881792884439,329.36245664975405,0.0,
2021-05-13 06:00:07.830,0,0.2585820250248095,311.4337056622818,0.0,
2021-05-13 06:00:07.840,0,0.2260350286927138,289.3103439717115,0.0,
2021-05-13 06:00:07.850,0,0.2130484953917611,269.0494410909661,0.0,
2021-05-13 06:00:07.860,0,0.2574863502348401,248.09193728641827,0.0,
2021-05-13 06:00:07.870,0,0.1735282229116326,228.6586051954093,1.0,
2021-05-13 06:00:07.880,0,0.2138449643706798,205.65000414769762,1.0,
2021-05-13 06:00:07.890,0,0.1402636220301032,188.3198963850344,1.0,
2021-05-13 06:00:07.900,0,0.1283319439163383,168.5271802764776,1.0,
2021-05-13 06:00:07.910,0,0.1482815778263184,149.9668367721506,1.0,
2021-05-13 06:00:07.920,0,0.1321418209715422,133.3992779774518,1.0,
2021-05-13 06:00:07.930,0,0.1122790313216272,116.78649987104994,1.0,
2021-05-13 06:00:07.940,0,0.0730486871438641,101.45757314366026,1.0,
2021-05-13 06:00:07.950,0,0.07011761777563401,86.15499610391744,1.0,
2021-05-13 06:00:07.960,0,0.0679167884044684,71.69333312811655,1.0,
2021-05-13 06:00:07.970,0,0.043739791341518,59.436079559332754,1.0,
2021-05-13 06:00:07.980,0,0.0344704212816251,47.87984540852165,1.0,
2021-05-13 06:00:07.990,0,0.032253305088771,37.04395744572909,1.0,
2021-05-13 06:00:08.000,1,0.0286652635405951,27.35545152020471,1.0,
2021-05-13 06:00:08.010,1,0.0157321980235664,18.516239754244076,2.0,
2021-05-13 06:00:08.020,1,0.0076711798426429,10.6168139418856,2.0,
2021-05-13 06:00:08.030,1,-0.0014830806449791,3.5896321995100484,2.0,
2021-05-13 06:00:08.040,1,-4.868611167001617e-05,0.0,2.0,
2021-05-13 06:00:08.050,1,-0.0047421634939014,0.0,2.0,
2021-05-13 06:00:08.060,1,-0.0020403491405089,0.0,2.0,
2021-05-13 06:00:08.070,1,-0.0128490236450408,0.0,2.0,
2021-05-13 06:00:08.080,1,-0.0185355948325137,0.0,2.0,
2021-05-13 06:00:08.090,1,-0.0206990326127576,0.0,2.0,
2021-05-13 06:00:08.100,1,-0.0180202217828995,0.0,2.0,
2021-05-13 06:00:08.110,1,-0.0214859707841123,0.0,2.0,
2021-05-13 06:00:08.120,1,-0.01356221322888,0.0,2.0,
2021-05-13 06:00:08.130,1,-0.0121551715922464,0.0,2.0,
2021-05-13 06:00:08.140,1,-0.0112428296271463,0.0,2.0,
2021-05-13 06:00:08.150,1,-0.0038419146261694,0.0,2.0,
2021-05-13 06:00:08.160,1,0.0056028991784579,3.1384905508172007,2.0,
2021-05-13 06:00:08.170,1,0.0115674051733928,12.292144791335824,2.0,
2021-05-13 06:00:08.180,1,0.02204068213097,22.248587204037122,2.0,
2021-05-13 06:00:08.190,1,0.0392756648582214,33.285741371611145,1.0,
2021-05-13 06:00:08.200,1,0.0400253426293052,45.54929157215079,1.0,
2021-05-13 06:00:08.210,1,0.0529223569025401,59.24397544145886,1.0,
2021-05-13 06:00:08.220,1,0.0695727397970419,73.45510090023778,1.0,
2021-05-13 06:00:08.230,1,0.0593972374858905,88.59808844481468,1.0,
2021-05-13 06:00:08.240,1,0.1103987613933022,104.72097963869251,1.0,
2021-05-13 06:00:08.250,1,0.093014436684087,121.2691032590552,1.0,
2021-05-13 06:00:08.260,1,0.1437223343931788,136.6784978859646,1.0,
2021-05-13 06:00:08.270,1,0.1405341203855304,152.38331273675252,1.0,
2021-05-13 06:00:08.280,1,0.1602569478642325,167.72100168533973,1.0,
2021-05-13 06:00:08.290,1,0.19040550961178104,181.20504212306926,1.0,
2021-05-13 06:00:08.300,1,0.1715609402495956,193.73524143709443,1.0,
2021-05-13 06:00:08.310,1,0.1993231870330121,210.22983481682687,1.0,
2021-05-13 06:00:08.320,1,0.2031182251891111,221.07818790643373,1.0,
2021-05-13 06:00:08.330,1,0.2211303296672947,234.32745478865945,0.0,
2021-05-13 06:00:08.340,1,0.1977772082359823,247.27331940561646,0.0,
2021-05-13 06:00:08.350,1,0.2115582250528453,260.0134050150923,0.0,
2021-05-13 06:00:08.360,1,0.238497837445262,270.2646912742109,0.0,
2021-05-13 06:00:08.370,1,0.2283937394471045,280.25614329511853,0.0,
2021-05-13 06:00:08.380,1,0.218662748649552,298.6228564290119,0.0,
2021-05-13 06:00:08.390,1,0.2672378487765579,305.0286850355325,0.0,
2021-05-13 06:00:08.400,1,0.225032126491096,316.7789730752383,0.0,
2021-05-13 06:00:08.410,1,0.3364487511130222,326.1186794979804,0.0,
2021-05-13 06:00:08.420,1,0.2665788182297287,338.4724272829938,0.0,
2021-05-13 06:00:08.430,1,0.2796131814518019,342.4027918493509,0.0,
2021-05-13 06:00:08.440,1,0.2419119196171145,354.6472227185732,0.0,
2021-05-13 06:00:08.450,1,0.2611954916099355,364.6605790535257,0.0,
2021-05-13 06:00:08.460,1,0.2845049904449276,371.1406372933312,0.0,
2021-05-13 06:00:08.470,1,0.3358736002800748,374.9064074106659,0.0,
2021-05-13 06:00:08.480,1,0.3039279190805585,383.7822131643578,0.0,
2021-05-13 06:00:08.490,1,0.2719701021525568,390.4294362983635,0.0,
2021-05-13 06:00:08.500,1,0.315242720677276,390.59129852506277,0.0,
2021-05-13 06:00:08.510,1,0.3410357699251561,396.6163072645975,0.0,
2021-05-13 06:00:08.520,1,0.3822476468723184,399.9467773510372,0.0,
2021-05-13 06:00:08.530,1,0.2656292871008336,400.651455257183,0.0,
2021-05-13 06:00:08.540,1,0.2811993226681263,407.2936557888678,0.0,
2021-05-13 06:00:08.550,1,0.2602590506779936,407.21007951650284,0.0,
2021-05-13 06:00:08.560,1,0.3098972164896266,407.16771975324036,0.0,
2021-05-13 06:00:08.570,1,0.2893673335932839,411.2809060877702,0.0,
2021-05-13 06:00:08.580,1,0.3390642876198959,411.3137672127166,0.0,
2021-05-13 06:00:08.590,1,0.3504746495348015,410.13309277421286,0.0,
2021-05-13 06:00:08.600,0,0.3724876035632522,412.6105243163662,0.0,
2021-05-13 06:00:08.610,0,0.2662889595286299,417.89806660509805,0.0,
2021-05-13 06:00:08.620,0,0.2689975420147977,411.9852363166575,0.0,
2021-05-13 06:00:08.630,0,0.3168469888870399,415.65632003022233,0.0,
2021-05-13 06:00:08.640,0,0.335149349670877,415.1170866876829,0.0,
2021-05-13 06:00:08.650,0,0.3432153474380814,415.1396869834449,0.0,
2021-05-13 06:00:08.660,0,0.2923919585738108,413.91169801692206,0.0,
2021-05-13 06:00:08.670,0,0.3486510100451337,414.10233662908837,0.0,
2021-05-13 06:00:08.680,0,0.280248055417454,416.8319544413184,0.0,
2021-05-13 06:00:08.690,0,0.3021176225111499,413.5975354562195,0.0,
2021-05-13 06:00:08.700,0,0.3037692346043478,407.5630241292365,0.0,
2021-05-13 06:00:08.710,0,0.311904972314285,410.06063607958777,0.0,
2021-05-13 06:00:08.720,0,0.3181384246732185,403.7716046339953,0.0,
2021-05-13 06:00:08.730,0,0.2183163056207583,389.46919915993345,0.0,
2021-05-13 06:00:08.740,0,0.2346733508812909,379.0109234524459,0.0,
2021-05-13 06:00:08.750,0,0.2655072466928149,362.5686886737217,0.0,
2021-05-13 06:00:08.760,0,0.2028775215905304,345.8038578066065,0.0,
2021-05-13 06:00:08.770,0,0.249974291553606,329.6736496931988,0.0,
2021-05-13 06:00:08.780,0,0.2146332223661709,311.5048735394713,0.0,
2021-05-13 06:00:08.790,0,0.1920789330039555,289.48778429837427,0.0,
2021-05-13 06:00:08.800,0,0.2006896679858172,268.55570569807674,0.0,
2021-05-13 06:00:08.810,0,0.1853894119087077,250.908887312426,0.0,
2021-05-13 06:00:08.820,0,0.1165460693350707,228.79014739957242,1.0,
2021-05-13 06:00:08.830,0,0.1399993014066114,208.2189107685825,1.0,
2021-05-13 06:00:08.840,0,0.1131704633635413,187.6615272912344,1.0,
2021-05-13 06:00:08.850,0,0.1014457593563421,169.74816695867574,1.0,
2021-05-13 06:00:08.860,0,0.0703973901069849,151.35857445939556,1.0,
2021-05-13 06:00:08.870,0,0.0834856102052733,132.85986798292484,1.0,
2021-05-13 06:00:08.880,0,0.0598233921148344,117.93103275341078,1.0,
2021-05-13 06:00:08.890,0,0.0616790865173391,102.5590764191724,1.0,
2021-05-13 06:00:08.900,0,0.0575357193983652,86.447300892432,1.0,
2021-05-13 06:00:08.910,0,0.0371143797747222,72.29241109780237,1.0,
2021-05-13 06:00:08.920,0,0.0303515281322832,59.93179579852769,1.0,
2021-05-13 06:00:08.930,0,0.0285529433257492,47.91228236069879,1.0,
2021-05-13 06:00:08.940,0,0.0178358534122483,37.25074365459161,1.0,
2021-05-13 06:00:08.950,0,0.022187601974818,27.40076625898527,1.0,
2021-05-13 06:00:08.960,0,0.0116032151780211,18.91572463995685,2.0,
2021-05-13 06:00:08.970,0,0.0107382389027904,10.596485815066263,2.0,
2021-05-13 06:00:08.980,0,0.0060148406645642,3.6644283569534535,2.0,
2021-05-13 06:00:08.990,0,-0.0056791447409155,0.0,2.0,
2021-05-13 06:00:09.000,1,-0.0045981208636558,0.0,2.0,
2021-05-13 06:00:09.010,1,-0.0073948949225941,0.0,2.0,
2021-05-13 06:00:09.020,1,-0.0137392280444781,0.0,2.0,
2021-05-13 06:00:09.030,1,-0.0168214187552803,0.0,2.0,
2021-05-13 06:00:09.040,1,-0.0156995490599863,0.0,2.0,
2021-05-13 06:00:09.050,1,-0.0142971900619906,0.0,2.0,
2021-05-13 06:00:09.060,1,-0.0168485919135892,0.0,2.0,
2021-05-13 06:00:09.070,1,-0.0114034156171361,0.0,2.0,
2021-05-13 06:00:09.080,1,-0.0165464689007639,0.0,2.0,
2021-05-13 06:00:09.090,1,-0.0146687621083913,0.0,2.0,
2021-05-13 06:00:09.100,1,-0.0183523943824561,0.0,2.0,
2021-05-13 06:00:09.110,1,-0.0231565568890148,0.0,2.0,
2021-05-13 06:00:09.120,1,-0.0147427765893261,0.0,2.0,
2021-05-13 06:00:09.130,1,-0.0066900795166218,0.0,2.0,
2021-05-13 06:00:09.140,1,-0.0044891905847664,0.0,2.0,
2021-05-13 06:00:09.150,1,-0.0027128168124459,0.0,2.0,
2021-05-13 06:00:09.160,1,0.0022258713963425,7.251368743392612,2.0,
2021-05-13 06:00:09.170,1,0.009850667148635,17.28108021415159,1.0,
2021-05-13 06:00:09.180,1,0.0233897015440602,28.98962228838581,1.0,
2021-05-13 06:00:09.190,1,0.0275935616634322,41.12782597618513,1.0,
2021-05-13 06:00:09.200,1,0.0418303028407903,55.73393398808338,1.0,
2021-05-13 06:00:09.210,1,0.046284873490344,70.4301872195104,1.0,
2021-05-13 06:00:09.220,1,0.0467860305075359,85.70683704912597,1.0,
2021-05-13 06:00:09.230,1,0.0755711882950943,100.57568141238887,1.0,
2021-05-13 06:00:09.240,1,0.0885047258354013,116.51894181639312,1.0,
2021-05-13 06:00:09.250,1,0.0871106982149668,133.187331308317,1.0,
2021-05-13 06:00:09.260,1,0.1020087558409466,149.65625187207934,1.0,
2021-05-13 06:00:09.270,1,0.1056493024010869,164.96280041237412,1.0,
2021-05-13 06:00:09.280,1,0.1316642716366985,178.6524713683994,1.0,
2021-05-13 06:00:09.290,1,0.1273210536157918,194.23004863553246,1.0,
2021-05-13 06:00:09.300,1,0.1395554279712918,209.12793830777085,1.0,
2021-05-13 06:00:09.310,1,0.1636995192393447,222.53455239807937,0.0,
2021-05-13 06:00:09.320,1,0.1540565064599632,234.078037299514,0.0,
2021-05-13 06:00:09.330,1,0.2081643738735319,247.0075728348567,0.0,
2021-05-13 06:00:09.340,1,0.2193589905201981,259.0302675948777,0.0,
2021-05-13 06:00:09.350,1,0.171168567481504,272.21815681336795,0.0,
2021-05-13 06:00:09.360,1,0.2147225952491888,286.4930546131626,0.0,
2021-05-13 06:00:09.370,1,0.2051288286538064,298.3730348802533,0.0,
2021-05-13 06:00:09.380,1,0.1919197730793613,310.5462430373867,0.0,
2021-05-13 06:00:09.390,1,0.2166490757900933,318.67960654774924,0.0,
2021-05-13 06:00:09.400,1,0.259037034010263,329.0222858275648,0.0,
2021-05-13 06:00:09.410,1,0.3086981081440498,340.15688084122473,0.0,
2021-05-13 06:00:09.420,1,0.2721042163948586,348.02411026500084,0.0,
2021-05-13 06:00:09.430,1,0.2315090005688186,353.0438612979917,0.0,
2021-05-13 06:00:09.440,1,0.2766723054908548,366.606169241335,0.0,
2021-05-13 06:00:09.450,1,0.2944666280613346,373.78656679101823,0.0,
2021-05-13 06:00:09.460,1,0.2732556034727901,375.3424671265712,0.0,
2021-05-13 06:00:09.470,1,0.2808342187064289,379.3444550442634,0.0,
2021-05-13 06:00:09.480,1,0.3346567913558388,390.5849344898106,0.0,
2021-05-13 06:00:09.490,1,0.3383805912713292,392.9857269067687,0.0,
2021-05-13 06:00:09.500,1,0.2613037254799339,397.1931788521544,0.0,
2021-05-13 06:00:09.510,1,0.2554615870294633,396.97539472263963,0.0,
2021-05-13 06:00:09.520,1,0.3566735016799203,397.0831089987972,0.0,
2021-05-13 06:00:09.530,1,0.3352754650693262,404.50522273801494,0.0,
2021-05-13 06:00:09.540,1,0.3434732521176512,405.5554158782908,0.0,
2021-05-13 06:00:09.550,0,0.2610138478799087,409.4099532968844,0.0,
2021-05-13 06:00:09.560,0,0.3261054376168864,410.49038926144783,0.0,
2021-05-13 06:00:09.570,0,0.3610742125184794,409.5473550158687,0.0,
2021-05-13 06:00:09.580,0,0.3027552772354864,414.2641641498275,0.0,
2021-05-13 06:00:09.590,0,0.3180190655360135,408.7521384201714,0.0,
2021-05-13 06:00:09.600,0,0.3652328021715177,412.28688890601615,0.0,
2021-05-13 06:00:09.610,0,0.2413312217397957,411.10787790193467,0.0,
2021-05-13 06:00:09.620,0,0.3508092542823683,407.47973256192313,0.0,
2021-05-13 06:00:09.630,0,0.3132739734411602,407.99648635681115,0.0,
2021-05-13 06:00:09.640,0,0.2948314566108947,409.7387563384973,0.0,
2021-05-13 06:00:09.650,0,0.3270644732229864,409.3689316767369,0.0,
2021-05-13 06:00:09.660,0,0.3227361892988257,407.1220788835871,0.0,
2021-05-13 06:00:09.670,0,0.2529012381349519,399.8726403012149,0.0,
2021-05-13 06:00:09.680,0,0.2846152590150702,388.788724852947,0.0,
2021-05-13 06:00:09.690,0,0.2806745408205671,373.0085502221256,0.0,
2021-05-13 06:00:09.700,0,0.2206286753356592,359.6916157447905,0.0,
2021-05-13 06:00:09.710,0,0.2106344187634223,346.0705647692244,0.0,
2021-05-13 06:00:09.720,0,0.1917718949511644,326.2280069362653,0.0,
2021-05-13 06:00:09.730,0,0.2001867041366883,308.71621000813354,0.0,
2021-05-13 06:00:09.740,0,0.2337028990620793,288.1329299378354,0.0,
2021-05-13 06:00:09.750,0,0.2173998778051681,268.1118292209243,0.0,
2021-05-13 06:00:09.760,0,0.1655199048819998,248.0642921067149,0.0,
2021-05-13 06:00:09.770,0,0.1483156976613485,227.6377793692388,0.0,
2021-05-13 06:00:09.780,0,0.1711213358806926,204.29305707536992,1.0,
2021-05-13 06:00:09.790,0,0.1041060287624937,186.751944923564,1.0,
2021-05-13 06:00:09.800,0,0.1100091225838731,168.29158350661154,1.0,
2021-05-13 06:00:09.810,0,0.0944929745001521,151.06182594716918,1.0,
2021-05-13 06:00:09.820,0,0.0813466538060567,132.91056431173658,1.0,
2021-05-13 06:00:09.830,0,0.0762316835165836,116.73163124437805,1.0,
2021-05-13 06:00:09.840,0,0.0670407261832271,101.00367273879957,1.0,
2021-05-13 06:00:09.850,0,0.0606878773684002,85.99293882300921,1.0,
2021-05-13 06:00:09.860,0,0.060376531336574,72.76211963569122,1.0,
2021-05-13 06:00:09.870,0,0.0361565119687384,59.635802955054785,1.0,
2021-05-13 06:00:09.880,0,0.0176748284188272,48.342846640671866,1.0,
2021-05-13 06:00:09.890,0,0.0167560510985687,37.32652748787124,1.0,
2021-05-13 06:00:09.900,0,0.0231409447322049,27.646090890397574,1.0,
2021-05-13 06:00:09.910,0,0.0107407332231511,18.993528892552124,1.0,
2021-05-13 06:00:09.920,0,0.0038949198172638,10.9900042193114,2.0,
2021-05-13 06:00:09.930,0,0.0047630894823224,3.983277358270947,2.0,
2021-05-13 06:00:09.940,0,-0.0034561912384915,0.0,2.0,
2021-05-13 06:00:09.950,0,-0.0002454468691687,0.0,2.0,
2021-05-13 06:00:09.960,0,-0.0088307912371387,0.0,2.0,
2021-05-13 06:00:09.970,0,-0.0116408359749412,0.0,2.0,
2021-05-13 06:00:09.980,0,-0.0133015936754902,0.0,2.0,
2021-05-13 06:00:09.990,0,-0.0164024106566037,0.0,2.0,
2021-05-13 06:00:10.000,1,-0.010526835971209998,0.0,2.0,
2021-05-13 06:00:10.010,1,-0.0218404032256513,0.0,2.0,
2021-05-13 06:00:10.020,1,-0.0212073978027121,0.0,2.0,
2021-05-13 06:00:10.030,1,-0.0249922620480897,0.0,2.0,
2021-05-13 06:00:10.040,1,-0.0177077558700821,0.0,2.0,
2021-05-13 06:00:10.050,1,-0.0206696799884481,0.0,2.0,
2021-05-13 06:00:10.060,1,-0.0140791695547799,0.0,2.0,
2021-05-13 06:00:10.070,1,-0.0171088774084184,0.0,2.0,
2021-05-13 06:00:10.080,1,-0.0169604507336521,0.0,2.0,
2021-05-13 06:00:10.090,1,-0.0145290666873429,0.0,2.0,
2021-05-13 06:00:10.100,1,-0.0122648006685187,0.0,2.0,
2021-05-13 06:00:10.110,1,-0.0134352424954268,0.0,2.0,
2021-05-13 06:00:10.120,1,-0.0138873410319149,0.0,2.0,
2021-05-13 06:00:10.130,1,-0.0110279943368318,0.0,2.0,
2021-05-13 06:00:10.140,1,-0.0050070502671359,0.0,2.0,
2021-05-13 06:00:10.150,1,0.0054687870840042,5.006733478652163,2.0,
2021-05-13 06:00:10.160,1,0.0093417318203768,14.61237025974714,1.0,
2021-05-13 06:00:10.170,1,0.0209962956589137,25.88950044031845,1.0,
2021-05-13 06:00:10.180,1,0.0213627677684496,38.92715491118635,1.0,
2021-05-13 06:00:10.190,1,0.03841181235527,52.76319898217425,1.0,
2021-05-13 06:00:10.200,1,0.0448265190699783,68.15833864928004,1.0,
2021-05-13 06:00:10.210,1,0.057672359353144,83.7516813518366,1.0,
2021-05-13 06:00:10.220,1,0.0638652601619077,100.29761204526696,1.0,
2021-05-13 06:00:10.230,1,0.0898472301838353,117.10846397977079,1.0,
2021-05-13 06:00:10.240,1,0.1056514439637738,132.29502900137916,1.0,
2021-05-13 06:00:10.250,1,0.1009119954779288,147.754019352875,1.0,
2021-05-13 06:00:10.260,1,0.1250866355762181,164.5249872984403,1.0,
2021-05-13 06:00:10.270,1,0.1093977747365687,182.1246489741051,1.0,
2021-05-13 06:00:10.280,1,0.1694457238519957,193.29301570270576,1.0,
2021-05-13 06:00:10.290,1,0.1867726500826307,210.679270550441,1.0,
2021-05-13 06:00:10.300,1,0.1526240287180496,222.42106368590785,0.0,
2021-05-13 06:00:10.310,1,0.1788152796791191,235.50412670762162,0.0,
2021-05-13 06:00:10.320,1,0.1630541105539404,250.95454688702083,0.0,
2021-05-13 06:00:10.330,1,0.2040983106219984,262.6495767546938,0.0,
2021-05-13 06:00:10.340,1,0.2630666550672166,272.14138791030854,0.0,
2021-05-13 06:00:10.350,1,0.2230902123584115,288.9856993997118,0.0,
2021-05-13 06:00:10.360,1,0.2907120871850541,301.2784032659679,0.0,
2021-05-13 06:00:10.370,1,0.2144217596972464,311.69642052805267,0.0,
2021-05-13 06:00:10.380,1,0.3226935393699364,324.22945891122214,0.0,
2021-05-13 06:00:10.390,1,0.3234267713887395,335.17274849252664,0.0,
2021-05-13 06:00:10.400,1,0.3092222706493721,345.4077280242862,0.0,
2021-05-13 06:00:10.410,1,0.3315707684253006,352.4485058140013,0.0,
2021-05-13 06:00:10.420,1,0.252014527611058,358.9944693676183,0.0,
2021-05-13 06:00:10.430,1,0.3819343665329123,370.0149230697151,0.0,
2021-05-13 06:00:10.440,1,0.3211907834544583,373.2262083354527,0.0,
2021-05-13 06:00:10.450,1,0.3855840825397597,384.0679272782264,0.0,
2021-05-13 06:00:10.460,1,0.3129625979524806,387.17523592313887,0.0,
2021-05-13 06:00:10.470,1,0.4048819199768061,391.359013198932,0.0,
2021-05-13 06:00:10.480,1,0.3771570965790881,397.5254820285332,0.0,
2021-05-13 06:00:10.490,1,0.4121975277067697,398.670151377944,0.0,
2021-05-13 06:00:10.500,0,0.3756828173981572,404.1478996271087,0.0,
2021-05-13 06:00:10.510,0,0.3692097611003626,405.6691764685183,0.0,
2021-05-13 06:00:10.520,0,0.4230600340342809,410.7512726401277,0.0,
2021-05-13 06:00:10.530,0,0.3937398703974949,412.7810491430232,0.0,
2021-05-13 06:00:10.540,0,0.3694852072766798,408.5432903746568,0.0,
2021-05-13 06:00:10.550,0,0.3836682729840209,415.71683747345617,0.0,
2021-05-13 06:00:10.560,0,0.3622000463718988,418.47406381821486,0.0,
2021-05-13 06:00:10.570,0,0.4420927326916228,418.24037333735976,0.0,
2021-05-13 06:00:10.580,0,0.4132130408284519,416.5561062387042,0.0,
2021-05-13 06:00:10.590,0,0.4536551816516836,418.9419477404525,0.0,
2021-05-13 06:00:10.600,0,0.456280489489606,419.3528795192689,0.0,
2021-05-13 06:00:10.610,0,0.4087665299420561,412.45745901396117,0.0,
2021-05-13 06:00:10.620,0,0.3837642104917494,404.9851226052505,0.0,
2021-05-13 06:00:10.630,0,0.3082092886439248,392.796848606344,0.0,
2021-05-13 06:00:10.640,0,0.3171396042857116,381.89439844655294,0.0,
2021-05-13 06:00:10.650,0,0.341214853918326,368.4870848327803,0.0,
2021-05-13 06:00:10.660,0,0.2701087300661684,349.0897567562764,0.0,
2021-05-13 06:00:10.670,0,0.2728253689814759,328.19185419076007,0.0,
2021-05-13 06:00:10.680,0,0.3340703979120394,311.5002921071942,0.0,
2021-05-13 06:00:10.690,0,0.2175207108340068,289.84737570588965,0.0,
2021-05-13 06:00:10.700,0,0.2954395716241283,270.44601534914545,0.0,
2021-05-13 06:00:10.710,0,0.2602704529475459,249.8035250064624,0.0,
2021-05-13 06:00:10.720,0,0.19251809289627306,230.27153526023608,0.0,
2021-05-13 06:00:10.730,0,0.2226966409642198,209.0456663543609,1.0,
2021-05-13 06:00:10.740,0,0.18839013218941505,189.79710418347545,1.0,
2021-05-13 06:00:10.750,0,0.17720017386215198,172.84895575256138,1.0,
2021-05-13 06:00:10.760,0,0.1059448259819823,152.036978876572,1.0,
2021-05-13 06:00:10.770,0,0.1338895120180794,135.0711987310379,1.0,
2021-05-13 06:00:10.780,0,0.0901823455879808,118.31412215440764,1.0,
2021-05-13 06:00:10.790,0,0.1096359221311531,102.09563908977434,1.0,
2021-05-13 06:00:10.800,0,0.0833557450109464,87.55958751888794,1.0,
2021-05-13 06:00:10.810,0,0.0602775335295185,72.96265238561034,1.0,
2021-05-13 06:00:10.820,0,0.0544474069112892,60.311413992417535,1.0,
2021-05-13 06:00:10.830,0,0.0460835302955211,48.97764243989643,1.0,
2021-05-13 06:00:10.840,0,0.0285682906042131,38.06791834411453,1.0,
2021-05-13 06:00:10.850,0,0.022858655151759,27.97247203285041,1.0,
2021-05-13 06:00:10.860,0,0.0178837339258316,19.346857218276945,1.0,
2021-05-13 06:00:10.870,0,0.0095893149533057,11.16076076536252,1.0,
2021-05-13 06:00:10.880,0,0.0041405516527746,4.143857254340967,2.0,
2021-05-13 06:00:10.890,0,0.0001873988992383,0.0,2.0,
2021-05-13 06:00:10.900,0,-0.0026819104384414,0.0,2.0,
2021-05-13 06:00:10.910,0,-0.0078669409391742,0.0,2.0,
2021-05-13 06:00:10.920,0,-0.0096389104194284,0.0,2.0,
2021-05-13 06:00:10.930,0,-0.0178861398739239,0.0,2.0,
2021-05-13 06:00:10.940,0,-0.019958297815336003,0.0,2.0,
2021-05-13 06:00:10.950,0,-0.0247396919705325,0.0,2.0,
2021-05-13 06:00:10.960,0,-0.0191371430939763,0.0,2.0,
2021-05-13 06:00:10.970,0,-0.0192676938620015,0.0,2.0,
2021-05-13 06:00:10.980,0,-0.031971799179768,0.0,2.0,
2021-05-13 06:00:10.990,0,-0.0288146641967946,0.0,2.0,
2021-05-13 06:00:11.000,1,-0.0246961846517525,0.0,2.0,
2021-05-13 06:00:11.010,1,-0.0216194537635619,0.0,2.0,
2021-05-13 06:00:11.020,1,-0.0277356927554397,0.0,2.0,
2021-05-13 06:00:11.030,1,-0.0248721118441266,0.0,2.0,
2021-05-13 06:00:11.040,1,-0.0250889529718806,0.0,2.0,
2021-05-13 06:00:11.050,1,-0.0186561769720231,0.0,2.0,
2021-05-13 06:00:11.060,1,-0.0118699908507218,0.0,2.0,
2021-05-13 06:00:11.070,1,-0.009712441459095,0.0,2.0,
2021-05-13 06:00:11.080,1,-0.0134936876333474,0.0,2.0,
2021-05-13 06:00:11.090,1,-0.0190143581891328,0.0,2.0,
2021-05-13 06:00:11.100,1,-0.016393170673091,0.0,2.0,
2021-05-13 06:00:11.110,1,-0.012463422038182,0.0,2.0,
2021-05-13 06:00:11.120,1,-0.0118051009712617,0.0,2.0,
2021-05-13 06:00:11.130,1,0.0001637588521289,0.0,2.0,
2021-05-13 06:00:11.140,1,0.0022299985076492,3.17590751240148,2.0,
2021-05-13 06:00:11.150,1,0.0141588728747813,12.119654624957617,1.0,
2021-05-13 06:00:11.160,1,0.0162621776337875,23.059005874746102,1.0,
2021-05-13 06:00:11.170,1,0.0291131091494527,35.28307190429231,1.0,
2021-05-13 06:00:11.180,1,0.0473506242605188,49.41373953638014,1.0,
2021-05-13 06:00:11.190,1,0.0452773604094691,64.33095050943652,1.0,
2021-05-13 06:00:11.200,1,0.0660406802258339,78.4713730383105,1.0,
2021-05-13 06:00:11.210,1,0.0805321077893618,94.5607921219984,1.0,
2021-05-13 06:00:11.220,1,0.100297764980732,111.55942919560421,1.0,
2021-05-13 06:00:11.230,1,0.0791221082086507,126.05459969321741,1.0,
2021-05-13 06:00:11.240,1,0.0918879802309636,142.94414975443775,1.0,
2021-05-13 06:00:11.250,1,0.1280885988868432,159.74474039827126,1.0,
2021-05-13 06:00:11.260,1,0.1171212605536016,175.23959662923698,1.0,
2021-05-13 06:00:11.270,1,0.153635382994467,187.25607713133223,1.0,
2021-05-13 06:00:11.280,1,0.1865089854264083,204.9715315604492,1.0,
2021-05-13 06:00:11.290,1,0.1736183882587329,217.54188944609103,0.0,
2021-05-13 06:00:11.300,1,0.2173447204903156,231.48164718483503,0.0,
2021-05-13 06:00:11.310,1,0.1981930657661747,245.2688769752444,0.0,
2021-05-13 06:00:11.320,1,0.170193775819043,258.7304779615627,0.0,
2021-05-13 06:00:11.330,1,0.2278687926064526,271.7028162370504,0.0,
2021-05-13 06:00:11.340,1,0.2136189068431386,286.7119861788619,0.0,
2021-05-13 06:00:11.350,1,0.2659957873170039,298.4693030601566,0.0,
2021-05-13 06:00:11.360,1,0.2817434880272174,311.32921357817025,0.0,
2021-05-13 06:00:11.370,1,0.233580813907927,321.8544540074111,0.0,
2021-05-13 06:00:11.380,1,0.2478533821455245,330.8298959185264,0.0,
2021-05-13 06:00:11.390,1,0.2827534579564973,343.2783050071172,0.0,
2021-05-13 06:00:11.400,1,0.2474991631125102,349.9986082250747,0.0,
2021-05-13 06:00:11.410,1,0.3195281751843732,359.2613683188468,0.0,
2021-05-13 06:00:11.420,1,0.2616737021951428,368.33332602302085,0.0,
2021-05-13 06:00:11.430,1,0.3149657434760994,374.7366053581685,0.0,
2021-05-13 06:00:11.440,1,0.2813443039883066,379.37774283487937,0.0,
2021-05-13 06:00:11.450,0,0.30611806209451803,382.98304254434447,0.0,
2021-05-13 06:00:11.460,0,0.2895359259278756,390.3218780174436,0.0,
2021-05-13 06:00:11.470,0,0.3973868076077829,393.03549471478163,0.0,
2021-05-13 06:00:11.480,0,0.3100229625690763,402.83879398448425,0.0,
2021-05-13 06:00:11.490,0,0.3798540181821592,402.8282652154357,0.0,
2021-05-13 06:00:11.500,0,0.3377795446615526,410.6439996314419,0.0,
2021-05-13 06:00:11.510,0,0.3396936519605134,409.1401309816249,0.0,
2021-05-13 06:00:11.520,0,0.318145013028287,412.99876231703536,0.0,
2021-05-13 06:00:11.530,0,0.3189807939930669,417.9780409090498,0.0,
2021-05-13 06:00:11.540,0,0.4076312935766015,414.1364476901068,0.0,
2021-05-13 06:00:11.550,0,0.3773473584030686,415.662829382882,0.0,
2021-05-13 06:00:11.560,0,0.4159164441812079,417.81850306911554,0.0,
2021-05-13 06:00:11.570,0,0.3194259268423548,408.6546737300074,0.0,
2021-05-13 06:00:11.580,0,0.2987052609093564,395.6277557768705,0.0,
2021-05-13 06:00:11.590,0,0.3586508368249201,383.6738134454943,0.0,
2021-05-13 06:00:11.600,0,0.330240800391151,371.2696269276866,0.0,
2021-05-13 06:00:11.610,0,0.2675381465147561,353.6896523237768,0.0,
2021-05-13 06:00:11.620,0,0.3186058915486318,337.4460769327956,0.0,
2021-05-13 06:00:11.630,0,0.2849757247764167,316.62814518750304,0.0,
2021-05-13 06:00:11.640,0,0.2819460207543806,298.7089307899223,0.0,
2021-05-13 06:00:11.650,0,0.2227534783719769,276.2153514410805,0.0,
2021-05-13 06:00:11.660,0,0.2445124947932453,255.22345877756908,0.0,
2021-05-13 06:00:11.670,0,0.2292120856625954,236.7111423959876,0.0,
2021-05-13 06:00:11.680,0,0.1955378224106792,215.33032310745816,0.0,
2021-05-13 06:00:11.690,0,0.1834129204800477,193.8253292425941,1.0,
2021-05-13 06:00:11.700,0,0.1606002082403055,175.9378131965915,1.0,
2021-05-13 06:00:11.710,0,0.1597116273208856,156.9375598316945,1.0,
2021-05-13 06:00:11.720,0,0.0985683760374565,139.6667468862009,1.0,
2021-05-13 06:00:11.730,0,0.112373102021326,121.99529726224985,1.0,
2021-05-13 06:00:11.740,0,0.1090671525503012,105.76495884222535,1.0,
2021-05-13 06:00:11.750,0,0.0723562081073711,91.29849063629642,1.0,
2021-05-13 06:00:11.760,0,0.0689684530234957,76.59178976803561,1.0,
2021-05-13 06:00:11.770,0,0.0512275029955039,63.169123758406435,1.0,
2021-05-13 06:00:11.780,0,0.0450392332647061,51.508245641745894,1.0,
2021-05-13 06:00:11.790,0,0.0269089447971653,40.00128148308102,1.0,
2021-05-13 06:00:11.800,0,0.0289913492455729,30.555149112478734,1.0,
2021-05-13 06:00:11.810,0,0.0185494422104007,20.97865810552028,1.0,
2021-05-13 06:00:11.820,0,0.0139952416075789,12.823324664651023,1.0,
2021-05-13 06:00:11.830,0,0.009184133167183,5.579996030444387,2.0,
2021-05-13 06:00:11.840,0,0.0007701023053895,0.0,2.0,
2021-05-13 06:00:11.850,0,-0.0080823662721007,0.0,2.0,
2021-05-13 06:00:11.860,0,-0.0136363523431585,0.0,2.0,
2021-05-13 06:00:11.870,0,-0.0137649700752245,0.0,2.0,
2021-05-13 06:00:11.880,0,-0.0090962521935542,0.0,2.0,
2021-05-13 06:00:11.890,0,-0.0134552529940263,0.0,2.0,
2021-05-13 06:00:11.900,0,-0.0166533859727736,0.0,2.0,
2021-05-13 06:00:11.910,0,-0.022968619107699,0.0,2.0,
2021-05-13 06:00:11.920,0,-0.0212336992337411,0.0,2.0,
2021-05-13 06:00:11.930,0,-0.0221275003732265,0.0,2.0,
2021-05-13 06:00:11.940,0,-0.023582116224917002,0.0,2.0,
2021-05-13 06:00:11.950,0,-0.0222404757178511,0.0,2.0,
2021-05-13 06:00:11.960,0,-0.0259634749962618,0.0,2.0,
2021-05-13 06:00:11.970,0,-0.0259019386457661,0.0,2.0,
2021-05-13 06:00:11.980,0,-0.0232480363426911,0.0,1.0,
2021-05-13 06:00:11.990,0,-0.0232813648246542,0.0,1.0,
2021-05-13 06:00:12.000,1,-0.0200142939764215,0.0,1.0,
2021-05-13 06:00:12.010,1,-0.0162214494112542,0.0,1.0,
2021-05-13 06:00:12.020,1,-0.0159708999258429,0.0,1.0,
2021-05-13 06:00:12.030,1,-0.018357857968509,0.0,1.0,
2021-05-13 06:00:12.040,1,-0.012423216261216998,0.0,1.0,
2021-05-13 06:00:12.050,1,-0.0070794641290993,0.0,1.0,
2021-05-13 06:00:12.060,1,-0.0179944017661532,0.0,1.0,
2021-05-13 06:00:12.070,1,-0.0087011417094373,0.0,1.0,
2021-05-13 06:00:12.080,1,-0.0117199636747142,0.0,1.0,
2021-05-13 06:00:12.090,1,-0.015755561633281998,0.0,1.0,
2021-05-13 06:00:12.100,1,-0.0118778179816725,0.0,1.0,
2021-05-13 06:00:12.110,1,-0.0062798605828071,0.0,1.0,
2021-05-13 06:00:12.120,1,-0.0024171497656225,0.0,1.0,
2021-05-13 06:00:12.130,1,0.0060556876899042,7.547052278160581,1.0,
2021-05-13 06:00:12.140,1,0.0092222821786757,18.26400155283211,1.0,
2021-05-13 06:00:12.150,1,0.0244296835985573,30.63407628583245,1.0,
2021-05-13 06:00:12.160,1,0.0284980299788051,44.01700345163514,1.0,
2021-05-13 06:00:12.170,1,0.0458436273214485,58.56235010081846,1.0,
2021-05-13 06:00:12.180,1,0.0539214930132744,74.01131985390106,1.0,
2021-05-13 06:00:12.190,1,0.0673011335017562,89.73156280054424,1.0,
2021-05-13 06:00:12.200,1,0.0652918930909387,105.40329515038314,1.0,
2021-05-13 06:00:12.210,1,0.0867584828848899,122.09495976562998,1.0,
2021-05-13 06:00:12.220,1,0.0923253318529338,137.5523661504746,1.0,
2021-05-13 06:00:12.230,1,0.0892671477716606,152.79613003380658,1.0,
2021-05-13 06:00:12.240,1,0.1195379561402145,167.549651158234,1.0,
2021-05-13 06:00:12.250,1,0.132208900273183,181.23130474172257,1.0,
2021-05-13 06:00:12.260,1,0.1399393027998755,198.4751300446957,1.0,
2021-05-13 06:00:12.270,1,0.1464297406164315,212.34739153418155,0.0,
2021-05-13 06:00:12.280,1,0.148965505686859,225.53654690664933,0.0,
2021-05-13 06:00:12.290,1,0.1585114962752552,237.12344992465248,0.0,
2021-05-13 06:00:12.300,1,0.1526250118800384,252.22090599571118,0.0,
2021-05-13 06:00:12.310,1,0.1528265268948073,262.7288638767749,0.0,
2021-05-13 06:00:12.320,1,0.1504174736029236,276.51142406230525,0.0,
2021-05-13 06:00:12.330,1,0.1589002079330155,290.0322205376199,0.0,
2021-05-13 06:00:12.340,1,0.2008295683827097,301.87861494211927,0.0,
2021-05-13 06:00:12.350,1,0.1756794923468384,314.54344539962466,0.0,
2021-05-13 06:00:12.360,1,0.1517649505156626,325.5853859135682,0.0,
2021-05-13 06:00:12.370,1,0.2174629863323506,332.8458369701677,0.0,
2021-05-13 06:00:12.380,1,0.2286524213033138,341.6451004334153,0.0,
2021-05-13 06:00:12.390,1,0.2273368362871643,351.49306639506136,0.0,
2021-05-13 06:00:12.400,0,0.2060202566143295,359.2282510454885,0.0,
2021-05-13 06:00:12.410,0,0.219220818951394,367.5613163620338,0.0,
2021-05-13 06:00:12.420,0,0.245358292049696,369.4063248758321,0.0,
2021-05-13 06:00:12.430,0,0.2791088588511303,376.7983629124606,0.0,
2021-05-13 06:00:12.440,0,0.2655799093209601,379.9907836046582,0.0,
2021-05-13 06:00:12.450,0,0.2678734793369093,388.4648192284562,0.0,
2021-05-13 06:00:12.460,0,0.2683887064916544,389.76689581534936,0.0,
2021-05-13 06:00:12.470,0,0.2258565947266716,395.04235164627113,0.0,
2021-05-13 06:00:12.480,0,0.2159937074971469,400.09433784922135,0.0,
2021-05-13 06:00:12.490,0,0.2740834673966031,400.6818192480017,0.0,
2021-05-13 06:00:12.500,0,0.2027423666725556,406.80533970964734,0.0,
2021-05-13 06:00:12.510,0,0.2571736076982566,407.3901918473527,0.0,
2021-05-13 06:00:12.520,0,0.2175218189710527,397.5184101037754,0.0,
2021-05-13 06:00:12.530,0,0.2588448646805297,387.63056662022973,0.0,
2021-05-13 06:00:12.540,0,0.2648615564518853,378.2596613040172,0.0,
2021-05-13 06:00:12.550,0,0.2113490679232856,361.66182016853736,0.0,
2021-05-13 06:00:12.560,0,0.2172115632173031,350.4446796539475,0.0,
2021-05-13 06:00:12.570,0,0.2459955323238933,331.16805400079744,0.0,
2021-05-13 06:00:12.580,0,0.2182472855303051,314.61489578891917,0.0,
2021-05-13 06:00:12.590,0,0.2126442956896349,296.35937439395616,0.0,
2021-05-13 06:00:12.600,0,0.1530017389357612,272.6655741956186,0.0,
2021-05-13 06:00:12.610,0,0.1716259659185487,254.132860063408,0.0,
2021-05-13 06:00:12.620,0,0.1596855980735474,234.5876993118906,0.0,
2021-05-13 06:00:12.630,0,0.1308776785517312,212.9952627378759,0.0,
2021-05-13 06:00:12.640,0,0.1547109564163667,195.19505279849758,1.0,
2021-05-13 06:00:12.650,0,0.1192008157926887,177.85266863274742,1.0,
2021-05-13 06:00:12.660,0,0.1245261393807017,158.85940900798832,1.0,
2021-05-13 06:00:12.670,0,0.1144960792425936,140.9313850662138,1.0,
2021-05-13 06:00:12.680,0,0.0954957553164938,124.88503831417259,1.0,
2021-05-13 06:00:12.690,0,0.0617679256333691,108.2841979843314,1.0,
2021-05-13 06:00:12.700,0,0.0606509800064886,92.74079983235373,1.0,
2021-05-13 06:00:12.710,0,0.0639178592183633,78.21894676255282,1.0,
2021-05-13 06:00:12.720,0,0.0439071731925601,65.99079214658242,1.0,
2021-05-13 06:00:12.730,0,0.0473394663436034,53.42754414776664,1.0,
2021-05-13 06:00:12.740,0,0.0302947254336637,41.928911404502905,1.0,
2021-05-13 06:00:12.750,0,0.0235975000462593,32.22598813262361,1.0,
2021-05-13 06:00:12.760,0,0.0154676647980393,22.74311424170325,1.0,
2021-05-13 06:00:12.770,0,0.0103418545157695,14.475321879652242,1.0,
2021-05-13 06:00:12.780,0,0.0064954430998805,7.1225274651916815,1.0,
2021-05-13 06:00:12.790,0,-0.0022225838555097,0.6479545881522961,1.0,
2021-05-13 06:00:12.800,0,-0.0079500869262898,0.0,2.0,
2021-05-13 06:00:12.810,0,-0.0050836048474259,0.0,1.0,
2021-05-13 06:00:12.820,0,-0.011815126560053,0.0,1.0,
2021-05-13 06:00:12.830,0,-0.0072205071862002,0.0,1.0,
2021-05-13 06:00:12.840,0,-0.0081485447360176,0.0,1.0,
2021-05-13 06:00:12.850,0,-0.014377979559281,0.0,1.0,
2021-05-13 06:00:12.860,0,-0.0211579134155376,0.0,1.0,
2021-05-13 06:00:12.870,0,-0.01727468568933,0.0,1.0,
2021-05-13 06:00:12.880,0,-0.020361848699738,0.0,1.0,
2021-05-13 06:00:12.890,0,-0.0178452976659613,0.0,1.0,
2021-05-13 06:00:12.900,0,-0.0184028750077568,0.0,1.0,
2021-05-13 06:00:12.910,0,-0.0284223975447604,0.0,1.0,
2021-05-13 06:00:12.920,0,-0.012404918378522,0.0,1.0,
2021-05-13 06:00:12.930,0,-0.0168969490199171,0.0,1.0,
2021-05-13 06:00:12.940,0,-0.0146606031241467,0.0,1.0,
2021-05-13 06:00:12.950,0,-0.0218679403727049,0.0,1.0,
2021-05-13 06:00:12.960,0,-0.0169444291227303,0.0,1.0,
2021-05-13 06:00:12.970,0,-0.0195293877706123,0.0,1.0,
2021-05-13 06:00:12.980,0,-0.010661023320937,0.0,1.0,
2021-05-13 06:00:12.990,0,-0.0145847308135098,0.0,1.0,
2021-05-13 06:00:13.000,1,-0.0174933726587383,0.0,1.0,
2021-05-13 06:00:13.010,1,-0.0104628913203715,0.0,1.0,
2021-05-13 06:00:13.020,1,-0.0089729964303837,0.0,1.0,
2021-05-13 06:00:13.030,1,-0.0051017180974067,0.0,1.0,
2021-05-13 06:00:13.040,1,-0.0017090795500743,0.0,1.0,
2021-05-13 06:00:13.050,1,-0.0042095345339108,0.0,1.0,
2021-05-13 06:00:13.060,1,-0.0144740903185686,0.0,1.0,
2021-05-13 06:00:13.070,1,-0.0046901609791351,0.0,1.0,
2021-05-13 06:00:13.080,1,-0.0074400584128894,0.0,1.0,
2021-05-13 06:00:13.090,1,-0.0073582960777953,0.0,1.0,
2021-05-13 06:00:13.100,1,-0.0025048019486266,0.0,1.0,
2021-05-13 06:00:13.110,1,-0.0029085237506528,0.0,1.0,
2021-05-13 06:00:13.120,1,0.0052966333543414,3.6135655444465993,1.0,
2021-05-13 06:00:13.130,1,0.0041647472731866,12.147609723458483,1.0,
2021-05-13 06:00:13.140,1,0.0125154375966688,22.604639716758427,1.0,
2021-05-13 06:00:13.150,1,0.0279101297708894,34.905084569393246,1.0,
2021-05-13 06:00:13.160,1,0.03121566673115,47.412673036966325,1.0,
2021-05-13 06:00:13.170,1,0.041541674779907,62.67413274754744,1.0,
2021-05-13 06:00:13.180,1,0.0403897076800244,77.00392278542425,1.0,
2021-05-13 06:00:13.190,1,0.0585363698882786,92.09717218233536,1.0,
2021-05-13 06:00:13.200,1,0.0686193762089268,108.614068247019,1.0,
2021-05-13 06:00:13.210,1,0.0742226080402682,124.7317565487529,1.0,
2021-05-13 06:00:13.220,1,0.0953148743433019,140.08897089879184,1.0,
2021-05-13 06:00:13.230,1,0.0759220929027614,154.8475424556199,1.0,
2021-05-13 06:00:13.240,1,0.087909396617186,169.76183902432322,1.0,
2021-05-13 06:00:13.250,1,0.1080252588225868,183.53491831992903,1.0,
2021-05-13 06:00:13.260,1,0.1217440423557873,197.45349585191536,0.0,
2021-05-13 06:00:13.270,1,0.1469743774694252,212.4217468138636,0.0,
2021-05-13 06:00:13.280,1,0.1089971035539572,226.03600678495795,0.0,
2021-05-13 06:00:13.290,1,0.1135883988147989,240.5362485293709,0.0,
2021-05-13 06:00:13.300,1,0.1624053482392983,252.76667665115403,0.0,
2021-05-13 06:00:13.310,1,0.1748228046901458,265.2587893370861,0.0,
2021-05-13 06:00:13.320,1,0.158667752576094,279.85900809720937,0.0,
2021-05-13 06:00:13.330,1,0.1678009593031282,295.4821269208818,0.0,
2021-05-13 06:00:13.340,1,0.140287284748335,304.2962908480729,0.0,
2021-05-13 06:00:13.350,0,0.2039264759656817,313.97573827491755,0.0,
2021-05-13 06:00:13.360,0,0.1811292433272255,325.60337222147035,0.0,
2021-05-13 06:00:13.370,0,0.2129338249577933,335.612750712056,0.0,
2021-05-13 06:00:13.380,0,0.2048937714967747,343.9627059498282,0.0,
2021-05-13 06:00:13.390,0,0.1631751772880335,352.11068317422684,0.0,
2021-05-13 06:00:13.400,0,0.2311031170429258,357.1851028466935,0.0,
2021-05-13 06:00:13.410,0,0.1863991759880801,366.7898596976997,0.0,
2021-05-13 06:00:13.420,0,0.2263605605658789,373.5218155985818,0.0,
2021-05-13 06:00:13.430,0,0.1713984912084897,378.96200678983126,0.0,
2021-05-13 06:00:13.440,0,0.2161431145563767,385.144830067149,0.0,
2021-05-13 06:00:13.450,0,0.2612549467733368,390.9287486015858,0.0,
2021-05-13 06:00:13.460,0,0.2402706399486024,388.4341536504271,0.0,
2021-05-13 06:00:13.470,0,0.2060218844843208,386.0465000992076,0.0,
2021-05-13 06:00:13.480,0,0.1847063997901764,380.98521993274255,0.0,
2021-05-13 06:00:13.490,0,0.2256934453825837,372.76071296332987,0.0,
2021-05-13 06:00:13.500,0,0.1965605331559624,360.45952091191435,0.0,
2021-05-13 06:00:13.510,0,0.2139630089659164,345.03315869852685,0.0,
2021-05-13 06:00:13.520,0,0.1831325037564088,328.33247375722334,0.0,
2021-05-13 06:00:13.530,0,0.1979585941187883,310.885010302162,0.0,
2021-05-13 06:00:13.540,0,0.1752296988821849,293.54869180897686,0.0,
2021-05-13 06:00:13.550,0,0.1289594563219997,274.7964492228098,0.0,
2021-05-13 06:00:13.560,0,0.1269005437996452,256.0596487785239,0.0,
2021-05-13 06:00:13.570,0,0.1513258459448968,236.54474813052863,0.0,
2021-05-13 06:00:13.580,0,0.139912604813336,219.25248060264641,0.0,
2021-05-13 06:00:13.590,0,0.1212045503794521,198.24061131617046,0.0,
2021-05-13 06:00:13.600,0,0.1083491210587307,181.2955427821301,1.0,
2021-05-13 06:00:13.610,0,0.0948942867502164,162.73245939744058,1.0,
2021-05-13 06:00:13.620,0,0.08503359891173501,146.5613252391613,1.0,
2021-05-13 06:00:13.630,0,0.0588850948221317,128.46258889569512,1.0,
2021-05-13 06:00:13.640,0,0.054995557721268,112.6186754976916,1.0,
2021-05-13 06:00:13.650,0,0.0609141197081326,97.21534775720478,1.0,
2021-05-13 06:00:13.660,0,0.0600005623037359,83.56148615783746,1.0,
2021-05-13 06:00:13.670,0,0.0430961082766143,70.14442283078786,1.0,
2021-05-13 06:00:13.680,0,0.0398063455207977,57.54660654015451,1.0,
2021-05-13 06:00:13.690,0,0.0348720204801659,46.87887038220894,1.0,
2021-05-13 06:00:13.700,0,0.0247069217616969,36.27505208178109,1.0,
2021-05-13 06:00:13.710,0,0.0221702256810678,26.990269908613065,1.0,
2021-05-13 06:00:13.720,0,0.0097477122927399,18.40507506746333,1.0,
2021-05-13 06:00:13.730,0,0.0094139354084198,10.717976882974886,1.0,
2021-05-13 06:00:13.740,0,0.0030436435567616,3.943351274005946,1.0,
2021-05-13 06:00:13.750,0,0.0011254004781048,0.0,1.0,
2021-05-13 06:00:13.760,0,-0.011301270967475002,0.0,1.0,
2021-05-13 06:00:13.770,0,-0.0077593145932711,0.0,1.0,
2021-05-13 06:00:13.780,0,-0.0148270510602225,0.0,1.0,
2021-05-13 06:00:13.790,0,-0.015971281245504,0.0,1.0,
2021-05-13 06:00:13.800,0,-0.0140857570026769,0.0,1.0,
2021-05-13 06:00:13.810,0,-0.0205830988554786,0.0,1.0,
2021-05-13 06:00:13.820,0,-0.0122427477994687,0.0,1.0,
2021-05-13 06:00:13.830,0,-0.0179782530131557,0.0,1.0,
2021-05-13 06:00:13.840,0,-0.0179761470967616,0.0,1.0,
2021-05-13 06:00:13.850,0,-0.0147748371147765,0.0,1.0,
2021-05-13 06:00:13.860,0,-0.0190472546117878,0.0,1.0,
2021-05-13 06:00:13.870,0,-0.0202528885555389,0.0,1.0,
2021-05-13 06:00:13.880,0,-0.0171274729608434,0.0,1.0,
2021-05-13 06:00:13.890,0,-0.0163142547157449,0.0,1.0,
2021-05-13 06:00:13.900,0,-0.0206429680185604,0.0,1.0,
2021-05-13 06:00:13.910,0,-0.0173738316230583,0.0,1.0,
2021-05-13 06:00:13.920,0,-0.0192070903635428,0.0,1.0,
2021-05-13 06:00:13.930,0,-0.0103789977951369,0.0,1.0,
2021-05-13 06:00:13.940,0,-0.0075675085067219,0.0,1.0,
2021-05-13 06:00:13.950,0,-0.015940277437928998,0.0,1.0,
2021-05-13 06:00:13.960,0,-0.0137068947004752,0.0,1.0,
2021-05-13 06:00:13.970,0,-0.013458996484635,0.0,1.0,
2021-05-13 06:00:13.980,0,-0.0108900835578173,0.0,1.0,
2021-05-13 06:00:13.990,0,-0.0090960046818456,0.0,1.0,
2021-05-13 06:00:14.000,1,-0.0093252936813348,0.0,1.0,
2021-05-13 06:00:14.010,1,-0.0095390090529944,0.0,1.0,
2021-05-13 06:00:14.020,1,-0.0060984908814535,0.0,1.0,
2021-05-13 06:00:14.030,1,-0.0019051091134743,0.0,1.0,
2021-05-13 06:00:14.040,1,-0.0041203017705486,0.0,1.0,
2021-05-13 06:00:14.050,1,-0.0052874127011619,0.0,1.0,
2021-05-13 06:00:14.060,1,-0.0021786023142231,0.0,1.0,
2021-05-13 06:00:14.070,1,-0.0004023174460789,0.0,1.0,
2021-05-13 06:00:14.080,1,-0.0099488187318873,0.0,1.0,
2021-05-13 06:00:14.090,1,-0.0043948495691973,0.0,1.0,
2021-05-13 06:00:14.100,1,0.0008066935632214,0.0,1.0,
2021-05-13 06:00:14.110,1,0.0010136453632835,0.9306612436283428,1.0,
2021-05-13 06:00:14.120,1,0.0051367482424718,6.9358402231505405,1.0,
2021-05-13 06:00:14.130,1,0.0116281297023192,15.569886310535445,1.0,
2021-05-13 06:00:14.140,1,0.0145656880660264,25.81049181103237,1.0,
2021-05-13 06:00:14.150,1,0.024681400039704,37.75559117157307,1.0,
2021-05-13 06:00:14.160,1,0.0440863537971492,52.04251452997502,1.0,
2021-05-13 06:00:14.170,1,0.0434582527614371,66.11094479697633,1.0,
2021-05-13 06:00:14.180,1,0.0624340140574394,80.81533178089548,1.0,
2021-05-13 06:00:14.190,1,0.0625995247544215,96.48989769348793,1.0,
2021-05-13 06:00:14.200,1,0.0852315350245339,112.40265323803676,1.0,
2021-05-13 06:00:14.210,1,0.093747269084307,129.01235508328872,1.0,
2021-05-13 06:00:14.220,1,0.1093754691965303,144.17899566671508,1.0,
2021-05-13 06:00:14.230,1,0.0950665757546139,160.2204386898924,1.0,
2021-05-13 06:00:14.240,1,0.1350719798502263,175.6352762047849,1.0,
2021-05-13 06:00:14.250,1,0.1264007879076095,192.17714125996255,1.0,
2021-05-13 06:00:14.260,1,0.1171095184760266,205.88285252146375,0.0,
2021-05-13 06:00:14.270,1,0.1505718853553408,219.74525016011023,0.0,
2021-05-13 06:00:14.280,1,0.1627195796357153,235.74916974798958,0.0,
2021-05-13 06:00:14.290,1,0.1558316423071547,247.6911304781612,0.0,
2021-05-13 06:00:14.300,0,0.1316931132702832,263.4202991078325,0.0,
2021-05-13 06:00:14.310,0,0.1583708332407399,278.1684785332298,0.0,
2021-05-13 06:00:14.320,0,0.162001825479907,290.2764270801572,0.0,
2021-05-13 06:00:14.330,0,0.17467681018461995,299.69769690288933,0.0,
2021-05-13 06:00:14.340,0,0.1526770026772506,315.5292996416608,0.0,
2021-05-13 06:00:14.350,0,0.1668769851810628,325.34284006500184,0.0,
2021-05-13 06:00:14.360,0,0.1746351492329374,334.22571373780585,0.0,
2021-05-13 06:00:14.370,0,0.2122391229452207,344.78677599472036,0.0,
2021-05-13 06:00:14.380,0,0.2144211829858956,357.2018843204245,0.0,
2021-05-13 06:00:14.390,0,0.2540921284443123,364.7892725034176,0.0,
2021-05-13 06:00:14.400,0,0.2622304772165359,368.78212518320015,0.0,
2021-05-13 06:00:14.410,0,0.2590546772233512,375.7732514989559,0.0,
2021-05-13 06:00:14.420,0,0.1675766417540255,373.9509360062908,0.0,
2021-05-13 06:00:14.430,0,0.1911637046109061,373.37038782745554,0.0,
2021-05-13 06:00:14.440,0,0.1881738937009784,362.2829529533402,0.0,
2021-05-13 06:00:14.450,0,0.2297370931715525,351.7732835956607,0.0,
2021-05-13 06:00:14.460,0,0.2246446616471391,338.7301140616798,0.0,
2021-05-13 06:00:14.470,0,0.1607183595943892,323.9478257956278,0.0,
2021-05-13 06:00:14.480,0,0.1722784442855738,313.0716669152756,0.0,
2021-05-13 06:00:14.490,0,0.1809525991949218,294.60972139219217,0.0,
2021-05-13 06:00:14.500,0,0.1637071227705089,275.7214084204541,0.0,
2021-05-13 06:00:14.510,0,0.1195419381285924,259.87545388927344,0.0,
2021-05-13 06:00:14.520,0,0.13321284208064302,242.2660447329025,0.0,
2021-05-13 06:00:14.530,0,0.1289751039915683,220.9027159385241,0.0,
2021-05-13 06:00:14.540,0,0.1340945164250325,203.97169191096023,0.0,
2021-05-13 06:00:14.550,0,0.0963819139368231,184.75207229558757,1.0,
2021-05-13 06:00:14.560,0,0.1012368736128738,166.70370347504704,1.0,
2021-05-13 06:00:14.570,0,0.0851145878096658,149.86332688833457,1.0,
2021-05-13 06:00:14.580,0,0.05665972481874,132.75310108399668,1.0,
2021-05-13 06:00:14.590,0,0.0617372224665627,117.69971146786648,1.0,
2021-05-13 06:00:14.600,0,0.0610908698108681,101.98367656335265,1.0,
2021-05-13 06:00:14.610,0,0.0378619463385075,88.40234546322624,1.0,
2021-05-13 06:00:14.620,0,0.038729444983421,75.60203615023785,1.0,
2021-05-13 06:00:14.630,0,0.0325763040086172,62.665549146022904,1.0,
2021-05-13 06:00:14.640,0,0.0345512401337298,51.0078703910694,1.0,
2021-05-13 06:00:14.650,0,0.0210102211225204,41.340385288647596,1.0,
2021-05-13 06:00:14.660,0,0.0198975410425672,31.665549944999928,1.0,
2021-05-13 06:00:14.670,0,0.0174023274703141,22.96668119529232,1.0,
2021-05-13 06:00:14.680,0,0.0106872590361227,15.256378987743284,1.0,
2021-05-13 06:00:14.690,0,-0.0007558282955441,8.291644944830589,1.0,
2021-05-13 06:00:14.700,0,0.0057383232794091,2.1366848630029587,1.0,
2021-05-13 06:00:14.710,0,-0.0073249492682381,0.0,1.0,
2021-05-13 06:00:14.720,0,-0.0032536293121977,0.0,1.0,
2021-05-13 06:00:14.730,0,-0.0103656037861613,0.0,1.0,
2021-05-13 06:00:14.740,0,-0.007175612167769,0.0,1.0,
2021-05-13 06:00:14.750,0,-0.0102658835684989,0.0,1.0,
2021-05-13 06:00:14.760,0,-0.0183760927697949,0.0,1.0,
2021-05-13 06:00:14.770,0,-0.0106211544576889,0.0,1.0,
2021-05-13 06:00:14.780,0,-0.0151481506770071,0.0,1.0,
2021-05-13 06:00:14.790,0,-0.0118908226151302,0.0,1.0,
2021-05-13 06:00:14.800,0,-0.012852339964768998,0.0,1.0,
2021-05-13 06:00:14.810,0,-0.0137916549974098,0.0,1.0,
2021-05-13 06:00:14.820,0,-0.004077805315472,0.0,1.0,
2021-05-13 06:00:14.830,0,-0.0204021227106753,0.0,1.0,
2021-05-13 06:00:14.840,0,-0.0139669962976811,0.0,1.0,
2021-05-13 06:00:14.850,0,-0.0103573246912937,0.0,1.0,
2021-05-13 06:00:14.860,0,-0.010518568539513998,0.0,1.0,
2021-05-13 06:00:14.870,0,-0.019155749898901,0.0,1.0,
2021-05-13 06:00:14.880,0,-0.0152496599816599,0.0,1.0,
2021-05-13 06:00:14.890,0,-0.0099287739492315,0.0,1.0,
2021-05-13 06:00:14.900,0,-0.0065682886715814,0.0,1.0,
2021-05-13 06:00:14.910,0,-0.012425634821371,0.0,1.0,
2021-05-13 06:00:14.920,0,-0.0096137690571943,0.0,1.0,
2021-05-13 06:00:14.930,0,-0.0072095706738353,0.0,1.0,
2021-05-13 06:00:14.940,0,-0.0157043097787209,0.0,1.0,
2021-05-13 06:00:14.950,0,-0.0060211666816945,0.0,1.0,
2021-05-13 06:00:14.960,0,-0.0106532187805135,0.0,1.0,
2021-05-13 06:00:14.970,0,-0.0131758095888971,0.0,1.0,
2021-05-13 06:00:14.980,0,-0.0069321866134954,0.0,1.0,
2021-05-13 06:00:14.990,0,-0.006286164081224001,0.0,1.0,
2021-05-13 06:00:15.000,1,-0.0026159491839266,0.0,1.0,
2021-05-13 06:00:15.010,1,-0.0102547826334391,0.0,1.0,
2021-05-13 06:00:15.020,1,-0.0088232096956226,0.0,1.0,
2021-05-13 06:00:15.030,1,-0.0033557686027282,0.0,1.0,
2021-05-13 06:00:15.040,1,-0.0027953414137972,0.0,1.0,
2021-05-13 06:00:15.050,1,-0.0032201601951969,0.0,1.0,
2021-05-13 06:00:15.060,1,-0.0014350188080617,0.0,1.0,
2021-05-13 06:00:15.070,1,-0.0010459346355286,0.0,1.0,
2021-05-13 06:00:15.080,1,-0.0003325335902597,0.0,1.0,
2021-05-13 06:00:15.090,1,-0.0021103987528098,0.0,1.0,
2021-05-13 06:00:15.100,1,-0.0040676880187707,0.0327916567707629,1.0,
2021-05-13 06:00:15.110,1,0.0047238644262079,2.9748927171654773,1.0,
2021-05-13 06:00:15.120,1,0.002722904862346,8.776212395336616,1.0,
2021-05-13 06:00:15.130,1,0.000981353048251,16.93204360185651,1.0,
2021-05-13 06:00:15.140,1,0.0170522132729518,27.346889737823602,1.0,
2021-05-13 06:00:15.150,1,0.0256049135296439,38.989413166309795,1.0,
2021-05-13 06:00:15.160,1,0.0358096111392359,51.90395009726269,1.0,
2021-05-13 06:00:15.170,1,0.0369254036859668,66.11232259290172,1.0,
2021-05-13 06:00:15.180,1,0.0465198487425717,81.75994609660881,1.0,
2021-05-13 06:00:15.190,1,0.0571735855281412,96.46640365060459,1.0,
2021-05-13 06:00:15.200,1,0.0874657608066121,112.9674249097126,1.0,
2021-05-13 06:00:15.210,1,0.0874628192340662,127.86612065658241,1.0,
2021-05-13 06:00:15.220,1,0.0843440961639468,144.52536498421134,1.0,
2021-05-13 06:00:15.230,1,0.0861431622525005,160.2789093886616,1.0,
2021-05-13 06:00:15.240,1,0.1156945527570733,177.60700855611356,1.0,
2021-05-13 06:00:15.250,0,0.1338859633877978,189.11286477707802,0.0,
2021-05-13 06:00:15.260,0,0.1202218639258183,203.0272229193137,0.0,
2021-05-13 06:00:15.270,0,0.1161801719800414,221.05715600485547,0.0,
2021-05-13 06:00:15.280,0,0.1653714597296909,233.62110835772862,0.0,
2021-05-13 06:00:15.290,0,0.1355988794428086,249.1132625784143,0.0,
2021-05-13 06:00:15.300,0,0.1393053339356477,263.3463180058636,0.0,
2021-05-13 06:00:15.310,0,0.1576369321255038,279.02148600242253,0.0,
2021-05-13 06:00:15.320,0,0.1797989816675082,291.9057259530913,0.0,
2021-05-13 06:00:15.330,0,0.185211276199935,304.29522044826064,0.0,
2021-05-13 06:00:15.340,0,0.1994521055817416,316.81105906877605,0.0,
2021-05-13 06:00:15.350,0,0.1709315701414923,328.56899562606117,0.0,
2021-05-13 06:00:15.360,0,0.1506859419117247,335.63973159676283,0.0,
2021-05-13 06:00:15.370,0,0.182521305134513,341.6031027934305,0.0,
2021-05-13 06:00:15.380,0,0.1814915660707235,336.07867874766487,0.0,
2021-05-13 06:00:15.390,0,0.1528467333354796,334.41367042574143,0.0,
2021-05-13 06:00:15.400,0,0.1777914733425042,325.043167961309,0.0,
2021-05-13 06:00:15.410,0,0.2012494078172521,316.64230551636695,0.0,
2021-05-13 06:00:15.420,0,0.14107750620224,305.150355000439,0.0,
2021-05-13 06:00:15.430,0,0.1847537380509209,291.98708769844563,0.0,
2021-05-13 06:00:15.440,0,0.1602048903003997,279.0714617452386,0.0,
2021-05-13 06:00:15.450,0,0.1220428431857529,262.0060620197152,0.0,
2021-05-13 06:00:15.460,0,0.111962137158931,248.7889188802359,0.0,
2021-05-13 06:00:15.470,0,0.1116670431594648,230.60823905776925,0.0,
2021-05-13 06:00:15.480,0,0.103107298714197,212.50441126632137,0.0,
2021-05-13 06:00:15.490,0,0.1047037773577353,198.55732017479968,0.0,
2021-05-13 06:00:15.500,0,0.1053967905372155,179.53746242383906,1.0,
2021-05-13 06:00:15.510,0,0.0955688639512301,163.4083528576502,1.0,
2021-05-13 06:00:15.520,0,0.0821818083824025,147.0806556565526,1.0,
2021-05-13 06:00:15.530,0,0.0687709856133978,132.80202459760423,1.0,
2021-05-13 06:00:15.540,0,0.0664271307473989,119.22268772693577,1.0,
2021-05-13 06:00:15.550,0,0.0444558215786543,103.80607071703241,1.0,
2021-05-13 06:00:15.560,0,0.0412217406593197,90.49943084949207,1.0,
2021-05-13 06:00:15.570,0,0.0455797295292022,77.92640349189881,1.0,
2021-05-13 06:00:15.580,0,0.0372374972106713,66.25890712232466,1.0,
2021-05-13 06:00:15.590,0,0.0261132523470988,56.10407216535717,1.0,
2021-05-13 06:00:15.600,0,0.0235309037703728,46.05530128046016,1.0,
2021-05-13 06:00:15.610,0,0.016313627250184,35.824558960388224,1.0,
2021-05-13 06:00:15.620,0,0.0123222147523526,27.569808000962617,1.0,
2021-05-13 06:00:15.630,0,0.0092541112551915,19.932688901115124,1.0,
2021-05-13 06:00:15.640,0,0.0037461584215074,13.116972682626242,1.0,
2021-05-13 06:00:15.650,0,0.0026746536532733,6.962704839730213,1.0,
2021-05-13 06:00:15.660,0,0.0008643068481467,1.5168285546350928,1.0,
2021-05-13 06:00:15.670,0,-0.0041540889111968,0.0,1.0,
2021-05-13 06:00:15.680,0,-0.003443092756775,0.0,1.0,
2021-05-13 06:00:15.690,0,-0.0101108395397558,0.0,1.0,
2021-05-13 06:00:15.700,0,-0.0069699722547337,0.0,1.0,
2021-05-13 06:00:15.710,0,-0.00485778013026,0.0,1.0,
2021-05-13 06:00:15.720,0,-0.0053236828795903,0.0,1.0,
2021-05-13 06:00:15.730,0,-0.0117938619995794,0.0,1.0,
2021-05-13 06:00:15.740,0,-0.0071363366262351,0.0,1.0,
2021-05-13 06:00:15.750,0,-0.0070151510037221,0.0,1.0,
2021-05-13 06:00:15.760,0,-0.0102228536485141,0.0,1.0,
2021-05-13 06:00:15.770,0,-0.0066165645083208,0.0,1.0,
2021-05-13 06:00:15.780,0,-0.0151392376654254,0.0,1.0,
2021-05-13 06:00:15.790,0,-0.009271419833063,0.0,1.0,
2021-05-13 06:00:15.800,0,-0.0040145620991366,0.0,1.0,
2021-05-13 06:00:15.810,0,-0.0050732124200392,0.0,1.0,
2021-05-13 06:00:15.820,0,-0.011618423541953998,0.0,1.0,
2021-05-13 06:00:15.830,0,-0.0053464532418743,0.0,1.0,
2021-05-13 06:00:15.840,0,-0.0145804827482794,0.0,1.0,
2021-05-13 06:00:15.850,0,-0.0057000099614906,0.0,1.0,
2021-05-13 06:00:15.860,0,-0.0053493783501511,0.0,1.0,
2021-05-13 06:00:15.870,0,-0.0028683178651131,0.0,1.0,
2021-05-13 06:00:15.880,0,-0.0079331843521514,0.0,1.0,
2021-05-13 06:00:15.890,0,0.0012847335005487,0.0,1.0,
2021-05-13 06:00:15.900,0,-0.0025910987983718,0.0,1.0,
2021-05-13 06:00:15.910,0,-0.0084642603556502,0.0,1.0,
2021-05-13 06:00:15.920,0,-0.009528939696758002,0.0,1.0,
2021-05-13 06:00:15.930,0,-0.006945336801471,0.0,1.0,
2021-05-13 06:00:15.940,0,-0.009054687886389,0.0,1.0,
2021-05-13 06:00:15.950,0,-0.0016049739001272,0.0,1.0,
2021-05-13 06:00:15.960,0,-0.0047302545791863,0.0,1.0,
2021-05-13 06:00:15.970,0,-0.0075066785601701,0.0,1.0,
2021-05-13 06:00:15.980,0,0.0016272406533135,0.0,1.0,
2021-05-13 06:00:15.990,0,-0.003167586581349,0.0,1.0,
2021-05-13 06:00:16.000,1,-0.0014558362993273,0.0,1.0,
2021-05-13 06:00:16.010,1,-0.0014593670031094,0.0,1.0,
2021-05-13 06:00:16.020,1,0.0001474442189103,0.0,1.0,
2021-05-13 06:00:16.030,1,-0.0024225211873358,0.0,1.0,
2021-05-13 06:00:16.040,1,0.0026908170248074,0.0,1.0,
2021-05-13 06:00:16.050,1,0.0009573279101819,0.0,1.0,
2021-05-13 06:00:16.060,1,-0.0023152735155054,0.0,1.0,
2021-05-13 06:00:16.070,1,-0.0062519184114861,0.2377732719265648,1.0,
2021-05-13 06:00:16.080,1,-0.0009272939227237,0.5121088745202083,1.0,
2021-05-13 06:00:16.090,1,0.0014571422967041,0.7488681369289609,1.0,
2021-05-13 06:00:16.100,1,-0.0016523113532485,1.0875634073499634,1.0,
2021-05-13 06:00:16.110,1,0.001051191121315,3.759635172384253,1.0,
2021-05-13 06:00:16.120,1,0.0062159846422123,9.194648495540935,1.0,
2021-05-13 06:00:16.130,1,0.0064335079598325,16.911596042992606,1.0,
2021-05-13 06:00:16.140,1,0.0157411302972081,26.74420419598609,1.0,
2021-05-13 06:00:16.150,1,0.0309036584332993,37.714858099776336,1.0,
2021-05-13 06:00:16.160,1,0.0384912263362579,50.82948063428109,1.0,
2021-05-13 06:00:16.170,1,0.0411621792853001,64.03455324675703,1.0,
2021-05-13 06:00:16.180,1,0.0547342890833064,78.83951736137048,1.0,
2021-05-13 06:00:16.190,1,0.0676490778047322,93.4519594271034,1.0,
2021-05-13 06:00:16.200,0,0.0701811709832339,108.21354633242129,1.0,
2021-05-13 06:00:16.210,0,0.1046716691941307,125.21534077018124,1.0,
2021-05-13 06:00:16.220,0,0.106137074473566,138.8834042918657,1.0,
2021-05-13 06:00:16.230,0,0.1227779831488583,155.17059699005708,1.0,
2021-05-13 06:00:16.240,0,0.1205482130969674,171.11519761866086,1.0,
2021-05-13 06:00:16.250,0,0.1379863881450322,183.5906295600914,0.0,
2021-05-13 06:00:16.260,0,0.1496113821388104,199.0058361114864,0.0,
2021-05-13 06:00:16.270,0,0.1535759026703938,213.37127964136712,0.0,
2021-05-13 06:00:16.280,0,0.1955586387077016,229.981769071846,0.0,
2021-05-13 06:00:16.290,0,0.2035808025677566,245.3133979420119,0.0,
2021-05-13 06:00:16.300,0,0.1771363692711917,260.4314189414928,0.0,
2021-05-13 06:00:16.310,0,0.2139348213998439,266.3826839950012,0.0,
2021-05-13 06:00:16.320,0,0.2342786738608614,276.10597776792184,0.0,
2021-05-13 06:00:16.330,0,0.2329156138713271,280.15991509589094,0.0,
2021-05-13 06:00:16.340,0,0.2365978292216775,277.87954098601267,0.0,
2021-05-13 06:00:16.350,0,0.199931318389173,274.16725723460894,0.0,
2021-05-13 06:00:16.360,0,0.2323409437323482,272.8903279929913,0.0,
2021-05-13 06:00:16.370,0,0.15735251664559602,261.86977135484744,0.0,
2021-05-13 06:00:16.380,0,0.1807656699243324,255.434444130124,0.0,
2021-05-13 06:00:16.390,0,0.1603580915242903,243.06071186256665,0.0,
2021-05-13 06:00:16.400,0,0.1863286300134952,231.81806828317588,0.0,
2021-05-13 06:00:16.410,0,0.1479178566656563,218.21163169834847,0.0,
2021-05-13 06:00:16.420,0,0.1341602470127539,205.84999604949337,0.0,
2021-05-13 06:00:16.430,0,0.1441901336306815,193.31502945596063,0.0,
2021-05-13 06:00:16.440,0,0.1063118401833483,178.78027324124957,0.0,
2021-05-13 06:00:16.450,0,0.1390763058478795,166.39783304513475,1.0,
2021-05-13 06:00:16.460,0,0.1152377323231815,152.05241521852682,1.0,
2021-05-13 06:00:16.470,0,0.0884311773487921,138.1453941036137,1.0,
2021-05-13 06:00:16.480,0,0.07820501437347199,125.3179017246982,1.0,
2021-05-13 06:00:16.490,0,0.0730580225162793,112.492239612985,1.0,
2021-05-13 06:00:16.500,0,0.0589035826850911,99.31908346552379,1.0,
2021-05-13 06:00:16.510,0,0.0553914356623248,88.82054541799,1.0,
2021-05-13 06:00:16.520,0,0.0565356873940735,77.06621310658963,1.0,
2021-05-13 06:00:16.530,0,0.0470376629664967,66.55591769032117,1.0,
2021-05-13 06:00:16.540,0,0.0462031224576621,57.181062720033744,1.0,
2021-05-13 06:00:16.550,0,0.0366711141178092,47.59757073553833,1.0,
2021-05-13 06:00:16.560,0,0.0293050466070525,38.887228622245296,1.0,
2021-05-13 06:00:16.570,0,0.019303055897389,30.98300919608425,1.0,
2021-05-13 06:00:16.580,0,0.015139772975872,23.90708374097601,1.0,
2021-05-13 06:00:16.590,0,0.0038144271434516,17.42323121979107,1.0,
2021-05-13 06:00:16.600,0,0.0040375591540059,11.644697532418265,1.0,
2021-05-13 06:00:16.610,0,0.002758021414507,6.339577822704947,1.0,
2021-05-13 06:00:16.620,0,-0.0017477868826777,1.669522352293914,1.0,
2021-05-13 06:00:16.630,0,-0.0031429701687407,0.0,1.0,
2021-05-13 06:00:16.640,0,-0.0060499131677809,0.0,1.0,
2021-05-13 06:00:16.650,0,-0.0005521126065788,0.0,1.0,
2021-05-13 06:00:16.660,0,-0.0080170799782762,0.0,1.0,
2021-05-13 06:00:16.670,0,-0.0092132999700211,0.0,1.0,
2021-05-13 06:00:16.680,0,-0.0039262726029493,0.0,1.0,
2021-05-13 06:00:16.690,0,-0.0102517837855473,0.0,1.0,
2021-05-13 06:00:16.700,0,-0.0065442795910426,0.0,1.0,
2021-05-13 06:00:16.710,0,-0.0062528233805876,0.0,1.0,
2021-05-13 06:00:16.720,0,-0.0119625963589018,0.0,1.0,
2021-05-13 06:00:16.730,0,-0.0126179453414278,0.0,1.0,
2021-05-13 06:00:16.740,0,-0.0067865215324291,0.0,1.0,
2021-05-13 06:00:16.750,0,-0.0158256890782911,0.0,1.0,
2021-05-13 06:00:16.760,0,-0.018317355449588,0.0,1.0,
2021-05-13 06:00:16.770,0,-0.0120426346097191,0.0,1.0,
2021-05-13 06:00:16.780,0,-0.0154725156340988,0.0,1.0,
2021-05-13 06:00:16.790,0,-0.0125566372495764,0.0,1.0,
2021-05-13 06:00:16.800,0,-0.0101169683950746,0.0,1.0,
2021-05-13 06:00:16.810,0,-0.0095647306989175,0.0,1.0,
2021-05-13 06:00:16.820,0,-0.0017204164171944,0.0,1.0,
2021-05-13 06:00:16.830,0,-0.0084240277014048,0.0,1.0,
2021-05-13 06:00:16.840,0,-0.0091423183896625,0.0,1.0,
2021-05-13 06:00:16.850,0,-0.0012755260157605,0.0,1.0,
2021-05-13 06:00:16.860,0,-0.0030834621521417,0.0,1.0,
2021-05-13 06:00:16.870,0,-0.0063434548232123,0.0,1.0,
2021-05-13 06:00:16.880,0,-0.0063568535736253,0.0,1.0,
2021-05-13 06:00:16.890,0,-0.0125515865735121,0.0,1.0,
2021-05-13 06:00:16.900,0,-0.0029291004609533,0.0,1.0,
2021-05-13 06:00:16.910,0,-0.00300954800078,0.0,1.0,
2021-05-13 06:00:16.920,0,-0.0096584209537689,0.0,1.0,
2021-05-13 06:00:16.930,0,0.0009058009321887,0.0,1.0,
2021-05-13 06:00:16.940,0,-0.0046286723147395,0.0,1.0,
2021-05-13 06:00:16.950,0,0.0001365216429814,0.0,1.0,
2021-05-13 06:00:16.960,0,-0.0029706649112941,0.0,1.0,
2021-05-13 06:00:16.970,0,0.0002375450720322,0.0,1.0,
2021-05-13 06:00:16.980,0,-0.0016470068734156,0.0,1.0,
2021-05-13 06:00:16.990,0,-0.0003564184684885,0.0,1.0,
2021-05-13 06:00:17.000,1,-0.0010737769670125,0.0,1.0,
2021-05-13 06:00:17.010,1,-0.0027466339761372,0.0,1.0,
2021-05-13 06:00:17.020,1,0.0030653972878084,0.0,1.0,
2021-05-13 06:00:17.030,1,-0.0036746710781832,0.1800399820288559,1.0,
2021-05-13 06:00:17.040,1,0.001611981635079,0.4169609425029522,1.0,
2021-05-13 06:00:17.050,1,-0.0076439758195553,0.6173398365310515,1.0,
2021-05-13 06:00:17.060,1,0.0015401882362708,0.7912958922484429,1.0,
2021-05-13 06:00:17.070,1,0.0010170102585321,0.9339037568267676,1.0,
2021-05-13 06:00:17.080,1,0.0032977899702427,1.0478175929941345,1.0,
2021-05-13 06:00:17.090,1,-0.0020310661182917,1.132428475678261,1.0,
2021-05-13 06:00:17.100,1,-0.0049769090242354,1.3412018012341755,1.0,
2021-05-13 06:00:17.110,1,0.0019772585785859,3.9212340396171537,1.0,
2021-05-13 06:00:17.120,1,0.0046852308368305,9.19611508818242,1.0,
2021-05-13 06:00:17.130,1,0.0142845448033547,16.902448528307556,1.0,
2021-05-13 06:00:17.140,1,0.0252078095964158,26.820920564823588,1.0,
2021-05-13 06:00:17.150,0,0.0344337412605099,38.27275693934262,1.0,
2021-05-13 06:00:17.160,0,0.050989062985200985,50.543825355731144,1.0,
2021-05-13 06:00:17.170,0,0.0464976610098269,64.77909037215808,1.0,
2021-05-13 06:00:17.180,0,0.0744561876282697,78.22982451779728,1.0,
2021-05-13 06:00:17.190,0,0.05984731974705099,93.95418663767308,1.0,
2021-05-13 06:00:17.200,0,0.089936208488636,108.71607288125055,1.0,
2021-05-13 06:00:17.210,0,0.0821005487508908,124.8834095570426,1.0,
2021-05-13 06:00:17.220,0,0.1380849851376158,138.74711693485528,1.0,
2021-05-13 06:00:17.230,0,0.1401447549137664,154.93853904513432,1.0,
2021-05-13 06:00:17.240,0,0.1506926417097761,170.50495186805503,0.0,
2021-05-13 06:00:17.250,0,0.1599551950519165,186.12777874957985,0.0,
2021-05-13 06:00:17.260,0,0.1577682873028816,198.2101908012772,0.0,
2021-05-13 06:00:17.270,0,0.1454437706921991,207.18960870911147,0.0,
2021-05-13 06:00:17.280,0,0.1519078093607457,210.62653280317403,0.0,
2021-05-13 06:00:17.290,0,0.2235913917609219,214.25262288729584,0.0,
2021-05-13 06:00:17.300,0,0.1526882975780004,216.0551519011116,0.0,
2021-05-13 06:00:17.310,0,0.202346477101958,213.20260841192498,0.0,
2021-05-13 06:00:17.320,0,0.154567869750743,208.28453260264286,0.0,
2021-05-13 06:00:17.330,0,0.2132820549626383,203.441858734443,0.0,
2021-05-13 06:00:17.340,0,0.1845894109997646,197.8367793903233,0.0,
2021-05-13 06:00:17.350,0,0.181479366827313,190.75575496547089,0.0,
2021-05-13 06:00:17.360,0,0.1643438722580139,181.1860708107131,0.0,
2021-05-13 06:00:17.370,0,0.1780842598129933,171.36043813058947,0.0,
2021-05-13 06:00:17.380,0,0.1476289907767332,161.17418341539067,1.0,
2021-05-13 06:00:17.390,0,0.1083121113605693,151.84525623463756,1.0,
2021-05-13 06:00:17.400,0,0.1135741750127617,140.28675479544393,1.0,
2021-05-13 06:00:17.410,0,0.1093361443902729,130.56927374038693,1.0,
2021-05-13 06:00:17.420,0,0.0989727231243729,119.29892111948921,1.0,
2021-05-13 06:00:17.430,0,0.0864481516525742,109.43358482201212,1.0,
2021-05-13 06:00:17.440,0,0.0874081394456454,99.75243784453615,1.0,
2021-05-13 06:00:17.450,0,0.0757860092642171,88.66229607701632,1.0,
2021-05-13 06:00:17.460,0,0.0533605404225692,79.1236090881858,1.0,
2021-05-13 06:00:17.470,0,0.0602755862838923,70.24741544553561,1.0,
2021-05-13 06:00:17.480,0,0.0588332346935193,61.32537258384926,1.0,
2021-05-13 06:00:17.490,0,0.0438756364860656,53.20704688869677,1.0,
2021-05-13 06:00:17.500,0,0.0305085475565073,45.36210049027889,1.0,
2021-05-13 06:00:17.510,0,0.0351235869317016,38.5460989821401,1.0,
2021-05-13 06:00:17.520,0,0.0276113527963365,31.472135473837188,1.0,
2021-05-13 06:00:17.530,0,0.0232689622777634,25.23178091251919,1.0,
2021-05-13 06:00:17.540,0,0.0134208063940702,19.565460886409152,1.0,
2021-05-13 06:00:17.550,0,0.017042775723312,14.390416051230268,1.0,
2021-05-13 06:00:17.560,0,0.011911371282688,9.842204229097424,1.0,
2021-05-13 06:00:17.570,0,0.006302324418330999,5.5958218871076655,1.0,
2021-05-13 06:00:17.580,0,0.0028328558322179,1.8510260039106392,1.0,
2021-05-13 06:00:17.590,0,-0.0009866133313561,0.0,1.0,
2021-05-13 06:00:17.600,0,-0.0053617192574015,0.0,1.0,
2021-05-13 06:00:17.610,0,-0.0033540693931501,0.0,1.0,
2021-05-13 06:00:17.620,0,-0.0021198316535071,0.0,1.0,
2021-05-13 06:00:17.630,0,-0.0055009477681907,0.0,1.0,
2021-05-13 06:00:17.640,0,-0.0080304376457632,0.0,1.0,
2021-05-13 06:00:17.650,0,-0.0139110090012362,0.0,1.0,
2021-05-13 06:00:17.660,0,-0.0113959436732381,0.0,1.0,
2021-05-13 06:00:17.670,0,-0.0115637842199629,0.0,1.0,
2021-05-13 06:00:17.680,0,-0.0094439946813401,0.0,1.0,
2021-05-13 06:00:17.690,0,-0.0138791742599264,0.0,1.0,
2021-05-13 06:00:17.700,0,-0.0112042381355641,0.0,1.0,
2021-05-13 06:00:17.710,0,-0.0087013494147048,0.0,1.0,
2021-05-13 06:00:17.720,0,-0.0081201601575843,0.0,1.0,
2021-05-13 06:00:17.730,0,-0.0135856865121551,0.0,1.0,
2021-05-13 06:00:17.740,0,-0.002796808325948,0.0,1.0,
2021-05-13 06:00:17.750,0,-0.0132047193322183,0.0,1.0,
2021-05-13 06:00:17.760,0,-0.0038923128324083,0.0,1.0,
2021-05-13 06:00:17.770,0,-0.013310964781666998,0.0,1.0,
2021-05-13 06:00:17.780,0,-0.0089369418830014,0.0,1.0,
2021-05-13 06:00:17.790,0,-0.0024789090719295,0.0,1.0,
2021-05-13 06:00:17.800,0,-0.0011058885803811,0.0,1.0,
2021-05-13 06:00:17.810,0,-0.0045452424356351,0.0,1.0,
2021-05-13 06:00:17.820,0,-0.0057836114648674,0.0,1.0,
2021-05-13 06:00:17.830,0,-0.0085446776614576,0.0,1.0,
2021-05-13 06:00:17.840,0,3.4928778793192304e-05,0.0,1.0,
2021-05-13 06:00:17.850,0,-0.0047417122528843,0.0,1.0,
2021-05-13 06:00:17.860,0,-0.0028042297921246,0.0,1.0,
2021-05-13 06:00:17.870,0,-0.0064573554624661,0.0,1.0,
2021-05-13 06:00:17.880,0,0.0003751118627912,0.0,1.0,
2021-05-13 06:00:17.890,0,-0.0045713440905642,0.0,1.0,
2021-05-13 06:00:17.900,0,-0.0073677713841637,0.0,1.0,
2021-05-13 06:00:17.910,0,-0.0063990654407175,0.0,1.0,
2021-05-13 06:00:17.920,0,-0.0003741973954522,0.0,1.0,
2021-05-13 06:00:17.930,0,0.0003538544132464,0.0,1.0,
2021-05-13 06:00:17.940,0,-7.864637361150613e-05,0.0,1.0,
2021-05-13 06:00:17.950,0,0.0003663920451382,0.0,1.0,
2021-05-13 06:00:17.960,0,0.0002835495484374,0.0,1.0,
2021-05-13 06:00:17.970,0,0.003955859428378,0.0,1.0,
2021-05-13 06:00:17.980,0,-0.0014197068244022,0.0,1.0,
2021-05-13 06:00:17.990,0,-0.0032128570602008,0.1109489674712752,1.0,
2021-05-13 06:00:18.000,1,0.003087537703705,0.3063891355906153,1.0,
2021-05-13 06:00:18.010,1,0.0010221817917061,0.4778507881864221,1.0,
2021-05-13 06:00:18.020,1,-0.0018777626656099,0.6198674131348012,1.0,
2021-05-13 06:00:18.030,1,-0.000250686365647,0.7296490534758121,1.0,
2021-05-13 06:00:18.040,1,-0.0016462271519902,0.8311592557584542,1.0,
2021-05-13 06:00:18.050,1,0.0027702617431476,0.8991321395674148,1.0,
2021-05-13 06:00:18.060,1,0.0060367955194961,0.9515841153088352,1.0,
2021-05-13 06:00:18.070,1,-0.0055333864623607,1.0008594883430235,1.0,
2021-05-13 06:00:18.080,1,-0.0011913962152274,1.0239131899933889,1.0,
2021-05-13 06:00:18.090,1,0.0036674628618651,1.01725114078575,1.0,
2021-05-13 06:00:18.100,0,-0.0026688633451445,1.1810804658675622,1.0,
2021-05-13 06:00:18.110,0,0.0036926817618781,3.776462649832685,1.0,
2021-05-13 06:00:18.120,0,0.0058364055623366,9.2991730285468,1.0,
2021-05-13 06:00:18.130,0,0.007273342789823002,17.297926145708548,1.0,
2021-05-13 06:00:18.140,0,0.0164908659724364,27.1792827811938,1.0,
2021-05-13 06:00:18.150,0,0.0289624155369803,38.67203754358928,1.0,
2021-05-13 06:00:18.160,0,0.0414172020286156,52.02324105380462,1.0,
2021-05-13 06:00:18.170,0,0.0427955807359708,65.9523588052711,1.0,
2021-05-13 06:00:18.180,0,0.047020720856817,81.7221626089425,1.0,
2021-05-13 06:00:18.190,0,0.0641546748901613,97.33391760663721,1.0,
2021-05-13 06:00:18.200,0,0.0866554380351555,112.0348789098126,1.0,
2021-05-13 06:00:18.210,0,0.0909718285733464,125.68869653171588,1.0,
2021-05-13 06:00:18.220,0,0.0928837647852,136.24997573209575,1.0,
2021-05-13 06:00:18.230,0,0.0877965049615315,143.5889167587217,1.0,
2021-05-13 06:00:18.240,0,0.1139397883932431,149.3330623874545,1.0,
2021-05-13 06:00:18.250,0,0.0960971447763421,152.73801169601654,1.0,
2021-05-13 06:00:18.260,0,0.1060657289256949,153.86348552857942,1.0,
2021-05-13 06:00:18.270,0,0.0952533019331432,153.98453430191006,1.0,
2021-05-13 06:00:18.280,0,0.0877017505503925,151.41869911249103,1.0,
2021-05-13 06:00:18.290,0,0.1027678835247007,148.41700360176452,1.0,
2021-05-13 06:00:18.300,0,0.076873593695702,144.426979738931,1.0,
2021-05-13 06:00:18.310,0,0.0891459184426178,137.2968174354547,1.0,
2021-05-13 06:00:18.320,0,0.0793334153407711,132.972211156651,1.0,
2021-05-13 06:00:18.330,0,0.0890783228056844,126.1232996671858,1.0,
2021-05-13 06:00:18.340,0,0.080721258763672,118.15055184209007,1.0,
2021-05-13 06:00:18.350,0,0.0756163148352884,111.4673325940554,1.0,
2021-05-13 06:00:18.360,0,0.0673006180573305,103.71596781155192,1.0,
2021-05-13 06:00:18.370,0,0.0590982624588616,95.06362843657543,1.0,
2021-05-13 06:00:18.380,0,0.0584695556722597,89.14860030155403,1.0,
2021-05-13 06:00:18.390,0,0.0646414585625712,80.83028679569728,1.0,
2021-05-13 06:00:18.400,0,0.0614272073304109,74.75605164847731,1.0,
2021-05-13 06:00:18.410,0,0.0440831199595938,66.511283223173,1.0,
2021-05-13 06:00:18.420,0,0.0359686386305612,59.942635714205615,1.0,
2021-05-13 06:00:18.430,0,0.0387299994775329,52.88217197614851,1.0,
2021-05-13 06:00:18.440,0,0.0331901813467168,46.67636861979682,1.0,
2021-05-13 06:00:18.450,0,0.0254872900610552,40.688676467723695,1.0,
2021-05-13 06:00:18.460,0,0.0219779604845226,34.86042763956805,1.0,
2021-05-13 06:00:18.470,0,0.0174835834863998,29.710528173052243,1.0,
2021-05-13 06:00:18.480,0,0.0172346293716334,24.92614704545464,1.0,
2021-05-13 06:00:18.490,0,0.0068450929273525,20.299671451457613,1.0,
2021-05-13 06:00:18.500,0,0.0109218832611532,16.013128744224762,1.0,
2021-05-13 06:00:18.510,0,0.0117318939396685,12.070284511118894,1.0,
2021-05-13 06:00:18.520,0,0.0057456554737607,8.750200136217526,1.0,
2021-05-13 06:00:18.530,0,0.0089329510922442,5.618063032197597,1.0,
2021-05-13 06:00:18.540,0,0.0091024476873439,2.8736797879101514,1.0,
2021-05-13 06:00:18.550,0,0.0018891924749663,0.3896087173753904,1.0,
2021-05-13 06:00:18.560,0,0.0016439717856076,0.0,1.0,
2021-05-13 06:00:18.570,0,-0.0062231686412119,0.0,1.0,
2021-05-13 06:00:18.580,0,-0.0071619038330063,0.0,1.0,
2021-05-13 06:00:18.590,0,-0.0070943140677756,0.0,1.0,
2021-05-13 06:00:18.600,0,-0.0064069656736356,0.0,1.0,
2021-05-13 06:00:18.610,0,-0.0045237414766790005,0.0,1.0,
2021-05-13 06:00:18.620,0,-0.0060594735898143,0.0,1.0,
2021-05-13 06:00:18.630,0,-0.0059354238147153,0.0,1.0,
2021-05-13 06:00:18.640,0,-0.0030740785005109,0.0,1.0,
2021-05-13 06:00:18.650,0,-0.0096976478447149,0.0,1.0,
2021-05-13 06:00:18.660,0,-0.0039546103892753,0.0,1.0,
2021-05-13 06:00:18.670,0,-0.0039001979859577,0.0,1.0,
2021-05-13 06:00:18.680,0,-0.0022208037725268,0.0,1.0,
2021-05-13 06:00:18.690,0,-0.0025760546539838,0.0,1.0,
2021-05-13 06:00:18.700,0,-0.0030007967584237,0.0,1.0,
2021-05-13 06:00:18.710,0,-0.0108377682485408,0.0,1.0,
2021-05-13 06:00:18.720,0,-0.0038687956377802,0.0,1.0,
2021-05-13 06:00:18.730,0,-0.0098806858691599,0.0,1.0,
2021-05-13 06:00:18.740,0,-0.0072444103595098,0.0,1.0,
2021-05-13 06:00:18.750,0,0.0005258452383463,0.0,1.0,
2021-05-13 06:00:18.760,0,-0.0096329810439338,0.0,1.0,
2021-05-13 06:00:18.770,0,-0.004990457551790999,0.0,1.0,
2021-05-13 06:00:18.780,0,-0.0039001341384104,0.0,1.0,
2021-05-13 06:00:18.790,0,-0.0006446170976956,0.0,1.0,
2021-05-13 06:00:18.800,0,-0.0045680195915568,0.0,1.0,
2021-05-13 06:00:18.810,0,0.0009194801141029,0.0,1.0,
2021-05-13 06:00:18.820,0,0.0011347962521561,0.0,1.0,
2021-05-13 06:00:18.830,0,-0.0010488159052763,0.0,1.0,
2021-05-13 06:00:18.840,0,0.0024143113497104,0.0,1.0,
2021-05-13 06:00:18.850,0,0.0034740823287535,0.0,1.0,
2021-05-13 06:00:18.860,0,0.001123216698491,0.0,1.0,
2021-05-13 06:00:18.870,0,0.002970340361982,0.0,1.0,
2021-05-13 06:00:18.880,0,-0.0009331824601735,0.0,1.0,
2021-05-13 06:00:18.890,0,0.0036389489739973,0.0,1.0,
2021-05-13 06:00:18.900,0,0.0031726909355628,0.0,1.0,
2021-05-13 06:00:18.910,0,-0.0055062381302336,0.0,1.0,
2021-05-13 06:00:18.920,0,-0.0061962606317593,0.0,1.0,
2021-05-13 06:00:18.930,0,-0.0002338327832494,0.0,1.0,
2021-05-13 06:00:18.940,0,0.0009154068513381,0.0,1.0,
2021-05-13 06:00:18.950,0,0.0017010487024395,0.0,1.0,
2021-05-13 06:00:18.960,0,-0.0026793455986305,0.1305699809812456,1.0,
2021-05-13 06:00:18.970,0,-0.0017132604424925,0.2582858992240484,1.0,
2021-05-13 06:00:18.980,0,-0.0053675912619085,0.3671351381390356,1.0,
2021-05-13 06:00:18.990,0,0.0057098552384113,0.460828827195514,1.0,
2021-05-13 06:00:19.000,1,0.0032845721358885,0.5307902867764231,1.0,
2021-05-13 06:00:19.010,1,-0.0017250657657084,0.5929320546814116,1.0,
2021-05-13 06:00:19.020,1,-0.0029205861497365,0.6391948254469749,1.0,
2021-05-13 06:00:19.030,1,0.0030976514211517,0.6767551089449944,1.0,
2021-05-13 06:00:19.040,1,0.0041869510634595,0.6906690413431991,1.0,
2021-05-13 06:00:19.050,0,-0.0003707005799159,0.7128744166091473,1.0,
2021-05-13 06:00:19.060,0,-0.0006569931657093,0.7103298335298781,1.0,
2021-05-13 06:00:19.070,0,0.0023843193553733,0.7122143213869918,1.0,
2021-05-13 06:00:19.080,0,0.003321275662675,0.7042599008102328,1.0,
2021-05-13 06:00:19.090,0,0.0009368269191496,0.6836103004115074,1.0,
2021-05-13 06:00:19.100,0,0.0023353405645458,0.8192491936901478,1.0,
2021-05-13 06:00:19.110,0,0.0021635578993689,3.404660922329619,1.0,
2021-05-13 06:00:19.120,0,0.0015217736800017,8.843536170170118,1.0,
2021-05-13 06:00:19.130,0,0.0048949162844748,16.952967609774554,1.0,
2021-05-13 06:00:19.140,0,0.014727460322598,27.115205855104772,1.0,
2021-05-13 06:00:19.150,0,0.0182759948594454,38.44733323319007,1.0,
2021-05-13 06:00:19.160,0,0.0347002430138036,49.07695343293437,1.0,
2021-05-13 06:00:19.170,0,0.0314177512116947,58.0381582939796,1.0,
2021-05-13 06:00:19.180,0,0.0300782354226128,65.00388637766443,1.0,
2021-05-13 06:00:19.190,0,0.0305165333368755,69.6437119138675,1.0,
2021-05-13 06:00:19.200,0,0.0455877444312647,74.34239136588259,1.0,
2021-05-13 06:00:19.210,0,0.0375695436559523,76.91971862889504,1.0,
2021-05-13 06:00:19.220,0,0.0377337507314846,78.28052511976756,1.0,
2021-05-13 06:00:19.230,0,0.0461296927765554,78.86059162815242,1.0,
2021-05-13 06:00:19.240,0,0.0491401211469307,78.94160391747519,1.0,
2021-05-13 06:00:19.250,0,0.0374963003457284,77.18308869983731,1.0,
2021-05-13 06:00:19.260,0,0.0433352568396033,76.83145745034156,1.0,
2021-05-13 06:00:19.270,0,0.0407670391343137,74.44050175385176,1.0,
2021-05-13 06:00:19.280,0,0.0344141440814408,70.95380727058345,1.0,
2021-05-13 06:00:19.290,0,0.0358039529641152,68.59112649732944,1.0,
2021-05-13 06:00:19.300,0,0.0361606390813343,64.66278086739896,1.0,
2021-05-13 06:00:19.310,0,0.0354957800084815,61.27973505245411,1.0,
2021-05-13 06:00:19.320,0,0.025413832005238,57.874027003817424,1.0,
2021-05-13 06:00:19.330,0,0.0180486429782643,53.77563784643068,1.0,
2021-05-13 06:00:19.340,0,0.0143445678008691,49.948525333135,1.0,
2021-05-13 06:00:19.350,0,0.0218615354396441,46.03737101524997,1.0,
2021-05-13 06:00:19.360,0,0.0249158329924215,42.03791182980586,1.0,
2021-05-13 06:00:19.370,0,0.0212413597929996,38.179278806120884,1.0,
2021-05-13 06:00:19.380,0,0.0216002788477703,34.519372013821396,1.0,
2021-05-13 06:00:19.390,0,0.0158012340521364,30.957859994469892,1.0,
2021-05-13 06:00:19.400,0,0.0235203628190174,27.66726043414931,1.0,
2021-05-13 06:00:19.410,0,0.0127575788467981,24.124207445100552,1.0,
2021-05-13 06:00:19.420,0,0.0092674725416298,21.06051808014632,1.0,
2021-05-13 06:00:19.430,0,0.0162162338524719,18.126146830018524,1.0,
2021-05-13 06:00:19.440,0,0.006087221077727,15.424540094682634,1.0,
2021-05-13 06:00:19.450,0,0.0119950058654874,12.81155126634953,1.0,
2021-05-13 06:00:19.460,0,0.0001266413044034,10.46998676024777,1.0,
2021-05-13 06:00:19.470,0,0.0068745391491878,8.227711134720446,1.0,
2021-05-13 06:00:19.480,0,0.0037023297217903,6.311778515327567,1.0,
2021-05-13 06:00:19.490,0,0.0004719905491897,4.573611535342344,1.0,
2021-05-13 06:00:19.500,0,0.0029574198994574,2.982080023345844,1.0,
2021-05-13 06:00:19.510,0,0.0003712068547517,1.5473503892000495,1.0,
2021-05-13 06:00:19.520,0,0.006729528860068002,0.2776776397706844,1.0,
2021-05-13 06:00:19.530,0,-0.0008040089579613,0.0,1.0,
2021-05-13 06:00:19.540,0,-0.0018949052561852,0.0,1.0,
2021-05-13 06:00:19.550,0,0.0065767080820459,0.0,1.0,
2021-05-13 06:00:19.560,0,-0.0064149022619863,0.0,1.0,
2021-05-13 06:00:19.570,0,-0.0018550105516619,0.0,1.0,
2021-05-13 06:00:19.580,0,-0.0049358814217847,0.0,1.0,
2021-05-13 06:00:19.590,0,0.0005000536405076,0.0,1.0,
2021-05-13 06:00:19.600,0,-0.0026614860288478,0.0,1.0,
2021-05-13 06:00:19.610,0,-0.005828734131516999,0.0,1.0,
2021-05-13 06:00:19.620,0,-0.0090991914714209,0.0,1.0,
2021-05-13 06:00:19.630,0,0.0025626595231569,0.0,1.0,
2021-05-13 06:00:19.640,0,-0.005174028453635,0.0,1.0,
2021-05-13 06:00:19.650,0,-0.0055343130357483,0.0,1.0,
2021-05-13 06:00:19.660,0,0.0013959739052772,0.0,1.0,
2021-05-13 06:00:19.670,0,-0.0065636929882219,0.0,1.0,
2021-05-13 06:00:19.680,0,-0.0054406055826167,0.0,1.0,
2021-05-13 06:00:19.690,0,-0.0061254411580818,0.0,1.0,
2021-05-13 06:00:19.700,0,-0.0037597844373438,0.0,1.0,
2021-05-13 06:00:19.710,0,-0.0029687881170355,0.0,1.0,
2021-05-13 06:00:19.720,0,-0.0024117147822344,0.0,1.0,
2021-05-13 06:00:19.730,0,-0.0018739815239502,0.0,1.0,
2021-05-13 06:00:19.740,0,-0.0029397924347765,0.0,1.0,
2021-05-13 06:00:19.750,0,-0.0065298148166073,0.0,1.0,
2021-05-13 06:00:19.760,0,-0.0004939857855396,0.0,1.0,
2021-05-13 06:00:19.770,0,-0.0037880180940473,0.0,1.0,
2021-05-13 06:00:19.780,0,-0.004423831679879001,0.0,1.0,
2021-05-13 06:00:19.790,0,-0.0046718143853206,0.0,1.0,
2021-05-13 06:00:19.800,0,-4.966629200173559e-05,0.0,1.0,
2021-05-13 06:00:19.810,0,-0.0021591191661753,0.0,1.0,
2021-05-13 06:00:19.820,0,0.0021648570811047,0.0,1.0,
2021-05-13 06:00:19.830,0,-0.0040928674394847,0.0,1.0,
2021-05-13 06:00:19.840,0,0.0002809378038912,0.0,1.0,
2021-05-13 06:00:19.850,0,-0.0005833671922665,0.0,1.0,
2021-05-13 06:00:19.860,0,-8.099167279551362e-05,0.0,1.0,
2021-05-13 06:00:19.870,0,-0.0006920724525863,0.0,1.0,
2021-05-13 06:00:19.880,0,8.587690047168459e-05,0.0,1.0,
2021-05-13 06:00:19.890,0,-0.0006380621563694,0.0,1.0,
2021-05-13 06:00:19.900,0,0.0045469418664719,0.0,1.0,
2021-05-13 06:00:19.910,0,-0.0017055201894865,0.0,1.0,
2021-05-13 06:00:19.920,0,0.009780387146283,0.0,1.0,
2021-05-13 06:00:19.930,0,0.0014953260204936,0.0598605177868073,1.0,
2021-05-13 06:00:19.940,0,0.0039694076378997,0.1239897523920344,1.0,
2021-05-13 06:00:19.950,0,0.0004403895032871,0.1787118889089417,1.0,
2021-05-13 06:00:19.960,0,0.0015464694356015,0.2261221609184197,1.0,
2021-05-13 06:00:19.970,0,-0.0016782565483762,0.2649701236036925,1.0,
2021-05-13 06:00:19.980,0,0.0055173464810333,0.294724696675433,1.0,
2021-05-13 06:00:19.990,0,-0.0067334977995994,0.3173484495383264,1.0,
2021-05-13 06:00:20.000,0,0.0001191820736844,0.3350438162817299,1.0,
2021-05-13 06:00:20.010,0,-0.0029336997017625,0.3486122075542239,1.0,
2021-05-13 06:00:20.020,0,0.0016573959226004,0.3545330301161598,1.0,
2021-05-13 06:00:20.030,0,-0.0005768402934596,0.35711215348316205,1.0,
2021-05-13 06:00:20.040,0,-0.0035663049844995,0.3543250716723014,1.0,
2021-05-13 06:00:20.050,0,-0.0028408295337564,0.3515810178604134,1.0,
2021-05-13 06:00:20.060,0,-0.0024076004712649,0.3433675385368719,1.0,
2021-05-13 06:00:20.070,0,0.0002964944715569,0.3330325457941854,1.0,
2021-05-13 06:00:20.080,0,-0.007307279478618,0.3214016683435045,1.0,
2021-05-13 06:00:20.090,0,0.0006042174139143,0.3080157750736461,1.0,
2021-05-13 06:00:20.100,0,0.0024622840409332,0.2921677961489748,1.0,
2021-05-13 06:00:20.110,0,0.0002179473726484,0.2751114034708329,1.0,
2021-05-13 06:00:20.120,0,-0.0010505706163855,0.2600667287509013,1.0,
2021-05-13 06:00:20.130,0,-0.0013246446155098,0.2432865212741995,1.0,
2021-05-13 06:00:20.140,0,0.0048628203539042,0.2246708936364863,1.0,
2021-05-13 06:00:20.150,0,-0.0017976338796774,0.2068658707341863,1.0,
2021-05-13 06:00:20.160,0,0.0024199071992132,0.1921878500378921,1.0,
2021-05-13 06:00:20.170,0,0.0076971706407409,0.1723704693817981,1.0,
2021-05-13 06:00:20.180,0,-0.0049421057887684,0.1566646470454125,1.0,
2021-05-13 06:00:20.190,0,0.0038826847349642,0.1396650855257852,1.0,
2021-05-13 06:00:20.200,0,-0.0020952455747322,0.1241565422355424,1.0,
2021-05-13 06:00:20.210,0,0.0016060148982412,0.1090893904853565,1.0,
2021-05-13 06:00:20.220,0,-0.0047086464964159,0.0958413625905722,1.0,
2021-05-13 06:00:20.230,0,0.0005008360157940001,0.0815452007768367,1.0,
2021-05-13 06:00:20.240,0,-0.0016340814057237,0.0690902744263344,1.0,
2021-05-13 06:00:20.250,0,-9.86194642958884e-05,0.0575737732330621,1.0,
2021-05-13 06:00:20.260,0,0.001105425753581,0.0471328550782196,1.0,
2021-05-13 06:00:20.270,0,-0.0011312919124031,0.037231755702974,1.0,
2021-05-13 06:00:20.280,0,0.0008350437179986,0.0284446542665657,1.0,
2021-05-13 06:00:20.290,0,-0.0033779637676924,0.0200332827994627,1.0,
2021-05-13 06:00:20.300,0,-0.0018693700851981,0.0129531161770221,1.0,
2021-05-13 06:00:20.310,0,-0.0027566574637484,0.0063110151590938,1.0,
2021-05-13 06:00:20.320,0,-7.669332923470866e-05,0.0005912609154701,1.0,
2021-05-13 06:00:20.330,0,-0.000645511914924,0.0,1.0,
2021-05-13 06:00:20.340,0,-0.0072190708536377,0.0,1.0,
2021-05-13 06:00:20.350,0,0.0002301688262924,0.0,1.0,
2021-05-13 06:00:20.360,0,0.0022656931645912,0.0,1.0,
2021-05-13 06:00:20.370,0,0.0032009071462748,0.0,1.0,
2021-05-13 06:00:20.380,0,-0.002359241865494,0.0,1.0,
2021-05-13 06:00:20.390,0,-0.0022088358890034,0.0,1.0,
2021-05-13 06:00:20.400,0,0.0014346468071275,0.0,1.0,
2021-05-13 06:00:20.410,0,-0.0020331619803602,0.0,1.0,
2021-05-13 06:00:20.420,0,4.61557592574471e-05,0.0,1.0,
2021-05-13 06:00:20.430,0,-0.0008349338360079,0.0,1.0,
2021-05-13 06:00:20.440,0,0.0030726121999034,0.0,1.0,
2021-05-13 06:00:20.450,0,-0.0037811011195223,0.0,1.0,
2021-05-13 06:00:20.460,0,-0.0029921601826812,0.0,1.0,
2021-05-13 06:00:20.470,0,0.0025256670982602,0.0,1.0,
2021-05-13 06:00:20.480,0,0.0034025483642063,0.0,1.0,
2021-05-13 06:00:20.490,0,0.0003586776478531,0.0,1.0,
2021-05-13 06:00:20.500,0,0.0028030438047827,0.0,1.0,
2021-05-13 06:00:20.510,0,-0.0007197231917399,0.0,1.0,
2021-05-13 06:00:20.520,0,-0.0040046984196837,0.0,1.0,
2021-05-13 06:00:20.530,0,0.0035642985474083,0.0,1.0,
2021-05-13 06:00:20.540,0,0.0048894210887625,0.0,1.0,
2021-05-13 06:00:20.550,0,-0.0047395842556766,0.0,1.0,
2021-05-13 06:00:20.560,0,0.0023206362713767,0.0,1.0,
2021-05-13 06:00:20.570,0,-0.0035816770191643,0.0,1.0,
2021-05-13 06:00:20.580,0,-0.0002701633460817,0.0,1.0,
2021-05-13 06:00:20.590,0,-0.0016934372275456,0.0,1.0,
2021-05-13 06:00:20.600,0,-0.0009016338618353,0.0,1.0,
2021-05-13 06:00:20.610,0,0.0033788540794585,0.0,1.0,
2021-05-13 06:00:20.620,0,0.0020239670021354,0.0,1.0,
2021-05-13 06:00:20.630,0,0.0043634060373386,0.0,1.0,
2021-05-13 06:00:20.640,0,-0.0019481953728706,0.0,1.0,
2021-05-13 06:00:20.650,0,0.0017261925614281,0.0,1.0,
2021-05-13 06:00:20.660,0,0.0017018627292569,0.0,1.0,
2021-05-13 06:00:20.670,0,-0.0010652570703399,0.0,1.0,
2021-05-13 06:00:20.680,0,0.0050994521022792,0.0,1.0,
2021-05-13 06:00:20.690,0,-0.0085584011603815,0.0,1.0,
2021-05-13 06:00:20.700,0,-0.0063047293059688,0.0,1.0,
2021-05-13 06:00:20.710,0,0.0005607022709013,0.0,1.0,
2021-05-13 06:00:20.720,0,0.0011920844738554,0.0,1.0,
2021-05-13 06:00:20.730,0,0.0063491976561246,0.00031969964664,1.0,
2021-05-13 06:00:20.740,0,0.002485089130906,0.0006091356516199999,1.0,
2021-05-13 06:00:20.750,0,-0.0022803119642073,0.0008599667453905,1.0,
2021-05-13 06:00:20.760,0,-0.0038238430942206,0.0010555940625266,1.0,
2021-05-13 06:00:20.770,0,0.0003822153857551,0.0012424509490791,1.0,
2021-05-13 06:00:20.780,0,-0.0019115172102226,0.0013916142701591,1.0,
2021-05-13 06:00:20.790,0,-0.0006543449097000001,0.0014940390443856,1.0,
2021-05-13 06:00:20.800,0,-0.0036447637379004,0.0015612068616509,1.0,
2021-05-13 06:00:20.810,0,-0.0021504256705593,0.0015979754457199,1.0,
2021-05-13 06:00:20.820,0,0.0003234918277021,0.0016459565921014,1.0,
2021-05-13 06:00:20.830,0,-0.0006440454652907,0.001656318268954,1.0,
2021-05-13 06:00:20.840,0,-0.0006930298185711,0.0016401206221674,1.0,
2021-05-13 06:00:20.850,0,-0.0004499333743656,0.0016080642768006,1.0,
2021-05-13 06:00:20.860,0,0.0004371500446871,0.0015903090776246,1.0,
2021-05-13 06:00:20.870,0,0.0057334832194145,0.0015351836260745,1.0,
2021-05-13 06:00:20.880,0,-0.0047658840004389,0.0014775099966423,1.0,
2021-05-13 06:00:20.890,0,-0.0004868994905658,0.0014066751134751,1.0,
2021-05-13 06:00:20.900,0,-0.0045779141510905,0.0013426461546160002,1.0,
2021-05-13 06:00:20.910,0,0.0015180647744731,0.0012706288250946,1.0,
2021-05-13 06:00:20.920,0,0.0026458432517547,0.0011856513140542,1.0,
2021-05-13 06:00:20.930,0,0.0010077020597167,0.0011047606102229,1.0,
2021-05-13 06:00:20.940,0,-0.0080606316070054,0.0010226977679215,1.0,
2021-05-13 06:00:20.950,0,0.0003228512080044,0.0009430779136309,1.0,
2021-05-13 06:00:20.960,0,-0.0028502051795109,0.0008650764184042,1.0,
2021-05-13 06:00:20.970,0,-0.0028023807289942,0.0007848581153716,1.0,
2021-05-13 06:00:20.980,0,0.0001238206879938,0.0007144000628577,1.0,
2021-05-13 06:00:20.990,0,0.0028197584959642,0.0006357897198756,1.0,
2021-05-13 06:00:21.000,0,0.0062599017198447,0.0005628412548188,1.0,
2021-05-13 06:00:21.010,0,0.0034728564511497,0.000495303869432,1.0,
2021-05-13 06:00:21.020,0,0.0028166798687096,0.0004304300176867,1.0,
2021-05-13 06:00:21.030,0,-0.0028272073991921,0.0003663949401104,1.0,
2021-05-13 06:00:21.040,0,0.000175082127018,0.0003099182453955,1.0,
2021-05-13 06:00:21.050,0,-0.0079950264006959,0.0002594551164124,1.0,
2021-05-13 06:00:21.060,0,-0.0016263000714218,0.0002107738098051,1.0,
2021-05-13 06:00:21.070,0,0.0051701892349238,0.0001668727093657,1.0,
2021-05-13 06:00:21.080,0,-0.0019362520302059,0.0001264874308867,1.0,
2021-05-13 06:00:21.090,0,0.0015362467061381,8.791712739490767e-05,1.0,
2021-05-13 06:00:21.100,0,0.0046481136392463,5.559256565992373e-05,1.0,
2021-05-13 06:00:21.110,0,0.0015939351971894,2.576611745768241e-05,1.0,
2021-05-13 06:00:21.120,0,-0.0028234091989174,0.0,1.0,
2021-05-13 06:00:21.130,0,-0.0004335162850312,0.0,1.0,
2021-05-13 06:00:21.140,0,0.0023244703896955,0.0,1.0,
2021-05-13 06:00:21.150,0,-0.0011325004678119,0.0,1.0,
2021-05-13 06:00:21.160,0,-0.0073223188850508,0.0,1.0,
2021-05-13 06:00:21.170,0,0.0014590663473966,0.0,1.0,
2021-05-13 06:00:21.180,0,0.0038664102702646,0.0,1.0,
2021-05-13 06:00:21.190,0,-0.0014383580847864,0.0,1.0,
2021-05-13 06:00:21.200,0,-0.0059836468063365,0.0,1.0,
2021-05-13 06:00:21.210,0,0.0042256646265555,0.0,1.0,
2021-05-13 06:00:21.220,0,-0.0020054216214945,0.0,1.0,
2021-05-13 06:00:21.230,0,-0.00244352490039,0.0,1.0,
2021-05-13 06:00:21.240,0,0.0009894693531302,0.0,1.0,
2021-05-13 06:00:21.250,0,0.0052994872747599,0.0,1.0,
2021-05-13 06:00:21.260,0,-1.0407364530956794e-05,0.0,1.0,
2021-05-13 06:00:21.270,0,0.0007601346294121,0.0,1.0,
2021-05-13 06:00:21.280,0,-0.0030462369075775,0.0,1.0,
2021-05-13 06:00:21.290,0,1.4584240798250088e-05,0.0,1.0,
2021-05-13 06:00:21.300,0,0.0031475482983298,0.0,1.0,
2021-05-13 06:00:21.310,0,-0.0008688239252261,0.0,1.0,
2021-05-13 06:00:21.320,0,-0.0009235983615486,0.0,1.0,
2021-05-13 06:00:21.330,0,0.0069574388025037,0.0,1.0,
2021-05-13 06:00:21.340,0,-0.0033629802093513,0.0,1.0,
2021-05-13 06:00:21.350,0,-0.0014552749681272,0.0,1.0,
2021-05-13 06:00:21.360,0,-0.004724222391105999,0.0,1.0,
2021-05-13 06:00:21.370,0,8.539372688096735e-05,0.0,1.0,
2021-05-13 06:00:21.380,0,-0.0013709090227506,0.0,1.0,
2021-05-13 06:00:21.390,0,-0.0038722228305485,0.0,1.0,
2021-05-13 06:00:21.400,0,-0.0028190085736888,0.0,1.0,
2021-05-13 06:00:21.410,0,0.0020471584302671,0.0,1.0,
2021-05-13 06:00:21.420,0,-0.003826507376187,0.0,1.0,
2021-05-13 06:00:21.430,0,0.0002803675555366,0.0,1.0,
2021-05-13 06:00:21.440,0,-0.0008648672521564,0.0,1.0,
2021-05-13 06:00:21.450,0,-0.0003210542239337,0.0,1.0,
2021-05-13 06:00:21.460,0,-0.0023730988114145,0.0,1.0,
2021-05-13 06:00:21.470,0,-0.0035364105819722,0.0,1.0,
2021-05-13 06:00:21.480,0,0.0031369056207413,0.0,1.0,
2021-05-13 06:00:21.490,0,0.0021337088455772,0.0,1.0,
2021-05-13 06:00:21.500,0,-0.0008790589559141,0.0,1.0,
2021-05-13 06:00:21.510,0,-0.0016412043643457,0.0,1.0,
2021-05-13 06:00:21.520,0,0.0012775339371189,5.3506945775398394e-08,1.0,
2021-05-13 06:00:21.530,0,0.0012832272427542,1.6429843559633112e-06,1.0,
2021-05-13 06:00:21.540,0,7.954162727359718e-05,3.0062695105014923e-06,1.0,
2021-05-13 06:00:21.550,0,0.0043441465872047,4.228912138525622e-06,1.0,
2021-05-13 06:00:21.560,0,0.0013101816363873,5.2462541018965695e-06,1.0,
2021-05-13 06:00:21.570,0,0.0032365742333867,5.992103636969687e-06,1.0,
2021-05-13 06:00:21.580,0,0.0086964831633755,6.605244577039438e-06,1.0,
2021-05-13 06:00:21.590,0,0.0049694301937059,7.162276243719417e-06,1.0,
2021-05-13 06:00:21.600,0,-0.0007216497944137,7.5098926506984745e-06,1.0,
2021-05-13 06:00:21.610,0,0.0002559964890656,7.645771768232664e-06,1.0,
2021-05-13 06:00:21.620,0,-0.0030127969002353,7.844474007080389e-06,1.0,
2021-05-13 06:00:21.630,0,0.0012459179795187,7.894597998098821e-06,1.0,
2021-05-13 06:00:21.640,0,0.004585540736827,7.864464351192422e-06,1.0,
2021-05-13 06:00:21.650,0,0.003004759964737,7.775530970485085e-06,1.0,
2021-05-13 06:00:21.660,0,-0.0029896152531568,7.6119729379270984e-06,1.0,
2021-05-13 06:00:21.670,0,-0.0028011887897545,7.291077191468674e-06,1.0,
2021-05-13 06:00:21.680,0,0.0025948360164129,7.0090423356100095e-06,1.0,
2021-05-13 06:00:21.690,0,0.0034115824089267,6.774000885020538e-06,1.0,
2021-05-13 06:00:21.700,0,0.0036961170958692,6.437562395396506e-06,1.0,
2021-05-13 06:00:21.710,0,-0.0022608283343268,6.0068869862606075e-06,1.0,
2021-05-13 06:00:21.720,0,0.0013167409915135,5.679110020349058e-06,1.0,
2021-05-13 06:00:21.730,0,0.0015921625642235,5.310093329269253e-06,1.0,
2021-05-13 06:00:21.740,0,-0.0019144190545441,4.851048039658923e-06,1.0,
2021-05-13 06:00:21.750,0,0.0012525156418468,4.459724806920627e-06,1.0,
2021-05-13 06:00:21.760,0,-0.0025184551160108,4.1373601023614864e-06,1.0,
2021-05-13 06:00:21.770,0,-0.0004472409237388,3.730426030129901e-06,1.0,
2021-05-13 06:00:21.780,0,0.0017259049778743,3.3734076889701527e-06,1.0,
2021-05-13 06:00:21.790,0,0.001535894754171,2.985162070011205e-06,1.0,
2021-05-13 06:00:21.800,0,-0.0021014123011688,2.6462298968290388e-06,1.0,
2021-05-13 06:00:21.810,0,-0.0012200613804637,2.3198314287296387e-06,1.0,
2021-05-13 06:00:21.820,0,-0.0023152291151856,2.03671420668254e-06,1.0,
2021-05-13 06:00:21.830,0,0.0041054185740621,1.7438785333651054e-06,1.0,
2021-05-13 06:00:21.840,0,0.0030215075299158,1.4817034753783585e-06,1.0,
2021-05-13 06:00:21.850,0,-0.0048951823825549,1.2304269045459558e-06,1.0,
2021-05-13 06:00:21.860,0,-0.0003690490558536,1.0000967780776205e-06,1.0,
2021-05-13 06:00:21.870,0,0.0024770703165986,7.938891829241526e-07,1.0,
2021-05-13 06:00:21.880,0,-0.0003746097769811,5.961976170342724e-07,1.0,
2021-05-13 06:00:21.890,0,0.0026322125867229,4.218175355595218e-07,1.0,
2021-05-13 06:00:21.900,0,-0.0020859791806412,2.658485370970957e-07,1.0,
2021-05-13 06:00:21.910,0,0.0010056235921323,1.2615197814411715e-07,1.0,
2021-05-13 06:00:21.920,0,-0.0019555087023543,2.506480346812454e-09,1.0,
2021-05-13 06:00:21.930,0,-0.0070188490500802,0.0,1.0,
2021-05-13 06:00:21.940,0,0.004428660593397,0.0,1.0,
2021-05-13 06:00:21.950,0,0.0032279389977608,0.0,1.0,
2021-05-13 06:00:21.960,0,-0.0014373664452405,0.0,1.0,
2021-05-13 06:00:21.970,0,-0.0046811345523225,0.0,1.0,
2021-05-13 06:00:21.980,0,-0.0030173404088513,0.0,1.0,
2021-05-13 06:00:21.990,0,-0.0010899903319524,0.0,1.0,
2021-05-13 06:00:22.000,0,0.0004209562570400001,0.0,1.0,
2021-05-13 06:00:22.010,0,0.0036107005217972,0.0,1.0,
2021-05-13 06:00:22.020,0,0.0051918924180451,0.0,1.0,
2021-05-13 06:00:22.030,0,-0.0005252175503153,0.0,1.0,
2021-05-13 06:00:22.040,0,0.0019180913359326,0.0,1.0,
2021-05-13 06:00:22.050,0,-4.408491984280122e-05,0.0,1.0,
2021-05-13 06:00:22.060,0,-0.0001964874244275,0.0,1.0,
2021-05-13 06:00:22.070,0,0.0002312278153809,0.0,1.0,
2021-05-13 06:00:22.080,0,-0.0012293729736075,0.0,1.0,
2021-05-13 06:00:22.090,0,-0.0026013834988942,0.0,1.0,
2021-05-13 06:00:22.100,0,-9.779904432217012e-05,0.0,1.0,
2021-05-13 06:00:22.110,0,-7.910015312176941e-05,0.0,1.0,
2021-05-13 06:00:22.120,0,0.0042498924667153,0.0,1.0,
2021-05-13 06:00:22.130,0,-0.0034155846667013,0.0,1.0,
2021-05-13 06:00:22.140,0,-0.0031210957817347,0.0,1.0,
2021-05-13 06:00:22.150,0,0.0007501585957374,0.0,1.0,
2021-05-13 06:00:22.160,0,-0.0003787189889405,0.0,1.0,
2021-05-13 06:00:22.170,0,-0.0032892971882253,0.0,1.0,
2021-05-13 06:00:22.180,0,-0.0068239679878675,0.0,1.0,
2021-05-13 06:00:22.190,0,-0.0034161495618194,0.0,1.0,
2021-05-13 06:00:22.200,0,0.0009054718692122,0.0,1.0,
2021-05-13 06:00:22.210,0,-0.0055304444514228,0.0,1.0,
2021-05-13 06:00:22.220,0,0.00179603369431,0.0,1.0,
2021-05-13 06:00:22.230,0,-0.0006961551350444,0.0,1.0,
2021-05-13 06:00:22.240,0,-0.0048501852064743,0.0,1.0,
2021-05-13 06:00:22.250,0,0.0020458432872429,0.0,1.0,
2021-05-13 06:00:22.260,0,-0.0011573463624296,0.0,1.0,
2021-05-13 06:00:22.270,0,0.003581184561034001,0.0,1.0,
2021-05-13 06:00:22.280,0,-0.0028605390424219,0.0,1.0,
2021-05-13 06:00:22.290,0,0.0024840801153605,0.0,1.0,
2021-05-13 06:00:22.300,0,0.0030120089806449,0.0,1.0,
2021-05-13 06:00:22.310,0,0.0009952845934492,0.0,1.0,
2021-05-13 06:00:22.320,0,0.0025157392867874,3.381484833700825e-10,1.0,
2021-05-13 06:00:22.330,0,0.0035283229642317,7.602806615983024e-09,1.0,
2021-05-13 06:00:22.340,0,-0.0013236902486962,1.3899809213617677e-08,1.0,
2021-05-13 06:00:22.350,0,0.0040036489127451,1.9112136249928082e-08,1.0,
2021-05-13 06:00:22.360,0,-0.0086975051856023,2.3534318847438087e-08,1.0,
2021-05-13 06:00:22.370,0,-0.0024089967284166,2.7268122736544476e-08,1.0,
2021-05-13 06:00:22.380,0,-0.0034108721076594,3.0021487988313994e-08,1.0,
2021-05-13 06:00:22.390,0,-0.0028971645754543,3.2533222457676845e-08,1.0,
2021-05-13 06:00:22.400,0,0.0012440871722142,3.432148438195888e-08,1.0,
2021-05-13 06:00:22.410,0,0.0032732265607208,3.5220227820651805e-08,1.0,
2021-05-13 06:00:22.420,0,0.0025656157563434,3.559827675749185e-08,1.0,
2021-05-13 06:00:22.430,0,-0.002112813338881,3.6240753390845993e-08,1.0,
2021-05-13 06:00:22.440,0,-0.0033871569909971,3.6154945256231325e-08,1.0,
2021-05-13 06:00:22.450,0,0.0003949666889159,3.555494749670372e-08,1.0,
2021-05-13 06:00:22.460,0,-0.0037690740570009,3.4192382664504185e-08,1.0,
2021-05-13 06:00:22.470,0,0.004022864949069001,3.3334955913520424e-08,1.0,
2021-05-13 06:00:22.480,0,-0.0027094689850517,3.188560078767705e-08,1.0,
2021-05-13 06:00:22.490,0,-0.0089531050216761,3.0971018677811645e-08,1.0,
2021-05-13 06:00:22.500,0,0.0001578811434403,2.93138203249941e-08,1.0,
2021-05-13 06:00:22.510,0,-0.0006062084385973,2.7497505259825497e-08,1.0,
2021-05-13 06:00:22.520,0,0.0038879286869431,2.5971097546186792e-08,1.0,
2021-05-13 06:00:22.530,0,0.0036831689105035,2.3953104281367384e-08,1.0,
2021-05-13 06:00:22.540,0,-0.0027764200913341,2.2448589602980484e-08,1.0,
2021-05-13 06:00:22.550,0,0.0041301621589849,2.0336264765038493e-08,1.0,
2021-05-13 06:00:22.560,0,0.0027770077909954,1.8655195232022934e-08,1.0,
2021-05-13 06:00:22.570,0,0.0007635747805127,1.6919109465699888e-08,1.0,
2021-05-13 06:00:22.580,0,0.0037364901544106,1.5277535122723378e-08,1.0,
2021-05-13 06:00:22.590,0,0.0006601785887219,1.3710890877740058e-08,1.0,
2021-05-13 06:00:22.600,0,-0.0008675512040336,1.235114218524896e-08,1.0,
2021-05-13 06:00:22.610,0,0.0013858601149712,1.0763100894668671e-08,1.0,
2021-05-13 06:00:22.620,0,-0.0003076188602781,9.295082018898473e-09,1.0,
2021-05-13 06:00:22.630,0,-0.0014040319806316,7.873833266744323e-09,1.0,
2021-05-13 06:00:22.640,0,-0.0021505699644972,6.678027726665423e-09,1.0,
2021-05-13 06:00:22.650,0,0.0029356079808598,5.569229765869488e-09,1.0,
2021-05-13 06:00:22.660,0,-0.0003829030893964,4.522217271245977e-09,1.0,
2021-05-13 06:00:22.670,0,0.0021761803583583,3.571698079131692e-09,1.0,
2021-05-13 06:00:22.680,0,0.0028628781613633,2.6782418309150964e-09,1.0,
2021-05-13 06:00:22.690,0,-0.0052812940736816,1.8600660998594887e-09,1.0,
2021-05-13 06:00:22.700,0,0.0018101280939231,1.139868208341201e-09,1.0,
2021-05-13 06:00:22.710,0,0.0006286197903707,5.052213364911475e-10,1.0,
2021-05-13 06:00:22.720,0,0.0098563286005637,0.0,1.0,
2021-05-13 06:00:22.730,0,-0.0073833212483428,0.0,1.0,
2021-05-13 06:00:22.740,0,-0.0007984444742894,0.0,1.0,
2021-05-13 06:00:22.750,0,0.002167646085999,0.0,1.0,
2021-05-13 06:00:22.760,0,-0.0003496162253353,0.0,1.0,
2021-05-13 06:00:22.770,0,-0.0055037921110342,0.0,1.0,
2021-05-13 06:00:22.780,0,0.0040099205629136,0.0,1.0,
2021-05-13 06:00:22.790,0,3.90436050933877e-05,0.0,1.0,
2021-05-13 06:00:22.800,0,-0.0020689941358174,0.0,1.0,
2021-05-13 06:00:22.810,0,0.0039405496748527,0.0,1.0,
2021-05-13 06:00:22.820,0,-0.0018531921943663,0.0,1.0,
2021-05-13 06:00:22.830,0,-0.0036774347073738,0.0,1.0,
2021-05-13 06:00:22.840,0,-0.0004569128285057,0.0,1.0,
2021-05-13 06:00:22.850,0,0.0015511855417853,0.0,1.0,
2021-05-13 06:00:22.860,0,-0.0010101569289435,0.0,1.0,
2021-05-13 06:00:22.870,0,0.0036846528374001,0.0,1.0,
2021-05-13 06:00:22.880,0,-0.0049358502765266,0.0,1.0,
2021-05-13 06:00:22.890,0,0.0031424179468199,0.0,1.0,
2021-05-13 06:00:22.900,0,-0.0051763064456125,0.0,1.0,
2021-05-13 06:00:22.910,0,-0.0038727603311203,0.0,1.0,
2021-05-13 06:00:22.920,0,0.0002899274414079,0.0,1.0,
2021-05-13 06:00:22.930,0,-0.0026102386967514,0.0,1.0,
2021-05-13 06:00:22.940,0,0.0003385005142088,0.0,1.0,
2021-05-13 06:00:22.950,0,0.0041732416318312,0.0,1.0,
2021-05-13 06:00:22.960,0,-0.0049917883624494,0.0,1.0,
2021-05-13 06:00:22.970,0,-0.0012169944097181,0.0,1.0,
2021-05-13 06:00:22.980,0,-0.007993707794813001,0.0,1.0,
2021-05-13 06:00:22.990,0,-0.0038903256121898,0.0,1.0,
2021-05-13 06:00:23.000,0,-0.0027482858032709,0.0,1.0,
2021-05-13 06:00:23.010,0,0.003449249580872,0.0,1.0,
2021-05-13 06:00:23.020,0,0.000661431341043,0.0,1.0,
2021-05-13 06:00:23.030,0,-0.0070531274340457,0.0,1.0,
2021-05-13 06:00:23.040,0,-0.0034153111199946,0.0,1.0,
2021-05-13 06:00:23.050,0,0.0055425913414862,0.0,1.0,
2021-05-13 06:00:23.060,0,0.0016380632245336,0.0,1.0,
2021-05-13 06:00:23.070,0,-0.0005083101861060001,0.0,1.0,
2021-05-13 06:00:23.080,0,0.0048056161856726,0.0,1.0,
2021-05-13 06:00:23.090,0,-0.0059067724645215,0.0,1.0,
2021-05-13 06:00:23.100,0,-0.0038439378425196,0.0,1.0,
2021-05-13 06:00:23.110,0,-0.0035814827672007,0.0,1.0,
2021-05-13 06:00:23.120,0,0.0062595963319538,6.222530089801706e-12,1.0,
2021-05-13 06:00:23.130,0,-0.0006822987350116,3.847938640020254e-11,1.0,
2021-05-13 06:00:23.140,0,0.0062914742218653,6.652429903303359e-11,1.0,
2021-05-13 06:00:23.150,0,-0.0043011441520785,9.138226825774471e-11,1.0,
2021-05-13 06:00:23.160,0,-0.0050997940036552,1.1006300389672523e-10,1.0,
2021-05-13 06:00:23.170,0,0.0010054356673272,1.2675224319665866e-10,1.0,
2021-05-13 06:00:23.180,0,-0.0018535908807537,1.3995120682469677e-10,1.0,
2021-05-13 06:00:23.190,0,-0.0049151230404673,1.498807228371303e-10,1.0,
2021-05-13 06:00:23.200,0,-0.0005927943729966,1.568733439146224e-10,1.0,
2021-05-13 06:00:23.210,0,-0.0001849657088225,1.6175856466522797e-10,1.0,
2021-05-13 06:00:23.220,0,-0.0004557404811773,1.6409020976116871e-10,1.0,
2021-05-13 06:00:23.230,0,0.0017043513507519,1.6394514166803488e-10,1.0,
2021-05-13 06:00:23.240,0,-0.0034888361452543,1.613266724940124e-10,1.0,
2021-05-13 06:00:23.250,0,0.0008807981642158,1.604474531465448e-10,1.0,
2021-05-13 06:00:23.260,0,-0.0015877589478079,1.5540728167183652e-10,1.0,
2021-05-13 06:00:23.270,0,-0.0055887203688396,1.5098792115839668e-10,1.0,
2021-05-13 06:00:23.280,0,-0.0036733364218634,1.4607001885203668e-10,1.0,
2021-05-13 06:00:23.290,0,-0.0028377956364783,1.3714213382136666e-10,1.0,
2021-05-13 06:00:23.300,0,0.0009406833777614,1.3152091423660245e-10,1.0,
2021-05-13 06:00:23.310,0,0.0114426379319565,1.2363220907167168e-10,1.0,
2021-05-13 06:00:23.320,0,-0.0037002664480801,1.1469654562717364e-10,1.0,
2021-05-13 06:00:23.330,0,-0.0030197822235568,1.0756287811333607e-10,1.0,
2021-05-13 06:00:23.340,0,-0.0007907885855434,9.918306279681808e-11,1.0,
2021-05-13 06:00:23.350,0,0.0012753720930291,9.080001502437731e-11,1.0,
2021-05-13 06:00:23.360,0,-0.0056319522899636,8.334929449576948e-11,1.0,
2021-05-13 06:00:23.370,0,-0.0024702871597801,7.594384404552052e-11,1.0,
2021-05-13 06:00:23.380,0,-0.0030236762961131,6.781478435619193e-11,1.0,
2021-05-13 06:00:23.390,0,0.0021686352645545,6.031191879135549e-11,1.0,
2021-05-13 06:00:23.400,0,-0.0007976614386832,5.3481867257057365e-11,1.0,
2021-05-13 06:00:23.410,0,0.0012050953117304,4.7358038042454654e-11,1.0,
2021-05-13 06:00:23.420,0,-0.0012289524011762,4.070195434327061e-11,1.0,
2021-05-13 06:00:23.430,0,0.0019906850757015,3.4479320042255787e-11,1.0,
2021-05-13 06:00:23.440,0,0.0002015055553841,2.917514523081169e-11,1.0,
2021-05-13 06:00:23.450,0,0.0010580650617046,2.4322940655104163e-11,1.0,
2021-05-13 06:00:23.460,0,0.0010914999898492,1.968512453352813e-11,1.0,
2021-05-13 06:00:23.470,0,-0.0008056432336812,1.51386645818414e-11,1.0,
2021-05-13 06:00:23.480,0,0.0009822201243126,1.141406841700976e-11,1.0,
2021-05-13 06:00:23.490,0,0.002901095941124,7.932298343465001e-12,1.0,
2021-05-13 06:00:23.500,0,-0.0006411570345392,4.736458586721235e-12,1.0,
2021-05-13 06:00:23.510,0,-0.0001618847727228,1.902396309448677e-12,1.0,
2021-05-13 06:00:23.520,0,-0.0027122341277553,0.0,1.0,
2021-05-13 06:00:23.530,0,0.0011646565546354,0.0,1.0,
2021-05-13 06:00:23.540,0,0.0039096522743774,0.0,1.0,
2021-05-13 06:00:23.550,0,0.0042772033905896,0.0,1.0,
2021-05-13 06:00:23.560,0,-0.0048378361315223,0.0,1.0,
2021-05-13 06:00:23.570,0,0.0028283152273956,0.0,1.0,
2021-05-13 06:00:23.580,0,0.0004478418456841,0.0,1.0,
2021-05-13 06:00:23.590,0,0.0004156095657527,0.0,1.0,
2021-05-13 06:00:23.600,0,0.0063120065802107,0.0,1.0,
2021-05-13 06:00:23.610,0,0.0021186179669585,0.0,1.0,
2021-05-13 06:00:23.620,0,-0.0007615076616213,0.0,1.0,
2021-05-13 06:00:23.630,0,-0.0020691937489418,0.0,1.0,
2021-05-13 06:00:23.640,0,-0.0030809411667362,0.0,1.0,
2021-05-13 06:00:23.650,0,-0.0039031498927332,0.0,1.0,
2021-05-13 06:00:23.660,0,0.0026282868379885,0.0,1.0,
2021-05-13 06:00:23.670,0,0.0052126705265475,0.0,1.0,
2021-05-13 06:00:23.680,0,-0.0007987824529095,0.0,1.0,
2021-05-13 06:00:23.690,0,-0.0008229311734752,0.0,1.0,
2021-05-13 06:00:23.700,0,-0.0018667746027052,0.0,1.0,
2021-05-13 06:00:23.710,0,-0.000928527401706,0.0,1.0,
2021-05-13 06:00:23.720,0,0.0017924528145369,0.0,1.0,
2021-05-13 06:00:23.730,0,-0.002037089359839,0.0,1.0,
2021-05-13 06:00:23.740,0,0.0021926098040946,0.0,1.0,
2021-05-13 06:00:23.750,0,-0.0024078361410541,0.0,1.0,
2021-05-13 06:00:23.760,0,0.0006687386862516,0.0,1.0,
2021-05-13 06:00:23.770,0,-0.0001542463605054,0.0,1.0,
2021-05-13 06:00:23.780,0,-0.0037908807811175,0.0,1.0,
2021-05-13 06:00:23.790,0,-0.0009283001545295,0.0,1.0,
2021-05-13 06:00:23.800,0,-0.0034577678958775,0.0,1.0,
2021-05-13 06:00:23.810,0,-0.0026839541985169,0.0,1.0,
2021-05-13 06:00:23.820,0,0.0014352285142921,0.0,1.0,
2021-05-13 06:00:23.830,0,0.0022693691582578,0.0,1.0,
2021-05-13 06:00:23.840,0,-0.0003568114296686,0.0,1.0,
2021-05-13 06:00:23.850,0,0.0058463746881126,0.0,1.0,
2021-05-13 06:00:23.860,0,0.0034125122457794,0.0,1.0,
2021-05-13 06:00:23.870,0,7.428200930899883e-05,0.0,1.0,
2021-05-13 06:00:23.880,0,-0.0023775903360829,0.0,1.0,
2021-05-13 06:00:23.890,0,-0.0083186164212224,0.0,1.0,
2021-05-13 06:00:23.900,0,-0.0017821758803878,0.0,1.0,
2021-05-13 06:00:23.910,0,0.0002578566936956,0.0,1.0,
2021-05-13 06:00:23.920,0,-0.0023402912389378,4.899269923684167e-14,1.0,
2021-05-13 06:00:23.930,0,0.0001705813588851,1.95689316177594e-13,1.0,
2021-05-13 06:00:23.940,0,0.0025701778974831,3.214998855902405e-13,1.0,
2021-05-13 06:00:23.950,0,0.0036245518593659,4.31218284994349e-13,1.0,
2021-05-13 06:00:23.960,0,-0.0001204112957186,5.191781944176145e-13,1.0,
2021-05-13 06:00:23.970,0,-0.0044592369118417,5.866915253984327e-13,1.0,
2021-05-13 06:00:23.980,0,-0.0007706530497186,6.554258655664426e-13,1.0,
2021-05-13 06:00:23.990,0,-0.0011215419991901,6.968032488715806e-13,1.0,
2021-05-13 06:00:24.000,0,-0.0017267972368511,7.250173820964789e-13,1.0,
2021-05-13 06:00:24.010,0,-0.0009163716333721,7.449372975817829e-13,1.0,
2021-05-13 06:00:24.020,0,-0.0027503877729157,7.534709583287315e-13,1.0,
2021-05-13 06:00:24.030,0,0.0026092891425669,7.561155218853631e-13,1.0,
2021-05-13 06:00:24.040,0,0.0015233294706845,7.515272268716285e-13,1.0,
2021-05-13 06:00:24.050,0,-0.0018420002139846,7.371200949468631e-13,1.0,
2021-05-13 06:00:24.060,0,-0.0038991037741005,7.161406521483662e-13,1.0,
2021-05-13 06:00:24.070,0,-0.0050782853479244,7.000589720982538e-13,1.0,
2021-05-13 06:00:24.080,0,0.0018227382693643,6.694144854647801e-13,1.0,
2021-05-13 06:00:24.090,0,0.0018901052724107,6.409578950053333e-13,1.0,
2021-05-13 06:00:24.100,0,-0.0033257631466718,6.085111746660236e-13,1.0,
2021-05-13 06:00:24.110,0,-0.0003266086750296,5.737301005524793e-13,1.0,
2021-05-13 06:00:24.120,0,-0.0003041829661163,5.274745031717046e-13,1.0,
2021-05-13 06:00:24.130,0,-0.0011033896976625,4.926336042202396e-13,1.0,
2021-05-13 06:00:24.140,0,0.001675207749275,4.562747416476216e-13,1.0,
2021-05-13 06:00:24.150,0,-3.288096662839952e-05,4.204027899854789e-13,1.0,
2021-05-13 06:00:24.160,0,-0.0004825194628029,3.822623978924534e-13,1.0,
2021-05-13 06:00:24.170,0,-0.0002510734012443,3.464412058692349e-13,1.0,
2021-05-13 06:00:24.180,0,-0.001117706796405,3.099699305725547e-13,1.0,
2021-05-13 06:00:24.190,0,-0.0028906528489681,2.785529628327301e-13,1.0,
2021-05-13 06:00:24.200,0,0.0025304680574972,2.4673414007576416e-13,1.0,
2021-05-13 06:00:24.210,0,-0.0025862588189263,2.1430238278603223e-13,1.0,
2021-05-13 06:00:24.220,0,-0.0036860264984335,1.871029890319044e-13,1.0,
2021-05-13 06:00:24.230,0,-0.0037998212233718,1.5972885329161998e-13,1.0,
2021-05-13 06:00:24.240,0,0.0002888169724528,1.3385041899344679e-13,1.0,
2021-05-13 06:00:24.250,0,0.0013807377487157,1.1001029399717588e-13,1.0,
2021-05-13 06:00:24.260,0,-0.00126049288469,8.772313051022006e-14,1.0,
2021-05-13 06:00:24.270,0,0.0033907375580289,6.83705814942821e-14,1.0,
2021-05-13 06:00:24.280,0,0.0004645943527892,5.0738081715831096e-14,1.0,
2021-05-13 06:00:24.290,0,-0.0037854776715194,3.4684534923529687e-14,1.0,
2021-05-13 06:00:24.300,0,-0.0014889203429829998,2.018928054914377e-14,1.0,
2021-05-13 06:00:24.310,0,0.0074573319143432,7.250387784890726e-15,1.0,
2021-05-13 06:00:24.320,0,0.0056031774493474,0.0,1.0,
2021-05-13 06:00:24.330,0,-0.0022901400513494,0.0,1.0,
2021-05-13 06:00:24.340,0,-0.0036110981484337,0.0,1.0,
2021-05-13 06:00:24.350,0,0.0006901546891101,0.0,1.0,
2021-05-13 06:00:24.360,0,0.0032274806845295,0.0,1.0,
2021-05-13 06:00:24.370,0,0.0013760257807344,0.0,1.0,
2021-05-13 06:00:24.380,0,0.0065262659640495,0.0,1.0,
2021-05-13 06:00:24.390,0,0.0017160611536416,0.0,1.0,
2021-05-13 06:00:24.400,0,-0.0018175360964794,0.0,1.0,
2021-05-13 06:00:24.410,0,-0.001660882065532,0.0,1.0,
2021-05-13 06:00:24.420,0,0.0001628673158015,0.0,1.0,
2021-05-13 06:00:24.430,0,0.0012492653119929,0.0,1.0,
2021-05-13 06:00:24.440,0,-0.0016571222301948,0.0,1.0,
2021-05-13 06:00:24.450,0,-0.0012855711890961,0.0,1.0,
2021-05-13 06:00:24.460,0,-0.0042513248968443,0.0,1.0,
2021-05-13 06:00:24.470,0,-0.0033566122093571,0.0,1.0,
2021-05-13 06:00:24.480,0,9.776838606925448e-05,0.0,1.0,
2021-05-13 06:00:24.490,0,-0.0026471778583949,0.0,1.0,
2021-05-13 06:00:24.500,0,0.0009751589322232,0.0,1.0,
2021-05-13 06:00:24.510,0,-0.0020174379503016,0.0,1.0,
2021-05-13 06:00:24.520,0,-0.0043492744684695,0.0,1.0,
2021-05-13 06:00:24.530,0,0.0049943090252414,0.0,1.0,
2021-05-13 06:00:24.540,0,3.310671868179305e-05,0.0,1.0,
2021-05-13 06:00:24.550,0,0.0065718935463418,0.0,1.0,
2021-05-13 06:00:24.560,0,-0.0079902166179779,0.0,1.0,
2021-05-13 06:00:24.570,0,-0.0008774476019112,0.0,1.0,
2021-05-13 06:00:24.580,0,-0.0013561254501867,0.0,1.0,
2021-05-13 06:00:24.590,0,0.0033827363162040013,0.0,1.0,
2021-05-13 06:00:24.600,0,0.0013845363042002,0.0,1.0,
2021-05-13 06:00:24.610,0,0.0051556151912125,0.0,1.0,
2021-05-13 06:00:24.620,0,0.0004031272383471,0.0,1.0,
2021-05-13 06:00:24.630,0,0.0052326649443715,0.0,1.0,
2021-05-13 06:00:24.640,0,0.0018071286205203,0.0,1.0,
2021-05-13 06:00:24.650,0,-0.0045064355779852,0.0,1.0,
2021-05-13 06:00:24.660,0,-0.0007491031423665,0.0,1.0,
2021-05-13 06:00:24.670,0,0.0024525026155867,0.0,1.0,
2021-05-13 06:00:24.680,0,0.0092111399925107,0.0,1.0,
2021-05-13 06:00:24.690,0,0.0021861510870126,0.0,1.0,
2021-05-13 06:00:24.700,0,0.0018531261622514,0.0,1.0,
2021-05-13 06:00:24.710,0,-0.0066772338484504,0.0,1.0,
2021-05-13 06:00:24.720,0,-0.0038959907590191,3.1959530430373407e-16,1.0,
2021-05-13 06:00:24.730,0,0.0020232272335691,9.75088713901437e-16,1.0,
2021-05-13 06:00:24.740,0,0.0003749972817629,1.543424067613087e-15,1.0,
2021-05-13 06:00:24.750,0,0.0051348688528201,2.0125454273648807e-15,1.0,
2021-05-13 06:00:24.760,0,-0.0004283890198519,2.413791273209612e-15,1.0,
2021-05-13 06:00:24.770,0,0.0054229975289849,2.699222616704244e-15,1.0,
2021-05-13 06:00:24.780,0,0.0013225691554848,2.990758931899868e-15,1.0,
2021-05-13 06:00:24.790,0,0.0038358189311006,3.187038954505313e-15,1.0,
2021-05-13 06:00:24.800,0,0.0061861801738003,3.3176310971177555e-15,1.0,
2021-05-13 06:00:24.810,0,0.0031205355593149,3.425191189806207e-15,1.0,
2021-05-13 06:00:24.820,0,-0.0022289119304683,3.5005490611549908e-15,1.0,
2021-05-13 06:00:24.830,0,0.0006014449929244,3.485054488187305e-15,1.0,
2021-05-13 06:00:24.840,0,0.0012204055804639,3.4421136183631333e-15,1.0,
2021-05-13 06:00:24.850,0,-0.0039774521301923,3.3704542709440927e-15,1.0,
2021-05-13 06:00:24.860,0,0.0063778536656206,3.297649243398459e-15,1.0,
2021-05-13 06:00:24.870,0,-0.0036658257574563,3.1652193507774077e-15,1.0,
2021-05-13 06:00:24.880,0,-0.0009247982626857,3.037763381539603e-15,1.0,
2021-05-13 06:00:24.890,0,0.0021720857374714,2.874015572457611e-15,1.0,
2021-05-13 06:00:24.900,0,0.0048370376777885,2.7364569902879118e-15,1.0,
2021-05-13 06:00:24.910,0,0.0034680036698559,2.5914765206976925e-15,1.0,
2021-05-13 06:00:24.920,0,0.0022226530284157,2.426256105542824e-15,1.0,
2021-05-13 06:00:24.930,0,-0.0013021961136914,2.236913992050391e-15,1.0,
2021-05-13 06:00:24.940,0,0.0034336967985928,2.0669890544557722e-15,1.0,
2021-05-13 06:00:24.950,0,-0.0016486590099167,1.9043113418944965e-15,1.0,
2021-05-13 06:00:24.960,0,-0.0036844346519418,1.735454718049796e-15,1.0,
2021-05-13 06:00:24.970,0,-0.0012863769943031,1.570261193986527e-15,1.0,
2021-05-13 06:00:24.980,0,0.0061556271471954,1.4159798717763696e-15,1.0,
2021-05-13 06:00:24.990,0,-0.0013311780433425,1.2640275513369297e-15,1.0,
2021-05-13 06:00:25.000,0,0.0037446637793956,1.112775734469628e-15,1.0,
2021-05-13 06:00:25.010,0,-0.0034598314578595,9.698439210578196e-16,1.0,
2021-05-13 06:00:25.020,0,-0.0003880818162833,8.50679293020624e-16,1.0,
2021-05-13 06:00:25.030,0,-0.0034892521694919,7.179288971556712e-16,1.0,
2021-05-13 06:00:25.040,0,-0.0045528866524369,6.05339509229256e-16,1.0,
2021-05-13 06:00:25.050,0,0.0017286632663246,5.034823818741257e-16,1.0,
2021-05-13 06:00:25.060,0,0.0035202743874047,3.997932872468248e-16,1.0,
2021-05-13 06:00:25.070,0,-0.0006673441163274,3.0988956637929063e-16,1.0,
2021-05-13 06:00:25.080,0,0.0032898700485335,2.2674731440379227e-16,1.0,
2021-05-13 06:00:25.090,0,-0.0010614885296177,1.5223430210164822e-16,1.0,
2021-05-13 06:00:25.100,0,0.0020004218670696,8.605946542125001e-17,1.0,
2021-05-13 06:00:25.110,0,0.0047731813433218,2.6733663547079807e-17,1.0,
2021-05-13 06:00:25.120,0,0.0035258188974644,0.0,1.0,
2021-05-13 06:00:25.130,0,0.0025086738763472,0.0,1.0,
2021-05-13 06:00:25.140,0,0.0060512573803612,0.0,1.0,
2021-05-13 06:00:25.150,0,-0.000775505427659,0.0,1.0,
2021-05-13 06:00:25.160,0,0.0032555623914369,0.0,1.0,
2021-05-13 06:00:25.170,0,0.0034314004896135,0.0,1.0,
2021-05-13 06:00:25.180,0,0.0092761336982324,0.0,1.0,
2021-05-13 06:00:25.190,0,0.0026620051691882,0.0,1.0,
2021-05-13 06:00:25.200,0,0.0052099981741425,0.0,1.0,
2021-05-13 06:00:25.210,0,-0.0032395095817485,0.0,1.0,
2021-05-13 06:00:25.220,0,0.0013295127940418,0.0,1.0,
2021-05-13 06:00:25.230,0,-0.0016026089149951,0.0,1.0,
2021-05-13 06:00:25.240,0,-0.000395317346892,0.0,1.0,
2021-05-13 06:00:25.250,0,0.0004475992917239,0.0,1.0,
2021-05-13 06:00:25.260,0,-0.0003811315949479,0.0,1.0,
2021-05-13 06:00:25.270,0,0.0072914471776023,0.0,1.0,
2021-05-13 06:00:25.280,0,-0.0006824718937572,0.0,1.0,
2021-05-13 06:00:25.290,0,-0.0010968150730078,0.0,1.0,
2021-05-13 06:00:25.300,0,-0.0060580436059692,0.0,1.0,
2021-05-13 06:00:25.310,0,-0.0037569449381389,0.0,1.0,
2021-05-13 06:00:25.320,0,-0.0014814500746251,0.0,1.0,
2021-05-13 06:00:25.330,0,-0.0027516652237743,0.0,1.0,
2021-05-13 06:00:25.340,0,0.0052658615064156,0.0,1.0,
2021-05-13 06:00:25.350,0,0.0009433752837477,0.0,1.0,
2021-05-13 06:00:25.360,0,4.1486541031649044e-06,0.0,1.0,
2021-05-13 06:00:25.370,0,0.0012978419675514,0.0,1.0,
2021-05-13 06:00:25.380,0,-0.0028061604956606,0.0,1.0,
2021-05-13 06:00:25.390,0,-0.0020306101321335,0.0,1.0,
2021-05-13 06:00:25.400,0,0.0027322504714067,0.0,1.0,
2021-05-13 06:00:25.410,0,-0.0011856219326145,0.0,1.0,
2021-05-13 06:00:25.420,0,-0.0011105739316038,0.0,1.0,
2021-05-13 06:00:25.430,0,0.0002181751877797,0.0,1.0,
2021-05-13 06:00:25.440,0,-0.0034276375892142,0.0,1.0,
2021-05-13 06:00:25.450,0,0.0001076596757118,0.0,1.0,
2021-05-13 06:00:25.460,0,-0.0013954950858673,0.0,1.0,
2021-05-13 06:00:25.470,0,0.0019730119035812,0.0,1.0,
2021-05-13 06:00:25.480,0,-0.0012884488392261,0.0,1.0,
2021-05-13 06:00:25.490,0,-0.0013004984383755,0.0,1.0,
2021-05-13 06:00:25.500,0,-0.0005408597920176,0.0,1.0,
2021-05-13 06:00:25.510,0,0.0022194618763299,0.0,1.0,
2021-05-13 06:00:25.520,0,0.004768718594869,1.9548406464439324e-18,1.0,
2021-05-13 06:00:25.530,0,0.0075165192580834,4.982850346936598e-18,1.0,
2021-05-13 06:00:25.540,0,-3.444528584195743e-05,7.642020464474951e-18,1.0,
2021-05-13 06:00:25.550,0,0.0030368883873222,9.776079766267543e-18,1.0,
2021-05-13 06:00:25.560,0,0.0024083477214674,1.1708655694397894e-17,1.0,
2021-05-13 06:00:25.570,0,-0.0004124397399717,1.3246223315846432e-17,1.0,
2021-05-13 06:00:25.580,0,-0.0018417085182863,1.4287128011911566e-17,1.0,
2021-05-13 06:00:25.590,0,-0.004075584346775,1.5220252532647146e-17,1.0,
2021-05-13 06:00:25.600,0,-0.0003975450997677,1.583681858879989e-17,1.0,
2021-05-13 06:00:25.610,0,-9.499420429146754e-05,1.6089005050522905e-17,1.0,
2021-05-13 06:00:25.620,0,0.0039487250178181,1.6509398295716374e-17,1.0,
2021-05-13 06:00:25.630,0,-0.0063096744310135,1.6388144341202923e-17,1.0,
2021-05-13 06:00:25.640,0,0.0007077353685385,1.6109225995599065e-17,1.0,
2021-05-13 06:00:25.650,0,0.0039249076776669,1.571381611648964e-17,1.0,
2021-05-13 06:00:25.660,0,5.594184130956025e-05,1.538778758632878e-17,1.0,
2021-05-13 06:00:25.670,0,0.0013110643917263,1.4831522682233518e-17,1.0,
2021-05-13 06:00:25.680,0,7.009463162167846e-05,1.4288353177018478e-17,1.0,
2021-05-13 06:00:25.690,0,-0.0032767369834845,1.3454568314655967e-17,1.0,
2021-05-13 06:00:25.700,0,-0.001295648474084,1.2901193253518868e-17,1.0,
2021-05-13 06:00:25.710,0,0.0032680171615617,1.197212080422406e-17,1.0,
2021-05-13 06:00:25.720,0,0.003974470269005,1.1252037584900227e-17,1.0,
2021-05-13 06:00:25.730,0,-0.0019928938419637,1.0364868852788003e-17,1.0,
2021-05-13 06:00:25.740,0,0.0042192851784671,9.659534903611604e-18,1.0,
2021-05-13 06:00:25.750,0,-0.0036437194836374,8.752323617365645e-18,1.0,
2021-05-13 06:00:25.760,0,-0.0014289764336416,8.030695709329443e-18,1.0,
2021-05-13 06:00:25.770,0,-0.0067461148024068,7.290873140611202e-18,1.0,
2021-05-13 06:00:25.780,0,0.0055207153412154,6.4422446557968835e-18,1.0,
2021-05-13 06:00:25.790,0,0.0019675455730648,5.7518510124991145e-18,1.0,
2021-05-13 06:00:25.800,0,0.0064910447299946,5.1150838126581375e-18,1.0,
2021-05-13 06:00:25.810,0,0.0028794837910256,4.444413569004931e-18,1.0,
2021-05-13 06:00:25.820,0,-0.0007653720584255,3.8200436438306415e-18,1.0,
2021-05-13 06:00:25.830,0,-0.003209086521918,3.2533179129351636e-18,1.0,
2021-05-13 06:00:25.840,0,0.00381912920154,2.7276114676153472e-18,1.0,
2021-05-13 06:00:25.850,0,0.0029031647235212,2.214420950222996e-18,1.0,
2021-05-13 06:00:25.860,0,0.0021370058314199,1.7651547643725274e-18,1.0,
2021-05-13 06:00:25.870,0,-0.0023461442928054,1.374128427411017e-18,1.0,
2021-05-13 06:00:25.880,0,-0.0027815990829429,9.975396399633251e-19,1.0,
2021-05-13 06:00:25.890,0,0.0009659987837733,6.645119180295917e-19,1.0,
2021-05-13 06:00:25.900,0,-0.0021817510126715,3.573776451526557e-19,1.0,
2021-05-13 06:00:25.910,0,0.0019029249068816,8.929053048611379e-20,1.0,
2021-05-13 06:00:25.920,0,0.0005222650637142,0.0,1.0,
2021-05-13 06:00:25.930,0,0.0011403184794759,0.0,1.0,
2021-05-13 06:00:25.940,0,0.0046302256211582,0.0,1.0,
2021-05-13 06:00:25.950,0,-0.0035971040765046,0.0,1.0,
2021-05-13 06:00:25.960,0,0.0014047525313439998,0.0,1.0,
2021-05-13 06:00:25.970,0,-0.0009001793689087,0.0,1.0,
2021-05-13 06:00:25.980,0,-0.0016499470930818,0.0,1.0,
2021-05-13 06:00:25.990,0,0.0022599596228313,0.0,1.0,
2021-05-13 06:00:26.000,1,-0.000202406074671,0.0,1.0,
2021-05-13 06:00:26.010,1,0.0046105751255216,0.0,1.0,
2021-05-13 06:00:26.020,1,-0.0003333081534477,0.0,1.0,
2021-05-13 06:00:26.030,1,0.0028310563457805,0.0,1.0,
2021-05-13 06:00:26.040,1,-0.0040689550471368,0.0,1.0,
2021-05-13 06:00:26.050,0,-0.0039702989074609,0.0,1.0,
2021-05-13 06:00:26.060,0,-0.0012236587811804,0.0,1.0,
2021-05-13 06:00:26.070,0,0.0029291355709914,0.0,1.0,
2021-05-13 06:00:26.080,0,-0.000246202256915,0.0,1.0,
2021-05-13 06:00:26.090,0,-0.0060754510978818,0.0,1.0,
2021-05-13 06:00:26.100,0,-0.0040653447186345,0.1485066833170348,1.0,
2021-05-13 06:00:26.110,0,0.0007757906503248,2.6671984239412403,1.0,
2021-05-13 06:00:26.120,0,0.0130023497340216,8.046314506977227,1.0,
2021-05-13 06:00:26.130,0,0.0139246074473339,15.815196418842234,1.0,
2021-05-13 06:00:26.140,0,0.0197189853527119,25.390948102458854,1.0,
2021-05-13 06:00:26.150,0,0.031765851615244,36.71003532350776,1.0,
2021-05-13 06:00:26.160,0,0.0360105810700056,47.53154304897583,0.0,
2021-05-13 06:00:26.170,0,0.0410977990089921,55.80110244234585,0.0,
2021-05-13 06:00:26.180,0,0.053596136198093,62.64641570776914,0.0,
2021-05-13 06:00:26.190,0,0.0697090904068348,67.81808519441643,0.0,
2021-05-13 06:00:26.200,0,0.0700712341525498,71.13670605595803,0.0,
2021-05-13 06:00:26.210,0,0.0587656391737177,75.19950940661407,0.0,
2021-05-13 06:00:26.220,0,0.0649266958513065,76.8326232025068,0.0,
2021-05-13 06:00:26.230,0,0.0650071482462345,77.29032691172867,0.0,
2021-05-13 06:00:26.240,0,0.055691665583948,77.53254501789493,0.0,
2021-05-13 06:00:26.250,0,0.0616261076916244,76.31163327388523,0.0,
2021-05-13 06:00:26.260,0,0.0638065587545201,75.07905478515497,0.0,
2021-05-13 06:00:26.270,0,0.0640517716066131,73.2898286827425,0.0,
2021-05-13 06:00:26.280,0,0.0567999409905364,70.75375702337556,0.0,
2021-05-13 06:00:26.290,0,0.0685534698063067,67.90504304380893,0.0,
2021-05-13 06:00:26.300,0,0.0596008068845399,63.769778110555954,0.0,
2021-05-13 06:00:26.310,0,0.0423137684526551,60.19341523565816,0.0,
2021-05-13 06:00:26.320,0,0.050361376881275,56.835123113108,0.0,
2021-05-13 06:00:26.330,0,0.0464574819099071,52.944928686312025,0.0,
2021-05-13 06:00:26.340,0,0.0440484132208456,49.53254022320694,0.0,
2021-05-13 06:00:26.350,0,0.0421254554545602,44.94180264890488,0.0,
2021-05-13 06:00:26.360,0,0.0453848429871981,41.714156658576066,0.0,
2021-05-13 06:00:26.370,0,0.0411487741477851,37.64143324117513,1.0,
2021-05-13 06:00:26.380,0,0.0326077304739965,34.023777747835986,1.0,
2021-05-13 06:00:26.390,0,0.0299405160521468,31.159518651954517,1.0,
2021-05-13 06:00:26.400,0,0.0231958454110381,27.22426175015348,1.0,
2021-05-13 06:00:26.410,0,0.0281764943162995,24.02459835644466,1.0,
2021-05-13 06:00:26.420,0,0.0200554178219318,20.99823439193459,1.0,
2021-05-13 06:00:26.430,0,0.0150805259029693,18.0353061324152,1.0,
2021-05-13 06:00:26.440,0,0.0191112570854918,15.31690160630881,1.0,
2021-05-13 06:00:26.450,0,0.0068038311446583,12.881185729121,1.0,
2021-05-13 06:00:26.460,0,0.0151039443746934,10.54845756974609,1.0,
2021-05-13 06:00:26.470,0,0.0109201493870357,8.358200079759127,1.0,
2021-05-13 06:00:26.480,0,0.0097960652110356,6.438998628441262,1.0,
2021-05-13 06:00:26.490,0,0.0056235400389526,4.675867959887358,1.0,
2021-05-13 06:00:26.500,0,0.0011564929598273,3.0035698265563893,1.0,
2021-05-13 06:00:26.510,0,-0.001265823432129,1.5897732482649736,1.0,
2021-05-13 06:00:26.520,0,0.0009327066845245,0.3234286404785645,1.0,
2021-05-13 06:00:26.530,0,-0.0039372706224054,0.0,1.0,
2021-05-13 06:00:26.540,0,-0.0043254892861631,0.0,1.0,
2021-05-13 06:00:26.550,0,0.0012607546270205,0.0,1.0,
2021-05-13 06:00:26.560,0,-0.0063277875076594,0.0,1.0,
2021-05-13 06:00:26.570,0,-0.0046618236676221,0.0,1.0,
2021-05-13 06:00:26.580,0,-0.0090168047598227,0.0,1.0,
2021-05-13 06:00:26.590,0,-0.0018544652353357,0.0,1.0,
2021-05-13 06:00:26.600,0,-0.0097884406093839,0.0,1.0,
2021-05-13 06:00:26.610,0,-0.0032667450519233,0.0,1.0,
2021-05-13 06:00:26.620,0,-0.0079767604034703,0.0,1.0,
2021-05-13 06:00:26.630,0,-0.0093373591801149,0.0,1.0,
2021-05-13 06:00:26.640,0,-0.0057003879194001,0.0,1.0,
2021-05-13 06:00:26.650,0,-0.0122118609464774,0.0,1.0,
2021-05-13 06:00:26.660,0,-0.0094334620856336,0.0,1.0,
2021-05-13 06:00:26.670,0,-0.0050236397778012,0.0,1.0,
2021-05-13 06:00:26.680,0,-0.0103188139130936,0.0,1.0,
2021-05-13 06:00:26.690,0,-0.0088728267161025,0.0,1.0,
2021-05-13 06:00:26.700,0,0.002338620523299,0.0,1.0,
2021-05-13 06:00:26.710,0,-0.0065874552396719,0.0,1.0,
2021-05-13 06:00:26.720,0,-0.0008296240223772,0.0,1.0,
2021-05-13 06:00:26.730,0,-0.0035598465768273,0.0,1.0,
2021-05-13 06:00:26.740,0,0.0015451321383174,0.0,1.0,
2021-05-13 06:00:26.750,0,-0.0074307951642346,0.0,1.0,
2021-05-13 06:00:26.760,0,-0.0041142225484047,0.0,1.0,
2021-05-13 06:00:26.770,0,-0.0013720023840131,0.0,1.0,
2021-05-13 06:00:26.780,0,0.0001362139404944,0.0,1.0,
2021-05-13 06:00:26.790,0,-0.0031840289672009,0.0,1.0,
2021-05-13 06:00:26.800,0,-0.0055579920659092,0.0,1.0,
2021-05-13 06:00:26.810,0,0.0031099996179518,0.0,1.0,
2021-05-13 06:00:26.820,0,0.0020656575481826,0.0,1.0,
2021-05-13 06:00:26.830,0,0.0031527701393135,0.0,1.0,
2021-05-13 06:00:26.840,0,-0.001233856167335,0.0,1.0,
2021-05-13 06:00:26.850,0,-0.0007983671067484,0.0,1.0,
2021-05-13 06:00:26.860,0,-0.0002889672595946,0.0,1.0,
2021-05-13 06:00:26.870,0,-0.002261923196035,0.0,1.0,
2021-05-13 06:00:26.880,0,9.341855861970833e-05,0.0,1.0,
2021-05-13 06:00:26.890,0,0.0031398846358194,0.0,1.0,
2021-05-13 06:00:26.900,0,-0.003035897673343,0.0,1.0,
2021-05-13 06:00:26.910,0,-0.0012594944524213,0.0,1.0,
2021-05-13 06:00:26.920,0,-0.0050853921505402,0.0,1.0,
2021-05-13 06:00:26.930,0,-0.0010452525603545,0.0578782276684073,1.0,
2021-05-13 06:00:26.940,0,0.0055825042462409,0.1217047241667223,1.0,
2021-05-13 06:00:26.950,0,9.30702893776316e-05,0.1759679839446278,1.0,
2021-05-13 06:00:26.960,0,0.0004103353223887,0.2232723920086674,1.0,
2021-05-13 06:00:26.970,0,-5.375482211861184e-05,0.2575566958569337,1.0,
2021-05-13 06:00:26.980,0,-0.0061916746309901,0.2916336319844693,1.0,
2021-05-13 06:00:26.990,0,0.0027595271358584,0.3153909721314136,1.0,
2021-05-13 06:00:27.000,1,-0.0010820337187415,0.3305231930445316,1.0,
2021-05-13 06:00:27.010,1,0.0004137984504237,0.3423027232297104,1.0,
2021-05-13 06:00:27.020,1,0.003107632048854,0.3492725784508001,1.0,
2021-05-13 06:00:27.030,1,-0.0078757003921745,0.3525498859415345,1.0,
2021-05-13 06:00:27.040,1,0.00605575186273,0.3497834732164111,1.0,
2021-05-13 06:00:27.050,1,-0.0057225179704613,0.3459701987878011,1.0,
2021-05-13 06:00:27.060,1,-0.0035331391466374,0.3384589314707036,1.0,
2021-05-13 06:00:27.070,1,0.0005746845673539999,0.3294882963105471,1.0,
2021-05-13 06:00:27.080,1,-0.0052916410161182,0.3155220737986631,1.0,
2021-05-13 06:00:27.090,1,-0.0060078407049612,0.3067437003648687,1.0,
2021-05-13 06:00:27.100,0,0.0002627315914353,0.433432616689455,1.0,
2021-05-13 06:00:27.110,0,0.0037293740472681,2.9090778647010267,1.0,
2021-05-13 06:00:27.120,0,0.0077698610316338,8.105747751281799,1.0,
2021-05-13 06:00:27.130,0,0.0217716862623403,15.836228736997876,1.0,
2021-05-13 06:00:27.140,0,0.0350747445220039,25.500698432942343,1.0,
2021-05-13 06:00:27.150,0,0.0369688449551681,36.71635763302569,1.0,
2021-05-13 06:00:27.160,0,0.0497644497437649,49.362008558431434,0.0,
2021-05-13 06:00:27.170,0,0.0705463712578065,63.96536390356143,0.0,
2021-05-13 06:00:27.180,0,0.0721627674175662,80.11301982696277,0.0,
2021-05-13 06:00:27.190,0,0.0965871082430044,96.82604246996237,0.0,
2021-05-13 06:00:27.200,0,0.0950118559169973,114.33334152527335,0.0,
2021-05-13 06:00:27.210,0,0.1237155814418509,130.03800304897516,0.0,
2021-05-13 06:00:27.220,0,0.1469836785969102,140.37757411938028,0.0,
2021-05-13 06:00:27.230,0,0.1319005640968676,149.25551246386962,0.0,
2021-05-13 06:00:27.240,0,0.1306724359221732,155.301065211985,0.0,
2021-05-13 06:00:27.250,0,0.1687494611374135,161.5130585697948,0.0,
2021-05-13 06:00:27.260,0,0.1492511836209855,162.8954333016136,0.0,
2021-05-13 06:00:27.270,0,0.13526377941964002,163.48513648387282,0.0,
2021-05-13 06:00:27.280,0,0.1634021121796075,159.90997227190798,0.0,
2021-05-13 06:00:27.290,0,0.1643060786678401,158.73545921962926,0.0,
2021-05-13 06:00:27.300,0,0.1724376923503071,154.40936118284608,0.0,
2021-05-13 06:00:27.310,0,0.1553116535092335,149.51650650500537,0.0,
2021-05-13 06:00:27.320,0,0.1632174041722795,143.37876225199872,0.0,
2021-05-13 06:00:27.330,0,0.1708708305841902,134.19948186802787,0.0,
2021-05-13 06:00:27.340,0,0.1520316194840042,127.59063979893436,0.0,
2021-05-13 06:00:27.350,0,0.1155405220242646,121.63144032231298,0.0,
2021-05-13 06:00:27.360,0,0.1341245719730474,113.93530251170765,0.0,
2021-05-13 06:00:27.370,0,0.1225268653267226,105.48475099180182,0.0,
2021-05-13 06:00:27.380,0,0.0990126616242598,97.03360230831795,0.0,
2021-05-13 06:00:27.390,0,0.0818117771703622,88.92776419430628,0.0,
2021-05-13 06:00:27.400,0,0.0787128352546765,81.34131516395652,0.0,
2021-05-13 06:00:27.410,0,0.0827482185295524,73.98321573017057,0.0,
2021-05-13 06:00:27.420,0,0.0677311889763115,66.26718219101575,0.0,
2021-05-13 06:00:27.430,0,0.0580547858915294,58.90459891922421,0.0,
2021-05-13 06:00:27.440,0,0.044261096974832,51.71043335388778,0.0,
2021-05-13 06:00:27.450,0,0.048419186303109006,44.920198448794714,0.0,
2021-05-13 06:00:27.460,0,0.0426149788603717,39.540089274804046,0.0,
2021-05-13 06:00:27.470,0,0.0340649613620546,33.525801645001785,1.0,
2021-05-13 06:00:27.480,0,0.0309363170284363,27.830831284465702,1.0,
2021-05-13 06:00:27.490,0,0.0292801783763628,23.05624186715557,1.0,
2021-05-13 06:00:27.500,0,0.0193110541004819,18.43598953543913,1.0,
2021-05-13 06:00:27.510,0,0.0138962678603731,14.396150001053016,1.0,
2021-05-13 06:00:27.520,0,0.016380558984726002,10.412030557431118,1.0,
2021-05-13 06:00:27.530,0,0.0108469552799772,7.018251043024753,1.0,
2021-05-13 06:00:27.540,0,0.0039208291407219,3.925537668962373,1.0,
2021-05-13 06:00:27.550,0,-0.0034620650235825,1.1796106779418112,1.0,
2021-05-13 06:00:27.560,0,-0.0003260802236772,0.0,1.0,
2021-05-13 06:00:27.570,0,-0.0006860743591618,0.0,1.0,
2021-05-13 06:00:27.580,0,-0.0089954239768215,0.0,1.0,
2021-05-13 06:00:27.590,0,-0.0071287962077833,0.0,1.0,
2021-05-13 06:00:27.600,0,-0.0074551193751581,0.0,1.0,
2021-05-13 06:00:27.610,0,-0.0115267721138756,0.0,1.0,
2021-05-13 06:00:27.620,0,-0.0122981261495729,0.0,1.0,
2021-05-13 06:00:27.630,0,-0.0156451143710154,0.0,1.0,
2021-05-13 06:00:27.640,0,-0.0075324355816937,0.0,1.0,
2021-05-13 06:00:27.650,0,-0.0132270753870324,0.0,1.0,
2021-05-13 06:00:27.660,0,-0.013547107251664,0.0,1.0,
2021-05-13 06:00:27.670,0,-0.0109327133659038,0.0,1.0,
2021-05-13 06:00:27.680,0,-0.0217112395954039,0.0,1.0,
2021-05-13 06:00:27.690,0,-0.0164020054194988,0.0,1.0,
2021-05-13 06:00:27.700,0,-0.0114970536076535,0.0,1.0,
2021-05-13 06:00:27.710,0,-0.0142193260607987,0.0,1.0,
2021-05-13 06:00:27.720,0,-0.0143669880747898,0.0,1.0,
2021-05-13 06:00:27.730,0,-0.016258063264597,0.0,1.0,
2021-05-13 06:00:27.740,0,-0.0057977136308287,0.0,1.0,
2021-05-13 06:00:27.750,0,-0.0042144377457398,0.0,1.0,
2021-05-13 06:00:27.760,0,-0.0103293278162206,0.0,1.0,
2021-05-13 06:00:27.770,0,-0.0054870123238041,0.0,1.0,
2021-05-13 06:00:27.780,0,-0.0097425688829344,0.0,1.0,
2021-05-13 06:00:27.790,0,-0.0061797421471087,0.0,1.0,
2021-05-13 06:00:27.800,0,-0.000696066297545,0.0,1.0,
2021-05-13 06:00:27.810,0,-0.0098847170672758,0.0,1.0,
2021-05-13 06:00:27.820,0,-0.0098116446322325,0.0,1.0,
2021-05-13 06:00:27.830,0,-0.0074192401680665,0.0,1.0,
2021-05-13 06:00:27.840,0,-0.0079015741869127,0.0,1.0,
2021-05-13 06:00:27.850,0,-0.0025542668863095,0.0,1.0,
2021-05-13 06:00:27.860,0,-0.0019263270404895,0.0,1.0,
2021-05-13 06:00:27.870,0,-0.0124626370283025,0.0,1.0,
2021-05-13 06:00:27.880,0,-0.0018121651070211,0.0,1.0,
2021-05-13 06:00:27.890,0,-0.0004258602342137,0.0,1.0,
2021-05-13 06:00:27.900,0,-0.0031393813133899,0.0,1.0,
2021-05-13 06:00:27.910,0,0.0002284428792667,0.0,1.0,
2021-05-13 06:00:27.920,0,0.0021383088210351,0.0,1.0,
2021-05-13 06:00:27.930,0,0.0014907903143829,0.0,1.0,
2021-05-13 06:00:27.940,0,-0.0041776700207733,0.0,1.0,
2021-05-13 06:00:27.950,0,-0.0005100932763149,0.0,1.0,
2021-05-13 06:00:27.960,0,0.0027532526140382,0.0967516729198732,1.0,
2021-05-13 06:00:27.970,0,-0.0020664551193638,0.2372731151645621,1.0,
2021-05-13 06:00:27.980,0,-0.0012037232412873,0.3593882897974131,1.0,
2021-05-13 06:00:27.990,0,0.0040754520614807,0.4616320166601868,1.0,
2021-05-13 06:00:28.000,1,-0.0014498430403095,0.5481805404773329,1.0,
2021-05-13 06:00:28.010,1,-0.0008899181504215,0.6196148369098556,1.0,
2021-05-13 06:00:28.020,1,0.0058965759635063,0.6616852919377955,1.0,
2021-05-13 06:00:28.030,1,-0.0069006861910658,0.7055529559749482,1.0,
2021-05-13 06:00:28.040,1,0.0001305095924547,0.7346668570814874,1.0,
2021-05-13 06:00:28.050,1,0.0011557376520435,0.7577523451856208,1.0,
2021-05-13 06:00:28.060,1,-0.0010140375785372,0.7598460524823458,1.0,
2021-05-13 06:00:28.070,1,0.0020572915027887,0.7608408897958979,1.0,
2021-05-13 06:00:28.080,1,-0.0006187018157528,0.7540915151326056,1.0,
2021-05-13 06:00:28.090,1,0.0013742654005506,0.7296207271762211,1.0,
2021-05-13 06:00:28.100,1,-0.0007976981279793,0.8669494620338336,1.0,
2021-05-13 06:00:28.110,1,0.0003903610758633,3.333242771698049,1.0,
2021-05-13 06:00:28.120,1,0.0089803189268719,8.61346877079848,1.0,
2021-05-13 06:00:28.130,1,0.0132358886836568,16.286076296143474,1.0,
2021-05-13 06:00:28.140,1,0.0298334960072881,25.91284351853105,1.0,
2021-05-13 06:00:28.150,0,0.0394125751858192,37.077005667703695,1.0,
2021-05-13 06:00:28.160,0,0.0567560495912391,50.121488424372814,0.0,
2021-05-13 06:00:28.170,0,0.0454257262379104,64.17984590196644,0.0,
2021-05-13 06:00:28.180,0,0.0836216471687281,79.64217431082352,0.0,
2021-05-13 06:00:28.190,0,0.1094780946886288,96.46585141984549,0.0,
2021-05-13 06:00:28.200,0,0.1201891191418844,113.98836517043556,0.0,
2021-05-13 06:00:28.210,0,0.149349042714193,132.65927107122295,0.0,
2021-05-13 06:00:28.220,0,0.1446095918892606,151.5886127583583,0.0,
2021-05-13 06:00:28.230,0,0.1702227898788992,169.2309383564175,0.0,
2021-05-13 06:00:28.240,0,0.1957364522743341,186.32570631161235,0.0,
2021-05-13 06:00:28.250,0,0.1969937336492603,206.77906087880592,0.0,
2021-05-13 06:00:28.260,0,0.163562384474204,218.94102406897744,0.0,
2021-05-13 06:00:28.270,0,0.2259047510717773,228.1376953616827,0.0,
2021-05-13 06:00:28.280,0,0.1800341810556179,235.08396004054455,0.0,
2021-05-13 06:00:28.290,0,0.2256648692013931,240.95294611347325,0.0,
2021-05-13 06:00:28.300,0,0.1923033817770796,240.601918383102,0.0,
2021-05-13 06:00:28.310,0,0.1999690719765513,238.59663798465957,0.0,
2021-05-13 06:00:28.320,0,0.1766747681671303,234.3306327041851,0.0,
2021-05-13 06:00:28.330,0,0.200736103631059,229.18563890556817,0.0,
2021-05-13 06:00:28.340,0,0.210000846600161,219.57053517717148,0.0,
2021-05-13 06:00:28.350,0,0.2033325217558858,212.28344300512867,0.0,
2021-05-13 06:00:28.360,0,0.1786740803272524,202.5131796536829,0.0,
2021-05-13 06:00:28.370,0,0.1516113518030774,192.24439385071813,0.0,
2021-05-13 06:00:28.380,0,0.1701142035328222,180.5950709112744,0.0,
2021-05-13 06:00:28.390,0,0.1687765162034942,170.73451820026625,0.0,
2021-05-13 06:00:28.400,0,0.1111265861465984,155.6678857119434,0.0,
2021-05-13 06:00:28.410,0,0.1442062652589718,146.13721663447694,0.0,
2021-05-13 06:00:28.420,0,0.1197649004414894,133.43773385217494,0.0,
2021-05-13 06:00:28.430,0,0.1253435743397744,121.95262960603277,0.0,
2021-05-13 06:00:28.440,0,0.0874479681123677,110.6961838825957,0.0,
2021-05-13 06:00:28.450,0,0.0751047227353693,99.74489544384168,0.0,
2021-05-13 06:00:28.460,0,0.0859652409177593,89.49236037740806,0.0,
2021-05-13 06:00:28.470,0,0.0739878811212322,78.9114204107357,0.0,
2021-05-13 06:00:28.480,0,0.0592086015212671,69.90427726591356,0.0,
2021-05-13 06:00:28.490,0,0.062697911899481,60.273096133319186,0.0,
2021-05-13 06:00:28.500,0,0.0506861128650479,51.48088655403018,0.0,
2021-05-13 06:00:28.510,0,0.0390961573047366,42.97581681008315,1.0,
2021-05-13 06:00:28.520,0,0.0300346085580155,35.64736179000839,1.0,
2021-05-13 06:00:28.530,0,0.0193600312014961,28.79661700809648,1.0,
2021-05-13 06:00:28.540,0,0.0183324864555862,22.547984382360074,1.0,
2021-05-13 06:00:28.550,0,0.0133817139099593,16.72520250471975,1.0,
2021-05-13 06:00:28.560,0,0.0084026113945171,11.555387156472445,1.0,
2021-05-13 06:00:28.570,0,0.0067314143193069,6.834805641529307,1.0,
2021-05-13 06:00:28.580,0,0.0079144759578948,2.720792241450828,1.0,
2021-05-13 06:00:28.590,0,0.0004500881144108,0.0,1.0,
2021-05-13 06:00:28.600,0,-0.0013877819880399,0.0,1.0,
2021-05-13 06:00:28.610,0,-0.0098993431337236,0.0,1.0,
2021-05-13 06:00:28.620,0,-0.0087061141814678,0.0,1.0,
2021-05-13 06:00:28.630,0,-0.006992213480882,0.0,1.0,
2021-05-13 06:00:28.640,0,-0.00717071219405,0.0,1.0,
2021-05-13 06:00:28.650,0,-0.0113672896953739,0.0,1.0,
2021-05-13 06:00:28.660,0,-0.0130613929484616,0.0,1.0,
2021-05-13 06:00:28.670,0,-0.0110541656834151,0.0,1.0,
2021-05-13 06:00:28.680,0,-0.0136941614675328,0.0,1.0,
2021-05-13 06:00:28.690,0,-0.0100475456400106,0.0,1.0,
2021-05-13 06:00:28.700,0,-0.0162107274876151,0.0,1.0,
2021-05-13 06:00:28.710,0,-0.0216065750516254,0.0,1.0,
2021-05-13 06:00:28.720,0,-0.0139825193730176,0.0,1.0,
2021-05-13 06:00:28.730,0,-0.0173065196044764,0.0,1.0,
2021-05-13 06:00:28.740,0,-0.0175215230078965,0.0,1.0,
2021-05-13 06:00:28.750,0,-0.0128220713371521,0.0,1.0,
2021-05-13 06:00:28.760,0,-0.0103450513839858,0.0,1.0,
2021-05-13 06:00:28.770,0,-0.0130123356095475,0.0,1.0,
2021-05-13 06:00:28.780,0,-0.0071405360151401,0.0,1.0,
2021-05-13 06:00:28.790,0,-0.0051117360965807,0.0,1.0,
2021-05-13 06:00:28.800,0,-0.0080519898051324,0.0,1.0,
2021-05-13 06:00:28.810,0,-0.0073850064103758,0.0,1.0,
2021-05-13 06:00:28.820,0,-0.0033037888306921,0.0,1.0,
2021-05-13 06:00:28.830,0,-0.0073278826368902,0.0,1.0,
2021-05-13 06:00:28.840,0,-0.0122162579459298,0.0,1.0,
2021-05-13 06:00:28.850,0,0.0028369318371059,0.0,1.0,
2021-05-13 06:00:28.860,0,-0.0049172536959254,0.0,1.0,
2021-05-13 06:00:28.870,0,-0.0021982390634986,0.0,1.0,
2021-05-13 06:00:28.880,0,0.0006800073895743,0.0,1.0,
2021-05-13 06:00:28.890,0,-0.0065436592325911,0.0,1.0,
2021-05-13 06:00:28.900,0,-0.0048926788167651,0.0,1.0,
2021-05-13 06:00:28.910,0,-0.0047820715610158,0.0,1.0,
2021-05-13 06:00:28.920,0,-0.0031235853070961,0.0,1.0,
2021-05-13 06:00:28.930,0,-0.0028905456821717,0.0,1.0,
2021-05-13 06:00:28.940,0,-0.0028730146714697,0.0,1.0,
2021-05-13 06:00:28.950,0,-0.0046418610882436,0.0,1.0,
2021-05-13 06:00:28.960,0,-0.0089526064546346,0.0,1.0,
2021-05-13 06:00:28.970,0,-0.000583168869277,0.0,1.0,
2021-05-13 06:00:28.980,0,-0.0013837734561354,0.0,1.0,
2021-05-13 06:00:28.990,0,-0.0021393742528075,0.0811517321189282,1.0,
2021-05-13 06:00:29.000,1,0.0002801009332815,0.2990618079034547,1.0,
2021-05-13 06:00:29.010,1,0.0006281707961008,0.4831458802955232,1.0,
2021-05-13 06:00:29.020,1,0.0040283469348171,0.651128398003349,1.0,
2021-05-13 06:00:29.030,1,-0.0007544613552784,0.7832067855869898,1.0,
2021-05-13 06:00:29.040,1,0.0027666158408751,0.8812589743745436,1.0,
2021-05-13 06:00:29.050,1,-0.0013611304020852,0.9776837903905248,1.0,
2021-05-13 06:00:29.060,1,0.0025927214706109,1.0389085597647694,1.0,
2021-05-13 06:00:29.070,1,0.0012014571500319,1.0888287867978106,1.0,
2021-05-13 06:00:29.080,1,-0.0004102562079996,1.1210049765221324,1.0,
2021-05-13 06:00:29.090,1,-0.000775730505003,1.1304473296422428,1.0,
2021-05-13 06:00:29.100,1,0.0012340417901006,1.2717272242635231,1.0,
2021-05-13 06:00:29.110,1,0.004320508534681,3.797997170471642,1.0,
2021-05-13 06:00:29.120,1,0.0050443561437354,9.086234683222164,1.0,
2021-05-13 06:00:29.130,1,0.0135061901065749,16.821084757956918,1.0,
2021-05-13 06:00:29.140,1,0.0216467887776377,26.596096001614328,1.0,
2021-05-13 06:00:29.150,1,0.0259609582354998,37.59964492546273,1.0,
2021-05-13 06:00:29.160,1,0.0428967513704829,50.421584266879464,1.0,
2021-05-13 06:00:29.170,1,0.0575799439673836,64.10405688902117,0.0,
2021-05-13 06:00:29.180,1,0.0562910937710458,80.00557870227802,0.0,
2021-05-13 06:00:29.190,1,0.0633076988472504,96.04077157197794,0.0,
2021-05-13 06:00:29.200,0,0.0769939780485673,112.08407677983669,0.0,
2021-05-13 06:00:29.210,0,0.1023124018067581,131.57631348105565,0.0,
2021-05-13 06:00:29.220,0,0.1163997636930573,148.50649683496042,0.0,
2021-05-13 06:00:29.230,0,0.1135835324130351,168.8609352198559,0.0,
2021-05-13 06:00:29.240,0,0.1516207101548067,185.0132764706668,0.0,
2021-05-13 06:00:29.250,0,0.1380745890444295,203.81712800000457,0.0,
2021-05-13 06:00:29.260,0,0.1183999737856036,221.79846276992183,0.0,
2021-05-13 06:00:29.270,0,0.1395822155032638,235.81303959986167,0.0,
2021-05-13 06:00:29.280,0,0.1680665957364928,252.60929576720775,0.0,
2021-05-13 06:00:29.290,0,0.179382292677963,271.0684953607731,0.0,
2021-05-13 06:00:29.300,0,0.1856655025551783,283.87313362309465,0.0,
2021-05-13 06:00:29.310,0,0.2236287391899388,297.8811446109515,0.0,
2021-05-13 06:00:29.320,0,0.2332258917939017,302.8496005921518,0.0,
2021-05-13 06:00:29.330,0,0.1787040557048617,303.6806707948367,0.0,
2021-05-13 06:00:29.340,0,0.2199220294257946,302.3253860487995,0.0,
2021-05-13 06:00:29.350,0,0.1793729786576842,298.26911889765887,0.0,
2021-05-13 06:00:29.360,0,0.2260680098966304,294.0538278135072,0.0,
2021-05-13 06:00:29.370,0,0.2136796519550392,283.87383432113637,0.0,
2021-05-13 06:00:29.380,0,0.1552117502067002,274.9671027669681,0.0,
2021-05-13 06:00:29.390,0,0.1851084891579286,261.60437372629434,0.0,
2021-05-13 06:00:29.400,0,0.1340087801810198,250.60405533819832,0.0,
2021-05-13 06:00:29.410,0,0.1473294980043795,236.02286119732003,0.0,
2021-05-13 06:00:29.420,0,0.1473158052883187,223.0209441968235,0.0,
2021-05-13 06:00:29.430,0,0.12703021478334,205.69296347330769,0.0,
2021-05-13 06:00:29.440,0,0.1130379519245326,191.32095547523159,0.0,
2021-05-13 06:00:29.450,0,0.1191817280534669,176.18075581942367,0.0,
2021-05-13 06:00:29.460,0,0.1256128794667649,162.30870509903502,0.0,
2021-05-13 06:00:29.470,0,0.1122415285889658,148.5360659734766,0.0,
2021-05-13 06:00:29.480,0,0.0733204930423742,133.5564225673951,0.0,
2021-05-13 06:00:29.490,0,0.0748195117155297,119.31689782377596,0.0,
2021-05-13 06:00:29.500,0,0.0607585426489597,105.35226678436666,0.0,
2021-05-13 06:00:29.510,0,0.0681357241722202,93.72111909598965,0.0,
2021-05-13 06:00:29.520,0,0.051936258132686,81.22254732874346,0.0,
2021-05-13 06:00:29.530,0,0.0503054437798422,69.32545333394243,0.0,
2021-05-13 06:00:29.540,0,0.05383521707774,59.51457266368303,1.0,
2021-05-13 06:00:29.550,0,0.0328863943008817,49.402372466422996,1.0,
2021-05-13 06:00:29.560,0,0.0253199395803219,40.81753218047438,1.0,
2021-05-13 06:00:29.570,0,0.0176367536851401,32.345231884612545,1.0,
2021-05-13 06:00:29.580,0,0.0195828653187131,24.80380598242427,1.0,
2021-05-13 06:00:29.590,0,0.0097566326508013,17.766399736891415,1.0,
2021-05-13 06:00:29.600,0,0.0079302581962313,11.521097752050395,1.0,
2021-05-13 06:00:29.610,0,0.0056833390393081,6.044161280453942,1.0,
2021-05-13 06:00:29.620,0,0.0001188057116254,1.134285924244648,1.0,
2021-05-13 06:00:29.630,0,-0.0067476984434928,0.0,1.0,
2021-05-13 06:00:29.640,0,-0.0009101848233463,0.0,1.0,
2021-05-13 06:00:29.650,0,-0.0072928344681104,0.0,1.0,
2021-05-13 06:00:29.660,0,-0.0123939042840795,0.0,1.0,
2021-05-13 06:00:29.670,0,-0.01217376319267,0.0,1.0,
2021-05-13 06:00:29.680,0,-0.0121399026112941,0.0,1.0,
2021-05-13 06:00:29.690,0,-0.0140568971121891,0.0,1.0,
2021-05-13 06:00:29.700,0,-0.0183228499946416,0.0,1.0,
2021-05-13 06:00:29.710,0,-0.009098071718498002,0.0,1.0,
2021-05-13 06:00:29.720,0,-0.0195035157490509,0.0,1.0,
2021-05-13 06:00:29.730,0,-0.0178384106204329,0.0,1.0,
2021-05-13 06:00:29.740,0,-0.0115138694746616,0.0,1.0,
2021-05-13 06:00:29.750,0,-0.0089438808900316,0.0,1.0,
2021-05-13 06:00:29.760,0,-0.0141360200697798,0.0,1.0,
2021-05-13 06:00:29.770,0,-0.0145520818356348,0.0,1.0,
2021-05-13 06:00:29.780,0,-0.013686726173347,0.0,1.0,
2021-05-13 06:00:29.790,0,-0.0105225412196859,0.0,1.0,
2021-05-13 06:00:29.800,0,-0.0121524706712122,0.0,1.0,
2021-05-13 06:00:29.810,0,-0.0136037909348339,0.0,1.0,
2021-05-13 06:00:29.820,0,-0.0097442175053063,0.0,1.0,
2021-05-13 06:00:29.830,0,-0.0088833935500055,0.0,1.0,
2021-05-13 06:00:29.840,0,-0.0087783434986619,0.0,1.0,
2021-05-13 06:00:29.850,0,-0.0047793449695102,0.0,1.0,
2021-05-13 06:00:29.860,0,-0.00724105030981,0.0,1.0,
2021-05-13 06:00:29.870,0,-0.0092105116172081,0.0,1.0,
2021-05-13 06:00:29.880,0,-0.0069432151594737,0.0,1.0,
2021-05-13 06:00:29.890,0,-0.0134192022199133,0.0,1.0,
2021-05-13 06:00:29.900,0,-0.0041500382926332,0.0,1.0,
2021-05-13 06:00:29.910,0,-0.0056811769354693,0.0,1.0,
2021-05-13 06:00:29.920,0,-0.0035657318399437,0.0,1.0,
2021-05-13 06:00:29.930,0,-0.0109937779011988,0.0,1.0,
2021-05-13 06:00:29.940,0,-0.0014670170827395,0.0,1.0,
2021-05-13 06:00:29.950,0,-0.0103495475518631,0.0,1.0,
2021-05-13 06:00:29.960,0,-0.0019971464492,0.0,1.0,
2021-05-13 06:00:29.970,0,-0.0101720309932199,0.0,1.0,
2021-05-13 06:00:29.980,0,0.0042147620330353,0.0,1.0,
2021-05-13 06:00:29.990,0,-0.0039049165118825,0.0,1.0,
2021-05-13 06:00:30.000,1,-0.00095241398818,0.0,1.0,
2021-05-13 06:00:30.010,1,-0.0006638106436103,0.0,1.0,
2021-05-13 06:00:30.020,1,0.0009500300752915,0.0,1.0,
2021-05-13 06:00:30.030,1,-0.005936047002684,0.2350063637727621,1.0,
2021-05-13 06:00:30.040,1,0.0002342893231523,0.4877611003676163,1.0,
2021-05-13 06:00:30.050,1,0.0037918064087514,0.7101189482983287,1.0,
2021-05-13 06:00:30.060,1,0.0010694661146557,0.8850956971105299,1.0,
2021-05-13 06:00:30.070,1,0.0041466045996979,1.0379052176297543,1.0,
2021-05-13 06:00:30.080,1,0.0043658845108736,1.1545276752241802,1.0,
2021-05-13 06:00:30.090,1,-0.0014989135331226,1.2521243772500177,1.0,
2021-05-13 06:00:30.100,1,-0.0003770159394642,1.4615147928577343,1.0,
2021-05-13 06:00:30.110,1,0.0064866944857257,4.023930903258833,1.0,
2021-05-13 06:00:30.120,1,0.0090299072100591,9.350265629197411,1.0,
2021-05-13 06:00:30.130,1,0.0174286664360189,16.759502427878367,1.0,
2021-05-13 06:00:30.140,1,0.0219516008709486,26.86200683195209,1.0,
2021-05-13 06:00:30.150,1,0.0446693129825863,38.27143344041927,1.0,
2021-05-13 06:00:30.160,1,0.0402242588690989,50.39139257445952,1.0,
2021-05-13 06:00:30.170,1,0.0435280170449659,64.3869163667604,1.0,
2021-05-13 06:00:30.180,1,0.0584623665566279,78.38985888434111,0.0,
2021-05-13 06:00:30.190,1,0.0745472588609934,94.10696690240444,0.0,
2021-05-13 06:00:30.200,1,0.0996622540341149,110.87898099505684,0.0,
2021-05-13 06:00:30.210,1,0.1064505977107057,127.71767346557607,0.0,
2021-05-13 06:00:30.220,1,0.1299911142380661,144.09164254364848,0.0,
2021-05-13 06:00:30.230,1,0.1106963218842454,163.99098154362403,0.0,
2021-05-13 06:00:30.240,1,0.1377645518517454,182.12655373979084,0.0,
2021-05-13 06:00:30.250,0,0.1872344096508036,198.53582038093623,0.0,
2021-05-13 06:00:30.260,0,0.1853654344546035,216.41645196083616,0.0,
2021-05-13 06:00:30.270,0,0.1774339366167514,234.26351239298046,0.0,
2021-05-13 06:00:30.280,0,0.1945185025672572,251.3968958790649,0.0,
2021-05-13 06:00:30.290,0,0.1630990989685156,264.1822742898357,0.0,
2021-05-13 06:00:30.300,0,0.2178486288593553,278.60155581377825,0.0,
2021-05-13 06:00:30.310,0,0.2365997924952022,297.9977768693383,0.0,
2021-05-13 06:00:30.320,0,0.2642243465591548,308.33685648064017,0.0,
2021-05-13 06:00:30.330,0,0.2091400463062739,318.4569436148826,0.0,
2021-05-13 06:00:30.340,0,0.2526917316386931,331.40939022351927,0.0,
2021-05-13 06:00:30.350,0,0.301420430995344,342.76681238076463,0.0,
2021-05-13 06:00:30.360,0,0.2754403200651005,348.6677869891076,0.0,
2021-05-13 06:00:30.370,0,0.3044436191881868,349.87200179266813,0.0,
2021-05-13 06:00:30.380,0,0.3106158386939647,349.8914522799835,0.0,
2021-05-13 06:00:30.390,0,0.2934248483832112,343.4297661689025,0.0,
2021-05-13 06:00:30.400,0,0.2013380949022225,336.0311122962832,0.0,
2021-05-13 06:00:30.410,0,0.2649430650228981,327.3231918358396,0.0,
2021-05-13 06:00:30.420,0,0.26977892375962803,314.3817920946326,0.0,
2021-05-13 06:00:30.430,0,0.262979578420505,303.05920304883944,0.0,
2021-05-13 06:00:30.440,0,0.1770080170788035,288.02872632763973,0.0,
2021-05-13 06:00:30.450,0,0.1859995812330004,273.9710876320499,0.0,
2021-05-13 06:00:30.460,0,0.2202936471336976,251.36343149681144,0.0,
2021-05-13 06:00:30.470,0,0.1358161168523104,235.77485769930024,0.0,
2021-05-13 06:00:30.480,0,0.1498212718252197,218.99263565547173,0.0,
2021-05-13 06:00:30.490,0,0.1663933743545092,201.2862101514933,0.0,
2021-05-13 06:00:30.500,0,0.1054526644143854,185.1576621910767,0.0,
2021-05-13 06:00:30.510,0,0.1054633444314934,167.81879288916085,0.0,
2021-05-13 06:00:30.520,0,0.1054161934748999,151.29071433808502,0.0,
2021-05-13 06:00:30.530,0,0.0857302531316658,134.64579612300466,0.0,
2021-05-13 06:00:30.540,0,0.0877139555289844,119.96583765068227,0.0,
2021-05-13 06:00:30.550,0,0.0718377357729691,105.21542399321731,0.0,
2021-05-13 06:00:30.560,0,0.0652929242755612,92.25752033075787,0.0,
2021-05-13 06:00:30.570,0,0.0546439665279787,78.98056534741262,1.0,
2021-05-13 06:00:30.580,0,0.0435338902331002,67.17281217197639,1.0,
2021-05-13 06:00:30.590,0,0.0494755490119124,55.739368453472395,1.0,
2021-05-13 06:00:30.600,0,0.0244054667386262,44.93847281058303,1.0,
2021-05-13 06:00:30.610,0,0.0251126329193724,35.69022556517361,1.0,
2021-05-13 06:00:30.620,0,0.0263624896681776,27.068555098262305,1.0,
2021-05-13 06:00:30.630,0,0.0150794819889644,19.074828348136624,1.0,
2021-05-13 06:00:30.640,0,0.0065509805473093,12.104870427112644,1.0,
2021-05-13 06:00:30.650,0,0.0049532789227181,5.792286820269189,1.0,
2021-05-13 06:00:30.660,0,-2.9375693757961122e-05,0.2701562088768681,1.0,
2021-05-13 06:00:30.670,0,-0.0127470399979927,0.0,1.0,
2021-05-13 06:00:30.680,0,-0.010928091613673,0.0,1.0,
2021-05-13 06:00:30.690,0,-0.0098502612884615,0.0,1.0,
2021-05-13 06:00:30.700,0,-0.0093187668114434,0.0,1.0,
2021-05-13 06:00:30.710,0,-0.018534327621259,0.0,1.0,
2021-05-13 06:00:30.720,0,-0.0126745786557321,0.0,1.0,
2021-05-13 06:00:30.730,0,-0.0219224162424121,0.0,1.0,
2021-05-13 06:00:30.740,0,-0.0225642467511382,0.0,1.0,
2021-05-13 06:00:30.750,0,-0.0177741121724316,0.0,1.0,
2021-05-13 06:00:30.760,0,-0.0183092281448992,0.0,1.0,
2021-05-13 06:00:30.770,0,-0.0176614319002654,0.0,1.0,
2021-05-13 06:00:30.780,0,-0.0281631129403195,0.0,1.0,
2021-05-13 06:00:30.790,0,-0.0165150315360614,0.0,1.0,
2021-05-13 06:00:30.800,0,-0.0236644848800883,0.0,1.0,
2021-05-13 06:00:30.810,0,-0.0132854884803824,0.0,1.0,
2021-05-13 06:00:30.820,0,-0.0194804870685733,0.0,1.0,
2021-05-13 06:00:30.830,0,-0.0174091366066358,0.0,1.0,
2021-05-13 06:00:30.840,0,-0.0199306354400376,0.0,1.0,
2021-05-13 06:00:30.850,0,-0.0133708518541409,0.0,1.0,
2021-05-13 06:00:30.860,0,-0.0112452715936846,0.0,1.0,
2021-05-13 06:00:30.870,0,-0.0138758718334068,0.0,1.0,
2021-05-13 06:00:30.880,0,-0.0123464106202711,0.0,1.0,
2021-05-13 06:00:30.890,0,-0.0143425794908723,0.0,1.0,
2021-05-13 06:00:30.900,0,-0.0088131715640021,0.0,1.0,
2021-05-13 06:00:30.910,0,-0.0063921563935029,0.0,1.0,
2021-05-13 06:00:30.920,0,-0.0163190083754272,0.0,1.0,
2021-05-13 06:00:30.930,0,-0.0062670744857905,0.0,1.0,
2021-05-13 06:00:30.940,0,-0.0031467563050984,0.0,1.0,
2021-05-13 06:00:30.950,0,-0.0006394058736048,0.0,1.0,
2021-05-13 06:00:30.960,0,-0.0116663236993449,0.0,1.0,
2021-05-13 06:00:30.970,0,-0.0035316030983844,0.0,1.0,
2021-05-13 06:00:30.980,0,-0.0010407922071793,0.0,1.0,
2021-05-13 06:00:30.990,0,-0.0020262168077455,0.0,1.0,
2021-05-13 06:00:31.000,1,0.001402544871019,0.0,1.0,
2021-05-13 06:00:31.010,1,0.0001316385102902,0.0,1.0,
2021-05-13 06:00:31.020,1,-0.0007939634423944,0.0,1.0,
2021-05-13 06:00:31.030,1,0.0039514324089631,0.0,1.0,
2021-05-13 06:00:31.040,1,-0.0036812317688674,0.0,1.0,
2021-05-13 06:00:31.050,1,-0.0003349377926809,0.0,1.0,
2021-05-13 06:00:31.060,1,0.0016104200607588,0.0044966159666308,1.0,
2021-05-13 06:00:31.070,1,-0.0038711213761434,0.333787500569109,1.0,
2021-05-13 06:00:31.080,1,0.0025492196518596,0.6112082353319682,1.0,
2021-05-13 06:00:31.090,1,0.0025178276545305,0.8535317695272887,1.0,
2021-05-13 06:00:31.100,1,0.0022549307101669,1.200729400701575,1.0,
2021-05-13 06:00:31.110,1,0.0012431008723417,3.8594155308282514,1.0,
2021-05-13 06:00:31.120,1,0.0082443228484745,9.227814382705557,1.0,
2021-05-13 06:00:31.130,1,0.018543748434333,17.00838469989276,1.0,
2021-05-13 06:00:31.140,1,0.0252596217071255,26.713820679791212,1.0,
2021-05-13 06:00:31.150,1,0.0434993517336468,38.27818043449084,1.0,
2021-05-13 06:00:31.160,1,0.0460852366051094,50.58421873363465,1.0,
2021-05-13 06:00:31.170,1,0.0465397079950405,63.62116896640936,1.0,
2021-05-13 06:00:31.180,1,0.0803466534530953,78.8724274954725,1.0,
2021-05-13 06:00:31.190,1,0.096513779683458,93.63660554191944,1.0,
2021-05-13 06:00:31.200,1,0.0965416066576449,108.52450371290483,0.0,
2021-05-13 06:00:31.210,1,0.1222561801222214,125.78160187541953,0.0,
2021-05-13 06:00:31.220,1,0.1050971154055601,142.08622237588395,0.0,
2021-05-13 06:00:31.230,1,0.1376401236182965,160.3190462371453,0.0,
2021-05-13 06:00:31.240,1,0.1325838085557063,178.056268171118,0.0,
2021-05-13 06:00:31.250,1,0.1853233970147014,193.9471030228606,0.0,
2021-05-13 06:00:31.260,1,0.199998620524185,211.0402025205124,0.0,
2021-05-13 06:00:31.270,1,0.2222086036253089,229.63546782443615,0.0,
2021-05-13 06:00:31.280,1,0.1985607157475616,243.53303031042358,0.0,
2021-05-13 06:00:31.290,1,0.2013189777610959,262.56030690866737,0.0,
2021-05-13 06:00:31.300,0,0.1930526313080298,276.30886227402544,0.0,
2021-05-13 06:00:31.310,0,0.2662187161703866,291.62342092066893,0.0,
2021-05-13 06:00:31.320,0,0.2189451758874244,304.84935551716825,0.0,
2021-05-13 06:00:31.330,0,0.2901690772078936,316.7005083814086,0.0,
2021-05-13 06:00:31.340,0,0.3295594749161116,327.98219607273825,0.0,
2021-05-13 06:00:31.350,0,0.3181884061296366,341.38779340355563,0.0,
2021-05-13 06:00:31.360,0,0.2895317375908957,348.6163623862758,0.0,
2021-05-13 06:00:31.370,0,0.3203756120905779,354.1567763901713,0.0,
2021-05-13 06:00:31.380,0,0.2750622877285168,369.78644511217453,0.0,
2021-05-13 06:00:31.390,0,0.3077947258745098,376.6683894492789,0.0,
2021-05-13 06:00:31.400,0,0.3207275071968378,382.06319127436797,0.0,
2021-05-13 06:00:31.410,0,0.3453537157837408,382.47119234240165,0.0,
2021-05-13 06:00:31.420,0,0.2503535176031227,381.5745739668912,0.0,
2021-05-13 06:00:31.430,0,0.3330961136771179,379.13227599720926,0.0,
2021-05-13 06:00:31.440,0,0.3467660537181503,371.81246062000173,0.0,
2021-05-13 06:00:31.450,0,0.25879125559862604,363.063622041643,0.0,
2021-05-13 06:00:31.460,0,0.284483985426216,346.26773988310555,0.0,
2021-05-13 06:00:31.470,0,0.2801897923179184,331.59585357820094,0.0,
2021-05-13 06:00:31.480,0,0.2738424064784458,316.4099951660678,0.0,
2021-05-13 06:00:31.490,0,0.1930702151957804,301.0834647405964,0.0,
2021-05-13 06:00:31.500,0,0.2529852757072423,282.8137845889703,0.0,
2021-05-13 06:00:31.510,0,0.2153417465163886,263.41517129107217,0.0,
2021-05-13 06:00:31.520,0,0.1633514696366671,245.3741453017581,0.0,
2021-05-13 06:00:31.530,0,0.181635864802204,222.6286312876871,0.0,
2021-05-13 06:00:31.540,0,0.1218731841102377,204.23326951026039,0.0,
2021-05-13 06:00:31.550,0,0.1313703856315284,187.13986845609423,0.0,
2021-05-13 06:00:31.560,0,0.1209955077994539,169.21127972762383,0.0,
2021-05-13 06:00:31.570,0,0.0976243598111388,151.3158082474944,0.0,
2021-05-13 06:00:31.580,0,0.082441896824274,132.96008460958384,0.0,
2021-05-13 06:00:31.590,0,0.0780117452173743,118.94807971394505,0.0,
2021-05-13 06:00:31.600,0,0.0599451996809594,101.23252391742916,1.0,
2021-05-13 06:00:31.610,0,0.0506958771262415,88.93012414140146,1.0,
2021-05-13 06:00:31.620,0,0.0571050591898288,74.29004919659523,1.0,
2021-05-13 06:00:31.630,0,0.04052566156877,62.523489744044895,1.0,
2021-05-13 06:00:31.640,0,0.0384890829344252,50.67384036421031,1.0,
2021-05-13 06:00:31.650,0,0.0296807055408993,40.58102664154129,1.0,
2021-05-13 06:00:31.660,0,0.0253348041820186,30.51019414738773,1.0,
2021-05-13 06:00:31.670,0,0.0199219070290818,21.75986298930745,1.0,
2021-05-13 06:00:31.680,0,0.0107967809997639,13.98537077777585,1.0,
2021-05-13 06:00:31.690,0,0.0094689971197152,6.906113254531933,1.0,
2021-05-13 06:00:31.700,0,-0.0023812146947629,0.703688526282928,1.0,
2021-05-13 06:00:31.710,0,-0.002900959730793,0.0,1.0,
2021-05-13 06:00:31.720,0,-0.0088128933943421,0.0,1.0,
2021-05-13 06:00:31.730,0,-0.0110240761625782,0.0,1.0,
2021-05-13 06:00:31.740,0,-0.0110253103445139,0.0,1.0,
2021-05-13 06:00:31.750,0,-0.0113974793971452,0.0,1.0,
2021-05-13 06:00:31.760,0,-0.0179262730055301,0.0,1.0,
2021-05-13 06:00:31.770,0,-0.0132195700636754,0.0,1.0,
2021-05-13 06:00:31.780,0,-0.012394228164711,0.0,1.0,
2021-05-13 06:00:31.790,0,-0.0227855179922264,0.0,1.0,
2021-05-13 06:00:31.800,0,-0.0117676113041684,0.0,1.0,
2021-05-13 06:00:31.810,0,-0.020927585531758,0.0,1.0,
2021-05-13 06:00:31.820,0,-0.023632253089057004,0.0,1.0,
2021-05-13 06:00:31.830,0,-0.0175747793380184,0.0,1.0,
2021-05-13 06:00:31.840,0,-0.0139324045093943,0.0,1.0,
2021-05-13 06:00:31.850,0,-0.013338975996599,0.0,1.0,
2021-05-13 06:00:31.860,0,-0.0189254346319366,0.0,1.0,
2021-05-13 06:00:31.870,0,-0.0202721181034443,0.0,1.0,
2021-05-13 06:00:31.880,0,-0.0137558416245827,0.0,1.0,
2021-05-13 06:00:31.890,0,-0.0158666460957358,0.0,1.0,
2021-05-13 06:00:31.900,0,-0.0182287614060639,0.0,1.0,
2021-05-13 06:00:31.910,0,-0.0131926240521198,0.0,1.0,
2021-05-13 06:00:31.920,0,-0.0134379834985813,0.0,1.0,
2021-05-13 06:00:31.930,0,-0.0162395810091546,0.0,1.0,
2021-05-13 06:00:31.940,0,-0.0120419033987853,0.0,1.0,
2021-05-13 06:00:31.950,0,-0.0055126732888013,0.0,1.0,
2021-05-13 06:00:31.960,0,-0.0079075662385723,0.0,1.0,
2021-05-13 06:00:31.970,0,-0.0075141888286399,0.0,1.0,
2021-05-13 06:00:31.980,0,-0.0112662790709664,0.0,1.0,
2021-05-13 06:00:31.990,0,0.0003531188637528,0.0,1.0,
2021-05-13 06:00:32.000,1,-0.0053553978958008,0.0,1.0,
2021-05-13 06:00:32.010,1,-0.0009435926074008,0.0,1.0,
2021-05-13 06:00:32.020,1,-0.0034998606689139,0.0,1.0,
2021-05-13 06:00:32.030,1,-0.0037632611475493,0.0,1.0,
2021-05-13 06:00:32.040,1,-0.0077428172202846,0.0,1.0,
2021-05-13 06:00:32.050,1,-0.0046306288146903,0.0,1.0,
2021-05-13 06:00:32.060,1,-0.007938805751364,0.0,1.0,
2021-05-13 06:00:32.070,1,-0.0022388581099895,0.0,1.0,
2021-05-13 06:00:32.080,1,0.0040881088467695,0.0,1.0,
2021-05-13 06:00:32.090,1,-0.0041074542287128,0.0,1.0,
2021-05-13 06:00:32.100,1,0.0016863786208869,0.1268190077040494,1.0,
2021-05-13 06:00:32.110,1,-0.0018761923328654,2.9860891908068345,1.0,
2021-05-13 06:00:32.120,1,0.004919508233377,8.583608425823058,1.0,
2021-05-13 06:00:32.130,1,0.0115270732460029,16.46042226036339,1.0,
2021-05-13 06:00:32.140,1,0.0223619364327667,26.376675927157144,1.0,
2021-05-13 06:00:32.150,1,0.0262095995013131,37.87417979919068,1.0,
2021-05-13 06:00:32.160,1,0.0408976245920455,50.301860465754565,1.0,
2021-05-13 06:00:32.170,1,0.0507960615221677,64.33729809835779,1.0,
2021-05-13 06:00:32.180,1,0.0684059567462505,78.57837661574362,1.0,
2021-05-13 06:00:32.190,1,0.0714179721325044,94.08851713547615,1.0,
2021-05-13 06:00:32.200,1,0.0971774084661212,108.83059470459328,1.0,
2021-05-13 06:00:32.210,1,0.1137146105238617,125.00536682838158,0.0,
2021-05-13 06:00:32.220,1,0.098171358810946,141.07421713158536,0.0,
2021-05-13 06:00:32.230,1,0.1229177251693345,156.67011801264675,0.0,
2021-05-13 06:00:32.240,1,0.1344501299957652,171.4749446519954,0.0,
2021-05-13 06:00:32.250,1,0.1180066560751539,189.47833151775745,0.0,
2021-05-13 06:00:32.260,1,0.1942369651080998,205.6127150608783,0.0,
2021-05-13 06:00:32.270,1,0.1446179081771024,223.7913611690045,0.0,
2021-05-13 06:00:32.280,1,0.1877024157753407,239.79704037336685,0.0,
2021-05-13 06:00:32.290,1,0.16824413422858406,252.7334582540528,0.0,
2021-05-13 06:00:32.300,1,0.2422947159754341,269.7265690134326,0.0,
2021-05-13 06:00:32.310,1,0.2332768119652922,283.6451585642503,0.0,
2021-05-13 06:00:32.320,1,0.2690128899791723,296.4369664999818,0.0,
2021-05-13 06:00:32.330,1,0.1971238937480184,313.88009801855213,0.0,
2021-05-13 06:00:32.340,1,0.246765934018916,322.7092677562887,0.0,
2021-05-13 06:00:32.350,0,0.2825748989981571,331.72821081338043,0.0,
2021-05-13 06:00:32.360,0,0.2162202921759719,344.23457169854316,0.0,
2021-05-13 06:00:32.370,0,0.2441785037097672,353.85809390068016,0.0,
2021-05-13 06:00:32.380,0,0.2989487091936912,361.58234268743485,0.0,
2021-05-13 06:00:32.390,0,0.3311654153269386,369.9301480583272,0.0,
2021-05-13 06:00:32.400,0,0.2415178973273318,376.24257085679693,0.0,
2021-05-13 06:00:32.410,0,0.3137305178097491,380.9787387802625,0.0,
2021-05-13 06:00:32.420,0,0.3568834593663584,391.1807683805931,0.0,
2021-05-13 06:00:32.430,0,0.2710323752894897,392.2832925817109,0.0,
2021-05-13 06:00:32.440,0,0.2546901203840029,394.66385726408913,0.0,
2021-05-13 06:00:32.450,0,0.2905267023190779,399.14814053872476,0.0,
2021-05-13 06:00:32.460,0,0.2800913375277002,399.9144383334437,0.0,
2021-05-13 06:00:32.470,0,0.2762729457338835,393.4437257626952,0.0,
2021-05-13 06:00:32.480,0,0.3480316324728639,393.754697217016,0.0,
2021-05-13 06:00:32.490,0,0.2786048270324389,380.77502672239035,0.0,
2021-05-13 06:00:32.500,0,0.2985223835427902,369.3423201619188,0.0,
2021-05-13 06:00:32.510,0,0.2756938100678238,350.13931966343125,0.0,
2021-05-13 06:00:32.520,0,0.2084172422348098,335.15830461158725,0.0,
2021-05-13 06:00:32.530,0,0.264933470768428,318.1795053044602,0.0,
2021-05-13 06:00:32.540,0,0.2146777946718564,299.27067582864345,0.0,
2021-05-13 06:00:32.550,0,0.2153723148142705,279.9702631223512,0.0,
2021-05-13 06:00:32.560,0,0.146840443334953,257.56155060505984,0.0,
2021-05-13 06:00:32.570,0,0.1688395872463745,239.76319819157717,0.0,
2021-05-13 06:00:32.580,0,0.1681658750310605,221.38736973784057,0.0,
2021-05-13 06:00:32.590,0,0.13493596430006,200.99822230128163,0.0,
2021-05-13 06:00:32.600,0,0.1331800280104255,180.68878066277927,0.0,
2021-05-13 06:00:32.610,0,0.1047761003974515,163.32301522388764,0.0,
2021-05-13 06:00:32.620,0,0.1233281567964077,144.48165542137383,0.0,
2021-05-13 06:00:32.630,0,0.0979683118340825,129.2862395883343,1.0,
2021-05-13 06:00:32.640,0,0.0759698706972134,111.88754727893944,1.0,
2021-05-13 06:00:32.650,0,0.0749800720903091,97.32573287296108,1.0,
2021-05-13 06:00:32.660,0,0.0492866481462529,82.01533434734006,1.0,
2021-05-13 06:00:32.670,0,0.0331931809995369,69.02711292333457,1.0,
2021-05-13 06:00:32.680,0,0.0379452396938555,56.89346427350269,1.0,
2021-05-13 06:00:32.690,0,0.031003445896985,45.5278577920465,1.0,
2021-05-13 06:00:32.700,0,0.0262336399617478,35.098723439166285,1.0,
2021-05-13 06:00:32.710,0,0.0152288062407126,25.30778953694077,1.0,
2021-05-13 06:00:32.720,0,0.0091300301070693,17.198858367099213,1.0,
2021-05-13 06:00:32.730,0,0.0062255768502272,9.330092142264279,1.0,
2021-05-13 06:00:32.740,0,-0.0042040223241471,2.6508535000623827,1.0,
2021-05-13 06:00:32.750,0,-0.0039616402917282,0.0,1.0,
2021-05-13 06:00:32.760,0,-0.0023199444930503,0.0,1.0,
2021-05-13 06:00:32.770,0,-0.0097520452647466,0.0,1.0,
2021-05-13 06:00:32.780,0,-0.013530038226812998,0.0,1.0,
2021-05-13 06:00:32.790,0,-0.0082384155357306,0.0,1.0,
2021-05-13 06:00:32.800,0,-0.0201561408788179,0.0,1.0,
2021-05-13 06:00:32.810,0,-0.0087570387587798,0.0,1.0,
2021-05-13 06:00:32.820,0,-0.0159773446969744,0.0,1.0,
2021-05-13 06:00:32.830,0,-0.0232904739268016,0.0,1.0,
2021-05-13 06:00:32.840,0,-0.020061663047836003,0.0,1.0,
2021-05-13 06:00:32.850,0,-0.0182193172862622,0.0,1.0,
2021-05-13 06:00:32.860,0,-0.0124004752945319,0.0,1.0,
2021-05-13 06:00:32.870,0,-0.0183753203434093,0.0,1.0,
2021-05-13 06:00:32.880,0,-0.0169347760003929,0.0,1.0,
2021-05-13 06:00:32.890,0,-0.012988085599393998,0.0,1.0,
2021-05-13 06:00:32.900,0,-0.0186309058381742,0.0,1.0,
2021-05-13 06:00:32.910,0,-0.0121234571816544,0.0,1.0,
2021-05-13 06:00:32.920,0,-0.0132058381187515,0.0,1.0,
2021-05-13 06:00:32.930,0,-0.0151458227538657,0.0,1.0,
2021-05-13 06:00:32.940,0,-0.0167248260194871,0.0,1.0,
2021-05-13 06:00:32.950,0,-0.0096178673229716,0.0,1.0,
2021-05-13 06:00:32.960,0,-0.0126638156590472,0.0,1.0,
2021-05-13 06:00:32.970,0,-0.0107982625831957,0.0,1.0,
2021-05-13 06:00:32.980,0,-0.005766397452284,0.0,1.0,
2021-05-13 06:00:32.990,0,-0.00750116733374,0.0,1.0,
2021-05-13 06:00:33.000,1,-0.0094822587886026,0.0,1.0,
2021-05-13 06:00:33.010,1,-0.010356412516176,0.0,1.0,
2021-05-13 06:00:33.020,1,-0.0112299563080937,0.0,1.0,
2021-05-13 06:00:33.030,1,-0.0049976532356779,0.0,1.0,
2021-05-13 06:00:33.040,1,-0.0044495067061835,0.0,1.0,
2021-05-13 06:00:33.050,1,-0.0024006438117847,0.0,1.0,
2021-05-13 06:00:33.060,1,-0.0023215059422885,0.0,1.0,
2021-05-13 06:00:33.070,1,0.0014608484084226,0.0,1.0,
2021-05-13 06:00:33.080,1,-0.0060671113358079,0.0,1.0,
2021-05-13 06:00:33.090,1,-0.0014261869415067,0.0,1.0,
2021-05-13 06:00:33.100,1,-0.0034443720220458,0.0,1.0,
2021-05-13 06:00:33.110,1,-0.0021687284313144,0.9738744517888096,1.0,
2021-05-13 06:00:33.120,1,0.0070012979320426,6.768144625361494,1.0,
2021-05-13 06:00:33.130,1,0.0055276156956476,14.864876080032008,1.0,
2021-05-13 06:00:33.140,1,0.0195625857066123,24.80334873768549,1.0,
2021-05-13 06:00:33.150,1,0.0302919623652888,36.65796122177645,1.0,
2021-05-13 06:00:33.160,1,0.0389984591508245,49.5279816594786,1.0,
2021-05-13 06:00:33.170,1,0.0493427411266457,63.131892362967434,1.0,
2021-05-13 06:00:33.180,1,0.0537977633710343,77.54434496613972,1.0,
2021-05-13 06:00:33.190,1,0.0685003414898943,92.32956085972928,1.0,
2021-05-13 06:00:33.200,1,0.0721379180740825,108.48042711173277,1.0,
2021-05-13 06:00:33.210,1,0.0738427836816001,122.85541381195006,1.0,
2021-05-13 06:00:33.220,1,0.1160390227709344,139.0332274708876,1.0,
2021-05-13 06:00:33.230,1,0.1152400379845719,154.90954647259986,0.0,
2021-05-13 06:00:33.240,1,0.1139524556413455,169.03391170701363,0.0,
2021-05-13 06:00:33.250,1,0.1714658026474597,183.91382276740157,0.0,
2021-05-13 06:00:33.260,1,0.1759602780562011,199.8769318103307,0.0,
2021-05-13 06:00:33.270,1,0.1406029793941123,218.67534020561885,0.0,
2021-05-13 06:00:33.280,1,0.1976233991065175,232.7631329636716,0.0,
2021-05-13 06:00:33.290,1,0.1591961754551261,247.2812424130079,0.0,
2021-05-13 06:00:33.300,1,0.1681748179781525,261.4527509321971,0.0,
2021-05-13 06:00:33.310,1,0.2124598299254357,272.0073793695951,0.0,
2021-05-13 06:00:33.320,1,0.2515959749402747,288.01221177033267,0.0,
2021-05-13 06:00:33.330,1,0.194678931249344,299.6604259560296,0.0,
2021-05-13 06:00:33.340,1,0.2493447749938947,311.2475482696816,0.0,
2021-05-13 06:00:33.350,1,0.2774919330971593,320.79192797301636,0.0,
2021-05-13 06:00:33.360,1,0.3037545337654743,333.04270144735335,0.0,
2021-05-13 06:00:33.370,1,0.2640344234552473,341.2728909238436,0.0,
2021-05-13 06:00:33.380,1,0.3400499338510615,350.4624608907465,0.0,
2021-05-13 06:00:33.390,1,0.2470146575293715,357.7891819958244,0.0,
2021-05-13 06:00:33.400,0,0.3524680061249595,363.7867202977658,0.0,
2021-05-13 06:00:33.410,0,0.2726017045770321,371.7505409604786,0.0,
2021-05-13 06:00:33.420,0,0.2568966108696494,377.3102686603383,0.0,
2021-05-13 06:00:33.430,0,0.3573779002477627,382.0454224352545,0.0,
2021-05-13 06:00:33.440,0,0.2641869870219794,386.9871157743934,0.0,
2021-05-13 06:00:33.450,0,0.3014123177050948,387.150490948946,0.0,
2021-05-13 06:00:33.460,0,0.3626502495264036,391.8829714292437,0.0,
2021-05-13 06:00:33.470,0,0.3436865218337678,395.2565884567821,0.0,
2021-05-13 06:00:33.480,0,0.3073082128564872,394.2421981029374,0.0,
2021-05-13 06:00:33.490,0,0.3179484299539483,398.2787720111866,0.0,
2021-05-13 06:00:33.500,0,0.316811836805469,397.01579502793936,0.0,
2021-05-13 06:00:33.510,0,0.3398667158576658,401.5950679022663,0.0,
2021-05-13 06:00:33.520,0,0.3258976260225557,392.6032172061013,0.0,
2021-05-13 06:00:33.530,0,0.3626224504214802,383.6323026357954,0.0,
2021-05-13 06:00:33.540,0,0.2937197698206675,371.3559461772385,0.0,
2021-05-13 06:00:33.550,0,0.3532792147668417,358.5654912391905,0.0,
2021-05-13 06:00:33.560,0,0.3375425846624638,344.2329476773125,0.0,
2021-05-13 06:00:33.570,0,0.2828511156571278,323.1569797767285,0.0,
2021-05-13 06:00:33.580,0,0.2283421631526312,307.2424557608668,0.0,
2021-05-13 06:00:33.590,0,0.2318763203475689,288.75823434492884,0.0,
2021-05-13 06:00:33.600,0,0.2279729764504118,266.87680726176967,0.0,
2021-05-13 06:00:33.610,0,0.2071418995671063,249.6756746487604,0.0,
2021-05-13 06:00:33.620,0,0.1665350393965815,229.71752623095512,0.0,
2021-05-13 06:00:33.630,0,0.16282201946376298,208.4487704895841,0.0,
2021-05-13 06:00:33.640,0,0.1219463316388454,190.4731353522736,0.0,
2021-05-13 06:00:33.650,0,0.1612034384867977,170.66123759498456,0.0,
2021-05-13 06:00:33.660,0,0.1066535491331669,154.6363969023629,0.0,
2021-05-13 06:00:33.670,0,0.1163422713976611,135.43142883494977,1.0,
2021-05-13 06:00:33.680,0,0.0942588654407855,119.67247885646826,1.0,
2021-05-13 06:00:33.690,0,0.0905854579218641,103.66950897357313,1.0,
2021-05-13 06:00:33.700,0,0.0765099515039269,88.74795110468159,1.0,
2021-05-13 06:00:33.710,0,0.0652996669873126,75.88971436212594,1.0,
2021-05-13 06:00:33.720,0,0.0538398024008074,63.01896996632866,1.0,
2021-05-13 06:00:33.730,0,0.0393458055996223,50.70706359740545,1.0,
2021-05-13 06:00:33.740,0,0.0289506811634901,40.2018279981459,1.0,
2021-05-13 06:00:33.750,0,0.0249339660481024,30.03283700040997,1.0,
2021-05-13 06:00:33.760,0,0.0173875937644955,21.24331080345864,1.0,
2021-05-13 06:00:33.770,0,0.0157070650228391,13.048563668121028,1.0,
2021-05-13 06:00:33.780,0,0.0016853166474399,6.0706809966049375,1.0,
2021-05-13 06:00:33.790,0,-0.0020659555836917,0.0,1.0,
2021-05-13 06:00:33.800,0,-0.0039281134806457,0.0,1.0,
2021-05-13 06:00:33.810,0,-0.0065710126241934,0.0,1.0,
2021-05-13 06:00:33.820,0,-0.0074451072729818,0.0,1.0,
2021-05-13 06:00:33.830,0,-0.0208391939823504,0.0,1.0,
2021-05-13 06:00:33.840,0,-0.0155100252802734,0.0,1.0,
2021-05-13 06:00:33.850,0,-0.01298851675859,0.0,1.0,
2021-05-13 06:00:33.860,0,-0.017546959857185,0.0,1.0,
2021-05-13 06:00:33.870,0,-0.0220591758014572,0.0,1.0,
2021-05-13 06:00:33.880,0,-0.0185426772623638,0.0,1.0,
2021-05-13 06:00:33.890,0,-0.0164985586451145,0.0,1.0,
2021-05-13 06:00:33.900,0,-0.0165310402229796,0.0,1.0,
2021-05-13 06:00:33.910,0,-0.0143963909458367,0.0,1.0,
2021-05-13 06:00:33.920,0,-0.0206335958861399,0.0,1.0,
2021-05-13 06:00:33.930,0,-0.0172794006368724,0.0,1.0,
2021-05-13 06:00:33.940,0,-0.0226108899893111,0.0,1.0,
2021-05-13 06:00:33.950,0,-0.0130760308858092,0.0,1.0,
2021-05-13 06:00:33.960,0,-0.0180057500022596,0.0,1.0,
2021-05-13 06:00:33.970,0,-0.0153499339899039,0.0,1.0,
2021-05-13 06:00:33.980,0,-0.0168577705531042,0.0,1.0,
2021-05-13 06:00:33.990,0,-0.0166425571220189,0.0,1.0,
2021-05-13 06:00:34.000,1,-0.0132904401338111,0.0,1.0,
2021-05-13 06:00:34.010,1,-0.0106072801436977,0.0,1.0,
2021-05-13 06:00:34.020,1,-0.0043388636303402,0.0,1.0,
2021-05-13 06:00:34.030,1,-0.0092901662003148,0.0,1.0,
2021-05-13 06:00:34.040,1,-0.0070803859858048,0.0,1.0,
2021-05-13 06:00:34.050,1,-0.0104546289213493,0.0,1.0,
2021-05-13 06:00:34.060,1,-0.0065016508448585,0.0,1.0,
2021-05-13 06:00:34.070,1,-0.0069895761872089,0.0,1.0,
2021-05-13 06:00:34.080,1,-0.0078024075250708,0.0,1.0,
2021-05-13 06:00:34.090,1,-0.0048189163553089,0.0,1.0,
2021-05-13 06:00:34.100,1,-0.0135327433063275,0.0,1.0,
2021-05-13 06:00:34.110,1,0.0013691330886464,0.0,1.0,
2021-05-13 06:00:34.120,1,0.0043874400449679,3.6543242135572496,1.0,
2021-05-13 06:00:34.130,1,0.0032716327382761,12.144429351788881,1.0,
2021-05-13 06:00:34.140,1,0.0124455120248972,22.49602832301464,1.0,
2021-05-13 06:00:34.150,1,0.0195743977040606,34.62252416008694,1.0,
2021-05-13 06:00:34.160,1,0.0378856559238695,48.02716820373786,1.0,
2021-05-13 06:00:34.170,1,0.0494600644721353,61.9445829382483,1.0,
2021-05-13 06:00:34.180,1,0.0468491106376909,77.29994037919738,1.0,
2021-05-13 06:00:34.190,1,0.0739859417561458,91.27993976978114,1.0,
2021-05-13 06:00:34.200,1,0.0696300982049583,107.41887550928594,1.0,
2021-05-13 06:00:34.210,1,0.0787052957878451,123.18658911571899,1.0,
2021-05-13 06:00:34.220,1,0.0854799265700283,139.61985304088168,1.0,
2021-05-13 06:00:34.230,1,0.1018633243106128,154.48500648431352,1.0,
2021-05-13 06:00:34.240,1,0.1086045278456866,169.41716198302586,0.0,
2021-05-13 06:00:34.250,1,0.1434567869271032,184.55212164521402,0.0,
2021-05-13 06:00:34.260,1,0.1436726113700697,200.00356926866942,0.0,
2021-05-13 06:00:34.270,1,0.1278466323925725,217.33232500590847,0.0,
2021-05-13 06:00:34.280,1,0.1577278533964089,230.2132978787777,0.0,
2021-05-13 06:00:34.290,1,0.1739761444177557,246.09240965695042,0.0,
2021-05-13 06:00:34.300,1,0.1537660434533011,259.86471499230333,0.0,
2021-05-13 06:00:34.310,1,0.2038911301552638,274.5261581507763,0.0,
2021-05-13 06:00:34.320,1,0.2047479666893732,286.4698153344608,0.0,
2021-05-13 06:00:34.330,1,0.2305827096913457,300.4882309114785,0.0,
2021-05-13 06:00:34.340,1,0.2194027990274168,312.27716293878024,0.0,
2021-05-13 06:00:34.350,1,0.2447100869490704,321.19502714883447,0.0,
2021-05-13 06:00:34.360,1,0.2274150907341704,332.1364106807231,0.0,
2021-05-13 06:00:34.370,1,0.2648157461720754,344.7116373419072,0.0,
2021-05-13 06:00:34.380,1,0.2740242354264516,353.80552321834983,0.0,
2021-05-13 06:00:34.390,1,0.2809402879756877,359.9991366890815,0.0,
2021-05-13 06:00:34.400,1,0.2825643471354933,365.7520971592022,0.0,
2021-05-13 06:00:34.410,1,0.2791531354359057,374.3398749852638,0.0,
2021-05-13 06:00:34.420,1,0.326060858457038,379.96142495708716,0.0,
2021-05-13 06:00:34.430,1,0.2560463155198229,385.64016922280166,0.0,
2021-05-13 06:00:34.440,1,0.3180497208673109,387.0609787790368,0.0,
2021-05-13 06:00:34.450,0,0.3197006182606848,392.24864373673887,0.0,
2021-05-13 06:00:34.460,0,0.2455642325007316,392.45196711943015,0.0,
2021-05-13 06:00:34.470,0,0.2701797661204166,398.8930224422409,0.0,
2021-05-13 06:00:34.480,0,0.2995711633965236,403.8461542398928,0.0,
2021-05-13 06:00:34.490,0,0.304113881795011,400.95666766077596,0.0,
2021-05-13 06:00:34.500,0,0.3540518511160412,406.1366093719059,0.0,
2021-05-13 06:00:34.510,0,0.2511069709368649,404.42885134509766,0.0,
2021-05-13 06:00:34.520,0,0.3572930248999843,409.8741041922339,0.0,
2021-05-13 06:00:34.530,0,0.2655371758141486,407.04572908919516,0.0,
2021-05-13 06:00:34.540,0,0.3286246868420872,410.5380114151558,0.0,
2021-05-13 06:00:34.550,0,0.331972177423517,403.8132591900219,0.0,
2021-05-13 06:00:34.560,0,0.2892821475371639,401.1832289860546,0.0,
2021-05-13 06:00:34.570,0,0.3301970361840221,395.42654825633775,0.0,
2021-05-13 06:00:34.580,0,0.2700786809336597,383.89955949247206,0.0,
2021-05-13 06:00:34.590,0,0.3084294450357857,374.2821413101039,0.0,
2021-05-13 06:00:34.600,0,0.2486581875960046,357.4621759321608,0.0,
2021-05-13 06:00:34.610,0,0.27301148996289304,344.62155185627,0.0,
2021-05-13 06:00:34.620,0,0.256824130524946,324.1115011361236,0.0,
2021-05-13 06:00:34.630,0,0.23105589192873,303.79022748874246,0.0,
2021-05-13 06:00:34.640,0,0.2366697990078263,286.87646869109625,0.0,
2021-05-13 06:00:34.650,0,0.1654692974720971,265.1593457081037,0.0,
2021-05-13 06:00:34.660,0,0.1486227165900986,245.53809970779488,0.0,
2021-05-13 06:00:34.670,0,0.1900367670459757,227.1433457065609,0.0,
2021-05-13 06:00:34.680,0,0.1329258762108683,204.80015077521008,0.0,
2021-05-13 06:00:34.690,0,0.1255386304367517,187.32677143400952,0.0,
2021-05-13 06:00:34.700,0,0.1024104955486321,168.29687469357143,0.0,
2021-05-13 06:00:34.710,0,0.1002431475893756,150.16501385381,1.0,
2021-05-13 06:00:34.720,0,0.0963839928892943,132.05416056155764,1.0,
2021-05-13 06:00:34.730,0,0.0816677785768843,116.11850282890104,1.0,
2021-05-13 06:00:34.740,0,0.0839745696625293,100.51819283597591,1.0,
2021-05-13 06:00:34.750,0,0.0614591551662182,85.15773361104023,1.0,
2021-05-13 06:00:34.760,0,0.0415812107956429,72.52049651811119,1.0,
2021-05-13 06:00:34.770,0,0.0407401750335633,60.01053715905239,1.0,
2021-05-13 06:00:34.780,0,0.02991427798448,48.28026852220064,1.0,
2021-05-13 06:00:34.790,0,0.0271771496712135,37.58959982407781,1.0,
2021-05-13 06:00:34.800,0,0.0072927180618586,27.685043429529,1.0,
2021-05-13 06:00:34.810,0,0.0185043240299515,18.98910006461522,1.0,
2021-05-13 06:00:34.820,0,0.0079146220876448,11.014329798053833,1.0,
2021-05-13 06:00:34.830,0,-0.0016036674929791,4.094385940768953,1.0,
2021-05-13 06:00:34.840,0,0.0012285444773893,0.0,1.0,
2021-05-13 06:00:34.850,0,-0.0040947867816814,0.0,1.0,
2021-05-13 06:00:34.860,0,-0.0054648565871301,0.0,1.0,
2021-05-13 06:00:34.870,0,-0.0098862822690248,0.0,1.0,
2021-05-13 06:00:34.880,0,-0.0127238672796797,0.0,1.0,
2021-05-13 06:00:34.890,0,-0.0123037631970331,0.0,1.0,
2021-05-13 06:00:34.900,0,-0.0170353975563172,0.0,1.0,
2021-05-13 06:00:34.910,0,-0.0123577595351506,0.0,1.0,
2021-05-13 06:00:34.920,0,-0.0114790591146501,0.0,1.0,
2021-05-13 06:00:34.930,0,-0.0115152683966267,0.0,1.0,
2021-05-13 06:00:34.940,0,-0.0178129668772623,0.0,1.0,
2021-05-13 06:00:34.950,0,-0.0160540527991462,0.0,1.0,
2021-05-13 06:00:34.960,0,-0.0103857036035214,0.0,1.0,
2021-05-13 06:00:34.970,0,-0.0244162934424034,0.0,1.0,
2021-05-13 06:00:34.980,0,-0.0230765390492602,0.0,1.0,
2021-05-13 06:00:34.990,0,-0.0183056752905201,0.0,1.0,
2021-05-13 06:00:35.000,1,-0.0172031919967793,0.0,1.0,
2021-05-13 06:00:35.010,1,-0.0142692874223461,0.0,1.0,
2021-05-13 06:00:35.020,1,-0.0130144267878076,0.0,1.0,
2021-05-13 06:00:35.030,1,-0.006485310027079,0.0,1.0,
2021-05-13 06:00:35.040,1,-0.0112476686034626,0.0,1.0,
2021-05-13 06:00:35.050,1,-0.0065455347250811,0.0,1.0,
2021-05-13 06:00:35.060,1,-0.0127274090257128,0.0,1.0,
2021-05-13 06:00:35.070,1,-0.0088343550589062,0.0,1.0,
2021-05-13 06:00:35.080,1,-0.0037535243418011,0.0,1.0,
2021-05-13 06:00:35.090,1,-0.0065437736464328,0.0,1.0,
2021-05-13 06:00:35.100,1,0.006111010414864999,0.0,1.0,
2021-05-13 06:00:35.110,1,-0.005289466598946,0.0,1.0,
2021-05-13 06:00:35.120,1,0.0005171619974809,0.0,1.0,
2021-05-13 06:00:35.130,1,0.001179376021859,7.9380801056998385,1.0,
2021-05-13 06:00:35.140,1,0.0126904662563195,18.95813498468664,1.0,
2021-05-13 06:00:35.150,1,0.0101306467021321,31.59395890848616,1.0,
2021-05-13 06:00:35.160,1,0.0219213675691352,45.37027491605101,1.0,
2021-05-13 06:00:35.170,1,0.0282703892292429,60.722666705067034,1.0,
2021-05-13 06:00:35.180,1,0.0371779768960305,75.81204517698283,1.0,
2021-05-13 06:00:35.190,1,0.050347210540483,91.5747032749502,1.0,
2021-05-13 06:00:35.200,1,0.0591264017870493,108.03346225021706,1.0,
2021-05-13 06:00:35.210,1,0.0506384481357626,125.80058853795879,1.0,
2021-05-13 06:00:35.220,1,0.0728802514039667,141.37273298593715,1.0,
2021-05-13 06:00:35.230,1,0.0582406938414212,156.44231119603913,1.0,
2021-05-13 06:00:35.240,1,0.076267816691726,172.9794611883313,1.0,
2021-05-13 06:00:35.250,1,0.0983877111426212,188.80026362306046,0.0,
2021-05-13 06:00:35.260,1,0.1081918459956405,204.0323722411977,0.0,
2021-05-13 06:00:35.270,1,0.1111284591246846,220.630767830056,0.0,
2021-05-13 06:00:35.280,1,0.1253395164967139,235.28985783881473,0.0,
2021-05-13 06:00:35.290,1,0.1228309915692757,251.35178723332857,0.0,
2021-05-13 06:00:35.300,1,0.1420837008857908,263.8811800149561,0.0,
2021-05-13 06:00:35.310,1,0.1446391358070626,280.54772306018054,0.0,
2021-05-13 06:00:35.320,1,0.1585823402923283,296.1597414732603,0.0,
2021-05-13 06:00:35.330,1,0.1599652460534728,307.11221429504644,0.0,
2021-05-13 06:00:35.340,1,0.1445280112748672,319.48611165551364,0.0,
2021-05-13 06:00:35.350,1,0.1604736308924756,335.2294907617438,0.0,
2021-05-13 06:00:35.360,1,0.1520924617339688,343.8595398584282,0.0,
2021-05-13 06:00:35.370,1,0.1875761736553855,350.4281879540954,0.0,
2021-05-13 06:00:35.380,1,0.1730645038623653,362.53712259335447,0.0,
2021-05-13 06:00:35.390,1,0.1533117180243983,369.97265083423554,0.0,
2021-05-13 06:00:35.400,1,0.1478452217469567,375.6837198419255,0.0,
2021-05-13 06:00:35.410,1,0.2153634965578337,385.9145037474336,0.0,
2021-05-13 06:00:35.420,1,0.1557028056085953,391.17032929030023,0.0,
2021-05-13 06:00:35.430,1,0.1706036515444211,396.82685737022086,0.0,
2021-05-13 06:00:35.440,1,0.1859316651180914,400.7619925644685,0.0,
2021-05-13 06:00:35.450,1,0.182953703253028,405.5919225760965,0.0,
2021-05-13 06:00:35.460,1,0.2307757460028746,411.0263425595578,0.0,
2021-05-13 06:00:35.470,1,0.1750617645846192,412.672416923132,0.0,
2021-05-13 06:00:35.480,1,0.2482228742279406,415.5799464598197,0.0,
2021-05-13 06:00:35.490,1,0.2336185611110577,414.3964908341011,0.0,
2021-05-13 06:00:35.500,0,0.2238932756511579,420.0740595153025,0.0,
2021-05-13 06:00:35.510,0,0.2590507410823515,423.7234296190367,0.0,
2021-05-13 06:00:35.520,0,0.20666177285939105,420.7002717457885,0.0,
2021-05-13 06:00:35.530,0,0.240704732739748,423.0015460038875,0.0,
2021-05-13 06:00:35.540,0,0.2355695302613769,418.73732315057435,0.0,
2021-05-13 06:00:35.550,0,0.1866560884246898,425.383786132467,0.0,
2021-05-13 06:00:35.560,0,0.2484307692447278,421.172210467292,0.0,
2021-05-13 06:00:35.570,0,0.2030146824023895,422.8574884687216,0.0,
2021-05-13 06:00:35.580,0,0.2675089771163145,421.9084905333173,0.0,
2021-05-13 06:00:35.590,0,0.2525701410552555,419.6385253780186,0.0,
2021-05-13 06:00:35.600,0,0.2365045773687316,420.8318614240544,0.0,
2021-05-13 06:00:35.610,0,0.251662251173095,413.4565364360853,0.0,
2021-05-13 06:00:35.620,0,0.2453315501643299,408.5124328050647,0.0,
2021-05-13 06:00:35.630,0,0.1730634705672981,394.7470811198301,0.0,
2021-05-13 06:00:35.640,0,0.2214916384662402,383.8065096040112,0.0,
2021-05-13 06:00:35.650,0,0.1734116784171235,369.0524846568807,0.0,
2021-05-13 06:00:35.660,0,0.2333986695248218,349.42514958070814,0.0,
2021-05-13 06:00:35.670,0,0.2155932367692955,332.34403376183525,0.0,
2021-05-13 06:00:35.680,0,0.1397362354383923,310.2571236179162,0.0,
2021-05-13 06:00:35.690,0,0.1682506669086725,287.5989366736298,0.0,
2021-05-13 06:00:35.700,0,0.1581119869132315,271.0229713163305,0.0,
2021-05-13 06:00:35.710,0,0.1435528675594231,249.64163798045726,0.0,
2021-05-13 06:00:35.720,0,0.1189837574119384,229.57939057269616,0.0,
2021-05-13 06:00:35.730,0,0.1147406734722959,209.02056974038067,0.0,
2021-05-13 06:00:35.740,0,0.0931632040534135,187.57683825800643,0.0,
2021-05-13 06:00:35.750,0,0.1063434661221564,169.0746875875521,1.0,
2021-05-13 06:00:35.760,0,0.0916461879464469,151.34001268123038,1.0,
2021-05-13 06:00:35.770,0,0.0654335419685057,132.93689638670014,1.0,
2021-05-13 06:00:35.780,0,0.0631642070334018,116.41705041437656,1.0,
2021-05-13 06:00:35.790,0,0.0528399107120311,100.04456366030277,1.0,
2021-05-13 06:00:35.800,0,0.0466863781832133,85.90248808532043,1.0,
2021-05-13 06:00:35.810,0,0.0440798223182322,72.0206443673531,1.0,
2021-05-13 06:00:35.820,0,0.0394954230101826,58.416404756076574,1.0,
2021-05-13 06:00:35.830,0,0.0241973304423604,47.31100120712656,1.0,
2021-05-13 06:00:35.840,0,0.0232894764792429,36.30564446819547,1.0,
2021-05-13 06:00:35.850,0,0.0177922453417004,26.54676407224101,1.0,
2021-05-13 06:00:35.860,0,0.0134307841267879,17.71706645745368,1.0,
2021-05-13 06:00:35.870,0,0.0034401803676118,10.041363860118054,1.0,
2021-05-13 06:00:35.880,0,0.0001808544351032,3.090915339892502,1.0,
2021-05-13 06:00:35.890,0,-0.0008882935747317,0.0,1.0,
2021-05-13 06:00:35.900,0,0.0026798369660459,0.0,1.0,
2021-05-13 06:00:35.910,0,-0.0111554443112276,0.0,1.0,
2021-05-13 06:00:35.920,0,-0.0091541536649144,0.0,1.0,
2021-05-13 06:00:35.930,0,-0.0101070193309643,0.0,1.0,
2021-05-13 06:00:35.940,0,-0.012683897246238,0.0,1.0,
2021-05-13 06:00:35.950,0,-0.0098806539726876,0.0,1.0,
2021-05-13 06:00:35.960,0,-0.0120265465743667,0.0,1.0,
2021-05-13 06:00:35.970,0,-0.0133433180439466,0.0,1.0,
2021-05-13 06:00:35.980,0,-0.0129505762928409,0.0,1.0,
2021-05-13 06:00:35.990,0,-0.0129196067975989,0.0,1.0,
2021-05-13 06:00:36.000,1,-0.0103424811453397,0.0,1.0,
2021-05-13 06:00:36.010,1,-0.0120285751252006,0.0,1.0,
2021-05-13 06:00:36.020,1,-0.009449659337737,0.0,1.0,
2021-05-13 06:00:36.030,1,-0.0189256602598436,0.0,1.0,
2021-05-13 06:00:36.040,1,-0.0095414224024771,0.0,1.0,
2021-05-13 06:00:36.050,1,-0.016864750158305,0.0,1.0,
2021-05-13 06:00:36.060,1,-0.0103265086933546,0.0,1.0,
2021-05-13 06:00:36.070,1,-0.0057942585302851,0.0,1.0,
2021-05-13 06:00:36.080,1,-0.0119420534908241,0.0,1.0,
2021-05-13 06:00:36.090,1,-0.0124072828715773,0.0,1.0,
2021-05-13 06:00:36.100,1,-0.0078320344101965,0.0,1.0,
2021-05-13 06:00:36.110,1,-0.0028895140498407,0.0,1.0,
2021-05-13 06:00:36.120,1,-0.0010142520262215,0.0,1.0,
2021-05-13 06:00:36.130,1,-0.0041973229610419,1.8634482227869362,1.0,
2021-05-13 06:00:36.140,1,0.0062315968417055,13.158589171383436,1.0,
2021-05-13 06:00:36.150,1,0.0122104999572689,26.075134293324066,1.0,
2021-05-13 06:00:36.160,1,0.0186794094347754,39.8815180305579,1.0,
2021-05-13 06:00:36.170,1,0.02177580310042,55.33910735996441,1.0,
2021-05-13 06:00:36.180,1,0.0305979491718538,71.67169181460507,1.0,
2021-05-13 06:00:36.190,1,0.0395103471515078,87.97937599864285,1.0,
2021-05-13 06:00:36.200,1,0.052528124984903,103.52672160149572,1.0,
2021-05-13 06:00:36.210,1,0.057756357059836,121.94389231667505,1.0,
2021-05-13 06:00:36.220,1,0.0488934632398048,138.23427835110306,1.0,
2021-05-13 06:00:36.230,1,0.0678983283601086,153.66769187384344,1.0,
2021-05-13 06:00:36.240,1,0.0914639015542482,168.55934744869785,1.0,
2021-05-13 06:00:36.250,1,0.0977133848492671,187.64954639761325,1.0,
2021-05-13 06:00:36.260,1,0.0865534290051633,199.98351164264218,0.0,
2021-05-13 06:00:36.270,1,0.0814026426572469,215.9930575922361,0.0,
2021-05-13 06:00:36.280,1,0.1264909131686336,232.08431989642204,0.0,
2021-05-13 06:00:36.290,1,0.1148951100673704,244.65332059032826,0.0,
2021-05-13 06:00:36.300,1,0.1009261491744724,262.349175639461,0.0,
2021-05-13 06:00:36.310,1,0.129894419127427,276.43431564634426,0.0,
2021-05-13 06:00:36.320,1,0.1248920109309762,289.83666298693663,0.0,
2021-05-13 06:00:36.330,1,0.1217656486458969,302.07343764788686,0.0,
2021-05-13 06:00:36.340,1,0.1358607963218286,314.01479252586245,0.0,
2021-05-13 06:00:36.350,1,0.1548794101587117,324.4536078382535,0.0,
2021-05-13 06:00:36.360,1,0.1451925041514333,336.87794218674566,0.0,
2021-05-13 06:00:36.370,1,0.17963714346309606,350.9649903425014,0.0,
2021-05-13 06:00:36.380,1,0.1772198330086271,356.732692204931,0.0,
2021-05-13 06:00:36.390,1,0.2027724705466989,365.3539695989663,0.0,
2021-05-13 06:00:36.400,1,0.19322843112719,374.91552728712577,0.0,
2021-05-13 06:00:36.410,1,0.1999389496174608,380.15684032138716,0.0,
2021-05-13 06:00:36.420,1,0.2291279507081506,386.25394391266417,0.0,
2021-05-13 06:00:36.430,1,0.1888714310168567,392.024932120642,0.0,
2021-05-13 06:00:36.440,1,0.1925366495671933,399.1092931443527,0.0,
2021-05-13 06:00:36.450,1,0.2225789129083579,405.329470129104,0.0,
2021-05-13 06:00:36.460,1,0.2536560123764544,408.89228885828896,0.0,
2021-05-13 06:00:36.470,1,0.2409917651928833,410.37373557568856,0.0,
2021-05-13 06:00:36.480,1,0.2484078704059758,409.246502160254,0.0,
2021-05-13 06:00:36.490,1,0.1971761883715655,414.4449236339284,0.0,
2021-05-13 06:00:36.500,1,0.1945140214802533,416.7281427687394,0.0,
2021-05-13 06:00:36.510,1,0.2672066363655502,416.69642239084857,0.0,
2021-05-13 06:00:36.520,1,0.2651431323759429,417.5324059326982,0.0,
2021-05-13 06:00:36.530,1,0.2356864770765026,421.7081796971437,0.0,
2021-05-13 06:00:36.540,1,0.2083157033710922,418.15295321744486,0.0,
2021-05-13 06:00:36.550,0,0.264382958856769,421.1359897209848,0.0,
2021-05-13 06:00:36.560,0,0.2206545410337579,425.2218698719333,0.0,
2021-05-13 06:00:36.570,0,0.2719691255242288,424.4126702775955,0.0,
2021-05-13 06:00:36.580,0,0.27439831828634603,418.60392963726736,0.0,
2021-05-13 06:00:36.590,0,0.23739537676765304,417.79171026571714,0.0,
2021-05-13 06:00:36.600,0,0.2253465991705942,421.8665761451931,0.0,
2021-05-13 06:00:36.610,0,0.251841443164452,412.6292601522682,0.0,
2021-05-13 06:00:36.620,0,0.2263744295507052,418.18408603368925,0.0,
2021-05-13 06:00:36.630,0,0.3112547901101717,416.3813059886451,0.0,
2021-05-13 06:00:36.640,0,0.2887115844627146,414.78547903492034,0.0,
2021-05-13 06:00:36.650,0,0.2923314317547467,410.89540240600485,0.0,
2021-05-13 06:00:36.660,0,0.3221558402155616,408.05887474241763,0.0,
2021-05-13 06:00:36.670,0,0.3034000397596231,399.7618506210973,0.0,
2021-05-13 06:00:36.680,0,0.2994967029453267,386.9147160136801,0.0,
2021-05-13 06:00:36.690,0,0.3090031602989543,376.2179688505507,0.0,
2021-05-13 06:00:36.700,0,0.2352384763869995,362.4470481729104,0.0,
2021-05-13 06:00:36.710,0,0.2162624601208602,341.3971165923764,0.0,
2021-05-13 06:00:36.720,0,0.2364187025162283,325.9209404409965,0.0,
2021-05-13 06:00:36.730,0,0.1904612155067277,302.00891325073826,0.0,
2021-05-13 06:00:36.740,0,0.1781251723582774,286.6751427396502,0.0,
2021-05-13 06:00:36.750,0,0.2125086271858892,264.13969658290097,0.0,
2021-05-13 06:00:36.760,0,0.1447143304817726,245.85213248911919,0.0,
2021-05-13 06:00:36.770,0,0.1911635139173184,223.60726782044625,0.0,
2021-05-13 06:00:36.780,0,0.1541254492515489,202.267271595958,0.0,
2021-05-13 06:00:36.790,0,0.1313492881746383,184.4515231295857,1.0,
2021-05-13 06:00:36.800,0,0.0969179167228183,164.14609902174638,1.0,
2021-05-13 06:00:36.810,0,0.1108986909537211,147.77268090879372,1.0,
2021-05-13 06:00:36.820,0,0.1057367728660414,129.46807951727345,1.0,
2021-05-13 06:00:36.830,0,0.0953033367578858,112.8594484036632,1.0,
2021-05-13 06:00:36.840,0,0.0635500959770741,97.53451639627936,1.0,
2021-05-13 06:00:36.850,0,0.0617895013057031,82.57129463585805,1.0,
2021-05-13 06:00:36.860,0,0.0551866314074775,69.76631091232396,1.0,
2021-05-13 06:00:36.870,0,0.0470951551553795,56.95440935606391,1.0,
2021-05-13 06:00:36.880,0,0.0289894380510841,45.54839496125126,1.0,
2021-05-13 06:00:36.890,0,0.029227763843168,35.10171373546722,1.0,
2021-05-13 06:00:36.900,0,0.0196725893384802,25.528246702348213,1.0,
2021-05-13 06:00:36.910,0,0.0091129204380085,17.147720501187514,1.0,
2021-05-13 06:00:36.920,0,0.0072647908020794,9.335902723998279,1.0,
2021-05-13 06:00:36.930,0,0.0045745675230987,2.6589398712931898,1.0,
2021-05-13 06:00:36.940,0,-0.0033471956284493,0.0,1.0,
2021-05-13 06:00:36.950,0,-0.0061783597283929,0.0,1.0,
2021-05-13 06:00:36.960,0,-0.0123307119469499,0.0,1.0,
2021-05-13 06:00:36.970,0,-0.0132202664043325,0.0,1.0,
2021-05-13 06:00:36.980,0,-0.0119303358146193,0.0,1.0,
2021-05-13 06:00:36.990,0,-0.0182654235865466,0.0,1.0,
2021-05-13 06:00:37.000,1,-0.0178382159713516,0.0,1.0,
2021-05-13 06:00:37.010,1,-0.0219901687327372,0.0,1.0,
2021-05-13 06:00:37.020,1,-0.0221348261217853,0.0,1.0,
2021-05-13 06:00:37.030,1,-0.01535868035039,0.0,1.0,
2021-05-13 06:00:37.040,1,-0.0200759398504023,0.0,1.0,
2021-05-13 06:00:37.050,1,-0.0182128557436187,0.0,1.0,
2021-05-13 06:00:37.060,1,-0.0148334152169924,0.0,1.0,
2021-05-13 06:00:37.070,1,-0.0187138218300518,0.0,1.0,
2021-05-13 06:00:37.080,1,-0.0247873072263454,0.0,1.0,
2021-05-13 06:00:37.090,1,-0.0238657394629347,0.0,1.0,
2021-05-13 06:00:37.100,1,-0.0204500547011979,0.0,1.0,
2021-05-13 06:00:37.110,1,-0.0206249862308115,0.0,1.0,
2021-05-13 06:00:37.120,1,-0.0155716479441233,0.0,1.0,
2021-05-13 06:00:37.130,1,-0.0023535661336879,0.0,1.0,
2021-05-13 06:00:37.140,1,0.0051591991592641,7.341917610045358,1.0,
2021-05-13 06:00:37.150,1,0.023207727498291,19.811595192476872,1.0,
2021-05-13 06:00:37.160,1,0.0267048747771543,34.00374675292313,1.0,
2021-05-13 06:00:37.170,1,0.0329755441553495,49.31989185176593,1.0,
2021-05-13 06:00:37.180,1,0.0439672511679329,64.32132945764496,1.0,
2021-05-13 06:00:37.190,1,0.0651852352531808,80.9969905878596,1.0,
2021-05-13 06:00:37.200,1,0.0655643552922439,97.67173228893203,1.0,
2021-05-13 06:00:37.210,1,0.0909088246316546,113.27690663343316,1.0,
2021-05-13 06:00:37.220,1,0.08479169745358299,129.66484194143794,1.0,
2021-05-13 06:00:37.230,1,0.1358711389612905,146.4853805605151,1.0,
2021-05-13 06:00:37.240,1,0.1042165648924734,161.4557082107658,1.0,
2021-05-13 06:00:37.250,1,0.1433990845864496,176.84888973333187,1.0,
2021-05-13 06:00:37.260,1,0.1202027897557494,191.08508212689185,0.0,
2021-05-13 06:00:37.270,1,0.1651427008549748,204.52105670442225,0.0,
2021-05-13 06:00:37.280,1,0.1706489788556154,219.1526893992645,0.0,
2021-05-13 06:00:37.290,1,0.1600641213549485,232.55967505618165,0.0,
2021-05-13 06:00:37.300,1,0.1675100264320735,247.2089793561047,0.0,
2021-05-13 06:00:37.310,1,0.1820260463280085,260.757058834054,0.0,
2021-05-13 06:00:37.320,1,0.200696282922536,275.6425059974646,0.0,
2021-05-13 06:00:37.330,1,0.1915129273215773,286.26317766433635,0.0,
2021-05-13 06:00:37.340,1,0.1926463106952031,296.080554499701,0.0,
2021-05-13 06:00:37.350,1,0.2419927098059162,311.9111816318698,0.0,
2021-05-13 06:00:37.360,1,0.2543149491802572,319.0452535227608,0.0,
2021-05-13 06:00:37.370,1,0.2732260013213559,333.44502173433267,0.0,
2021-05-13 06:00:37.380,1,0.2187917287346427,341.42405930637443,0.0,
2021-05-13 06:00:37.390,1,0.2728472443945102,350.95346203008813,0.0,
2021-05-13 06:00:37.400,1,0.307793876670628,357.35132154802636,0.0,
2021-05-13 06:00:37.410,1,0.3046878151137867,365.0668258111033,0.0,
2021-05-13 06:00:37.420,1,0.3283714348522989,372.9694985535343,0.0,
2021-05-13 06:00:37.430,1,0.2997522195233329,377.41352458321137,0.0,
2021-05-13 06:00:37.440,1,0.2484079335539644,380.96104573487776,0.0,
2021-05-13 06:00:37.450,1,0.3031639085979563,386.99213402623866,0.0,
2021-05-13 06:00:37.460,1,0.2600071095795417,393.99992633722434,0.0,
2021-05-13 06:00:37.470,1,0.2779978226871252,394.61379105526976,0.0,
2021-05-13 06:00:37.480,1,0.2829616095369426,394.5774230607569,0.0,
2021-05-13 06:00:37.490,1,0.2861452186176932,400.1696261679501,0.0,
2021-05-13 06:00:37.500,1,0.2620291729386226,402.46211296018754,0.0,
2021-05-13 06:00:37.510,1,0.3539949155261549,403.21460048679427,0.0,
2021-05-13 06:00:37.520,1,0.3370432474305415,408.9647254467113,0.0,
2021-05-13 06:00:37.530,1,0.3462883045173172,406.61620727779433,0.0,
2021-05-13 06:00:37.540,1,0.283751480839472,409.21365166961,0.0,
2021-05-13 06:00:37.550,1,0.2890329988434437,409.44740673577417,0.0,
2021-05-13 06:00:37.560,1,0.3192652621210116,411.82743720739495,0.0,
2021-05-13 06:00:37.570,1,0.3617605525095964,407.15477171975175,0.0,
2021-05-13 06:00:37.580,1,0.28403870044015994,405.97716791984567,0.0,
2021-05-13 06:00:37.590,1,0.3550933202137081,407.24074244635096,0.0,
2021-05-13 06:00:37.600,0,0.29775577514664003,403.5320731664738,0.0,
2021-05-13 06:00:37.610,0,0.297232295779805,403.5527100272257,0.0,
2021-05-13 06:00:37.620,0,0.2673063259625517,406.8502456106637,0.0,
2021-05-13 06:00:37.630,0,0.36813017851783497,408.0986858177729,0.0,
2021-05-13 06:00:37.640,0,0.3519194186085381,403.3647208220386,0.0,
2021-05-13 06:00:37.650,0,0.3734235546786389,405.7269079196543,0.0,
2021-05-13 06:00:37.660,0,0.3419500720934699,399.9383999684984,0.0,
2021-05-13 06:00:37.670,0,0.3755052882051874,401.75867889458914,0.0,
2021-05-13 06:00:37.680,0,0.3670777422602421,398.79469761835645,0.0,
2021-05-13 06:00:37.690,0,0.2974253505847377,397.573775256278,0.0,
2021-05-13 06:00:37.700,0,0.3461639639055957,400.69139597880286,0.0,
2021-05-13 06:00:37.710,0,0.3258774341280472,396.1414129158882,0.0,
2021-05-13 06:00:37.720,0,0.3075421536726984,388.63188349080144,0.0,
2021-05-13 06:00:37.730,0,0.29332948542126,377.60396198603087,0.0,
2021-05-13 06:00:37.740,0,0.2885918256724204,364.8652403810142,0.0,
2021-05-13 06:00:37.750,0,0.238815176628266,348.5496990954142,0.0,
2021-05-13 06:00:37.760,0,0.2696679425613683,329.2347953010509,0.0,
2021-05-13 06:00:37.770,0,0.3149495633396074,315.2226092739433,0.0,
2021-05-13 06:00:37.780,0,0.2083659073330097,296.57156922141917,0.0,
2021-05-13 06:00:37.790,0,0.2145516844315458,274.17307271980656,0.0,
2021-05-13 06:00:37.800,0,0.1856147450131021,254.9806775055158,0.0,
2021-05-13 06:00:37.810,0,0.1673823360962433,234.7929470894869,0.0,
2021-05-13 06:00:37.820,0,0.2132318329485394,215.4982138699958,0.0,
2021-05-13 06:00:37.830,0,0.1467252213277919,194.85254903928302,1.0,
2021-05-13 06:00:37.840,0,0.1591123591987177,177.72518393100867,1.0,
2021-05-13 06:00:37.850,0,0.1537420680130073,159.49271737828803,1.0,
2021-05-13 06:00:37.860,0,0.1185087182341531,141.006230783263,1.0,
2021-05-13 06:00:37.870,0,0.1074073089043744,125.98483850731884,1.0,
2021-05-13 06:00:37.880,0,0.0783914389449415,109.66362778737741,1.0,
2021-05-13 06:00:37.890,0,0.0946451625265455,93.7472894804232,1.0,
2021-05-13 06:00:37.900,0,0.0778170152605841,79.51670514422553,1.0,
2021-05-13 06:00:37.910,0,0.0712165869069224,66.66014656707996,1.0,
2021-05-13 06:00:37.920,0,0.0489209100236151,55.371317382486495,1.0,
2021-05-13 06:00:37.930,0,0.0475767197198113,43.69242829654532,1.0,
2021-05-13 06:00:37.940,0,0.0374134592120138,33.72720498377589,1.0,
2021-05-13 06:00:37.950,0,0.0247824653554373,24.243264430379025,1.0,
2021-05-13 06:00:37.960,0,0.0184032262144476,16.013750356259784,1.0,
2021-05-13 06:00:37.970,0,0.0044093981848504,8.617438356956649,1.0,
2021-05-13 06:00:37.980,0,9.247651624367408e-05,2.0335850348278592,1.0,
2021-05-13 06:00:37.990,0,-0.0063122459400252,0.0,1.0,
2021-05-13 06:00:38.000,1,-0.0051807710714397,0.0,1.0,
2021-05-13 06:00:38.010,1,-0.0179533601826929,0.0,1.0,
2021-05-13 06:00:38.020,1,-0.0085382372303304,0.0,1.0,
2021-05-13 06:00:38.030,1,-0.020023549578461003,0.0,1.0,
2021-05-13 06:00:38.040,1,-0.0184101943838455,0.0,1.0,
2021-05-13 06:00:38.050,1,-0.0137023228542807,0.0,1.0,
2021-05-13 06:00:38.060,1,-0.0296625606989563,0.0,1.0,
2021-05-13 06:00:38.070,1,-0.0225348738691913,0.0,1.0,
2021-05-13 06:00:38.080,1,-0.0307723170427593,0.0,1.0,
2021-05-13 06:00:38.090,1,-0.0214425238960706,0.0,1.0,
2021-05-13 06:00:38.100,1,-0.0232124744529997,0.0,1.0,
2021-05-13 06:00:38.110,1,-0.022614987478956003,0.0,1.0,
2021-05-13 06:00:38.120,1,-0.0168650868935274,0.0,1.0,
2021-05-13 06:00:38.130,1,-0.0048156566009404,0.0,1.0,
2021-05-13 06:00:38.140,1,0.000162764536981,1.7341001717973727,1.0,
2021-05-13 06:00:38.150,1,0.0090802347668593,14.172211245982153,1.0,
2021-05-13 06:00:38.160,1,0.030357084135826006,28.120862898841988,1.0,
2021-05-13 06:00:38.170,1,0.0442739182798302,42.72101558037635,1.0,
2021-05-13 06:00:38.180,1,0.05852776722582,59.440138973333035,1.0,
2021-05-13 06:00:38.190,1,0.0596448060392059,74.75146672504641,1.0,
2021-05-13 06:00:38.200,1,0.08773964844604401,91.34027492583893,1.0,
2021-05-13 06:00:38.210,1,0.092142322238999,108.5119092656838,1.0,
2021-05-13 06:00:38.220,1,0.1000142470845648,125.95096353981054,1.0,
2021-05-13 06:00:38.230,1,0.1045867257592914,139.30444561979314,1.0,
2021-05-13 06:00:38.240,1,0.122416515243541,158.1843665008248,1.0,
2021-05-13 06:00:38.250,1,0.1396470496505994,173.35798174659027,1.0,
2021-05-13 06:00:38.260,1,0.1391974420017799,188.02792023801499,1.0,
2021-05-13 06:00:38.270,1,0.1382087442070463,201.79418602534068,0.0,
2021-05-13 06:00:38.280,1,0.1513642528463006,215.1561102883654,0.0,
2021-05-13 06:00:38.290,1,0.1702841330826716,229.18259969298146,0.0,
2021-05-13 06:00:38.300,1,0.2204669673787391,243.86323421063625,0.0,
2021-05-13 06:00:38.310,1,0.1611253569856108,258.4310305665073,0.0,
2021-05-13 06:00:38.320,1,0.2147785573339692,270.4756770110905,0.0,
2021-05-13 06:00:38.330,1,0.1824765211814037,282.8652814978278,0.0,
2021-05-13 06:00:38.340,1,0.2170983704724662,292.85447453569617,0.0,
2021-05-13 06:00:38.350,1,0.2096355146186235,304.7138823033295,0.0,
2021-05-13 06:00:38.360,1,0.208527119095125,317.1270632715673,0.0,
2021-05-13 06:00:38.370,1,0.2692506559170522,326.61912088987464,0.0,
2021-05-13 06:00:38.380,1,0.2788196622007878,336.51538817669774,0.0,
2021-05-13 06:00:38.390,1,0.2715834867214577,342.4564797271878,0.0,
2021-05-13 06:00:38.400,1,0.2926397253028748,357.3152114721845,0.0,
2021-05-13 06:00:38.410,1,0.2159858391804552,365.15172575862937,0.0,
2021-05-13 06:00:38.420,1,0.2315644169432928,368.4291558853237,0.0,
2021-05-13 06:00:38.430,1,0.2616406221471647,371.67345950147865,0.0,
2021-05-13 06:00:38.440,1,0.3067482952803015,379.21171605427344,0.0,
2021-05-13 06:00:38.450,1,0.2851673926119277,384.89645973998887,0.0,
2021-05-13 06:00:38.460,1,0.2247147128854424,392.0563066776701,0.0,
2021-05-13 06:00:38.470,1,0.2222177268896475,395.02351324100573,0.0,
2021-05-13 06:00:38.480,1,0.2346779437625562,399.07885399821515,0.0,
2021-05-13 06:00:38.490,1,0.2938285201631314,399.72747496974677,0.0,
2021-05-13 06:00:38.500,1,0.2446953510578464,399.4371136494947,0.0,
2021-05-13 06:00:38.510,1,0.2976260435555482,403.8507560185715,0.0,
2021-05-13 06:00:38.520,1,0.2867428195433332,405.5237696287888,0.0,
2021-05-13 06:00:38.530,1,0.2169878700559875,408.6602690991061,0.0,
2021-05-13 06:00:38.540,1,0.2901158848240405,405.96626395780135,0.0,
2021-05-13 06:00:38.550,1,0.2981317236402764,409.6257022785348,0.0,
2021-05-13 06:00:38.560,1,0.2472652185279487,406.6057330788352,0.0,
2021-05-13 06:00:38.570,1,0.2355557372158668,411.6148836652874,0.0,
2021-05-13 06:00:38.580,1,0.2487082694149711,408.04146685672777,0.0,
2021-05-13 06:00:38.590,1,0.2475021165229907,408.0259581709133,0.0,
2021-05-13 06:00:38.600,1,0.2834700858718294,413.14141481785117,0.0,
2021-05-13 06:00:38.610,1,0.2778482841533137,406.55728975862434,0.0,
2021-05-13 06:00:38.620,1,0.2608194627412209,411.13970168174825,0.0,
2021-05-13 06:00:38.630,1,0.2886126237568146,409.7992056918679,0.0,
2021-05-13 06:00:38.640,1,0.2110942370322526,408.2971256153921,0.0,
2021-05-13 06:00:38.650,0,0.3166530464281294,406.18669164968946,0.0,
2021-05-13 06:00:38.660,0,0.2910283385690434,408.2840689594424,0.0,
2021-05-13 06:00:38.670,0,0.2472309222010517,404.50644564152987,0.0,
2021-05-13 06:00:38.680,0,0.2744997807108865,407.5635652579911,0.0,
2021-05-13 06:00:38.690,0,0.2105063993058886,404.5649456577812,0.0,
2021-05-13 06:00:38.700,0,0.2824157504056695,404.32738546445626,0.0,
2021-05-13 06:00:38.710,0,0.2914206876557214,404.5432318718229,0.0,
2021-05-13 06:00:38.720,0,0.2198574024127924,404.3799420751985,0.0,
2021-05-13 06:00:38.730,0,0.3079858865469705,403.4463089594097,0.0,
2021-05-13 06:00:38.740,0,0.2122483942539231,399.57251278396836,0.0,
2021-05-13 06:00:38.750,0,0.209557298494015,398.64456408928635,0.0,
2021-05-13 06:00:38.760,0,0.2635520414833807,395.25528019328834,0.0,
2021-05-13 06:00:38.770,0,0.2861032430508787,388.1996097030312,0.0,
2021-05-13 06:00:38.780,0,0.1969558905691983,379.270471664582,0.0,
2021-05-13 06:00:38.790,0,0.2521797774220743,368.8884382044422,0.0,
2021-05-13 06:00:38.800,0,0.234814468594704,349.5424082398899,0.0,
2021-05-13 06:00:38.810,0,0.2511730584962309,332.0244711500397,0.0,
2021-05-13 06:00:38.820,0,0.1710793237673099,317.51030735923814,0.0,
2021-05-13 06:00:38.830,0,0.2165092887348392,297.3507244565052,0.0,
2021-05-13 06:00:38.840,0,0.1936164621531882,277.38942649147646,0.0,
2021-05-13 06:00:38.850,0,0.1872866636124111,261.32808478433554,0.0,
2021-05-13 06:00:38.860,0,0.1583781912478433,240.1087561280421,0.0,
2021-05-13 06:00:38.870,0,0.1514991883438626,221.27581476642203,0.0,
2021-05-13 06:00:38.880,0,0.1275598130104556,199.8149412100441,1.0,
2021-05-13 06:00:38.890,0,0.1072770908422658,180.5795357757777,1.0,
2021-05-13 06:00:38.900,0,0.0961511402238048,161.23484706881442,1.0,
2021-05-13 06:00:38.910,0,0.0829528278383804,143.04304832751998,1.0,
2021-05-13 06:00:38.920,0,0.0962536490020018,128.10306083067653,1.0,
2021-05-13 06:00:38.930,0,0.0770052531222962,111.19649254626732,1.0,
2021-05-13 06:00:38.940,0,0.0514698192986433,96.84451676997152,1.0,
2021-05-13 06:00:38.950,0,0.0709078231496147,81.73395061269791,1.0,
2021-05-13 06:00:38.960,0,0.0516153779848265,68.78085741751869,1.0,
2021-05-13 06:00:38.970,0,0.0338964840137017,56.34811138257625,1.0,
2021-05-13 06:00:38.980,0,0.0313848670169962,45.59918073745195,1.0,
2021-05-13 06:00:38.990,0,0.0189535157635729,35.07038606492664,1.0,
2021-05-13 06:00:39.000,1,0.0228463548884983,25.19575953105659,1.0,
2021-05-13 06:00:39.010,1,0.0106730623585619,16.7643658720024,1.0,
2021-05-13 06:00:39.020,1,0.0097254876218425,9.112723165361787,1.0,
2021-05-13 06:00:39.030,1,0.0025170011651768,2.3100750184418004,2.0,
2021-05-13 06:00:39.040,1,-0.0033688417523583,0.0,2.0,
2021-05-13 06:00:39.050,1,-0.0018008706656511,0.0,2.0,
2021-05-13 06:00:39.060,1,-0.0073554523660910014,0.0,2.0,
2021-05-13 06:00:39.070,1,-0.0082154813750257,0.0,2.0,
2021-05-13 06:00:39.080,1,-0.0212784772697346,0.0,2.0,
2021-05-13 06:00:39.090,1,-0.016092768913728,0.0,2.0,
2021-05-13 06:00:39.100,1,-0.0176121010302662,0.0,2.0,
2021-05-13 06:00:39.110,1,-0.0146007057739812,0.0,2.0,
2021-05-13 06:00:39.120,1,-0.0109569181778332,0.0,2.0,
2021-05-13 06:00:39.130,1,-0.0092637472434655,0.0,2.0,
2021-05-13 06:00:39.140,1,-0.0067911112717239,0.0,2.0,
2021-05-13 06:00:39.150,1,-0.0053885042643605,0.0,2.0,
2021-05-13 06:00:39.160,1,0.0031826549131957,5.220982760469322,2.0,
2021-05-13 06:00:39.170,1,0.0104936874151367,15.199734202726473,1.0,
2021-05-13 06:00:39.180,1,0.0250563365949175,26.92873466471235,1.0,
2021-05-13 06:00:39.190,1,0.0311232940077918,40.03871112860311,1.0,
2021-05-13 06:00:39.200,1,0.0428757454280835,54.57242399753332,1.0,
2021-05-13 06:00:39.210,1,0.0597513360728145,69.61174700341304,1.0,
2021-05-13 06:00:39.220,1,0.0645576703792141,85.15131663739699,1.0,
2021-05-13 06:00:39.230,1,0.0780768904264876,101.84856789202595,1.0,
2021-05-13 06:00:39.240,1,0.0837620136962641,117.24503731600346,1.0,
2021-05-13 06:00:39.250,1,0.0870320210217028,133.5778902604157,1.0,
2021-05-13 06:00:39.260,1,0.0844750041697698,151.74870368968755,1.0,
2021-05-13 06:00:39.270,1,0.1351449837935441,165.8769035448909,1.0,
2021-05-13 06:00:39.280,1,0.1418828437396569,179.6307541641349,1.0,
2021-05-13 06:00:39.290,1,0.1419527637354351,198.26730706223816,1.0,
2021-05-13 06:00:39.300,1,0.1385321901691939,209.8194172714866,1.0,
2021-05-13 06:00:39.310,1,0.1676084987137272,223.0570312631163,0.0,
2021-05-13 06:00:39.320,1,0.1790910665129949,241.4997491283001,0.0,
2021-05-13 06:00:39.330,1,0.2007298814515436,252.6542228730389,0.0,
2021-05-13 06:00:39.340,1,0.2065903120082012,263.93468411357367,0.0,
2021-05-13 06:00:39.350,1,0.2296077830035248,281.5817689315094,0.0,
2021-05-13 06:00:39.360,1,0.2165794919053061,292.3220868204304,0.0,
2021-05-13 06:00:39.370,1,0.1980045636195329,304.0924752281664,0.0,
2021-05-13 06:00:39.380,1,0.1723446372372072,315.92670121150053,0.0,
2021-05-13 06:00:39.390,1,0.2140179636197972,325.8256870746737,0.0,
2021-05-13 06:00:39.400,1,0.2572952673328343,336.91670993842337,0.0,
2021-05-13 06:00:39.410,1,0.1927228186419349,343.42567782997054,0.0,
2021-05-13 06:00:39.420,1,0.2350222705580932,356.49442474977457,0.0,
2021-05-13 06:00:39.430,1,0.2210789668807844,363.30905729156717,0.0,
2021-05-13 06:00:39.440,1,0.2602329441309899,372.1557654747773,0.0,
2021-05-13 06:00:39.450,1,0.2229574983804564,376.9374130381386,0.0,
2021-05-13 06:00:39.460,1,0.1921686979534607,382.5377177621127,0.0,
2021-05-13 06:00:39.470,1,0.2127424115028808,392.8479454608925,0.0,
2021-05-13 06:00:39.480,1,0.2845590022532756,394.80033786799436,0.0,
2021-05-13 06:00:39.490,1,0.2415420150560592,398.74742405257723,0.0,
2021-05-13 06:00:39.500,1,0.2450723890865898,404.20028388051554,0.0,
2021-05-13 06:00:39.510,1,0.2694413878057535,406.2608492242662,0.0,
2021-05-13 06:00:39.520,1,0.278344029112001,407.6072056021848,0.0,
2021-05-13 06:00:39.530,1,0.2753472716411257,409.6359433421074,0.0,
2021-05-13 06:00:39.540,1,0.2935727045873905,415.26628794538686,0.0,
2021-05-13 06:00:39.550,1,0.235524504087954,416.96953168127317,0.0,
2021-05-13 06:00:39.560,1,0.2637062399543886,415.4523273528984,0.0,
2021-05-13 06:00:39.570,1,0.212383879072012,418.76117111379057,0.0,
2021-05-13 06:00:39.580,1,0.2198309366208752,414.9682057233758,0.0,
2021-05-13 06:00:39.590,1,0.2076237533795067,417.259619799489,0.0,
2021-05-13 06:00:39.600,1,0.2565019235980594,415.5453483740353,0.0,
2021-05-13 06:00:39.610,1,0.289175146271114,417.9671874771541,0.0,
2021-05-13 06:00:39.620,1,0.2385480448047996,420.0938550857836,0.0,
2021-05-13 06:00:39.630,1,0.2644155306807003,415.9094472161634,0.0,
2021-05-13 06:00:39.640,1,0.1994478158455572,416.7767451365077,0.0,
2021-05-13 06:00:39.650,1,0.2167003201991785,416.2038325972689,0.0,
2021-05-13 06:00:39.660,1,0.2275378769858849,414.5054759750617,0.0,
2021-05-13 06:00:39.670,1,0.2681768095103429,412.3739613193377,0.0,
2021-05-13 06:00:39.680,1,0.2525333361578804,412.2050596484759,0.0,
2021-05-13 06:00:39.690,1,0.2428289211603251,410.93193476884176,0.0,
2021-05-13 06:00:39.700,0,0.2702145913575582,415.2533425095397,0.0,
2021-05-13 06:00:39.710,0,0.2164448971649511,408.5396470346851,0.0,
2021-05-13 06:00:39.720,0,0.2359064456320537,408.72167047792516,0.0,
2021-05-13 06:00:39.730,0,0.2394056405630888,409.2761657569289,0.0,
2021-05-13 06:00:39.740,0,0.2309336954078544,406.130430497096,0.0,
2021-05-13 06:00:39.750,0,0.2702167947859191,405.2875227175232,0.0,
2021-05-13 06:00:39.760,0,0.1862707489603471,404.8346568668702,0.0,
2021-05-13 06:00:39.770,0,0.2275324561579315,405.7587050101152,0.0,
2021-05-13 06:00:39.780,0,0.2777693086943242,403.97938057824064,0.0,
2021-05-13 06:00:39.790,0,0.2061743580357283,404.807142357142,0.0,
2021-05-13 06:00:39.800,0,0.2464525472370539,402.9666060317683,0.0,
2021-05-13 06:00:39.810,0,0.2731228937325817,399.9177136449308,0.0,
2021-05-13 06:00:39.820,0,0.2367701193308276,390.0764421307368,0.0,
2021-05-13 06:00:39.830,0,0.2188426305487414,380.6650936322279,0.0,
2021-05-13 06:00:39.840,0,0.1994183568999878,369.9509834925966,0.0,
2021-05-13 06:00:39.850,0,0.2241153599668672,355.76494301433854,0.0,
2021-05-13 06:00:39.860,0,0.1660494530568523,336.7221160919356,0.0,
2021-05-13 06:00:39.870,0,0.2008464972055466,319.07321898955144,0.0,
2021-05-13 06:00:39.880,0,0.1841857027013686,299.6919116030057,0.0,
2021-05-13 06:00:39.890,0,0.1771561140904034,278.0857664087048,0.0,
2021-05-13 06:00:39.900,0,0.133878459426406,257.6942134033133,0.0,
2021-05-13 06:00:39.910,0,0.1648451332335095,238.082246420662,0.0,
2021-05-13 06:00:39.920,0,0.1147452946066985,220.03649885589485,0.0,
2021-05-13 06:00:39.930,0,0.1368455552284048,199.2361156850181,1.0,
2021-05-13 06:00:39.940,0,0.0936136305884216,181.54982293260602,1.0,
2021-05-13 06:00:39.950,0,0.0928401799746962,162.36339099238538,1.0,
2021-05-13 06:00:39.960,0,0.0999055774106674,144.98635597502178,1.0,
2021-05-13 06:00:39.970,0,0.1054236148300271,128.6722150967862,1.0,
2021-05-13 06:00:39.980,0,0.0876423828325286,112.77878666067288,1.0,
2021-05-13 06:00:39.990,0,0.0630022002462524,96.93573644557966,1.0,
2021-05-13 06:00:40.000,1,0.0536863130209792,82.19108108287237,1.0,
2021-05-13 06:00:40.010,1,0.0443169444211631,68.86025779964193,1.0,
2021-05-13 06:00:40.020,1,0.0406477989419765,56.617080914487524,1.0,
2021-05-13 06:00:40.030,1,0.0275907842409657,45.16288549273418,1.0,
2021-05-13 06:00:40.040,1,0.0273317396006393,34.575257637080824,1.0,
2021-05-13 06:00:40.050,1,0.013649400961011,25.347216843997487,1.0,
2021-05-13 06:00:40.060,1,0.0048121315496656,16.828629487346834,1.0,
2021-05-13 06:00:40.070,1,0.0086399024218785,9.154209775126716,2.0,
2021-05-13 06:00:40.080,1,-0.0038090520782944,2.4452402930936903,2.0,
2021-05-13 06:00:40.090,1,0.0037751392588499,0.0,2.0,
2021-05-13 06:00:40.100,1,-0.0075504952522678,0.0,2.0,
2021-05-13 06:00:40.110,1,-0.0003365777413103,0.0,2.0,
2021-05-13 06:00:40.120,1,-0.0114712896079393,0.0,2.0,
2021-05-13 06:00:40.130,1,-0.0071744015065292,0.0,2.0,
2021-05-13 06:00:40.140,1,-0.003055586390267,0.0,2.0,
2021-05-13 06:00:40.150,1,0.0031445148860862,0.1211734563988633,2.0,
2021-05-13 06:00:40.160,1,0.0049806481834326,6.877179288369431,2.0,
2021-05-13 06:00:40.170,1,0.0087736479592257,14.894581360934879,1.0,
2021-05-13 06:00:40.180,1,0.0143586434877014,24.35550735593388,1.0,
2021-05-13 06:00:40.190,1,0.0223464919295686,36.34072832442296,1.0,
2021-05-13 06:00:40.200,1,0.0284771717051999,48.92144787976851,1.0,
2021-05-13 06:00:40.210,1,0.037883817645305,62.631168442193356,1.0,
2021-05-13 06:00:40.220,1,0.0635974821369798,77.60977216413485,1.0,
2021-05-13 06:00:40.230,1,0.0740723420431772,93.5819261479494,1.0,
2021-05-13 06:00:40.240,1,0.073365983923698,108.99525873090174,1.0,
2021-05-13 06:00:40.250,1,0.1094419602903889,124.73806086651169,1.0,
2021-05-13 06:00:40.260,1,0.0932841019089045,140.5932670038712,1.0,
2021-05-13 06:00:40.270,1,0.1204693252304247,156.07867686046592,1.0,
2021-05-13 06:00:40.280,1,0.1261223748546832,171.93504608777332,1.0,
2021-05-13 06:00:40.290,1,0.1705106362140858,184.83864959465043,1.0,
2021-05-13 06:00:40.300,1,0.185156879193523,202.3755487098836,1.0,
2021-05-13 06:00:40.310,1,0.1886463584972522,213.11125604357605,1.0,
2021-05-13 06:00:40.320,1,0.2038631359883048,230.931984165114,0.0,
2021-05-13 06:00:40.330,1,0.2264386695903346,241.00765911244235,0.0,
2021-05-13 06:00:40.340,1,0.1661585926043638,253.19999813376137,0.0,
2021-05-13 06:00:40.350,1,0.2514758820817849,268.8201043114176,0.0,
2021-05-13 06:00:40.360,1,0.2035835558442745,279.84911252352333,0.0,
2021-05-13 06:00:40.370,1,0.2147802129258419,293.27855881471424,0.0,
2021-05-13 06:00:40.380,1,0.2251128165920315,305.0345921485296,0.0,
2021-05-13 06:00:40.390,1,0.2879579814832718,316.3223653249427,0.0,
2021-05-13 06:00:40.400,1,0.2867850188142647,324.91048468652025,0.0,
2021-05-13 06:00:40.410,1,0.2200937482248106,338.07795199078964,0.0,
2021-05-13 06:00:40.420,1,0.2708667623934781,341.9933836077824,0.0,
2021-05-13 06:00:40.430,1,0.2698945836826926,354.74654831360016,0.0,
2021-05-13 06:00:40.440,1,0.2720618192809729,362.496551804436,0.0,
2021-05-13 06:00:40.450,1,0.3270965838871845,371.97835923201416,0.0,
2021-05-13 06:00:40.460,1,0.2898526652531385,375.49098228093317,0.0,
2021-05-13 06:00:40.470,1,0.326672348886039,381.91839998668405,0.0,
2021-05-13 06:00:40.480,1,0.2500585482640056,384.3839399144214,0.0,
2021-05-13 06:00:40.490,1,0.2526456095669794,390.02683379678564,0.0,
2021-05-13 06:00:40.500,1,0.2610769932672808,398.9081463928768,0.0,
2021-05-13 06:00:40.510,1,0.3522513851656014,400.74280124006464,0.0,
2021-05-13 06:00:40.520,1,0.2952533206060789,400.8286835819352,0.0,
2021-05-13 06:00:40.530,1,0.2833355257239989,403.1553727955053,0.0,
2021-05-13 06:00:40.540,1,0.3616464120384483,411.6718680347402,0.0,
2021-05-13 06:00:40.550,1,0.3697693406238772,413.4974273300303,0.0,
2021-05-13 06:00:40.560,1,0.2916084780909839,410.414093665973,0.0,
2021-05-13 06:00:40.570,1,0.2997448324710285,410.058402091505,0.0,
2021-05-13 06:00:40.580,1,0.3522135674921504,414.9581580142784,0.0,
2021-05-13 06:00:40.590,1,0.3031966865493167,411.3905488796117,0.0,
2021-05-13 06:00:40.600,1,0.3780657660631227,415.3740823297856,0.0,
2021-05-13 06:00:40.610,1,0.2979088586588916,411.93933627591974,0.0,
2021-05-13 06:00:40.620,1,0.2998936488992633,412.95294858058253,0.0,
2021-05-13 06:00:40.630,1,0.3093358009597433,410.8808447884151,0.0,
2021-05-13 06:00:40.640,1,0.3696757382591549,414.3399236054615,0.0,
2021-05-13 06:00:40.650,1,0.3653825323479757,411.63522263594683,0.0,
2021-05-13 06:00:40.660,1,0.3001045049223158,408.64408655320665,0.0,
2021-05-13 06:00:40.670,1,0.3176553460741926,406.2673176535762,0.0,
2021-05-13 06:00:40.680,1,0.3593154107427111,410.5581946914158,0.0,
2021-05-13 06:00:40.690,1,0.3599103053660598,406.2462990792287,0.0,
2021-05-13 06:00:40.700,1,0.3522804865899166,405.9155871822709,0.0,
2021-05-13 06:00:40.710,1,0.359560734061918,402.44448265137487,0.0,
2021-05-13 06:00:40.720,1,0.2586115875844588,406.4156605881924,0.0,
2021-05-13 06:00:40.730,1,0.329255893121777,402.22616281588745,0.0,
2021-05-13 06:00:40.740,1,0.3416175302611936,400.2253433107192,0.0,
2021-05-13 06:00:40.750,0,0.2808114804221801,400.4957429267233,0.0,
2021-05-13 06:00:40.760,0,0.2541789597732188,396.7219552745392,0.0,
2021-05-13 06:00:40.770,0,0.24808130036879894,396.5252813469097,0.0,
2021-05-13 06:00:40.780,0,0.3118158652296081,396.70803852874513,0.0,
2021-05-13 06:00:40.790,0,0.2881694057236837,392.5926712273775,0.0,
2021-05-13 06:00:40.800,0,0.3110719705650987,393.7890611421561,0.0,
2021-05-13 06:00:40.810,0,0.2416512279521258,392.5519958839423,0.0,
2021-05-13 06:00:40.820,0,0.2547528851801044,390.2672621654255,0.0,
2021-05-13 06:00:40.830,0,0.2951497772247761,389.6766654667445,0.0,
2021-05-13 06:00:40.840,0,0.2841793174888521,393.0490673158975,0.0,
2021-05-13 06:00:40.850,0,0.2819005270812439,389.8047882379995,0.0,
2021-05-13 06:00:40.860,0,0.2618387549369828,384.824883480274,0.0,
2021-05-13 06:00:40.870,0,0.2370623415486397,378.8689310694329,0.0,
2021-05-13 06:00:40.880,0,0.2224960591004271,371.6593175420558,0.0,
2021-05-13 06:00:40.890,0,0.2168910746749529,354.47623299398873,0.0,
2021-05-13 06:00:40.900,0,0.2067726198768384,342.11308360027783,0.0,
2021-05-13 06:00:40.910,0,0.1974810199466805,327.7685257047811,0.0,
2021-05-13 06:00:40.920,0,0.2665491170734385,308.3862425833442,0.0,
2021-05-13 06:00:40.930,0,0.16393552477380402,288.17037201396283,0.0,
2021-05-13 06:00:40.940,0,0.2111893732477079,269.68773893815063,0.0,
2021-05-13 06:00:40.950,0,0.1878504562912775,250.78924638657082,0.0,
2021-05-13 06:00:40.960,0,0.1658946168691921,232.30129178447308,0.0,
2021-05-13 06:00:40.970,0,0.15255634552038094,212.79851784513187,1.0,
2021-05-13 06:00:40.980,0,0.1486776388915032,193.25061082200241,1.0,
2021-05-13 06:00:40.990,0,0.1535045890466971,175.69197701542996,1.0,
2021-05-13 06:00:41.000,1,0.1125594817439941,156.63345761271333,1.0,
2021-05-13 06:00:41.010,1,0.1238503065109144,140.79707814262142,1.0,
2021-05-13 06:00:41.020,1,0.0791460290142541,121.70894971959557,1.0,
2021-05-13 06:00:41.030,1,0.0901034851476097,106.50175851466065,1.0,
2021-05-13 06:00:41.040,1,0.085500719004129,93.15575556485636,1.0,
2021-05-13 06:00:41.050,1,0.0689510861602969,79.30700516536713,1.0,
2021-05-13 06:00:41.060,1,0.0457776035532156,66.20203235074544,1.0,
2021-05-13 06:00:41.070,1,0.0505757754838121,54.77305809830373,1.0,
2021-05-13 06:00:41.080,1,0.0343532433431732,43.711062289134134,1.0,
2021-05-13 06:00:41.090,1,0.0316045553578912,33.434141805247556,1.0,
2021-05-13 06:00:41.100,1,0.0207478933606974,25.04865656646591,1.0,
2021-05-13 06:00:41.110,1,0.0131072093560787,19.36684570297201,1.0,
2021-05-13 06:00:41.120,1,0.0108646808014164,17.68191373647084,1.0,
2021-05-13 06:00:41.130,1,0.0086634734992833,19.15153564787572,1.0,
2021-05-13 06:00:41.140,1,0.0220116408224094,23.10712652614841,1.0,
2021-05-13 06:00:41.150,1,0.0205570584137887,29.636760187639307,1.0,
2021-05-13 06:00:41.160,1,0.0374757224157478,38.294387841079676,1.0,
2021-05-13 06:00:41.170,1,0.0463100652623744,47.93914719157571,1.0,
2021-05-13 06:00:41.180,1,0.0440531077108069,59.27590450324579,1.0,
2021-05-13 06:00:41.190,1,0.0642730444147657,71.99636143858487,1.0,
2021-05-13 06:00:41.200,1,0.0648232509997393,85.19350520025053,1.0,
2021-05-13 06:00:41.210,1,0.0821186506310241,99.43694144628391,1.0,
2021-05-13 06:00:41.220,1,0.0951079976774497,113.10156093555014,1.0,
2021-05-13 06:00:41.230,1,0.129017743441241,127.91310505103786,1.0,
2021-05-13 06:00:41.240,1,0.1151629294609717,141.10321005033234,1.0,
2021-05-13 06:00:41.250,1,0.1213374442207855,158.004457945789,1.0,
2021-05-13 06:00:41.260,1,0.1473915994886274,170.1494286061146,1.0,
2021-05-13 06:00:41.270,1,0.1906561247811321,184.4407598018896,1.0,
2021-05-13 06:00:41.280,1,0.2066122742412565,197.24979130365185,1.0,
2021-05-13 06:00:41.290,1,0.158547952950975,212.40173482747886,1.0,
2021-05-13 06:00:41.300,1,0.2156796018417937,225.93501530421693,0.0,
2021-05-13 06:00:41.310,1,0.2393080968118619,236.82720778531763,0.0,
2021-05-13 06:00:41.320,1,0.2097935515215529,247.51472973053032,0.0,
2021-05-13 06:00:41.330,1,0.2555836469098627,260.9510666419918,0.0,
2021-05-13 06:00:41.340,1,0.237864198491203,272.06317521443424,0.0,
2021-05-13 06:00:41.350,1,0.2298190397371423,281.82905804227335,0.0,
2021-05-13 06:00:41.360,1,0.2959220205616663,292.75964888143704,0.0,
2021-05-13 06:00:41.370,1,0.2865631154246315,305.4329607261122,0.0,
2021-05-13 06:00:41.380,1,0.3027481802074088,316.28870937062754,0.0,
2021-05-13 06:00:41.390,1,0.33077852790969103,326.3073007444408,0.0,
2021-05-13 06:00:41.400,1,0.2863919348092977,332.65600534583615,0.0,
2021-05-13 06:00:41.410,1,0.3238242367991532,343.6245989939825,0.0,
2021-05-13 06:00:41.420,1,0.3727107437212068,352.35278920834287,0.0,
2021-05-13 06:00:41.430,1,0.3692426892959992,360.42456069604935,0.0,
2021-05-13 06:00:41.440,1,0.3573778819733155,363.59004387507963,0.0,
2021-05-13 06:00:41.450,1,0.2683780770047165,369.80680934976914,0.0,
2021-05-13 06:00:41.460,1,0.3989322035157424,376.0184153426127,0.0,
2021-05-13 06:00:41.470,1,0.3893208345191918,385.70351416017684,0.0,
2021-05-13 06:00:41.480,1,0.4033172276516749,391.1515600305457,0.0,
2021-05-13 06:00:41.490,1,0.4176214585227933,391.5589338976656,0.0,
2021-05-13 06:00:41.500,1,0.3895152384757085,395.0305844726358,0.0,
2021-05-13 06:00:41.510,1,0.2879731669184114,395.4654087963477,0.0,
2021-05-13 06:00:41.520,1,0.2886149637405802,397.47745530259016,0.0,
2021-05-13 06:00:41.530,1,0.3529246482000069,403.9253126552218,0.0,
2021-05-13 06:00:41.540,1,0.3672919654507486,403.3925798547824,0.0,
2021-05-13 06:00:41.550,1,0.3142488744410267,407.6647867142617,0.0,
2021-05-13 06:00:41.560,1,0.4311385131758632,404.4970340263637,0.0,
2021-05-13 06:00:41.570,1,0.3133914724035741,406.6958870885168,0.0,
2021-05-13 06:00:41.580,1,0.3619160834558925,406.6774488284397,0.0,
2021-05-13 06:00:41.590,1,0.3261791207369772,411.5760026901505,0.0,
2021-05-13 06:00:41.600,1,0.2918662469913725,404.8362198385301,0.0,
2021-05-13 06:00:41.610,1,0.3942030770546029,407.3296314111805,0.0,
2021-05-13 06:00:41.620,1,0.3134669635861452,409.259438408904,0.0,
2021-05-13 06:00:41.630,1,0.39795376236939295,406.868712703485,0.0,
2021-05-13 06:00:41.640,1,0.3893366722099605,403.8790938100026,0.0,
2021-05-13 06:00:41.650,1,0.3371602130778336,404.7681971217724,0.0,
2021-05-13 06:00:41.660,1,0.3381005604824137,406.9907488614631,0.0,
2021-05-13 06:00:41.670,1,0.4077762573682306,405.7712296646512,0.0,
2021-05-13 06:00:41.680,1,0.2857703299870929,402.9906799299316,0.0,
2021-05-13 06:00:41.690,1,0.2758271788358566,406.87051576080574,0.0,
2021-05-13 06:00:41.700,1,0.3773043864597912,401.4767799767733,0.0,
2021-05-13 06:00:41.710,1,0.3663057925576684,399.9656355378367,0.0,
2021-05-13 06:00:41.720,1,0.3281865047102227,401.1670072984642,0.0,
2021-05-13 06:00:41.730,1,0.3496129096394288,398.28693390998774,0.0,
2021-05-13 06:00:41.740,1,0.3457316939715371,402.44082387451584,0.0,
2021-05-13 06:00:41.750,1,0.3024159779909177,396.21390736387633,0.0,
2021-05-13 06:00:41.760,1,0.2875657775656961,394.080123718538,0.0,
2021-05-13 06:00:41.770,1,0.3611663789228857,396.7360508267757,0.0,
2021-05-13 06:00:41.780,1,0.264283484541153,392.7598246520716,0.0,
2021-05-13 06:00:41.790,1,0.3022805514422463,394.6524085662346,0.0,
2021-05-13 06:00:41.800,0,0.2965309916488288,393.7832068700152,0.0,
2021-05-13 06:00:41.810,0,0.2905729445181921,390.4181922352914,0.0,
2021-05-13 06:00:41.820,0,0.30319168296215804,389.55954045864473,0.0,
2021-05-13 06:00:41.830,0,0.3044211234938282,392.1377532292089,0.0,
2021-05-13 06:00:41.840,0,0.3432298513773578,388.5735850629448,0.0,
2021-05-13 06:00:41.850,0,0.3155447228959287,391.0347024073236,0.0,
2021-05-13 06:00:41.860,0,0.3581803083978468,390.86177930515277,0.0,
2021-05-13 06:00:41.870,0,0.2776993923987351,387.1501502350732,0.0,
2021-05-13 06:00:41.880,0,0.3092922344564152,385.75357451803285,0.0,
2021-05-13 06:00:41.890,0,0.3289319837819997,387.842508936582,0.0,
2021-05-13 06:00:41.900,0,0.2878130892968678,387.2878812072266,0.0,
2021-05-13 06:00:41.910,0,0.3087449226797885,383.3058139714122,0.0,
2021-05-13 06:00:41.920,0,0.2377304796113186,377.0591446832378,0.0,
2021-05-13 06:00:41.930,0,0.2964757305763982,363.72710397635285,0.0,
2021-05-13 06:00:41.940,0,0.2650345393316192,353.3066989699608,0.0,
2021-05-13 06:00:41.950,0,0.2492414046067754,338.6269697770708,0.0,
2021-05-13 06:00:41.960,0,0.2672256837466966,322.5208372614615,0.0,
2021-05-13 06:00:41.970,0,0.2123116965334268,305.48576332210547,0.0,
2021-05-13 06:00:41.980,0,0.2416105197599085,287.390068014855,0.0,
2021-05-13 06:00:41.990,0,0.1922988851007481,270.0475077350074,0.0,
2021-05-13 06:00:42.000,1,0.1787941726877356,250.09448169215332,0.0,
2021-05-13 06:00:42.010,1,0.1372904326839336,231.96713946997147,0.0,
2021-05-13 06:00:42.020,1,0.15509970404961498,210.7844704107209,1.0,
2021-05-13 06:00:42.030,1,0.1721818348352224,192.666577062652,1.0,
2021-05-13 06:00:42.040,1,0.1067446453127351,173.61696320505325,1.0,
2021-05-13 06:00:42.050,1,0.0952682152952159,156.46572155431153,1.0,
2021-05-13 06:00:42.060,1,0.0977610858861938,139.02154127197784,1.0,
2021-05-13 06:00:42.070,1,0.097150433211434,123.58924364147751,1.0,
2021-05-13 06:00:42.080,1,0.0838585745284803,106.78857240508532,1.0,
2021-05-13 06:00:42.090,1,0.0586916310393805,92.74321059052185,1.0,
2021-05-13 06:00:42.100,1,0.0517958645361712,79.70488868015755,1.0,
2021-05-13 06:00:42.110,1,0.0565079317852047,70.49204644452479,1.0,
2021-05-13 06:00:42.120,1,0.0468582794716733,64.03759089600716,1.0,
2021-05-13 06:00:42.130,1,0.0499185503625172,60.49257674811364,1.0,
2021-05-13 06:00:42.140,1,0.0567310208973554,60.75576119901522,1.0,
2021-05-13 06:00:42.150,1,0.0493831159407821,63.92436860352574,1.0,
2021-05-13 06:00:42.160,1,0.0467100061750765,67.92572503173933,1.0,
2021-05-13 06:00:42.170,1,0.0549761781390164,74.98258777434351,1.0,
2021-05-13 06:00:42.180,1,0.0659991861055729,81.96026717610701,1.0,
2021-05-13 06:00:42.190,1,0.0821465557406874,91.50560055515601,1.0,
2021-05-13 06:00:42.200,1,0.0871132993854102,102.92253817706064,1.0,
2021-05-13 06:00:42.210,1,0.0819699142915523,113.26720940719164,1.0,
2021-05-13 06:00:42.220,1,0.0981673011964914,125.39428669600628,1.0,
2021-05-13 06:00:42.230,1,0.1236408417761163,137.77053304816206,1.0,
2021-05-13 06:00:42.240,1,0.1303314198988789,148.98721067838474,1.0,
2021-05-13 06:00:42.250,1,0.1119157921985691,160.78671310338763,1.0,
2021-05-13 06:00:42.260,1,0.1503130755111542,173.08897293270996,1.0,
2021-05-13 06:00:42.270,1,0.1633687420151024,184.71664120154784,1.0,
2021-05-13 06:00:42.280,1,0.1804909093297148,197.41741253653828,1.0,
2021-05-13 06:00:42.290,1,0.2035618069058718,209.5448900321064,1.0,
2021-05-13 06:00:42.300,1,0.1555638679598282,220.8618936551244,1.0,
2021-05-13 06:00:42.310,1,0.2019273350775383,231.54422750698703,0.0,
2021-05-13 06:00:42.320,1,0.1917624427658804,241.74513929380817,0.0,
2021-05-13 06:00:42.330,1,0.2411924077899236,253.34510804950213,0.0,
2021-05-13 06:00:42.340,1,0.266698342732906,261.93780090411235,0.0,
2021-05-13 06:00:42.350,1,0.2647278942287003,273.1184946359652,0.0,
2021-05-13 06:00:42.360,1,0.2428984720121593,287.0943457803731,0.0,
2021-05-13 06:00:42.370,1,0.2336331534927007,295.8535208454055,0.0,
2021-05-13 06:00:42.380,1,0.2933128123716138,309.30137540593745,0.0,
2021-05-13 06:00:42.390,1,0.2684830347368689,314.84279169522694,0.0,
2021-05-13 06:00:42.400,1,0.3340938881197912,326.37380676137667,0.0,
2021-05-13 06:00:42.410,1,0.3224905053983358,335.7726216598767,0.0,
2021-05-13 06:00:42.420,1,0.3116184673097022,340.07264609546763,0.0,
2021-05-13 06:00:42.430,1,0.3238744865923844,352.2158625841359,0.0,
2021-05-13 06:00:42.440,1,0.3136516731582893,356.7993611040098,0.0,
2021-05-13 06:00:42.450,1,0.261754168492686,363.87336469403135,0.0,
2021-05-13 06:00:42.460,1,0.3378544300612143,370.15674811093453,0.0,
2021-05-13 06:00:42.470,1,0.3140624263486276,375.6537281058482,0.0,
2021-05-13 06:00:42.480,1,0.3216976992834767,377.9282863458392,0.0,
2021-05-13 06:00:42.490,1,0.3251247576637803,382.93468785844186,0.0,
2021-05-13 06:00:42.500,1,0.3559083508324905,388.83814485064767,0.0,
2021-05-13 06:00:42.510,1,0.3726082879664427,393.3821761164434,0.0,
2021-05-13 06:00:42.520,1,0.3443328561518598,398.09828678169447,0.0,
2021-05-13 06:00:42.530,1,0.3106403838737501,401.31682578631575,0.0,
2021-05-13 06:00:42.540,1,0.337955164729468,406.0312591037626,0.0,
2021-05-13 06:00:42.550,1,0.3480398748465413,406.2774982381199,0.0,
2021-05-13 06:00:42.560,1,0.3134914954840165,404.2437559149685,0.0,
2021-05-13 06:00:42.570,1,0.3550056370037756,404.6127389605387,0.0,
2021-05-13 06:00:42.580,1,0.3167378377675318,407.55339632197615,0.0,
2021-05-13 06:00:42.590,1,0.3069263163628207,409.9307337381365,0.0,
2021-05-13 06:00:42.600,1,0.4399716588180677,412.404163627093,0.0,
2021-05-13 06:00:42.610,1,0.3697498048375409,409.8888977111404,0.0,
2021-05-13 06:00:42.620,1,0.4402746999537605,412.12083577819425,0.0,
2021-05-13 06:00:42.630,1,0.3418438332499119,413.7051588521859,0.0,
2021-05-13 06:00:42.640,1,0.43641629862417,410.20625207719917,0.0,
2021-05-13 06:00:42.650,1,0.3714635262450263,410.3085354671371,0.0,
2021-05-13 06:00:42.660,1,0.3093725357355951,410.55224024764885,0.0,
2021-05-13 06:00:42.670,1,0.3396188482279612,411.64172133857556,0.0,
2021-05-13 06:00:42.680,1,0.4186282441118562,408.7264145138546,0.0,
2021-05-13 06:00:42.690,1,0.3836467492731107,410.40855729170823,0.0,
2021-05-13 06:00:42.700,1,0.3707204936797209,408.0221829904864,0.0,
2021-05-13 06:00:42.710,1,0.3149872829657486,408.5238116153376,0.0,
2021-05-13 06:00:42.720,1,0.345230095798283,405.3469691349524,0.0,
2021-05-13 06:00:42.730,1,0.3768321467549458,407.13462171951693,0.0,
2021-05-13 06:00:42.740,1,0.3380329814476497,405.1137880250209,0.0,
2021-05-13 06:00:42.750,1,0.4009925427507836,408.0350591876819,0.0,
2021-05-13 06:00:42.760,1,0.3452638616372978,407.030526170744,0.0,
2021-05-13 06:00:42.770,1,0.3993716005577046,406.214637836962,0.0,
2021-05-13 06:00:42.780,1,0.3110452198646075,404.4425868853702,0.0,
2021-05-13 06:00:42.790,1,0.3930776731327549,402.4586663668005,0.0,
2021-05-13 06:00:42.800,1,0.3240922289304722,403.2855751613568,0.0,
2021-05-13 06:00:42.810,1,0.3555396643577489,405.9363986114296,0.0,
2021-05-13 06:00:42.820,1,0.3329901051663886,406.2612826766865,0.0,
2021-05-13 06:00:42.830,1,0.3600377202613177,399.8039210223619,0.0,
2021-05-13 06:00:42.840,1,0.3442152555243492,404.2170049017424,0.0,
2021-05-13 06:00:42.850,0,0.3362629549904025,399.3416075797501,0.0,
2021-05-13 06:00:42.860,0,0.4040136342727737,400.5555650495205,0.0,
2021-05-13 06:00:42.870,0,0.3714023550474096,398.5690635481736,0.0,
2021-05-13 06:00:42.880,0,0.372539525982726,400.16707777128,0.0,
2021-05-13 06:00:42.890,0,0.3940019561928216,397.68531971321596,0.0,
2021-05-13 06:00:42.900,0,0.3424276720510991,399.0671159612825,0.0,
2021-05-13 06:00:42.910,0,0.3896372460504149,399.0859893175447,0.0,
2021-05-13 06:00:42.920,0,0.2753639872413491,400.18507556247175,0.0,
2021-05-13 06:00:42.930,0,0.3933456708619599,402.4533156245134,0.0,
2021-05-13 06:00:42.940,0,0.3839334737890106,396.67119392680536,0.0,
2021-05-13 06:00:42.950,0,0.3383946140430061,394.9746138078115,0.0,
2021-05-13 06:00:42.960,0,0.3884947002713254,391.5228737649292,0.0,
2021-05-13 06:00:42.970,0,0.3695452801884191,388.9470501634776,0.0,
2021-05-13 06:00:42.980,0,0.2878560841275036,375.8412787667015,0.0,
2021-05-13 06:00:42.990,0,0.3208616289130605,362.6727807807857,0.0,
2021-05-13 06:00:43.000,1,0.2423941545633446,348.21328900272346,0.0,
2021-05-13 06:00:43.010,1,0.2927671998589046,332.0727251134718,0.0,
2021-05-13 06:00:43.020,1,0.3103615407680045,313.7045840497823,0.0,
2021-05-13 06:00:43.030,1,0.2586819182650802,294.71212227538336,0.0,
2021-05-13 06:00:43.040,1,0.2319358591790761,272.38830731317785,0.0,
2021-05-13 06:00:43.050,1,0.2067128139138003,255.02637918925944,0.0,
2021-05-13 06:00:43.060,1,0.1744145467572538,234.15421306664825,0.0,
2021-05-13 06:00:43.070,1,0.1845072704662083,215.87056864819317,1.0,
2021-05-13 06:00:43.080,1,0.1888585480103863,195.87757641122627,1.0,
2021-05-13 06:00:43.090,1,0.1379968539906506,178.33462413742745,1.0,
2021-05-13 06:00:43.100,1,0.1404679807090244,159.739179709258,1.0,
2021-05-13 06:00:43.110,1,0.1447934036358917,145.34738133293928,1.0,
2021-05-13 06:00:43.120,1,0.1293436911306933,135.60118641718591,1.0,
2021-05-13 06:00:43.130,1,0.0857568044142254,127.06786792578207,1.0,
2021-05-13 06:00:43.140,1,0.1258075165638341,122.52073505608593,1.0,
2021-05-13 06:00:43.150,1,0.0906094489609839,119.59256804058286,1.0,
2021-05-13 06:00:43.160,1,0.0873987295604785,120.06431508828108,1.0,
2021-05-13 06:00:43.170,1,0.1014629660988845,123.65619394660072,1.0,
2021-05-13 06:00:43.180,1,0.1016510171976256,125.99491613449356,1.0,
2021-05-13 06:00:43.190,1,0.1045421064767087,131.5075360253742,1.0,
2021-05-13 06:00:43.200,1,0.0992318693278469,136.24913473991043,1.0,
2021-05-13 06:00:43.210,1,0.1102967042495877,144.11365372175496,1.0,
2021-05-13 06:00:43.220,1,0.1248915449818821,153.13527804120932,1.0,
2021-05-13 06:00:43.230,1,0.1229943667569404,160.74879805904794,1.0,
2021-05-13 06:00:43.240,1,0.1564087863331487,172.77809654644574,1.0,
2021-05-13 06:00:43.250,1,0.1563574244866578,179.42140894404844,1.0,
2021-05-13 06:00:43.260,1,0.1767073511939741,190.7373777905631,1.0,
2021-05-13 06:00:43.270,1,0.1521990296284283,198.7562333195763,1.0,
2021-05-13 06:00:43.280,1,0.2161554109315688,208.27832464778285,1.0,
2021-05-13 06:00:43.290,1,0.1574299517827515,217.79921951863602,1.0,
2021-05-13 06:00:43.300,1,0.20516533607168305,226.50054295194482,1.0,
2021-05-13 06:00:43.310,1,0.19834246645310505,238.1634688608129,0.0,
2021-05-13 06:00:43.320,1,0.1752393515350382,245.4731247798888,0.0,
2021-05-13 06:00:43.330,1,0.2122317051069325,253.95514853688636,0.0,
2021-05-13 06:00:43.340,1,0.2324128817986361,264.18449643461656,0.0,
2021-05-13 06:00:43.350,1,0.2215677777604507,276.7815582675387,0.0,
2021-05-13 06:00:43.360,1,0.3121052240129847,281.77286288119507,0.0,
2021-05-13 06:00:43.370,1,0.3262156321346708,294.07201966479363,0.0,
2021-05-13 06:00:43.380,1,0.2622341161172123,301.66671936430754,0.0,
2021-05-13 06:00:43.390,1,0.2771479889756569,315.2692345582116,0.0,
2021-05-13 06:00:43.400,1,0.3308391412815554,320.4645041739958,0.0,
2021-05-13 06:00:43.410,1,0.3139030334754088,328.77005055439406,0.0,
2021-05-13 06:00:43.420,1,0.3027265784476038,340.6403164615721,0.0,
2021-05-13 06:00:43.430,1,0.3510565563545449,341.865403854877,0.0,
2021-05-13 06:00:43.440,1,0.3667587632022327,355.9081156303624,0.0,
2021-05-13 06:00:43.450,1,0.3063501669652784,359.01068969197746,0.0,
2021-05-13 06:00:43.460,1,0.3977795129453426,368.03351954111037,0.0,
2021-05-13 06:00:43.470,1,0.4170936691143392,376.2320166545777,0.0,
2021-05-13 06:00:43.480,1,0.3863066159439474,371.21950973583984,0.0,
2021-05-13 06:00:43.490,1,0.459839294740326,379.7867092152985,0.0,
2021-05-13 06:00:43.500,1,0.4159371828216363,383.5918911658644,0.0,
2021-05-13 06:00:43.510,1,0.4223530134566137,389.3117870019275,0.0,
2021-05-13 06:00:43.520,1,0.4616492792336443,390.3063906430584,0.0,
2021-05-13 06:00:43.530,1,0.4050337932697131,396.5128603140696,0.0,
2021-05-13 06:00:43.540,1,0.4564996662770501,394.4975942191757,0.0,
2021-05-13 06:00:43.550,1,0.4421762708610141,403.14612412353966,0.0,
2021-05-13 06:00:43.560,1,0.371104905897558,404.6881236893133,0.0,
2021-05-13 06:00:43.570,1,0.3946912263732314,400.3115814919677,0.0,
2021-05-13 06:00:43.580,1,0.4900268915121999,406.2998277050864,0.0,
2021-05-13 06:00:43.590,1,0.3882749378433961,404.6677849142848,0.0,
2021-05-13 06:00:43.600,1,0.4563209130905387,405.10033390352487,0.0,
2021-05-13 06:00:43.610,1,0.4803039174882431,408.9888156003176,0.0,
2021-05-13 06:00:43.620,1,0.4543054253323887,409.1659505928377,0.0,
2021-05-13 06:00:43.630,1,0.4179143509271265,408.60476007521714,0.0,
2021-05-13 06:00:43.640,1,0.3937756390619595,408.47328976553706,0.0,
2021-05-13 06:00:43.650,1,0.5021900256485092,408.3509510927169,0.0,
2021-05-13 06:00:43.660,1,0.4955731471629765,409.2073011121122,0.0,
2021-05-13 06:00:43.670,1,0.4541843694528725,407.73882202953246,0.0,
2021-05-13 06:00:43.680,1,0.3585243020038773,405.98376280953397,0.0,
2021-05-13 06:00:43.690,1,0.4024702703116963,409.676051018795,0.0,
2021-05-13 06:00:43.700,1,0.4400416170133474,408.46459968675725,0.0,
2021-05-13 06:00:43.710,1,0.4123612315843692,403.3810412885721,0.0,
2021-05-13 06:00:43.720,1,0.3907857618230869,406.92091381444544,0.0,
2021-05-13 06:00:43.730,1,0.513712200577261,404.1691245866287,0.0,
2021-05-13 06:00:43.740,1,0.4971966510411238,406.3367339728417,0.0,
2021-05-13 06:00:43.750,1,0.5178250400295179,405.23503884676836,0.0,
2021-05-13 06:00:43.760,1,0.3593241827497958,402.79911353532674,0.0,
2021-05-13 06:00:43.770,1,0.4025809189161328,402.7457732831827,0.0,
2021-05-13 06:00:43.780,1,0.4693068106837578,400.9890674364739,0.0,
2021-05-13 06:00:43.790,1,0.3655170570159341,401.5884517924893,0.0,
2021-05-13 06:00:43.800,1,0.4768292656334539,398.59978823523073,0.0,
2021-05-13 06:00:43.810,1,0.4995719555291434,402.3707422892968,0.0,
2021-05-13 06:00:43.820,1,0.491533936606394,399.8140961448537,0.0,
2021-05-13 06:00:43.830,1,0.3863406383386345,397.68544084206167,0.0,
2021-05-13 06:00:43.840,1,0.5099765924538288,400.8728219656814,0.0,
2021-05-13 06:00:43.850,1,0.5003265033861072,399.1528071104509,0.0,
2021-05-13 06:00:43.860,1,0.3552941263678895,396.8788488961977,0.0,
2021-05-13 06:00:43.870,1,0.3561040627749992,397.0585267485575,0.0,
2021-05-13 06:00:43.880,1,0.4347308548174094,400.58518380698575,0.0,
2021-05-13 06:00:43.890,1,0.4998627590188644,394.29455405863,0.0,
2021-05-13 06:00:43.900,0,0.4087756520791525,399.39729658928536,0.0,
2021-05-13 06:00:43.910,0,0.4450934873108448,396.12929994822144,0.0,
2021-05-13 06:00:43.920,0,0.4470797758540218,397.33107285719285,0.0,
2021-05-13 06:00:43.930,0,0.4408274265402396,399.8093854412462,0.0,
2021-05-13 06:00:43.940,0,0.4857965139563643,398.4395825375392,0.0,
2021-05-13 06:00:43.950,0,0.4653369590107993,398.9191208022432,0.0,
2021-05-13 06:00:43.960,0,0.3350734326649894,398.5699633671714,0.0,
2021-05-13 06:00:43.970,0,0.4762915031640896,398.12500448061775,0.0,
2021-05-13 06:00:43.980,0,0.3370861117002557,397.05809883612295,0.0,
2021-05-13 06:00:43.990,0,0.4564705603495349,398.9124501644421,0.0,
2021-05-13 06:00:44.000,1,0.3357195953276276,395.65924707507736,0.0,
2021-05-13 06:00:44.010,1,0.3724101315565555,397.31038150741773,0.0,
2021-05-13 06:00:44.020,1,0.3908595838251196,387.5989251202882,0.0,
2021-05-13 06:00:44.030,1,0.3148003951571561,374.38349464987664,0.0,
2021-05-13 06:00:44.040,1,0.3155082126832401,362.6825975717857,0.0,
2021-05-13 06:00:44.050,1,0.3764155697470122,347.43989909512453,0.0,
2021-05-13 06:00:44.060,1,0.3726907767423831,330.063173877117,0.0,
2021-05-13 06:00:44.070,1,0.3707232326810925,312.0676981997164,0.0,
2021-05-13 06:00:44.080,1,0.3203456015452338,294.11213242654765,0.0,
2021-05-13 06:00:44.090,1,0.3139005104967465,275.144055935854,0.0,
2021-05-13 06:00:44.100,1,0.2396013536523686,254.4981963078296,0.0,
2021-05-13 06:00:44.110,1,0.266265089009458,242.5894520939113,0.0,
2021-05-13 06:00:44.120,1,0.2432926152809653,227.5251168077039,1.0,
2021-05-13 06:00:44.130,1,0.1790826736224914,218.78600977457646,1.0,
2021-05-13 06:00:44.140,1,0.1842587417452312,212.53243608652318,1.0,
2021-05-13 06:00:44.150,1,0.2013190930818503,205.15716644956868,1.0,
2021-05-13 06:00:44.160,1,0.2188720531641254,201.1691269400937,1.0,
2021-05-13 06:00:44.170,1,0.1863239391750422,201.516735452629,1.0,
2021-05-13 06:00:44.180,1,0.2210469551406838,201.10485185967357,1.0,
2021-05-13 06:00:44.190,1,0.1854448064916257,200.77761077830087,1.0,
2021-05-13 06:00:44.200,1,0.1599980821643836,202.63914463197705,1.0,
2021-05-13 06:00:44.210,1,0.2239046056797953,205.16523767421424,1.0,
2021-05-13 06:00:44.220,1,0.2231783258304316,208.31279182512824,1.0,
2021-05-13 06:00:44.230,1,0.2021932061490647,210.68083046771,1.0,
2021-05-13 06:00:44.240,1,0.1933834222436978,216.27571622509828,1.0,
2021-05-13 06:00:44.250,1,0.2204736362886552,219.83968925918708,1.0,
2021-05-13 06:00:44.260,1,0.1820440569838577,228.03477380927558,1.0,
2021-05-13 06:00:44.270,1,0.2394893918262519,231.58566260161945,1.0,
2021-05-13 06:00:44.280,1,0.2302239536298718,236.51623376784082,1.0,
2021-05-13 06:00:44.290,1,0.2595849082395582,243.2912315494275,0.0,
2021-05-13 06:00:44.300,1,0.2418804155744677,251.62723265718543,0.0,
2021-05-13 06:00:44.310,1,0.2472410771463622,256.7638560965377,0.0,
2021-05-13 06:00:44.320,1,0.2639518044778927,265.8072980282695,0.0,
2021-05-13 06:00:44.330,1,0.2868599789219736,271.962116593259,0.0,
2021-05-13 06:00:44.340,1,0.2870760449642345,281.73643515996497,0.0,
2021-05-13 06:00:44.350,1,0.2428406962974621,289.3723803179214,0.0,
2021-05-13 06:00:44.360,1,0.2491023003759986,299.6428284109271,0.0,
2021-05-13 06:00:44.370,1,0.2522617267275151,307.3175379686544,0.0,
2021-05-13 06:00:44.380,1,0.2855533880953865,311.5289534922008,0.0,
2021-05-13 06:00:44.390,1,0.3439255454769646,323.50480891031856,0.0,
2021-05-13 06:00:44.400,1,0.3176917393350586,327.5490316799376,0.0,
2021-05-13 06:00:44.410,1,0.3654697588793513,334.47762273706553,0.0,
2021-05-13 06:00:44.420,1,0.3062902690686543,341.73086333953574,0.0,
2021-05-13 06:00:44.430,1,0.3421039747392411,348.8123793064978,0.0,
2021-05-13 06:00:44.440,1,0.3916277213066106,355.3128135381208,0.0,
2021-05-13 06:00:44.450,1,0.3535374440978627,357.2692646376193,0.0,
2021-05-13 06:00:44.460,1,0.2841013977431687,365.5867972085709,0.0,
2021-05-13 06:00:44.470,1,0.3780430734590929,369.0159829868685,0.0,
2021-05-13 06:00:44.480,1,0.3780705272043834,371.8806063556412,0.0,
2021-05-13 06:00:44.490,1,0.3517917298055542,374.9231668695422,0.0,
2021-05-13 06:00:44.500,1,0.35104438468153404,378.86889219276617,0.0,
2021-05-13 06:00:44.510,1,0.4196690592621838,384.0078324390294,0.0,
2021-05-13 06:00:44.520,1,0.4045222022687526,382.8683222709816,0.0,
2021-05-13 06:00:44.530,1,0.3720246141437607,390.169815496244,0.0,
2021-05-13 06:00:44.540,1,0.4292097736408492,389.47678159393615,0.0,
2021-05-13 06:00:44.550,1,0.3735908700763402,396.12899874485566,0.0,
2021-05-13 06:00:44.560,1,0.3793966470840978,391.2645305089934,0.0,
2021-05-13 06:00:44.570,1,0.3146796046085905,395.35003203962737,0.0,
2021-05-13 06:00:44.580,1,0.4278038793318779,397.54502938779984,0.0,
2021-05-13 06:00:44.590,1,0.4436106161667193,397.99649253425537,0.0,
2021-05-13 06:00:44.600,1,0.4174227730324662,396.51967999334727,0.0,
2021-05-13 06:00:44.610,1,0.3571793242025165,395.13989726220336,0.0,
2021-05-13 06:00:44.620,1,0.4553081054755046,400.80094453121137,0.0,
2021-05-13 06:00:44.630,1,0.42971286096379896,399.9667643985906,0.0,
2021-05-13 06:00:44.640,1,0.416864391657344,396.0890175744897,0.0,
2021-05-13 06:00:44.650,1,0.378635011583451,400.43780843340835,0.0,
2021-05-13 06:00:44.660,1,0.4185407152279958,400.4586896488582,0.0,
2021-05-13 06:00:44.670,1,0.3306540612557797,395.80363607117073,0.0,
2021-05-13 06:00:44.680,1,0.4885782792228406,395.4624861014989,0.0,
2021-05-13 06:00:44.690,1,0.4249623294429403,393.4532267125667,0.0,
2021-05-13 06:00:44.700,1,0.4396663893478183,393.0486811234076,0.0,
2021-05-13 06:00:44.710,1,0.3537215183056795,395.4398930445497,0.0,
2021-05-13 06:00:44.720,1,0.4681205692832375,394.2176399871611,0.0,
2021-05-13 06:00:44.730,1,0.4047810538478407,394.0655729700167,0.0,
2021-05-13 06:00:44.740,1,0.4654424886316154,394.78547576698446,0.0,
2021-05-13 06:00:44.750,1,0.3707928819316171,392.4188067305792,0.0,
2021-05-13 06:00:44.760,1,0.3199459700170255,387.8514381950025,0.0,
2021-05-13 06:00:44.770,1,0.4122309619320986,386.77817265230806,0.0,
2021-05-13 06:00:44.780,1,0.457412408790898,386.0120210547119,0.0,
2021-05-13 06:00:44.790,1,0.3428391316238248,391.85877422719534,0.0,
2021-05-13 06:00:44.800,1,0.3947798443406938,390.5780632525869,0.0,
2021-05-13 06:00:44.810,1,0.4689900305171867,387.6602718190305,0.0,
2021-05-13 06:00:44.820,1,0.3432709502078011,389.20803193572135,0.0,
2021-05-13 06:00:44.830,1,0.3287434516002088,388.56122905299486,0.0,
2021-05-13 06:00:44.840,1,0.4279965348240125,388.34903486937117,0.0,
2021-05-13 06:00:44.850,1,0.4083924579581865,386.0356576513008,0.0,
2021-05-13 06:00:44.860,1,0.4138908452512265,387.6123148314596,0.0,
2021-05-13 06:00:44.870,1,0.4205705207910182,389.0956548210173,0.0,
2021-05-13 06:00:44.880,1,0.3799234300044056,387.65861025369753,0.0,
2021-05-13 06:00:44.890,1,0.4412781492563949,385.41003002330797,0.0,
2021-05-13 06:00:44.900,1,0.4214845094378331,389.4331777019613,0.0,
2021-05-13 06:00:44.910,1,0.3168196874642909,386.6911896926326,0.0,
2021-05-13 06:00:44.920,1,0.3833941176942922,386.0038373977353,0.0,
2021-05-13 06:00:44.930,1,0.3411407387390377,387.1615355550337,0.0,
2021-05-13 06:00:44.940,1,0.4331919057754722,388.9862214040008,0.0,
2021-05-13 06:00:44.950,0,0.4481307057334763,389.0461882315226,0.0,
2021-05-13 06:00:44.960,0,0.3458917044449908,387.182536997697,0.0,
2021-05-13 06:00:44.970,0,0.4375345048480594,388.91043914273683,0.0,
2021-05-13 06:00:44.980,0,0.4569370447177109,383.9467163735386,0.0,
2021-05-13 06:00:44.990,0,0.3441142139404874,387.9893875268464,0.0,
2021-05-13 06:00:45.000,0,0.3767716470845152,387.4359761209421,0.0,
2021-05-13 06:00:45.010,0,0.3492769123729584,388.3981578358522,0.0,
2021-05-13 06:00:45.020,0,0.3703829862260436,386.31657560974367,0.0,
2021-05-13 06:00:45.030,0,0.4330190091123446,387.13056761381654,0.0,
2021-05-13 06:00:45.040,0,0.4411409361474774,387.12471275554384,0.0,
2021-05-13 06:00:45.050,0,0.3080197102686246,386.0369688821488,0.0,
2021-05-13 06:00:45.060,0,0.3849653075355028,381.44965484497635,0.0,
2021-05-13 06:00:45.070,0,0.3197949637370469,375.03770533673134,0.0,
2021-05-13 06:00:45.080,0,0.3759788342890339,367.32287571765227,0.0,
2021-05-13 06:00:45.090,0,0.3170857567555392,352.2806596181255,0.0,
2021-05-13 06:00:45.100,0,0.298626369325129,341.84729273387984,0.0,
2021-05-13 06:00:45.110,0,0.2379003236345946,322.73297854825074,0.0,
2021-05-13 06:00:45.120,0,0.246033431885898,306.01101155294793,0.0,
2021-05-13 06:00:45.130,0,0.2366305307970332,288.0060849924678,0.0,
2021-05-13 06:00:45.140,0,0.2306394474793821,269.8187723134315,0.0,
2021-05-13 06:00:45.150,0,0.2052697612186523,247.440357601932,0.0,
2021-05-13 06:00:45.160,0,0.2046496999827571,230.09730937667442,1.0,
2021-05-13 06:00:45.170,0,0.2209997813753017,210.2767339231961,1.0,
2021-05-13 06:00:45.180,0,0.1636308451094431,192.703113066536,1.0,
2021-05-13 06:00:45.190,0,0.1308930458851865,173.9927126703191,1.0,
2021-05-13 06:00:45.200,0,0.1540104267712368,156.23263963914687,1.0,
2021-05-13 06:00:45.210,0,0.1195970013666201,139.40786262634867,1.0,
2021-05-13 06:00:45.220,0,0.0896530129702037,122.6018466608947,1.0,
2021-05-13 06:00:45.230,0,0.0856876397677703,106.7673512652732,1.0,
2021-05-13 06:00:45.240,0,0.0825709639725184,91.89288577708167,1.0,
2021-05-13 06:00:45.250,0,0.0691972488109037,78.62437463911503,1.0,
2021-05-13 06:00:45.260,0,0.0544630979350509,65.51434812870681,1.0,
2021-05-13 06:00:45.270,0,0.0470911795015604,54.148083401653174,1.0,
2021-05-13 06:00:45.280,0,0.0314721304709463,42.96715562861581,1.0,
2021-05-13 06:00:45.290,0,0.0267482948211401,33.14284052904503,2.0,
2021-05-13 06:00:45.300,0,0.0203546481839177,23.99492927014638,2.0,
2021-05-13 06:00:45.310,0,0.0100202155713691,16.004938796286897,2.0,
2021-05-13 06:00:45.320,0,0.0059000406770265,8.574817395987656,2.0,
2021-05-13 06:00:45.330,0,-0.0009998813744504,2.146351256571692,2.0,
2021-05-13 06:00:45.340,0,-0.0048481506718190005,0.0,2.0,
2021-05-13 06:00:45.350,0,-0.0092824007509054,0.0,2.0,
2021-05-13 06:00:45.360,0,-0.0096894171030355,0.0,2.0,
2021-05-13 06:00:45.370,0,-0.0121849038327744,0.0,2.0,
2021-05-13 06:00:45.380,0,-0.0150408619317105,0.0,2.0,
2021-05-13 06:00:45.390,0,-0.0148232665033411,0.0,2.0,
2021-05-13 06:00:45.400,0,-0.0172761969893971,0.0,2.0,
2021-05-13 06:00:45.410,0,-0.012379864381529,0.0,2.0,
2021-05-13 06:00:45.420,0,-0.0138629780147429,0.0,2.0,
2021-05-13 06:00:45.430,0,-0.0162619091560306,0.0,2.0,
2021-05-13 06:00:45.440,0,-0.0201823216884553,0.0,2.0,
2021-05-13 06:00:45.450,0,-0.0236297458235041,0.0,2.0,
2021-05-13 06:00:45.460,0,-0.0211878583905091,0.0,2.0,
2021-05-13 06:00:45.470,0,-0.0162422852432744,0.0,2.0,
2021-05-13 06:00:45.480,0,-0.018537273265306,0.0,2.0,
2021-05-13 06:00:45.490,0,-0.0189228529071312,0.0,2.0,
2021-05-13 06:00:45.500,0,-0.0122627733470602,0.0,2.0,
2021-05-13 06:00:45.510,0,-0.0160151076678875,0.0,2.0,
2021-05-13 06:00:45.520,0,-0.0178092276321736,0.0,2.0,
2021-05-13 06:00:45.530,0,-0.0117438903127831,0.0,2.0,
2021-05-13 06:00:45.540,0,-0.0152976226529096,0.0,2.0,
2021-05-13 06:00:45.550,0,-0.0174653881551766,0.0,2.0,
2021-05-13 06:00:45.560,0,-0.0158557067687573,0.0,2.0,
2021-05-13 06:00:45.570,0,-0.0062784303814117,0.0,2.0,
2021-05-13 06:00:45.580,0,-0.0118453138160799,0.0,2.0,
2021-05-13 06:00:45.590,0,-0.0157231460788313,0.0,2.0,
2021-05-13 06:00:45.600,0,-0.0108562792133835,0.0,2.0,
2021-05-13 06:00:45.610,0,-0.007685978870585999,0.0,2.0,
2021-05-13 06:00:45.620,0,-0.0123242671974191,0.0,2.0,
2021-05-13 06:00:45.630,0,-0.0048671556932367,0.0,2.0,
2021-05-13 06:00:45.640,0,-0.0070002421216101,0.0,2.0,
2021-05-13 06:00:45.650,0,0.0020791337380529,0.0,2.0,
2021-05-13 06:00:45.660,0,-0.0012813406971908,0.0,2.0,
2021-05-13 06:00:45.670,0,-0.0048423311744439,0.0,2.0,
2021-05-13 06:00:45.680,0,0.0005518722676289,0.0,2.0,
2021-05-13 06:00:45.690,0,-0.0003975260066143,0.0,2.0,
2021-05-13 06:00:45.700,0,0.0021274352824526,0.0,2.0,
2021-05-13 06:00:45.710,0,-0.0054815995729836,0.0,2.0,
2021-05-13 06:00:45.720,0,-0.0017517501764115,0.0,2.0,
2021-05-13 06:00:45.730,0,0.0025531672238753,0.0,2.0,
2021-05-13 06:00:45.740,0,-0.0074819770615846,0.2605130287759222,2.0,
2021-05-13 06:00:45.750,0,0.0005593044286863,0.5913034683237312,2.0,
2021-05-13 06:00:45.760,0,0.0018759638317976,0.8638581165591613,2.0,
2021-05-13 06:00:45.770,0,-7.686234225601186e-05,1.1045655539623251,2.0,
2021-05-13 06:00:45.780,0,0.0033047223005128,1.2823448658112284,2.0,
2021-05-13 06:00:45.790,0,-0.0016443642552177,1.4371127469120282,2.0,
2021-05-13 06:00:45.800,0,0.0022979752091548,1.5579823306436564,2.0,
2021-05-13 06:00:45.810,0,-0.0025504301698378,1.6606728025656972,2.0,
2021-05-13 06:00:45.820,0,0.002898743224512,1.7196931387820351,2.0,
2021-05-13 06:00:45.830,0,0.0019984134590563,1.773183859268965,2.0,
2021-05-13 06:00:45.840,0,0.0018399757806713,1.7846617811437324,2.0,
2021-05-13 06:00:45.850,0,0.0027140651464833,1.772138335145689,2.0,
2021-05-13 06:00:45.860,0,0.0036189406985739,1.7696982643145478,2.0,
2021-05-13 06:00:45.870,0,0.0003608258339543,1.7319249219424264,2.0,
2021-05-13 06:00:45.880,0,0.0034815776427554,1.6550096085075678,2.0,
2021-05-13 06:00:45.890,0,-0.0028506247507747,1.609163461696569,2.0,
2021-05-13 06:00:45.900,0,-0.0026617177798381,1.5554389606015977,2.0,
2021-05-13 06:00:45.910,0,-0.0009971051611269,1.4793258608301083,2.0,
2021-05-13 06:00:45.920,0,0.0060049129284165,1.3804897504525162,2.0,
2021-05-13 06:00:45.930,0,-0.0035235600849841,1.3085355442870128,2.0,
2021-05-13 06:00:45.940,0,-0.0038505163714561,1.2038495045034836,2.0,
2021-05-13 06:00:45.950,0,0.0048847769227314,1.1270525904832085,2.0,
2021-05-13 06:00:45.960,0,0.0038632087245227,1.04264287361899,2.0,
2021-05-13 06:00:45.970,0,0.0025893425602389,0.9507981442449872,2.0,
2021-05-13 06:00:45.980,0,-0.0053339805747505,0.8700653998187119,2.0,
2021-05-13 06:00:45.990,0,0.0020290917746923,0.7798739150482077,2.0,
2021-05-13 06:00:46.000,0,-0.0007729606130435,0.6989673115052355,2.0,
2021-05-13 06:00:46.010,0,-0.0003828575071329,0.6253290767614805,2.0,
2021-05-13 06:00:46.020,0,0.0037039135383345,0.5532052214975131,2.0,
2021-05-13 06:00:46.030,0,-0.0032874845682024,0.4792568931460448,2.0,
2021-05-13 06:00:46.040,0,-0.0002350117380998,0.4139543413942027,2.0,
2021-05-13 06:00:46.050,0,-0.0033268239465173,0.3523946544700712,2.0,
2021-05-13 06:00:46.060,0,0.0028122181499871,0.2953531952115255,2.0,
2021-05-13 06:00:46.070,0,-0.0025044365325044,0.2395908357624382,2.0,
2021-05-13 06:00:46.080,0,0.0015767206957908,0.1907939102674879,2.0,
2021-05-13 06:00:46.090,0,-0.0017054833356087,0.1455531241604752,2.0,
2021-05-13 06:00:46.100,0,-0.0005656367367832,0.1052347341076086,2.0,
2021-05-13 06:00:46.110,0,-0.000963379725077,0.068254123277846,2.0,
2021-05-13 06:00:46.120,0,0.0043105678181319,0.0353592767841799,2.0,
2021-05-13 06:00:46.130,0,-0.0004195429558743,0.0062494099448278,2.0,
2021-05-13 06:00:46.140,0,-0.0012248799671054,0.0,2.0,
2021-05-13 06:00:46.150,0,0.002540665861033,0.0,2.0,
2021-05-13 06:00:46.160,0,0.0007223644975302,0.0,2.0,
2021-05-13 06:00:46.170,0,0.0018324780829331,0.0,2.0,
2021-05-13 06:00:46.180,0,-0.0026506392379792,0.0,2.0,
2021-05-13 06:00:46.190,0,-0.0006469885524102,0.0,2.0,
2021-05-13 06:00:46.200,0,0.0010121433817160002,0.0,2.0,
2021-05-13 06:00:46.210,0,0.0036694135350716,0.0,2.0,
2021-05-13 06:00:46.220,0,-1.9980486989691207e-05,0.0,2.0,
2021-05-13 06:00:46.230,0,-0.0052548894612427,0.0,2.0,
2021-05-13 06:00:46.240,0,0.0028446424115277,0.0,2.0,
2021-05-13 06:00:46.250,0,0.0028438125473657,0.0,2.0,
2021-05-13 06:00:46.260,0,-0.0038353613742062,0.0,2.0,
2021-05-13 06:00:46.270,0,-2.987366607577193e-05,0.0,2.0,
2021-05-13 06:00:46.280,0,-0.0052770144744498,0.0,2.0,
2021-05-13 06:00:46.290,0,-0.0048488168305475,0.0,2.0,
2021-05-13 06:00:46.300,0,0.0004345638242617,0.0,2.0,
2021-05-13 06:00:46.310,0,0.0029133651237568,0.0,2.0,
2021-05-13 06:00:46.320,0,-0.0014012816516860002,0.0,2.0,
2021-05-13 06:00:46.330,0,0.0031783309935707,0.0,2.0,
2021-05-13 06:00:46.340,0,-0.0023462192941314,0.0,2.0,
2021-05-13 06:00:46.350,0,-0.0058272522580640005,0.0,2.0,
2021-05-13 06:00:46.360,0,0.0074952916336745,0.0,2.0,
2021-05-13 06:00:46.370,0,-0.0059234155306101,0.0,2.0,
2021-05-13 06:00:46.380,0,-0.0003637709546672,0.0,2.0,
2021-05-13 06:00:46.390,0,0.0020623880200087,0.0,2.0,
2021-05-13 06:00:46.400,0,0.0042146046582213,0.0,2.0,
2021-05-13 06:00:46.410,0,0.0042709335190222,0.0,2.0,
2021-05-13 06:00:46.420,0,-0.0002989695451487,0.0,2.0,
2021-05-13 06:00:46.430,0,0.0011354782627044,0.0,2.0,
2021-05-13 06:00:46.440,0,0.0045725212414961,0.0,2.0,
2021-05-13 06:00:46.450,0,0.0007821742368898,0.0,2.0,
2021-05-13 06:00:46.460,0,-0.0037479720097592,0.0,2.0,
2021-05-13 06:00:46.470,0,-0.0009810875425903,0.0,2.0,
2021-05-13 06:00:46.480,0,-0.0017254274134943,0.0,2.0,
2021-05-13 06:00:46.490,0,-0.0007720945118714,0.0,2.0,
2021-05-13 06:00:46.500,0,-0.0003466588686768,0.0,2.0,
2021-05-13 06:00:46.510,0,-0.001434344921466,0.0,2.0,
2021-05-13 06:00:46.520,0,-0.001844002627096,0.0,2.0,
2021-05-13 06:00:46.530,0,0.0033174809324936,0.0,2.0,
2021-05-13 06:00:46.540,0,0.0027937930082145,0.0014526943613167,2.0,
2021-05-13 06:00:46.550,0,0.0063094005061002,0.0029328207831767,2.0,
2021-05-13 06:00:46.560,0,-0.0041900546239552,0.0042806821043855,2.0,
2021-05-13 06:00:46.570,0,-0.0016232657494896,0.0053290148766042,2.0,
2021-05-13 06:00:46.580,0,0.006076973661084,0.0061888909890195,2.0,
2021-05-13 06:00:46.590,0,0.0021912945764977,0.0069985119941484,2.0,
2021-05-13 06:00:46.600,0,-0.0047442786274266,0.0074891348241627,2.0,
2021-05-13 06:00:46.610,0,-0.0044176858296468,0.0078954010551432,2.0,
2021-05-13 06:00:46.620,0,-0.0015937282391440002,0.0082470240974982,2.0,
2021-05-13 06:00:46.630,0,0.0031483537289838,0.008420353839691,2.0,
2021-05-13 06:00:46.640,0,-0.0001212369120736,0.0084895123542228,2.0,
2021-05-13 06:00:46.650,0,0.0022758818765978,0.0084121393723913,2.0,
2021-05-13 06:00:46.660,0,-0.0021445329115977,0.0082910121215576,2.0,
2021-05-13 06:00:46.670,0,0.0036735591636844,0.008223368140914001,2.0,
2021-05-13 06:00:46.680,0,-0.0030238307107940004,0.0078695424447733,2.0,
2021-05-13 06:00:46.690,0,0.0028540355718888,0.0076380191181376,2.0,
2021-05-13 06:00:46.700,0,0.0018049282505882,0.0072571968143896,2.0,
2021-05-13 06:00:46.710,0,0.0007132956167902,0.0069087217987291,2.0,
2021-05-13 06:00:46.720,0,-0.0048718898538451,0.0065462545758691,2.0,
2021-05-13 06:00:46.730,0,0.0060687801499773,0.0061384611887708,2.0,
2021-05-13 06:00:46.740,0,0.0021836995512926,0.0057306303383403,2.0,
2021-05-13 06:00:46.750,0,0.0009661047164085,0.005321280471901,2.0,
2021-05-13 06:00:46.760,0,0.0062682545630398,0.0048643820616397,1.0,
2021-05-13 06:00:46.770,0,0.0055758182814317,0.0044980572575773,1.0,
2021-05-13 06:00:46.780,0,-0.0038578251398796,0.0040100825588151,1.0,
2021-05-13 06:00:46.790,0,-0.0049756516271654,0.0036787582310944,1.0,
2021-05-13 06:00:46.800,0,-0.0022723852666788,0.0033103544462769995,1.0,
2021-05-13 06:00:46.810,0,0.0007524404189398,0.0029023050159018,1.0,
2021-05-13 06:00:46.820,0,-0.0021335439357841,0.0025865268236173,1.0,
2021-05-13 06:00:46.830,0,0.0014304075651626,0.0022292430694622,1.0,
2021-05-13 06:00:46.840,0,0.0046709796386408,0.0019160633352737,1.0,
2021-05-13 06:00:46.850,0,-0.0004530802565923,0.0016239546299346,1.0,
2021-05-13 06:00:46.860,0,-0.0037245400325794,0.0013463770947509,1.0,
2021-05-13 06:00:46.870,0,0.0003517852556503,0.0010952876994836,1.0,
2021-05-13 06:00:46.880,0,-0.0006781989563250001,0.0008652408792261,1.0,
2021-05-13 06:00:46.890,0,-0.0032602989547489,0.0006530222350504,1.0,
2021-05-13 06:00:46.900,0,0.0037967927749163,0.0004683301387333,1.0,
2021-05-13 06:00:46.910,0,0.0034747018944273,0.0002965560255046,1.0,
2021-05-13 06:00:46.920,0,0.0047059120504628,0.0001471196828866,1.0,
2021-05-13 06:00:46.930,0,-0.0027142777417742,1.26447290701137e-05,1.0,
2021-05-13 06:00:46.940,0,0.0001504273536789,0.0,1.0,
2021-05-13 06:00:46.950,0,0.0021321541679337,0.0,1.0,
2021-05-13 06:00:46.960,0,-7.007991182099256e-05,0.0,1.0,
2021-05-13 06:00:46.970,0,0.0017345213849437,0.0,1.0,
2021-05-13 06:00:46.980,0,0.0016486728411009,0.0,1.0,
2021-05-13 06:00:46.990,0,0.0023842938136410005,0.0,1.0,
2021-05-13 06:00:47.000,0,0.0027960697109579,0.0,1.0,
2021-05-13 06:00:47.010,0,-0.0021988071448789995,0.0,1.0,
2021-05-13 06:00:47.020,0,-0.0072133770248832,0.0,1.0,
2021-05-13 06:00:47.030,0,-0.0007991452120507,0.0,1.0,
2021-05-13 06:00:47.040,0,-0.0016475096517195,0.0,1.0,
2021-05-13 06:00:47.050,0,-0.0012896596357702,0.0,1.0,
2021-05-13 06:00:47.060,0,-0.0033952417974949,0.0,1.0,
2021-05-13 06:00:47.070,0,-0.0027855718544523,0.0,1.0,
2021-05-13 06:00:47.080,0,-0.0047846838232200005,0.0,1.0,
2021-05-13 06:00:47.090,0,-0.0071563844074081,0.0,1.0,
2021-05-13 06:00:47.100,0,-0.0037523072795940006,0.0,1.0,
2021-05-13 06:00:47.110,0,0.005077373227839001,0.0,1.0,
2021-05-13 06:00:47.120,0,-0.0005572370497223,0.0,1.0,
2021-05-13 06:00:47.130,0,-0.0002200890084048,0.0,1.0,
2021-05-13 06:00:47.140,0,0.0012111627694718,0.0,1.0,
2021-05-13 06:00:47.150,0,0.0004339640149321,0.0,1.0,
2021-05-13 06:00:47.160,0,0.0064488205382772,0.0,1.0,
2021-05-13 06:00:47.170,0,0.0003775615385775,0.0,1.0,
2021-05-13 06:00:47.180,0,0.0068289191704409,0.0,1.0,
2021-05-13 06:00:47.190,0,-0.0047292477342488,0.0,1.0,
2021-05-13 06:00:47.200,0,0.0013865878467295,0.0,1.0,
2021-05-13 06:00:47.210,0,0.0006827905926304,0.0,1.0,
2021-05-13 06:00:47.220,0,0.0059493930006416,0.0,1.0,
2021-05-13 06:00:47.230,0,0.0017896193029609,0.0,1.0,
2021-05-13 06:00:47.240,0,-0.0040056103452906,0.0,1.0,
2021-05-13 06:00:47.250,0,-0.0003220273696326,0.0,1.0,
2021-05-13 06:00:47.260,0,0.0012999618274956,0.0,1.0,
2021-05-13 06:00:47.270,0,3.723388433631946e-05,0.0,1.0,
2021-05-13 06:00:47.280,0,0.0090602617264343,0.0,1.0,
2021-05-13 06:00:47.290,0,0.0043319973004063,0.0,1.0,
2021-05-13 06:00:47.300,0,0.0059102849444446,0.0,1.0,
2021-05-13 06:00:47.310,0,-0.0017576269453889,0.0,1.0,
2021-05-13 06:00:47.320,0,-0.0030978108204099,0.0,1.0,
2021-05-13 06:00:47.330,0,-0.0012816243147811,0.0,1.0,
2021-05-13 06:00:47.340,0,0.0013488724743891,7.375724410117477e-06,1.0,
2021-05-13 06:00:47.350,0,0.0030294282853770005,1.4111711182204425e-05,1.0,
2021-05-13 06:00:47.360,0,0.0017297817749489,1.9924578098661648e-05,1.0,
2021-05-13 06:00:47.370,0,0.0014459329708967,2.4735548024455232e-05,1.0,
2021-05-13 06:00:47.380,0,0.0031870892291791,2.8877278245696955e-05,1.0,
2021-05-13 06:00:47.390,0,0.0010686050691686,3.208917553276911e-05,1.0,
2021-05-13 06:00:47.400,0,-0.0006236442846975,3.4376232209004166e-05,1.0,
2021-05-13 06:00:47.410,0,0.0005078218193782,3.654357612149782e-05,1.0,
2021-05-13 06:00:47.420,0,0.0007719198838419,3.780372933038892e-05,1.0,
2021-05-13 06:00:47.430,0,-0.0004840317114122,3.857271538085282e-05,1.0,
2021-05-13 06:00:47.440,0,-0.0023891120927882,3.8695835187140036e-05,1.0,
2021-05-13 06:00:47.450,0,-0.0031374390685455,3.87482815121019e-05,1.0,
2021-05-13 06:00:47.460,0,-0.0013338541713396,3.766510482301247e-05,1.0,
2021-05-13 06:00:47.470,0,0.0055251670825210005,3.7126332433159806e-05,1.0,
2021-05-13 06:00:47.480,0,0.0008821258224616,3.6101783305212175e-05,1.0,
2021-05-13 06:00:47.490,0,0.0017581374792189,3.497270963539804e-05,1.0,
2021-05-13 06:00:47.500,0,-0.0007860233253013,3.322177044650573e-05,1.0,
2021-05-13 06:00:47.510,0,0.0039289659936439,3.153020957549209e-05,1.0,
2021-05-13 06:00:47.520,0,-0.0030711038852369,2.9579241013764894e-05,1.0,
2021-05-13 06:00:47.530,0,0.0092155627056639,2.789468835188077e-05,1.0,
2021-05-13 06:00:47.540,0,-0.001996441709417,2.594546066488577e-05,1.0,
2021-05-13 06:00:47.550,0,-0.0008698546181264,2.401456215476052e-05,1.0,
2021-05-13 06:00:47.560,0,-0.0047105270833319,2.224527651009413e-05,1.0,
2021-05-13 06:00:47.570,0,-0.0037529710879195,2.0282425131825827e-05,1.0,
2021-05-13 06:00:47.580,0,-0.0068499870967983,1.8582103008058635e-05,1.0,
2021-05-13 06:00:47.590,0,-0.0021921810144387,1.659489904994038e-05,1.0,
2021-05-13 06:00:47.600,0,-0.0007811280199297,1.4885763694994736e-05,1.0,
2021-05-13 06:00:47.610,0,0.0030218744059462,1.3296687420377573e-05,1.0,
2021-05-13 06:00:47.620,0,-0.0013317653951879,1.1535305946948068e-05,1.0,
2021-05-13 06:00:47.630,0,-0.0023986085206193,1.0177319632195526e-05,1.0,
2021-05-13 06:00:47.640,0,-0.0060475987055071,8.689933111779013e-06,1.0,
2021-05-13 06:00:47.650,0,-0.0036489945410411,7.356748779708812e-06,1.0,
2021-05-13 06:00:47.660,0,0.0035597005517803,6.168977885063866e-06,1.0,
2021-05-13 06:00:47.670,0,0.0004966467482405,5.006460831686711e-06,1.0,
2021-05-13 06:00:47.680,0,0.0058267425769833,3.981364499344024e-06,1.0,
2021-05-13 06:00:47.690,0,-0.0035715206979558,3.0019761796403437e-06,1.0,
2021-05-13 06:00:47.700,0,-0.0024678833833831,2.146989218229976e-06,1.0,
2021-05-13 06:00:47.710,0,-0.0048414725263341,1.3441739845863866e-06,1.0,
2021-05-13 06:00:47.720,0,-0.00019555463185900004,6.57337138512841e-07,1.0,
2021-05-13 06:00:47.730,0,-0.0012428854245721,4.109267393082541e-08,1.0,
2021-05-13 06:00:47.740,0,-0.0047558420328929,0.0,1.0,
2021-05-13 06:00:47.750,0,0.0002063718391373,0.0,1.0,
2021-05-13 06:00:47.760,0,0.0041041443650649,0.0,1.0,
2021-05-13 06:00:47.770,0,0.0002939930076261,0.0,1.0,
2021-05-13 06:00:47.780,0,-0.0047002016124226,0.0,1.0,
2021-05-13 06:00:47.790,0,0.0034242087972786,0.0,1.0,
2021-05-13 06:00:47.800,0,-0.0045882811059407,0.0,1.0,
2021-05-13 06:00:47.810,0,-0.0002003977093251,0.0,1.0,
2021-05-13 06:00:47.820,0,0.0003261012166042,0.0,1.0,
2021-05-13 06:00:47.830,0,-0.0003785606472844,0.0,1.0,
2021-05-13 06:00:47.840,0,-0.0027816000318047,0.0,1.0,
2021-05-13 06:00:47.850,0,-2.951115220219348e-05,0.0,1.0,
2021-05-13 06:00:47.860,0,-0.0040700517350965,0.0,1.0,
2021-05-13 06:00:47.870,0,0.0008027088082567,0.0,1.0,
2021-05-13 06:00:47.880,0,0.0056533661605104,0.0,1.0,
2021-05-13 06:00:47.890,0,0.0051410496710708,0.0,1.0,
2021-05-13 06:00:47.900,0,2.958196167853476e-05,0.0,1.0,
2021-05-13 06:00:47.910,0,0.0033969485197573,0.0,1.0,
2021-05-13 06:00:47.920,0,0.0001888900513995,0.0,1.0,
2021-05-13 06:00:47.930,0,-0.0010923120145834,0.0,1.0,
2021-05-13 06:00:47.940,0,0.0066948234564968,0.0,1.0,
2021-05-13 06:00:47.950,0,0.0011842327528623,0.0,1.0,
2021-05-13 06:00:47.960,0,0.0032504647850885,0.0,1.0,
2021-05-13 06:00:47.970,0,-0.0006624464230078,0.0,1.0,
2021-05-13 06:00:47.980,0,0.0020243967184513,0.0,1.0,
2021-05-13 06:00:47.990,0,-0.0018030893353939,0.0,1.0,
2021-05-13 06:00:48.000,0,-0.0035335999730073,0.0,1.0,
2021-05-13 06:00:48.010,0,-0.0028318531717174,0.0,1.0,
2021-05-13 06:00:48.020,0,-0.0023327424101826,0.0,1.0,
2021-05-13 06:00:48.030,0,-0.0028802666929765,0.0,1.0,
2021-05-13 06:00:48.040,0,-0.0017394451202125,0.0,1.0,
2021-05-13 06:00:48.050,0,0.0030368420961871,0.0,1.0,
2021-05-13 06:00:48.060,0,-0.0036830610696189,0.0,1.0,
2021-05-13 06:00:48.070,0,0.0039125458845723,0.0,1.0,
2021-05-13 06:00:48.080,0,0.0093083630366856,0.0,1.0,
2021-05-13 06:00:48.090,0,0.0033327575514646,0.0,1.0,
2021-05-13 06:00:48.100,0,-0.0008336512237361,0.0,1.0,
2021-05-13 06:00:48.110,0,-0.0070368490613297,0.0,1.0,
2021-05-13 06:00:48.120,0,0.0010072850238134,0.0,1.0,
2021-05-13 06:00:48.130,0,-0.0032618270699734,0.0,1.0,
2021-05-13 06:00:48.140,0,-0.0004444927108383,3.2928111320102414e-08,1.0,
2021-05-13 06:00:48.150,0,-0.0050039751585691,6.395738713886597e-08,1.0,
2021-05-13 06:00:48.160,0,0.0001371361361326,9.168118630771397e-08,1.0,
2021-05-13 06:00:48.170,0,0.0051779047761977,1.1259982389536955e-07,1.0,
2021-05-13 06:00:48.180,0,-0.0016613944982222,1.3233484335449376e-07,1.0,
2021-05-13 06:00:48.190,0,-0.0042435052949942,1.4773462688986845e-07,1.0,
2021-05-13 06:00:48.200,0,0.0015766377374514,1.574421147117856e-07,1.0,
2021-05-13 06:00:48.210,0,0.0018467439499143,1.6809814615255617e-07,1.0,
2021-05-13 06:00:48.220,0,-0.0034228424948371,1.7100514239679534e-07,1.0,
2021-05-13 06:00:48.230,0,0.0005580382484072,1.74554194504379e-07,1.0,
2021-05-13 06:00:48.240,0,0.0021624824949494,1.7640432390303218e-07,1.0,
2021-05-13 06:00:48.250,0,0.0002246783468973,1.7557663412201995e-07,1.0,
2021-05-13 06:00:48.260,0,-0.002115570570669,1.7448757378896885e-07,1.0,
2021-05-13 06:00:48.270,0,0.0002392982917476,1.6971789306100916e-07,1.0,
2021-05-13 06:00:48.280,0,0.0013690971973546,1.6611999064060464e-07,1.0,
2021-05-13 06:00:48.290,0,0.0002797180739058,1.5803339964321288e-07,1.0,
2021-05-13 06:00:48.300,0,-0.0013158524430499,1.511299438858047e-07,1.0,
2021-05-13 06:00:48.310,0,0.0026493423006474,1.4426881941992038e-07,1.0,
2021-05-13 06:00:48.320,0,0.0030131157321875,1.350407104042833e-07,1.0,
2021-05-13 06:00:48.330,0,-0.0029023903073426,1.2723488711939295e-07,1.0,
2021-05-13 06:00:48.340,0,0.0036969686121711,1.1872735798346744e-07,1.0,
2021-05-13 06:00:48.350,0,-0.0003052643762935,1.0970851606603706e-07,1.0,
2021-05-13 06:00:48.360,0,0.0058835958314066,1.0098005785378412e-07,1.0,
2021-05-13 06:00:48.370,0,-0.0038531406455884,9.23872111897825e-08,1.0,
2021-05-13 06:00:48.380,0,-0.0020636497209772,8.429695986775329e-08,1.0,
2021-05-13 06:00:48.390,0,0.0067040904407794,7.57180118812417e-08,1.0,
2021-05-13 06:00:48.400,0,-0.0033389822377205,6.723147803140768e-08,1.0,
2021-05-13 06:00:48.410,0,0.0055129327762543,6.023656342111425e-08,1.0,
2021-05-13 06:00:48.420,0,0.0007256896794677,5.3174073838654816e-08,1.0,
2021-05-13 06:00:48.430,0,-0.0003207998135795,4.616348074925988e-08,1.0,
2021-05-13 06:00:48.440,0,0.0063095046582741,3.978656215531128e-08,1.0,
2021-05-13 06:00:48.450,0,0.0016041973872698,3.341585309799239e-08,1.0,
2021-05-13 06:00:48.460,0,0.0052601937229241,2.7987483973815422e-08,1.0,
2021-05-13 06:00:48.470,0,-0.0007053500800080001,2.272611005933492e-08,1.0,
2021-05-13 06:00:48.480,0,-0.0056860237221956,1.7817723804202662e-08,1.0,
2021-05-13 06:00:48.490,0,-0.0007836203748771,1.3582230000874349e-08,1.0,
2021-05-13 06:00:48.500,0,-0.0004857623140469,9.575293622540077e-09,1.0,
2021-05-13 06:00:48.510,0,0.0029984924948539,6.034387817296146e-09,1.0,
2021-05-13 06:00:48.520,0,0.0051305278211505,2.89051791992129e-09,1.0,
2021-05-13 06:00:48.530,0,0.0083817493414609,7.720030634959257e-11,1.0,
2021-05-13 06:00:48.540,0,-0.0016457809292831,0.0,1.0,
2021-05-13 06:00:48.550,0,0.0032112248988767,0.0,1.0,
2021-05-13 06:00:48.560,0,0.0040763612577004,0.0,1.0,
2021-05-13 06:00:48.570,0,0.0034495611204507,0.0,1.0,
2021-05-13 06:00:48.580,0,-0.0010537103587519,0.0,1.0,
2021-05-13 06:00:48.590,0,0.0022684457840034,0.0,1.0,
2021-05-13 06:00:48.600,0,0.0003360316153319,0.0,1.0,
2021-05-13 06:00:48.610,0,0.0017649528519668,0.0,1.0,
2021-05-13 06:00:48.620,0,0.0001776937513712,0.0,1.0,
2021-05-13 06:00:48.630,0,0.0029275119215238,0.0,1.0,
2021-05-13 06:00:48.640,0,0.0059027817516855,0.0,1.0,
2021-05-13 06:00:48.650,0,-0.004907738433954,0.0,1.0,
2021-05-13 06:00:48.660,0,0.0005072672798486,0.0,1.0,
2021-05-13 06:00:48.670,0,-0.0028252471556146,0.0,1.0,
2021-05-13 06:00:48.680,0,0.0017959149101516,0.0,1.0,
2021-05-13 06:00:48.690,0,0.0024159850681924,0.0,1.0,
2021-05-13 06:00:48.700,0,-0.0018506647494559,0.0,1.0,
2021-05-13 06:00:48.710,0,0.0019364948985007,0.0,1.0,
2021-05-13 06:00:48.720,0,-0.0013992688054368,0.0,1.0,
2021-05-13 06:00:48.730,0,0.0028308322886201,0.0,1.0,
2021-05-13 06:00:48.740,0,0.0019881778677113,0.0,1.0,
2021-05-13 06:00:48.750,0,0.0020432245990324,0.0,1.0,
2021-05-13 06:00:48.760,0,-0.0027108046677494,0.0,1.0,
2021-05-13 06:00:48.770,0,-0.0018840617861273,0.0,1.0,
2021-05-13 06:00:48.780,0,-0.0019744207249765,0.0,1.0,
2021-05-13 06:00:48.790,0,-0.0025605485141832,0.0,1.0,
2021-05-13 06:00:48.800,0,0.001166717120827,0.0,1.0,
2021-05-13 06:00:48.810,0,-0.0024245177458343,0.0,1.0,
2021-05-13 06:00:48.820,0,-9.177042975974294e-05,0.0,1.0,
2021-05-13 06:00:48.830,0,0.0032697094388841,0.0,1.0,
2021-05-13 06:00:48.840,0,-0.0037765065084213,0.0,1.0,
2021-05-13 06:00:48.850,0,0.0001034414513991,0.0,1.0,
2021-05-13 06:00:48.860,0,0.0007993649893184,0.0,1.0,
2021-05-13 06:00:48.870,0,-0.004156653964873,0.0,1.0,
2021-05-13 06:00:48.880,0,-0.0052116128191208,0.0,1.0,
2021-05-13 06:00:48.890,0,-0.0035499044078425,0.0,1.0,
2021-05-13 06:00:48.900,0,-0.0007540437563799,0.0,1.0,
2021-05-13 06:00:48.910,0,0.0029349050691011,0.0,1.0,
2021-05-13 06:00:48.920,0,0.0082443442165517,0.0,1.0,
2021-05-13 06:00:48.930,0,-0.0036018173772438,6.5646533024629244e-12,1.0,
2021-05-13 06:00:48.940,0,0.0006890093494746,1.7408931368308815e-10,1.0,
2021-05-13 06:00:48.950,0,0.0015463652372597,3.213866612183872e-10,1.0,
2021-05-13 06:00:48.960,0,-0.0030498741930285,4.3843482012911656e-10,1.0,
2021-05-13 06:00:48.970,0,-0.0048856343906485,5.482774016229869e-10,1.0,
2021-05-13 06:00:48.980,0,0.003368586915263,6.30756040695808e-10,1.0,
2021-05-13 06:00:48.990,0,0.0052101045340231,6.995537578776673e-10,1.0,
2021-05-13 06:00:49.000,0,-0.0013843939853811,7.547360753660168e-10,1.0,
2021-05-13 06:00:49.010,0,-0.0024553576651316,7.941178081386642e-10,1.0,
2021-05-13 06:00:49.020,0,-0.0006583202550745,8.174799207923212e-10,1.0,
2021-05-13 06:00:49.030,0,0.0042344983150259,8.380826356140493e-10,1.0,
2021-05-13 06:00:49.040,0,-0.0020125837766452,8.260700739590152e-10,1.0,
2021-05-13 06:00:49.050,0,0.0025937830294439,8.36333064159937e-10,1.0,
2021-05-13 06:00:49.060,0,0.0009618616889571,8.206424425468845e-10,1.0,
2021-05-13 06:00:49.070,0,-0.0033799999712825,7.976753182072633e-10,1.0,
2021-05-13 06:00:49.080,0,0.0051145401234706,7.690221022477896e-10,1.0,
2021-05-13 06:00:49.090,0,-0.001692236848885,7.372082587267694e-10,1.0,
2021-05-13 06:00:49.100,0,-0.005035008100380999,7.148851242815111e-10,1.0,
2021-05-13 06:00:49.110,0,-0.0018854527556277,6.786158167622985e-10,1.0,
2021-05-13 06:00:49.120,0,0.0004890657100808,6.409329257630387e-10,1.0,
2021-05-13 06:00:49.130,0,-0.0009080235511468,5.996801929626595e-10,1.0,
2021-05-13 06:00:49.140,0,-0.0008684168411085,5.571341845571102e-10,1.0,
2021-05-13 06:00:49.150,0,1.6083987952322258e-05,5.203898317798793e-10,1.0,
2021-05-13 06:00:49.160,0,0.0022940032970309,4.765480217720655e-10,1.0,
2021-05-13 06:00:49.170,0,-0.0031892945797344,4.3575716001322095e-10,1.0,
2021-05-13 06:00:49.180,0,-0.0015999802532698,3.9848714851173836e-10,1.0,
2021-05-13 06:00:49.190,0,-0.0026176732071558,3.566234567885227e-10,1.0,
2021-05-13 06:00:49.200,0,-0.0003944238875521,3.146625682741513e-10,1.0,
2021-05-13 06:00:49.210,0,0.0032197490956979,2.815182191360534e-10,1.0,
2021-05-13 06:00:49.220,0,-0.0008669549665453,2.4784502639869675e-10,1.0,
2021-05-13 06:00:49.230,0,0.0011434571045439,2.1287355659357439e-10,1.0,
2021-05-13 06:00:49.240,0,0.001289785885036,1.841248768252969e-10,1.0,
2021-05-13 06:00:49.250,0,-7.002777804406978e-05,1.528744377464541e-10,1.0,
2021-05-13 06:00:49.260,0,0.0002281376933452,1.2855183439593488e-10,1.0,
2021-05-13 06:00:49.270,0,0.0028245499363495,1.0351954419637379e-10,1.0,
2021-05-13 06:00:49.280,0,-0.0004197894935480001,8.247855567106463e-11,1.0,
2021-05-13 06:00:49.290,0,-0.001508969739019,6.19919450995268e-11,1.0,
2021-05-13 06:00:49.300,0,0.001567354781357,4.271622596699064e-11,1.0,
2021-05-13 06:00:49.310,0,-0.0020553493172207,2.6575583660595817e-11,1.0,
2021-05-13 06:00:49.320,0,-0.0031375161349496,1.1752728362207859e-11,1.0,
2021-05-13 06:00:49.330,0,-0.0042709013750434,0.0,1.0,
2021-05-13 06:00:49.340,0,-0.0013853133829722,0.0,1.0,
2021-05-13 06:00:49.350,0,-0.000674895658603,0.0,1.0,
2021-05-13 06:00:49.360,0,-0.0021033509450608,0.0,1.0,
2021-05-13 06:00:49.370,0,-0.0050426680991943,0.0,1.0,
2021-05-13 06:00:49.380,0,-0.004015768563718,0.0,1.0,
2021-05-13 06:00:49.390,0,-0.0008772953961134,0.0,1.0,
2021-05-13 06:00:49.400,0,-0.0006505538548305,0.0,1.0,
2021-05-13 06:00:49.410,0,-0.0038610979510225,0.0,1.0,
2021-05-13 06:00:49.420,0,-2.796010478783264e-05,0.0,1.0,
2021-05-13 06:00:49.430,0,-0.0033489894403118,0.0,1.0,
2021-05-13 06:00:49.440,0,0.0006308512682135,0.0,1.0,
2021-05-13 06:00:49.450,0,0.0096136725287329,0.0,1.0,
2021-05-13 06:00:49.460,0,-0.0040879826173774,0.0,1.0,
2021-05-13 06:00:49.470,0,-0.001110066877936,0.0,1.0,
2021-05-13 06:00:49.480,0,-0.0035569329759025,0.0,1.0,
2021-05-13 06:00:49.490,0,-0.0069550804605051,0.0,1.0,
2021-05-13 06:00:49.500,0,-0.005187391120592,0.0,1.0,
2021-05-13 06:00:49.510,0,-0.0015532300286928,0.0,1.0,
2021-05-13 06:00:49.520,0,0.0009816451057752,0.0,1.0,
2021-05-13 06:00:49.530,0,-0.0021015246589926,0.0,1.0,
2021-05-13 06:00:49.540,0,0.0008995731521587,0.0,1.0,
2021-05-13 06:00:49.550,0,-0.005841002471245,0.0,1.0,
2021-05-13 06:00:49.560,0,0.0008681114104786,0.0,1.0,
2021-05-13 06:00:49.570,0,-0.0036135476045862,0.0,1.0,
2021-05-13 06:00:49.580,0,-0.0020107850959991,0.0,1.0,
2021-05-13 06:00:49.590,0,-0.0053637942405712,0.0,1.0,
2021-05-13 06:00:49.600,0,-0.0005601303946952,0.0,1.0,
2021-05-13 06:00:49.610,0,0.0011704100131304,0.0,1.0,
2021-05-13 06:00:49.620,0,-0.0034452723197085,0.0,1.0,
2021-05-13 06:00:49.630,0,0.0014008798516095,0.0,1.0,
2021-05-13 06:00:49.640,0,0.0045161253761728,0.0,1.0,
2021-05-13 06:00:49.650,0,0.0015632449850362,0.0,1.0,
2021-05-13 06:00:49.660,0,0.0009796188304555,0.0,1.0,
2021-05-13 06:00:49.670,0,-0.0006307696041402,0.0,1.0,
2021-05-13 06:00:49.680,0,0.0017842096605365,0.0,1.0,
2021-05-13 06:00:49.690,0,-0.0002928872627114,0.0,1.0,
2021-05-13 06:00:49.700,0,-0.0042861720309833,0.0,1.0,
2021-05-13 06:00:49.710,0,-0.0024640744790302,0.0,1.0,
2021-05-13 06:00:49.720,0,-0.0059973374500724,0.0,1.0,
2021-05-13 06:00:49.730,0,-0.0072686888478114,1.374557806070749e-13,1.0,
2021-05-13 06:00:49.740,0,-0.0003907864447738,8.936992454197686e-13,1.0,
2021-05-13 06:00:49.750,0,-0.0007963973088755,1.545186042861404e-12,1.0,
2021-05-13 06:00:49.760,0,0.0004520524175848,2.084415814391248e-12,1.0,
2021-05-13 06:00:49.770,0,0.0016058599877405,2.591134660920625e-12,1.0,
2021-05-13 06:00:49.780,0,-0.0026891879811699,2.923359914260681e-12,1.0,
2021-05-13 06:00:49.790,0,0.00722972764294,3.2474352099357637e-12,1.0,
2021-05-13 06:00:49.800,0,-0.0009430401612559,3.4458270339496047e-12,1.0,
2021-05-13 06:00:49.810,0,0.0013656977003092,3.642714630464731e-12,1.0,
2021-05-13 06:00:49.820,0,0.0010038616681208,3.7476865984722126e-12,1.0,
2021-05-13 06:00:49.830,0,-0.0059279907767456,3.81765117578515e-12,1.0,
2021-05-13 06:00:49.840,0,0.0021780384089847,3.846393431678047e-12,1.0,
2021-05-13 06:00:49.850,0,-0.0044433892179569,3.824264696214712e-12,1.0,
2021-05-13 06:00:49.860,0,-0.0090611220018463,3.747334812712035e-12,1.0,
2021-05-13 06:00:49.870,0,0.0013031447491509,3.672125782774607e-12,1.0,
2021-05-13 06:00:49.880,0,0.0073179360046795,3.548473045670652e-12,1.0,
2021-05-13 06:00:49.890,0,0.003869785660365,3.3818862661379877e-12,1.0,
2021-05-13 06:00:49.900,0,0.0017772968366861,3.242165571491333e-12,1.0,
2021-05-13 06:00:49.910,0,-0.0017810977756403,3.0699407860877666e-12,1.0,
2021-05-13 06:00:49.920,0,0.000368017904714,2.8825752513883965e-12,1.0,
2021-05-13 06:00:49.930,0,-0.0054913498188018,2.737480033421037e-12,1.0,
2021-05-13 06:00:49.940,0,0.0050179414470638,2.5279549622352872e-12,1.0,
2021-05-13 06:00:49.950,0,-0.001148281268654,2.3435239714642653e-12,1.0,
2021-05-13 06:00:49.960,0,0.0017307462540786,2.1434443464813664e-12,1.0,
2021-05-13 06:00:49.970,0,-0.0010986907045986,1.9630516092394426e-12,1.0,
2021-05-13 06:00:49.980,0,-0.0002752390715762,1.7958076466718342e-12,1.0,
