time,ton,thrust,mfr,vl,anomaly_code
2021-05-28 06:00:00.000,0,0.0018311916695701,0.0,0.0,
2021-05-28 06:00:00.010,0,-0.0035876761239378,0.0,1.0,
2021-05-28 06:00:00.020,0,-0.0012325212585029,0.0,1.0,
2021-05-28 06:00:00.030,0,-0.0009474206766236,0.0,1.0,
2021-05-28 06:00:00.040,0,0.0023576836003913,0.0,1.0,
2021-05-28 06:00:00.050,0,-0.0031238841722619,0.0,1.0,
2021-05-28 06:00:00.060,0,0.001549586306411,0.0,1.0,
2021-05-28 06:00:00.070,0,-0.0017537558023673,0.0,1.0,
2021-05-28 06:00:00.080,0,-0.0036703672897958,0.0,1.0,
2021-05-28 06:00:00.090,0,-0.0030924917948639,0.0,1.0,
2021-05-28 06:00:00.100,0,-0.0021509317404164,0.0,1.0,
2021-05-28 06:00:00.110,0,-0.0002456281515094,0.0,1.0,
2021-05-28 06:00:00.120,0,0.0059360660863274,0.0,1.0,
2021-05-28 06:00:00.130,0,0.003036905228338,0.0,1.0,
2021-05-28 06:00:00.140,0,-0.0005713816329802,0.0,1.0,
2021-05-28 06:00:00.150,0,0.0002351890136776,0.0,1.0,
2021-05-28 06:00:00.160,0,-0.0044609828970742,0.0,1.0,
2021-05-28 06:00:00.170,0,-0.0019986560754974,0.0,0.0,
2021-05-28 06:00:00.180,0,-0.0027980982903033,0.0,0.0,
2021-05-28 06:00:00.190,0,0.0006987478811104,0.0,0.0,
2021-05-28 06:00:00.200,0,-0.0045565324268486,0.0,0.0,
2021-05-28 06:00:00.210,0,-0.004996030951375,0.0,0.0,
2021-05-28 06:00:00.220,0,0.0041283620461079,0.0,0.0,
2021-05-28 06:00:00.230,0,0.0045236965973773,0.0,0.0,
2021-05-28 06:00:00.240,0,-0.0043616252585499,0.0,0.0,
2021-05-28 06:00:00.250,0,0.0024914611497525,0.0,0.0,
2021-05-28 06:00:00.260,0,0.0049823477358895,0.0,0.0,
2021-05-28 06:00:00.270,0,-0.0008752286217210001,0.0,0.0,
2021-05-28 06:00:00.280,0,-0.0052982603595718,0.0,0.0,
2021-05-28 06:00:00.290,0,-0.0033198443349258,0.0,0.0,
2021-05-28 06:00:00.300,0,-0.0051937682136682,0.0,0.0,
2021-05-28 06:00:00.310,0,0.0017465649277996,0.0,0.0,
2021-05-28 06:00:00.320,0,-0.0070686126179568,0.0,0.0,
2021-05-28 06:00:00.330,0,0.0002444966482744,0.0,0.0,
2021-05-28 06:00:00.340,0,0.0074233788469207,0.0,0.0,
2021-05-28 06:00:00.350,0,-0.0038204963591277,0.0,0.0,
2021-05-28 06:00:00.360,0,0.0021323432965665,0.0,0.0,
2021-05-28 06:00:00.370,0,-0.0014275278675763,0.0,0.0,
2021-05-28 06:00:00.380,0,-0.0036868249837527,0.0,0.0,
2021-05-28 06:00:00.390,0,-0.0020272759307034,0.0,0.0,
2021-05-28 06:00:00.400,0,-0.0001613462345365,0.0,0.0,
2021-05-28 06:00:00.410,0,0.0012847808531159,0.0,0.0,
2021-05-28 06:00:00.420,0,-0.0032297933526311,0.0,0.0,
2021-05-28 06:00:00.430,0,-0.0018951395148378,0.0,0.0,
2021-05-28 06:00:00.440,0,0.0067894222893932,0.0,0.0,
2021-05-28 06:00:00.450,0,0.0077559771902479,0.0,0.0,
2021-05-28 06:00:00.460,0,-0.0010672404540369,0.0,0.0,
2021-05-28 06:00:00.470,0,-0.0008149791743707,0.0,0.0,
2021-05-28 06:00:00.480,0,0.005076318516438,0.0,0.0,
2021-05-28 06:00:00.490,0,-0.0012635513367573,0.0,0.0,
2021-05-28 06:00:00.500,0,0.0016400497411451,0.0,0.0,
2021-05-28 06:00:00.510,0,-0.000258217385829,0.0,0.0,
2021-05-28 06:00:00.520,0,-0.0023304345942083,0.0,0.0,
2021-05-28 06:00:00.530,0,-0.0003091550563002,0.0,0.0,
2021-05-28 06:00:00.540,0,0.0031476961121765,0.0,0.0,
2021-05-28 06:00:00.550,0,-0.0003032349841256,0.0,0.0,
2021-05-28 06:00:00.560,0,0.0031460228739725,0.0,0.0,
2021-05-28 06:00:00.570,0,0.000925745293853,0.0,0.0,
2021-05-28 06:00:00.580,0,6.273137832227988e-05,0.0,0.0,
2021-05-28 06:00:00.590,0,0.0057631721237653,0.0,0.0,
2021-05-28 06:00:00.600,0,-0.0063842886931788,0.0,0.0,
2021-05-28 06:00:00.610,0,0.0045686884108099,0.0,0.0,
2021-05-28 06:00:00.620,0,-0.0024609717879261,0.0,0.0,
2021-05-28 06:00:00.630,0,0.0038561649303746,0.0,0.0,
2021-05-28 06:00:00.640,0,0.0054971813873137,0.0,0.0,
2021-05-28 06:00:00.650,0,0.0056511078313744,0.0,0.0,
2021-05-28 06:00:00.660,0,-0.0040264488365516,0.0,0.0,
2021-05-28 06:00:00.670,0,0.0003003718078679,0.0,0.0,
2021-05-28 06:00:00.680,0,-0.0010027139250409,0.0,0.0,
2021-05-28 06:00:00.690,0,-0.0033096073187003,0.0,0.0,
2021-05-28 06:00:00.700,0,-0.0009198758567003,0.0,0.0,
2021-05-28 06:00:00.710,0,0.0022791737951872,0.0,0.0,
2021-05-28 06:00:00.720,0,-0.003696874129705,0.0,0.0,
2021-05-28 06:00:00.730,0,-0.000102515529706,0.0,0.0,
2021-05-28 06:00:00.740,0,-0.0020322129358199,0.0,0.0,
2021-05-28 06:00:00.750,0,0.0011923324115075,0.0,0.0,
2021-05-28 06:00:00.760,0,-0.0072664616028719,0.0,0.0,
2021-05-28 06:00:00.770,0,-0.00287809053302,0.0,0.0,
2021-05-28 06:00:00.780,0,-0.0022471487964156,0.0,0.0,
2021-05-28 06:00:00.790,0,0.0029566407851624,0.0,0.0,
2021-05-28 06:00:00.800,0,-0.00442737804204,0.0,0.0,
2021-05-28 06:00:00.810,0,0.0038461755937584,0.0,0.0,
2021-05-28 06:00:00.820,0,-0.0063797133385524,0.0,0.0,
2021-05-28 06:00:00.830,0,-0.004513022816748,0.0,0.0,
2021-05-28 06:00:00.840,0,0.0016533344526014,0.0,0.0,
2021-05-28 06:00:00.850,0,-3.0178207528523163e-05,0.0,0.0,
2021-05-28 06:00:00.860,0,0.0021033382418182,0.0,0.0,
2021-05-28 06:00:00.870,0,-0.0076940334913619,0.0,0.0,
2021-05-28 06:00:00.880,0,0.0065288760337911,0.0,0.0,
2021-05-28 06:00:00.890,0,-0.0037236689473088,0.0,0.0,
2021-05-28 06:00:00.900,0,0.0024839943618446,0.0,0.0,
2021-05-28 06:00:00.910,0,0.0043346962666396,0.0,0.0,
2021-05-28 06:00:00.920,0,0.0008257846937230001,0.0,0.0,
2021-05-28 06:00:00.930,0,-0.0035184135581711,0.0,0.0,
2021-05-28 06:00:00.940,0,-0.0011569151796967,0.0,0.0,
2021-05-28 06:00:00.950,0,0.0043518600109899,0.0,0.0,
2021-05-28 06:00:00.960,0,-0.0007679426100505,0.0,0.0,
2021-05-28 06:00:00.970,0,-0.0047522958536113,0.0,0.0,
2021-05-28 06:00:00.980,0,0.002275377909895,0.0,0.0,
2021-05-28 06:00:00.990,0,-0.004176874471136,0.0,0.0,
2021-05-28 06:00:01.000,1,-0.0001480454329553,0.0,0.0,
2021-05-28 06:00:01.010,1,0.0002952636525514,0.0,0.0,
2021-05-28 06:00:01.020,1,-0.0040843510748435,0.0,0.0,
2021-05-28 06:00:01.030,1,0.003135052261531,0.0,0.0,
2021-05-28 06:00:01.040,1,0.0014914954483259998,0.0,0.0,
2021-05-28 06:00:01.050,1,-0.0023725372214989,0.0,0.0,
2021-05-28 06:00:01.060,1,0.0024542794320069,0.0,0.0,
2021-05-28 06:00:01.070,1,0.0047400883947147,0.0,0.0,
2021-05-28 06:00:01.080,1,0.0036135135501174,0.0,0.0,
2021-05-28 06:00:01.090,1,0.0014936970182485,0.0,0.0,
2021-05-28 06:00:01.100,1,0.0017363807569229998,0.0,0.0,
2021-05-28 06:00:01.110,1,0.0030119826714135,0.0,0.0,
2021-05-28 06:00:01.120,1,0.0043494849099508,0.0,0.0,
2021-05-28 06:00:01.130,1,0.0038384429153673,0.0,1.0,
2021-05-28 06:00:01.140,1,-0.0052342087039516,0.0,1.0,
2021-05-28 06:00:01.150,1,0.0021351032688409,0.0,1.0,
2021-05-28 06:00:01.160,1,-0.0053918280929222,0.0,1.0,
2021-05-28 06:00:01.170,1,-3.962355447921062e-05,0.0,1.0,
2021-05-28 06:00:01.180,1,0.0010994906032449,0.0,1.0,
2021-05-28 06:00:01.190,1,-0.0003438379559832,0.0,1.0,
2021-05-28 06:00:01.200,1,0.004783514825562,0.0,1.0,
2021-05-28 06:00:01.210,1,-0.0009643949059958,0.0,1.0,
2021-05-28 06:00:01.220,1,-0.0005935829224588,0.0,1.0,
2021-05-28 06:00:01.230,1,0.0011953688532093,0.0,1.0,
2021-05-28 06:00:01.240,1,0.0067101384638568,0.0,1.0,
2021-05-28 06:00:01.250,1,0.0051078119666076,0.0,1.0,
2021-05-28 06:00:01.260,1,-0.0006313124060565,0.0,1.0,
2021-05-28 06:00:01.270,1,-0.0011327230628266,0.0,1.0,
2021-05-28 06:00:01.280,1,0.0039517044066601,0.0,1.0,
2021-05-28 06:00:01.290,1,-0.0001691199674849,0.0,1.0,
2021-05-28 06:00:01.300,1,-0.0031839144008259,0.0,1.0,
2021-05-28 06:00:01.310,1,0.0010108860459508,0.0,1.0,
2021-05-28 06:00:01.320,1,0.0042675498495193,0.0,1.0,
2021-05-28 06:00:01.330,1,0.0015050939651745,0.0,1.0,
2021-05-28 06:00:01.340,1,0.0011707075534763,0.0,1.0,
2021-05-28 06:00:01.350,1,0.0024126801223083,0.0,1.0,
2021-05-28 06:00:01.360,1,-0.0003404156058211,0.0,1.0,
2021-05-28 06:00:01.370,1,0.0004801309656741,0.0,1.0,
2021-05-28 06:00:01.380,1,0.0004924828646645,0.0,1.0,
2021-05-28 06:00:01.390,1,0.0015151138017987,0.0,1.0,
2021-05-28 06:00:01.400,1,-0.0002979522993152,0.0,1.0,
2021-05-28 06:00:01.410,1,0.0024981163250818,0.0,1.0,
2021-05-28 06:00:01.420,1,0.0009189699168074,0.0,1.0,
2021-05-28 06:00:01.430,1,0.001086520787907,0.0,1.0,
2021-05-28 06:00:01.440,1,-0.0014621214470163,0.0,1.0,
2021-05-28 06:00:01.450,1,-0.0056593982899711,0.0,1.0,
2021-05-28 06:00:01.460,1,-0.003247036859888,0.0,1.0,
2021-05-28 06:00:01.470,1,0.0029556482799775,0.0,1.0,
2021-05-28 06:00:01.480,1,0.0009137821616328,0.0,1.0,
2021-05-28 06:00:01.490,1,0.0040311639681649,0.0,1.0,
2021-05-28 06:00:01.500,1,-0.0010940550699859,0.0,1.0,
2021-05-28 06:00:01.510,1,0.0057857398607321,0.0,1.0,
2021-05-28 06:00:01.520,1,-0.0005171252168882,0.0,1.0,
2021-05-28 06:00:01.530,1,0.0028571185682302,0.0,1.0,
2021-05-28 06:00:01.540,1,0.0014745527209045,0.0,1.0,
2021-05-28 06:00:01.550,1,0.0037195182732751,0.0,1.0,
2021-05-28 06:00:01.560,1,0.0011233310402623,0.0,1.0,
2021-05-28 06:00:01.570,1,0.0051799459916205,0.0,1.0,
2021-05-28 06:00:01.580,1,-0.0025453619756774,0.0,1.0,
2021-05-28 06:00:01.590,1,-0.0023613142826487,0.0,1.0,
2021-05-28 06:00:01.600,1,0.0001995849459702,0.0,1.0,
2021-05-28 06:00:01.610,1,-0.0002965622323326,0.0,1.0,
2021-05-28 06:00:01.620,1,0.0004193322261541,0.0,1.0,
2021-05-28 06:00:01.630,1,0.0007863242714544,0.0,1.0,
2021-05-28 06:00:01.640,1,-0.0009727006512141,0.0,1.0,
2021-05-28 06:00:01.650,1,0.0034593418748498,0.0,1.0,
2021-05-28 06:00:01.660,1,0.0090118051499916,0.0,1.0,
2021-05-28 06:00:01.670,1,-0.0020364119118918,0.0,1.0,
2021-05-28 06:00:01.680,1,0.0016607648745636,0.0,1.0,
2021-05-28 06:00:01.690,1,0.0050826687222175,0.0,1.0,
2021-05-28 06:00:01.700,1,0.0034606470739091,0.0,1.0,
2021-05-28 06:00:01.710,1,-0.0013562462355582,0.0,1.0,
2021-05-28 06:00:01.720,1,-0.0051175027086106,0.0,1.0,
2021-05-28 06:00:01.730,1,-0.0014082962242599,0.0,1.0,
2021-05-28 06:00:01.740,1,-0.0051450946524405,0.0,1.0,
2021-05-28 06:00:01.750,1,0.0008285465497733,0.0,1.0,
2021-05-28 06:00:01.760,1,0.0055843965846237,0.0,1.0,
2021-05-28 06:00:01.770,1,0.0002876401744069,0.0,1.0,
2021-05-28 06:00:01.780,1,0.0035670155631035,0.0,1.0,
2021-05-28 06:00:01.790,1,0.0016570853486294,0.0,1.0,
2021-05-28 06:00:01.800,1,0.0002640340622769,0.0,1.0,
2021-05-28 06:00:01.810,1,0.0021679090105997,1.3927115830678929,1.0,
2021-05-28 06:00:01.820,1,0.0078770398720043,5.359898432934953,1.0,
2021-05-28 06:00:01.830,1,0.0080352235954892,11.417755208043205,1.0,
2021-05-28 06:00:01.840,1,0.0136816698123553,19.252501685255467,1.0,
2021-05-28 06:00:01.850,1,0.0221257890963188,28.73772049190257,1.0,
2021-05-28 06:00:01.860,1,0.0239029494755746,39.330781935025314,1.0,
2021-05-28 06:00:01.870,1,0.0480996213787984,50.10445011795543,1.0,
2021-05-28 06:00:01.880,1,0.0567843553213453,62.53005520249367,1.0,
2021-05-28 06:00:01.890,1,0.0704231937370462,74.87421971119794,0.0,
2021-05-28 06:00:01.900,1,0.0856118688918762,87.78872471202959,0.0,
2021-05-28 06:00:01.910,1,0.0855174311671355,101.30392729986453,0.0,
2021-05-28 06:00:01.920,1,0.1008821599601331,117.07715956732036,0.0,
2021-05-28 06:00:01.930,1,0.12678076466450502,130.87222729169926,0.0,
2021-05-28 06:00:01.940,1,0.13681029044507,146.4948774423965,0.0,
2021-05-28 06:00:01.950,0,0.1336184345491784,161.90495277983118,0.0,
2021-05-28 06:00:01.960,0,0.1353850716512309,175.41204066115216,0.0,
2021-05-28 06:00:01.970,0,0.1430908350612542,192.0715066811184,0.0,
2021-05-28 06:00:01.980,0,0.1873067689808916,206.87483416175584,0.0,
2021-05-28 06:00:01.990,0,0.1760484002341912,221.0329294538633,0.0,
2021-05-28 06:00:02.000,1,0.2251912703921914,234.1516435772633,0.0,
2021-05-28 06:00:02.010,1,0.19149715996184505,246.30550359421315,0.0,
2021-05-28 06:00:02.020,1,0.2232801643157131,258.64510509679644,0.0,
2021-05-28 06:00:02.030,1,0.1851099466353467,275.06055286554937,0.0,
2021-05-28 06:00:02.040,1,0.1838972837459412,281.94517326948824,0.0,
2021-05-28 06:00:02.050,1,0.2781285844521136,295.09568738648437,0.0,
2021-05-28 06:00:02.060,1,0.29448547256194896,303.8778259571306,0.0,
2021-05-28 06:00:02.070,1,0.2709826069870846,311.72461369951696,0.0,
2021-05-28 06:00:02.080,1,0.3035093211980097,321.5736720211551,0.0,
2021-05-28 06:00:02.090,1,0.2441063410959172,329.4930994426253,0.0,
2021-05-28 06:00:02.100,1,0.2968680630972127,338.25554365706995,0.0,
2021-05-28 06:00:02.110,1,0.2272043764027052,346.5212179976978,0.0,
2021-05-28 06:00:02.120,1,0.2975081202021705,350.75674595362744,0.0,
2021-05-28 06:00:02.130,1,0.3260042089022889,357.53045077080645,0.0,
2021-05-28 06:00:02.140,1,0.3588649106351439,362.97608477888565,0.0,
2021-05-28 06:00:02.150,1,0.2876547670417658,367.99648872608697,0.0,
2021-05-28 06:00:02.160,1,0.3233870237283994,369.3610526174243,0.0,
2021-05-28 06:00:02.170,1,0.3130032087490266,374.2848738955644,0.0,
2021-05-28 06:00:02.180,1,0.28509288093606705,377.7059950360881,0.0,
2021-05-28 06:00:02.190,1,0.2674770284785793,382.4740953091678,0.0,
2021-05-28 06:00:02.200,1,0.3753389425003613,385.0368035662482,0.0,
2021-05-28 06:00:02.210,1,0.2738197029413374,392.07986554745287,0.0,
2021-05-28 06:00:02.220,1,0.2937032746868929,390.6539522877932,0.0,
2021-05-28 06:00:02.230,1,0.3958539513931612,387.4927425918437,0.0,
2021-05-28 06:00:02.240,1,0.3501249068340349,391.5910089656061,0.0,
2021-05-28 06:00:02.250,1,0.3331141571321503,397.5402846598312,0.0,
2021-05-28 06:00:02.260,1,0.3177781669341252,394.6184620828106,0.0,
2021-05-28 06:00:02.270,1,0.3820248927817747,399.3941933112537,0.0,
2021-05-28 06:00:02.280,1,0.3524371342526198,397.4996814218831,0.0,
2021-05-28 06:00:02.290,1,0.2771133303309077,401.1516208521903,0.0,
2021-05-28 06:00:02.300,1,0.3559804333244619,397.367217281417,0.0,
2021-05-28 06:00:02.310,1,0.2801879464477242,398.9849695725669,0.0,
2021-05-28 06:00:02.320,1,0.3277949553414139,402.3883802898864,0.0,
2021-05-28 06:00:02.330,1,0.3614672637829424,402.2614684962492,0.0,
2021-05-28 06:00:02.340,1,0.3834639546041123,402.63819774878397,0.0,
2021-05-28 06:00:02.350,1,0.3386924407272889,401.444410516302,0.0,
2021-05-28 06:00:02.360,1,0.3041394864249129,399.87106892110967,0.0,
2021-05-28 06:00:02.370,1,0.4089273888115783,400.1103944681008,0.0,
2021-05-28 06:00:02.380,1,0.30701730672331,404.4459046236114,0.0,
2021-05-28 06:00:02.390,1,0.3261928299050964,403.9543832838832,0.0,
2021-05-28 06:00:02.400,1,0.2910410460685203,400.4838598592492,0.0,
2021-05-28 06:00:02.410,1,0.3349702728463667,402.733948302826,0.0,
2021-05-28 06:00:02.420,1,0.3402523394591674,403.78151203455843,0.0,
2021-05-28 06:00:02.430,1,0.3986301595317821,399.8004379156445,0.0,
2021-05-28 06:00:02.440,1,0.3531691229242863,399.8317462238137,0.0,
2021-05-28 06:00:02.450,1,0.3458788843631131,404.2927983236447,0.0,
2021-05-28 06:00:02.460,1,0.3008851946251998,398.6485483986481,0.0,
2021-05-28 06:00:02.470,1,0.36135972021258506,398.5336658444982,0.0,
2021-05-28 06:00:02.480,1,0.4130281803814722,401.23126492790476,0.0,
2021-05-28 06:00:02.490,1,0.3921565500816676,401.696538066604,0.0,
2021-05-28 06:00:02.500,1,0.3638333858886379,400.77866220618563,0.0,
2021-05-28 06:00:02.510,1,0.3007589103297049,402.40662995398,0.0,
2021-05-28 06:00:02.520,1,0.2929252775281704,399.6168194981485,0.0,
2021-05-28 06:00:02.530,1,0.4039812745485233,399.1960556275458,0.0,
2021-05-28 06:00:02.540,1,0.3492445175709781,402.00991727092384,0.0,
2021-05-28 06:00:02.550,1,0.3854955988357659,401.8714933025858,0.0,
2021-05-28 06:00:02.560,1,0.3227757441273318,401.2545646410543,0.0,
2021-05-28 06:00:02.570,1,0.4254010283252281,400.72274894570666,0.0,
2021-05-28 06:00:02.580,1,0.4114868624077261,401.42943967262016,0.0,
2021-05-28 06:00:02.590,1,0.326710432766492,401.003956061988,0.0,
2021-05-28 06:00:02.600,1,0.3581318111929423,402.4148243640293,0.0,
2021-05-28 06:00:02.610,1,0.3670580510837956,402.3990242970121,0.0,
2021-05-28 06:00:02.620,1,0.3435157692469238,399.7766980144023,0.0,
2021-05-28 06:00:02.630,1,0.298919148724212,398.88940639195374,0.0,
2021-05-28 06:00:02.640,1,0.3817480682220736,398.93833044002974,0.0,
2021-05-28 06:00:02.650,1,0.3122123319584354,399.9934445574687,0.0,
2021-05-28 06:00:02.660,1,0.29161486616462,399.9471125852192,0.0,
2021-05-28 06:00:02.670,1,0.3925010482367463,399.2730497090744,0.0,
2021-05-28 06:00:02.680,1,0.3215915671941536,400.5805405020972,0.0,
2021-05-28 06:00:02.690,1,0.3246752370469807,399.7963514163699,0.0,
2021-05-28 06:00:02.700,1,0.3514648555748703,399.25106373898745,0.0,
2021-05-28 06:00:02.710,1,0.3173323457311534,397.2243271093362,0.0,
2021-05-28 06:00:02.720,1,0.3012116234296531,398.83319412017136,0.0,
2021-05-28 06:00:02.730,1,0.3698156025630413,399.8607558648137,0.0,
2021-05-28 06:00:02.740,1,0.3493894122839557,400.4811019188023,0.0,
2021-05-28 06:00:02.750,1,0.2862063416498543,398.40245553985375,0.0,
2021-05-28 06:00:02.760,1,0.3987487286068871,399.69016900437623,0.0,
2021-05-28 06:00:02.770,1,0.3190336427904116,392.7122863313037,0.0,
2021-05-28 06:00:02.780,1,0.2973996179148332,386.49386434421837,0.0,
2021-05-28 06:00:02.790,1,0.2671026544019109,374.6746511225229,0.0,
2021-05-28 06:00:02.800,1,0.3198503598982309,364.3343012624739,0.0,
2021-05-28 06:00:02.810,1,0.261943840702171,351.20383863181985,0.0,
2021-05-28 06:00:02.820,1,0.3011945379784594,340.3177218152126,0.0,
2021-05-28 06:00:02.830,1,0.3191295083888228,332.5306052265418,0.0,
2021-05-28 06:00:02.840,1,0.3020013632072522,328.067570603337,0.0,
2021-05-28 06:00:02.850,1,0.2730465843412547,322.83488888042825,0.0,
2021-05-28 06:00:02.860,1,0.2331148096611067,320.8223164965164,0.0,
2021-05-28 06:00:02.870,1,0.2975959159428256,317.61314154324623,0.0,
2021-05-28 06:00:02.880,1,0.2784407297252407,315.72304839556597,0.0,
2021-05-28 06:00:02.890,1,0.2816420195320225,315.6619487703602,0.0,
2021-05-28 06:00:02.900,0,0.2179736634851909,315.9062733117828,0.0,
2021-05-28 06:00:02.910,0,0.2449502684980833,317.47698785405134,0.0,
2021-05-28 06:00:02.920,0,0.2773635929787124,319.00141171038797,0.0,
2021-05-28 06:00:02.930,0,0.2128915316198337,319.9141862726491,0.0,
2021-05-28 06:00:02.940,0,0.2081822661400394,322.2269025030717,0.0,
2021-05-28 06:00:02.950,0,0.2587662262023839,324.204311962034,0.0,
2021-05-28 06:00:02.960,0,0.2970835328802713,326.18589389550067,0.0,
2021-05-28 06:00:02.970,0,0.2943201693654908,331.7100509760997,0.0,
2021-05-28 06:00:02.980,0,0.2899397124272788,334.02752898200106,0.0,
2021-05-28 06:00:02.990,0,0.21314492432287696,336.60341785963107,0.0,
2021-05-28 06:00:03.000,1,0.279274641333616,341.82267050863436,0.0,
2021-05-28 06:00:03.010,1,0.2517041406053695,344.64119193211815,0.0,
2021-05-28 06:00:03.020,1,0.2599708637973696,345.5722581419781,0.0,
2021-05-28 06:00:03.030,1,0.2697946447057318,349.151880623964,0.0,
2021-05-28 06:00:03.040,1,0.2575159777130064,354.7841628092189,0.0,
2021-05-28 06:00:03.050,1,0.3203626015314885,353.74086110386384,0.0,
2021-05-28 06:00:03.060,1,0.2288722062539865,357.30908043238765,0.0,
2021-05-28 06:00:03.070,1,0.2825946417084958,360.80690634146765,0.0,
2021-05-28 06:00:03.080,1,0.2255892355452303,364.8403112596569,0.0,
2021-05-28 06:00:03.090,1,0.2878463328384031,367.5706081590203,0.0,
2021-05-28 06:00:03.100,1,0.2885323777300494,371.4349976086428,0.0,
2021-05-28 06:00:03.110,1,0.2621288689889726,371.1780622363174,0.0,
2021-05-28 06:00:03.120,1,0.2821243106674487,377.08370609297526,0.0,
2021-05-28 06:00:03.130,1,0.2332368974785166,375.24382344615026,0.0,
2021-05-28 06:00:03.140,1,0.2363320109427831,376.55370358897903,0.0,
2021-05-28 06:00:03.150,1,0.2846898932591578,376.4938530303975,0.0,
2021-05-28 06:00:03.160,1,0.3020098814661432,381.7812661251782,0.0,
2021-05-28 06:00:03.170,1,0.3121824572600539,383.83445133877433,0.0,
2021-05-28 06:00:03.180,1,0.3307312755461943,379.3073407545755,0.0,
2021-05-28 06:00:03.190,1,0.2545824336354737,385.0866405537671,0.0,
2021-05-28 06:00:03.200,1,0.2565321395974586,386.796517465654,0.0,
2021-05-28 06:00:03.210,1,0.3316718241506421,387.6877486492428,0.0,
2021-05-28 06:00:03.220,1,0.3075618862455969,387.58685386048637,0.0,
2021-05-28 06:00:03.230,1,0.2641882573654035,385.8776206189071,0.0,
2021-05-28 06:00:03.240,1,0.3080882402394094,391.6153256198632,0.0,
2021-05-28 06:00:03.250,1,0.2825967367474692,388.39463681586403,0.0,
2021-05-28 06:00:03.260,1,0.2889677792662981,392.0019461377705,0.0,
2021-05-28 06:00:03.270,1,0.3283582137055401,391.3003995840798,0.0,
2021-05-28 06:00:03.280,1,0.2967714446738082,395.68790710981074,0.0,
2021-05-28 06:00:03.290,1,0.2602036576860651,390.5625320814869,0.0,
2021-05-28 06:00:03.300,1,0.3451687034254062,390.19236830877287,0.0,
2021-05-28 06:00:03.310,1,0.29745359519117603,387.871921115224,0.0,
2021-05-28 06:00:03.320,1,0.2856624206148534,392.2625779835759,0.0,
2021-05-28 06:00:03.330,1,0.2514011839831017,395.25115880575447,0.0,
2021-05-28 06:00:03.340,1,0.27540303237363,392.78806537996314,0.0,
2021-05-28 06:00:03.350,1,0.3084870157674783,395.0085911715651,0.0,
2021-05-28 06:00:03.360,1,0.3300547353648625,394.3218099479309,0.0,
2021-05-28 06:00:03.370,1,0.3381195493884334,393.6197054576639,0.0,
2021-05-28 06:00:03.380,1,0.2787251303878432,392.6198742456513,0.0,
2021-05-28 06:00:03.390,1,0.3083311552191682,395.0013315078617,0.0,
2021-05-28 06:00:03.400,1,0.3030418959644099,397.2041606544709,0.0,
2021-05-28 06:00:03.410,1,0.3718429535356083,396.03983690046914,0.0,
2021-05-28 06:00:03.420,1,0.2909083239803439,396.16412557329835,0.0,
2021-05-28 06:00:03.430,1,0.3571813862594171,398.4895115732106,0.0,
2021-05-28 06:00:03.440,1,0.2689192983283287,396.4829949057026,0.0,
2021-05-28 06:00:03.450,1,0.2854624112972529,395.03350782396376,0.0,
2021-05-28 06:00:03.460,1,0.3140332316512504,393.81919797674266,0.0,
2021-05-28 06:00:03.470,1,0.3362195109102973,396.4471029335536,0.0,
2021-05-28 06:00:03.480,1,0.3565366896407993,395.31792773512666,0.0,
2021-05-28 06:00:03.490,1,0.2773127792694866,399.35973710309537,0.0,
2021-05-28 06:00:03.500,1,0.3723166318247783,393.36606123241614,0.0,
2021-05-28 06:00:03.510,1,0.3447197562316853,398.7864700540431,0.0,
2021-05-28 06:00:03.520,1,0.37982607680416897,401.2599635670969,0.0,
2021-05-28 06:00:03.530,1,0.2856434395640547,398.1797343321352,0.0,
2021-05-28 06:00:03.540,1,0.4069495126829417,398.339215232958,0.0,
2021-05-28 06:00:03.550,1,0.3111467891807647,399.2933336331912,0.0,
2021-05-28 06:00:03.560,1,0.3911229305654477,393.03200381503837,0.0,
2021-05-28 06:00:03.570,1,0.3264146533949037,393.96204610746634,0.0,
2021-05-28 06:00:03.580,1,0.3635613514596171,396.0924358214439,0.0,
2021-05-28 06:00:03.590,1,0.3853914910390735,399.3512132138307,0.0,
2021-05-28 06:00:03.600,1,0.3649926952613898,399.6924538730776,0.0,
2021-05-28 06:00:03.610,1,0.4055222646101382,398.7108370697753,0.0,
2021-05-28 06:00:03.620,1,0.3976889101259785,399.31887464391195,0.0,
2021-05-28 06:00:03.630,1,0.3265621382997041,400.2407947542092,0.0,
2021-05-28 06:00:03.640,1,0.3955802049151001,396.9398927947786,0.0,
2021-05-28 06:00:03.650,1,0.3161663896065533,397.5792152620155,0.0,
2021-05-28 06:00:03.660,1,0.3894211264596697,401.8182405109166,0.0,
2021-05-28 06:00:03.670,1,0.3622420312131713,400.400105631076,0.0,
2021-05-28 06:00:03.680,1,0.2916691269115143,402.65488960361967,0.0,
2021-05-28 06:00:03.690,1,0.3448584520012854,398.0268988254953,0.0,
2021-05-28 06:00:03.700,1,0.3192216998003029,395.1900611934258,0.0,
2021-05-28 06:00:03.710,1,0.3159877251852662,395.06256632739485,0.0,
2021-05-28 06:00:03.720,1,0.3642823259143178,393.865335177621,0.0,
2021-05-28 06:00:03.730,1,0.3234863655056043,386.9711925829335,0.0,
2021-05-28 06:00:03.740,1,0.390030115226714,377.2378649098171,0.0,
2021-05-28 06:00:03.750,1,0.2795626378802394,364.27739268847915,0.0,
2021-05-28 06:00:03.760,1,0.2942139842479825,351.11309627561616,0.0,
2021-05-28 06:00:03.770,1,0.3293907401927353,337.8618337295695,0.0,
2021-05-28 06:00:03.780,1,0.2445972553385455,322.47254406548467,0.0,
2021-05-28 06:00:03.790,1,0.2342891073245669,306.32661540074923,0.0,
2021-05-28 06:00:03.800,1,0.3000862829117586,292.3630855999171,0.0,
2021-05-28 06:00:03.810,1,0.1998208733305678,276.28072142708857,0.0,
2021-05-28 06:00:03.820,1,0.1898388918931461,264.5949536265016,0.0,
2021-05-28 06:00:03.830,1,0.2610633561408992,258.3535050219317,0.0,
2021-05-28 06:00:03.840,1,0.2159334858287376,251.85305544642486,0.0,
2021-05-28 06:00:03.850,0,0.2435349074981244,245.25371132826308,0.0,
2021-05-28 06:00:03.860,0,0.2577772039105049,243.29573291824283,0.0,
2021-05-28 06:00:03.870,0,0.2257228370342354,243.38238258071758,0.0,
2021-05-28 06:00:03.880,0,0.2265070493397418,244.11364980171882,0.0,
2021-05-28 06:00:03.890,0,0.204977590336599,247.0131424658169,0.0,
2021-05-28 06:00:03.900,0,0.2322385061346167,248.2414204583269,0.0,
2021-05-28 06:00:03.910,0,0.2481418239894943,254.13650321670968,0.0,
2021-05-28 06:00:03.920,0,0.2197415988453737,258.1976980895404,0.0,
2021-05-28 06:00:03.930,0,0.2769844481405372,263.46203157498303,0.0,
2021-05-28 06:00:03.940,0,0.18563374045651895,271.1335223855746,0.0,
2021-05-28 06:00:03.950,0,0.21683487536317606,275.9140707573449,0.0,
2021-05-28 06:00:03.960,0,0.2087593782434982,283.73977288291945,0.0,
2021-05-28 06:00:03.970,0,0.2310848551354389,288.64141924099084,0.0,
2021-05-28 06:00:03.980,0,0.2612899155681534,294.3316465705509,0.0,
2021-05-28 06:00:03.990,0,0.2499366516313321,302.08262196565164,0.0,
2021-05-28 06:00:04.000,1,0.292553708256588,312.58458498559963,0.0,
2021-05-28 06:00:04.010,1,0.2243086273421357,316.06048807789364,0.0,
2021-05-28 06:00:04.020,1,0.2276922621879592,320.21772905279795,0.0,
2021-05-28 06:00:04.030,1,0.2296141309234133,327.5952730641006,0.0,
2021-05-28 06:00:04.040,1,0.230428589099788,331.8140320249728,0.0,
2021-05-28 06:00:04.050,1,0.2615321374030729,336.98909485338766,0.0,
2021-05-28 06:00:04.060,1,0.23113804279693495,342.84640873677984,0.0,
2021-05-28 06:00:04.070,1,0.2687144341678916,348.64221951564826,0.0,
2021-05-28 06:00:04.080,1,0.3284799142976157,351.6814437999913,0.0,
2021-05-28 06:00:04.090,1,0.344132308342143,355.4692058489622,0.0,
2021-05-28 06:00:04.100,1,0.3346575238845645,362.3648245426663,0.0,
2021-05-28 06:00:04.110,1,0.3010787523581109,361.67699315641954,0.0,
2021-05-28 06:00:04.120,1,0.3223213315298568,366.88024106195854,0.0,
2021-05-28 06:00:04.130,1,0.2426416038755907,372.1338518575656,0.0,
2021-05-28 06:00:04.140,1,0.3481944762881462,379.05596599444357,0.0,
2021-05-28 06:00:04.150,1,0.3457050863174996,380.6923664575386,0.0,
2021-05-28 06:00:04.160,1,0.2648978022568781,378.9445190396102,0.0,
2021-05-28 06:00:04.170,1,0.3130586652451871,381.6358869504721,0.0,
2021-05-28 06:00:04.180,1,0.2577496689931705,387.145563285571,0.0,
2021-05-28 06:00:04.190,1,0.3592935355118539,388.0133575914163,0.0,
2021-05-28 06:00:04.200,1,0.2987502576953521,388.36031710783806,0.0,
2021-05-28 06:00:04.210,1,0.3620449250079817,393.54603183408966,0.0,
2021-05-28 06:00:04.220,1,0.3651229200073495,391.5332253134737,0.0,
2021-05-28 06:00:04.230,1,0.2869433369001416,391.6374616561116,0.0,
2021-05-28 06:00:04.240,1,0.3476723902808898,393.02787687505236,0.0,
2021-05-28 06:00:04.250,1,0.3551376668581609,395.8572931641712,0.0,
2021-05-28 06:00:04.260,1,0.3532687396001179,395.1923125762629,0.0,
2021-05-28 06:00:04.270,1,0.2686670898829967,396.91067644510116,0.0,
2021-05-28 06:00:04.280,1,0.248332884269878,398.56081594038886,0.0,
2021-05-28 06:00:04.290,1,0.2786601349877607,393.38203070439494,0.0,
2021-05-28 06:00:04.300,1,0.3058343414171329,401.7422985671338,0.0,
2021-05-28 06:00:04.310,1,0.3400524349720172,397.8507729355924,0.0,
2021-05-28 06:00:04.320,1,0.3663534149604653,400.1024930451397,0.0,
2021-05-28 06:00:04.330,1,0.3439089505800821,398.9466473530291,0.0,
2021-05-28 06:00:04.340,1,0.3604498660642539,396.37218115877283,0.0,
2021-05-28 06:00:04.350,1,0.2682311862627017,397.7526451565848,0.0,
2021-05-28 06:00:04.360,1,0.3195023703981379,393.5215253272151,0.0,
2021-05-28 06:00:04.370,1,0.3524307380933659,398.24099202044425,0.0,
2021-05-28 06:00:04.380,1,0.3097307399590092,398.3823503784994,0.0,
2021-05-28 06:00:04.390,1,0.3056362645794193,400.3489686319944,0.0,
2021-05-28 06:00:04.400,1,0.3465867439559273,398.366916646324,0.0,
2021-05-28 06:00:04.410,1,0.3761893280443255,395.21547643403983,0.0,
2021-05-28 06:00:04.420,1,0.2756910309366075,395.36818159819563,0.0,
2021-05-28 06:00:04.430,1,0.2565598994126875,398.4307588565357,0.0,
2021-05-28 06:00:04.440,1,0.3472354073435761,396.7955559315794,0.0,
2021-05-28 06:00:04.450,1,0.3759624039783268,396.94011671443565,0.0,
2021-05-28 06:00:04.460,1,0.3743491577283615,396.1774461081037,0.0,
2021-05-28 06:00:04.470,1,0.3534620561613036,396.1693679771141,0.0,
2021-05-28 06:00:04.480,1,0.3106446991045523,401.0746650356012,0.0,
2021-05-28 06:00:04.490,1,0.388075684208096,397.17681020072763,0.0,
2021-05-28 06:00:04.500,1,0.3063535222605792,394.5532084091578,0.0,
2021-05-28 06:00:04.510,1,0.3842364352482588,398.7481226811802,0.0,
2021-05-28 06:00:04.520,1,0.2881412097856085,397.9744272206016,0.0,
2021-05-28 06:00:04.530,1,0.3029700042381542,395.6158449174478,0.0,
2021-05-28 06:00:04.540,1,0.378187268194364,396.11263431305673,0.0,
2021-05-28 06:00:04.550,1,0.3813226091748077,395.768069085383,0.0,
2021-05-28 06:00:04.560,1,0.3289626594824087,395.8311339358333,0.0,
2021-05-28 06:00:04.570,1,0.3621310209610004,395.3258556844351,0.0,
2021-05-28 06:00:04.580,1,0.3192953389794035,395.61509175217117,0.0,
2021-05-28 06:00:04.590,1,0.3416864027395677,390.6781248169424,0.0,
2021-05-28 06:00:04.600,1,0.3450733072353699,395.6110786425209,0.0,
2021-05-28 06:00:04.610,1,0.3875232708278253,391.6859461341217,0.0,
2021-05-28 06:00:04.620,1,0.3487318874734158,394.38614049588415,0.0,
2021-05-28 06:00:04.630,1,0.3607017711344798,394.01583008512114,0.0,
2021-05-28 06:00:04.640,1,0.4014820920984607,394.39818055464536,0.0,
2021-05-28 06:00:04.650,1,0.4096876221447412,393.255667467109,0.0,
2021-05-28 06:00:04.660,1,0.3382153109610512,392.0832308930635,0.0,
2021-05-28 06:00:04.670,1,0.3781409388819078,385.16369775972777,0.0,
2021-05-28 06:00:04.680,1,0.3026907263886784,378.0822956321282,0.0,
2021-05-28 06:00:04.690,1,0.2753268027988951,369.8517451329962,0.0,
2021-05-28 06:00:04.700,1,0.2798962003307268,359.7270324378564,0.0,
2021-05-28 06:00:04.710,1,0.2976193235376789,345.2273377856636,0.0,
2021-05-28 06:00:04.720,1,0.2326886874796315,328.18275831790095,0.0,
2021-05-28 06:00:04.730,1,0.2546445064782759,313.0375234555744,0.0,
2021-05-28 06:00:04.740,1,0.237461319004031,300.9090402293528,0.0,
2021-05-28 06:00:04.750,1,0.2757052394836183,282.4686982403776,0.0,
2021-05-28 06:00:04.760,1,0.2289583207831842,267.370193063992,0.0,
2021-05-28 06:00:04.770,1,0.1816837292923774,251.0133519973484,0.0,
2021-05-28 06:00:04.780,1,0.2027509732927263,235.75053029321603,0.0,
2021-05-28 06:00:04.790,1,0.1962860050245744,218.13697364763928,1.0,
2021-05-28 06:00:04.800,0,0.2042576662783215,205.06443819783215,1.0,
2021-05-28 06:00:04.810,0,0.1979514285832317,191.09324644529244,1.0,
2021-05-28 06:00:04.820,0,0.143469692276452,181.57459915995145,1.0,
2021-05-28 06:00:04.830,0,0.1551698179979126,172.06394293459005,1.0,
2021-05-28 06:00:04.840,0,0.1632531788607245,167.4852007339209,1.0,
2021-05-28 06:00:04.850,0,0.1258569184829403,164.02086296069936,1.0,
2021-05-28 06:00:04.860,0,0.1698354729069801,160.3903724883639,1.0,
2021-05-28 06:00:04.870,0,0.1483055225572516,160.18479722013734,1.0,
2021-05-28 06:00:04.880,0,0.1535157999903363,163.41990957289184,1.0,
2021-05-28 06:00:04.890,0,0.1445552630416217,165.6035572631698,1.0,
2021-05-28 06:00:04.900,0,0.1418068672286467,167.34203790378118,1.0,
2021-05-28 06:00:04.910,0,0.1358879490129707,172.05595045128402,1.0,
2021-05-28 06:00:04.920,0,0.1540566527646776,178.78131451692485,1.0,
2021-05-28 06:00:04.930,0,0.1493195152397259,184.16668945505864,1.0,
2021-05-28 06:00:04.940,0,0.1367801001080428,189.66694209144268,1.0,
2021-05-28 06:00:04.950,0,0.1908550687278399,194.92075002656682,1.0,
2021-05-28 06:00:04.960,0,0.1725248716459691,200.95851620383846,1.0,
2021-05-28 06:00:04.970,0,0.1943534580894061,210.6002317193481,1.0,
2021-05-28 06:00:04.980,0,0.2052065193331901,213.8496167632113,1.0,
2021-05-28 06:00:04.990,0,0.2268079762482701,219.899475622427,1.0,
2021-05-28 06:00:05.000,1,0.1643500363499815,225.435297943254,1.0,
2021-05-28 06:00:05.010,1,0.2180540125679601,232.58264674486026,1.0,
2021-05-28 06:00:05.020,1,0.1858375845802595,240.5568035606184,1.0,
2021-05-28 06:00:05.030,1,0.1739184344151571,245.50729647492847,0.0,
2021-05-28 06:00:05.040,1,0.1851234739558319,252.35329351135545,0.0,
2021-05-28 06:00:05.050,1,0.2308412085846326,258.19884290891844,0.0,
2021-05-28 06:00:05.060,1,0.2067624984438004,265.2991078195065,0.0,
2021-05-28 06:00:05.070,1,0.1864672488837809,271.87521456828256,0.0,
2021-05-28 06:00:05.080,1,0.2730946889835514,279.86178372048516,0.0,
2021-05-28 06:00:05.090,1,0.2120626730402219,288.1727920267175,0.0,
2021-05-28 06:00:05.100,1,0.2470302567569497,293.1008618331559,0.0,
2021-05-28 06:00:05.110,1,0.2062276015071336,302.1474792163379,0.0,
2021-05-28 06:00:05.120,1,0.2232213515693613,308.56602687986765,0.0,
2021-05-28 06:00:05.130,1,0.1990692017889734,321.10310345159064,0.0,
2021-05-28 06:00:05.140,1,0.2657909589590133,322.5730969310357,0.0,
2021-05-28 06:00:05.150,1,0.2999865262198141,331.7700704603258,0.0,
2021-05-28 06:00:05.160,1,0.2721946388393342,333.66856440233397,0.0,
2021-05-28 06:00:05.170,1,0.2234506897987872,343.0194488521275,0.0,
2021-05-28 06:00:05.180,1,0.24887603926281304,346.6309353050653,0.0,
2021-05-28 06:00:05.190,1,0.2344871135783055,352.7862824289676,0.0,
2021-05-28 06:00:05.200,1,0.3107340047751978,356.4895461014184,0.0,
2021-05-28 06:00:05.210,1,0.2482251546840325,357.006239106728,0.0,
2021-05-28 06:00:05.220,1,0.2839913804769378,361.3252293049839,0.0,
2021-05-28 06:00:05.230,1,0.2252080311811696,369.891898719092,0.0,
2021-05-28 06:00:05.240,1,0.2988091184004084,372.3420057191879,0.0,
2021-05-28 06:00:05.250,1,0.2789468085206238,373.41871463106634,0.0,
2021-05-28 06:00:05.260,1,0.2718313860673381,375.39517613149866,0.0,
2021-05-28 06:00:05.270,1,0.2700358534293979,376.98136462721857,0.0,
2021-05-28 06:00:05.280,1,0.2751657540500155,380.448913573089,0.0,
2021-05-28 06:00:05.290,1,0.2326325444429634,384.7261979993492,0.0,
2021-05-28 06:00:05.300,1,0.2320880358673422,388.0572472597897,0.0,
2021-05-28 06:00:05.310,1,0.3073493739953065,386.920289333476,0.0,
2021-05-28 06:00:05.320,1,0.2398958465536035,389.6826705326529,0.0,
2021-05-28 06:00:05.330,1,0.3235815248872823,392.68438301864,0.0,
2021-05-28 06:00:05.340,1,0.30706852502598103,392.93639579742126,0.0,
2021-05-28 06:00:05.350,1,0.2358090231557458,391.0282864601911,0.0,
2021-05-28 06:00:05.360,1,0.3135815840815941,392.70355540091833,0.0,
2021-05-28 06:00:05.370,1,0.3011404387042485,396.7653855455777,0.0,
2021-05-28 06:00:05.380,1,0.2822539103092509,393.2800090279373,0.0,
2021-05-28 06:00:05.390,1,0.2770654151494499,395.2979563573398,0.0,
2021-05-28 06:00:05.400,1,0.2363309952814277,392.97101979560586,0.0,
2021-05-28 06:00:05.410,1,0.3227014655333074,394.51333218115053,0.0,
2021-05-28 06:00:05.420,1,0.3074156134749562,394.1310088484473,0.0,
2021-05-28 06:00:05.430,1,0.2233731169807477,395.84629490612235,0.0,
2021-05-28 06:00:05.440,1,0.2423414259988347,392.9246217410658,0.0,
2021-05-28 06:00:05.450,1,0.3279766133751705,396.35072832040015,0.0,
2021-05-28 06:00:05.460,1,0.2475543398969535,391.90955605323,0.0,
2021-05-28 06:00:05.470,1,0.2345645502857916,393.70894526096345,0.0,
2021-05-28 06:00:05.480,1,0.2874149817180546,396.32480494657415,0.0,
2021-05-28 06:00:05.490,1,0.2700940508109336,391.1551953812792,0.0,
2021-05-28 06:00:05.500,1,0.2351929961273471,393.62625350234725,0.0,
2021-05-28 06:00:05.510,1,0.2528284019200786,393.02475944715485,0.0,
2021-05-28 06:00:05.520,1,0.2236305793581993,396.0055615614481,0.0,
2021-05-28 06:00:05.530,1,0.2853046484052957,391.36721320656477,0.0,
2021-05-28 06:00:05.540,1,0.2610521104759101,394.1108146715008,0.0,
2021-05-28 06:00:05.550,1,0.2909709479795542,389.03078316087687,0.0,
2021-05-28 06:00:05.560,1,0.2990004274790835,393.22175972811766,0.0,
2021-05-28 06:00:05.570,1,0.3003306115063759,393.46733653696464,0.0,
2021-05-28 06:00:05.580,1,0.2709698616163337,393.7069963488608,0.0,
2021-05-28 06:00:05.590,1,0.214748901640686,391.63263968388793,0.0,
2021-05-28 06:00:05.600,1,0.2923039558864102,394.57031602019515,0.0,
2021-05-28 06:00:05.610,1,0.3008933255643989,391.7916590517891,0.0,
2021-05-28 06:00:05.620,1,0.3228098650284966,384.9704384688088,0.0,
2021-05-28 06:00:05.630,1,0.2948540636271428,377.64944563404623,0.0,
2021-05-28 06:00:05.640,1,0.2682247871416958,366.2808521827031,0.0,
2021-05-28 06:00:05.650,1,0.2212064683254746,353.4940128613924,0.0,
2021-05-28 06:00:05.660,1,0.2836582418781233,341.1738519733587,0.0,
2021-05-28 06:00:05.670,1,0.2419729053386013,326.1657985458085,0.0,
2021-05-28 06:00:05.680,1,0.189625910987066,313.29792369010005,0.0,
2021-05-28 06:00:05.690,1,0.2114891249510175,294.3323194873895,0.0,
2021-05-28 06:00:05.700,1,0.2507904416773841,280.897999732138,0.0,
2021-05-28 06:00:05.710,1,0.1703222169344962,263.22285371370145,0.0,
2021-05-28 06:00:05.720,1,0.1843200639151059,250.1322660352162,0.0,
2021-05-28 06:00:05.730,1,0.1931574406095693,232.1972991270311,1.0,
2021-05-28 06:00:05.740,1,0.1984037179367091,217.5801190473406,1.0,
2021-05-28 06:00:05.750,0,0.1533884828660463,202.22277396283246,1.0,
2021-05-28 06:00:05.760,0,0.137748829253779,186.18932183379317,1.0,
2021-05-28 06:00:05.770,0,0.1041096111564854,171.18877123748584,1.0,
2021-05-28 06:00:05.780,0,0.099997575180024,158.77052268876758,1.0,
2021-05-28 06:00:05.790,0,0.1230122306134653,143.81928728589196,1.0,
2021-05-28 06:00:05.800,0,0.0787793429749067,131.57042615262915,1.0,
2021-05-28 06:00:05.810,0,0.0830434229893195,121.63400050283421,1.0,
2021-05-28 06:00:05.820,0,0.0980592837234113,114.58344327471822,1.0,
2021-05-28 06:00:05.830,0,0.0702506470011061,109.8438222381756,1.0,
2021-05-28 06:00:05.840,0,0.0649172982320296,108.76357496092386,1.0,
2021-05-28 06:00:05.850,0,0.0677161303105234,107.87270949541565,1.0,
2021-05-28 06:00:05.860,0,0.0951914540113229,109.42447720982314,1.0,
2021-05-28 06:00:05.870,0,0.0765294596605769,111.84390836058328,1.0,
2021-05-28 06:00:05.880,0,0.0991679261259027,117.26248046471416,1.0,
2021-05-28 06:00:05.890,0,0.0826133962823807,123.1458944088755,1.0,
2021-05-28 06:00:05.900,0,0.0853942511404487,130.4604312030827,1.0,
2021-05-28 06:00:05.910,0,0.1197264819122252,136.67644166843323,1.0,
2021-05-28 06:00:05.920,0,0.1146047318712095,144.27749062796013,1.0,
2021-05-28 06:00:05.930,0,0.1126561318265495,151.95105401508116,1.0,
2021-05-28 06:00:05.940,0,0.1070771229364546,159.72710268153332,1.0,
2021-05-28 06:00:05.950,0,0.1531821369970654,169.69743541227913,1.0,
2021-05-28 06:00:05.960,0,0.1594507115610627,176.83350029486527,1.0,
2021-05-28 06:00:05.970,0,0.1465886229735717,185.571354296872,1.0,
2021-05-28 06:00:05.980,0,0.1752888282934112,197.03516755059704,1.0,
2021-05-28 06:00:05.990,0,0.1727090631497256,203.53782787469456,1.0,
2021-05-28 06:00:06.000,1,0.1672321963023358,211.56065555619662,1.0,
2021-05-28 06:00:06.010,1,0.1563838636155663,218.9336582975692,1.0,
2021-05-28 06:00:06.020,1,0.2160736712304977,228.3207277907549,1.0,
2021-05-28 06:00:06.030,1,0.1618885271429185,236.5452850033007,1.0,
2021-05-28 06:00:06.040,1,0.1889900014566398,241.30913851095247,1.0,
2021-05-28 06:00:06.050,1,0.1688021928758471,248.6175063579758,0.0,
2021-05-28 06:00:06.060,1,0.1977924270473902,254.52211015707192,0.0,
2021-05-28 06:00:06.070,1,0.2233489039683642,264.56501951929744,0.0,
2021-05-28 06:00:06.080,1,0.2171926176397146,272.0654602317444,0.0,
2021-05-28 06:00:06.090,1,0.213290875937528,275.5410692171976,0.0,
2021-05-28 06:00:06.100,1,0.2124576705382694,287.39197826775796,0.0,
2021-05-28 06:00:06.110,1,0.2270913908716078,296.169355818862,0.0,
2021-05-28 06:00:06.120,1,0.2068327140905892,301.86540842483316,0.0,
2021-05-28 06:00:06.130,1,0.2269013160417529,308.5722205862841,0.0,
2021-05-28 06:00:06.140,1,0.2911160172537685,316.08321555750337,0.0,
2021-05-28 06:00:06.150,1,0.2661449257393045,324.99237835696886,0.0,
2021-05-28 06:00:06.160,1,0.2475844053857257,329.69688605249473,0.0,
2021-05-28 06:00:06.170,1,0.2898578089100313,336.11481385677365,0.0,
2021-05-28 06:00:06.180,1,0.2406696359163436,342.9942241197622,0.0,
2021-05-28 06:00:06.190,1,0.3179910548048235,349.1080292174974,0.0,
2021-05-28 06:00:06.200,1,0.2671423309998189,355.0735831002023,0.0,
2021-05-28 06:00:06.210,1,0.2576553831619874,359.5563822260329,0.0,
2021-05-28 06:00:06.220,1,0.2331055751572208,361.13866848124064,0.0,
2021-05-28 06:00:06.230,1,0.2666647693835791,365.8582263631182,0.0,
2021-05-28 06:00:06.240,1,0.3194967278523445,368.2308376166599,0.0,
2021-05-28 06:00:06.250,1,0.2571211493005574,374.1434774616904,0.0,
2021-05-28 06:00:06.260,1,0.3087185493443538,375.82856431017797,0.0,
2021-05-28 06:00:06.270,1,0.2944673645275791,382.3335698052088,0.0,
2021-05-28 06:00:06.280,1,0.2623379993596957,382.2155273764376,0.0,
2021-05-28 06:00:06.290,1,0.2910574779915665,387.2788924626835,0.0,
2021-05-28 06:00:06.300,1,0.2809173417422648,389.5235364287061,0.0,
2021-05-28 06:00:06.310,1,0.2929168171169086,393.1805639458197,0.0,
2021-05-28 06:00:06.320,1,0.2947008840974494,390.42495581437936,0.0,
2021-05-28 06:00:06.330,1,0.2440826366208759,393.9320684494244,0.0,
2021-05-28 06:00:06.340,1,0.2959746151454677,394.84820440183836,0.0,
2021-05-28 06:00:06.350,1,0.295381680587726,398.5647698608232,0.0,
2021-05-28 06:00:06.360,1,0.3424131158227766,394.6507421747537,0.0,
2021-05-28 06:00:06.370,1,0.3356126689431841,402.0343074324797,0.0,
2021-05-28 06:00:06.380,1,0.2588726334568144,398.5073209146983,0.0,
2021-05-28 06:00:06.390,1,0.3348792751090879,401.99266641220834,0.0,
2021-05-28 06:00:06.400,1,0.2758829340709753,400.8950551572195,0.0,
2021-05-28 06:00:06.410,1,0.3384860412260984,401.6315642918711,0.0,
2021-05-28 06:00:06.420,1,0.3236835897955835,403.2963929998432,0.0,
2021-05-28 06:00:06.430,1,0.3129913310028552,401.34318618533086,0.0,
2021-05-28 06:00:06.440,1,0.2931065111862783,401.9213126090338,0.0,
2021-05-28 06:00:06.450,1,0.234970160324524,405.286990585615,0.0,
2021-05-28 06:00:06.460,1,0.3399813183013966,401.5414207005092,0.0,
2021-05-28 06:00:06.470,1,0.3307863153003669,405.19475317980033,0.0,
2021-05-28 06:00:06.480,1,0.2373535908179008,399.5126750715014,0.0,
2021-05-28 06:00:06.490,1,0.2818461977825781,406.95750570208463,0.0,
2021-05-28 06:00:06.500,1,0.2447254215758199,399.766762453272,0.0,
2021-05-28 06:00:06.510,1,0.2821802116850531,406.82168930435364,0.0,
2021-05-28 06:00:06.520,1,0.3026592600752539,405.7352051148775,0.0,
2021-05-28 06:00:06.530,1,0.3269988386669988,404.2366495647857,0.0,
2021-05-28 06:00:06.540,1,0.2816832899282349,406.64520749790796,0.0,
2021-05-28 06:00:06.550,1,0.3438427477028205,402.7747450703191,0.0,
2021-05-28 06:00:06.560,1,0.2497590310741415,399.8811366530791,0.0,
2021-05-28 06:00:06.570,1,0.2645320400729543,390.50924870529474,0.0,
2021-05-28 06:00:06.580,1,0.2849313788792593,384.7548359099175,0.0,
2021-05-28 06:00:06.590,1,0.2887777623029537,372.9766803273784,0.0,
2021-05-28 06:00:06.600,1,0.232174707596415,363.9379924013941,0.0,
2021-05-28 06:00:06.610,1,0.2648054150999753,351.0597779368248,0.0,
2021-05-28 06:00:06.620,1,0.2099588882776084,331.4096396855976,0.0,
2021-05-28 06:00:06.630,1,0.2263605182699453,318.0646239062545,0.0,
2021-05-28 06:00:06.640,1,0.2051591278706351,302.213402951164,0.0,
2021-05-28 06:00:06.650,1,0.2414397756146226,286.19474162348024,0.0,
2021-05-28 06:00:06.660,1,0.1805819508929093,271.06356058015,0.0,
2021-05-28 06:00:06.670,1,0.2098275383988206,251.1065120453281,0.0,
2021-05-28 06:00:06.680,1,0.1815201813902204,235.61117704161012,1.0,
2021-05-28 06:00:06.690,1,0.1504140450416779,221.0606474055601,1.0,
2021-05-28 06:00:06.700,0,0.1705093845723938,203.08946003944686,1.0,
2021-05-28 06:00:06.710,0,0.1546685270241983,188.6868322522376,1.0,
2021-05-28 06:00:06.720,0,0.1583823145766378,173.73323590464284,1.0,
2021-05-28 06:00:06.730,0,0.1111551506169765,160.45999763606338,1.0,
2021-05-28 06:00:06.740,0,0.1170854237034679,146.32982576500441,1.0,
2021-05-28 06:00:06.750,0,0.08745012927974001,133.9942373150623,1.0,
2021-05-28 06:00:06.760,0,0.0993300432384683,119.64356616028871,1.0,
2021-05-28 06:00:06.770,0,0.07424385302175701,109.31686925145495,1.0,
2021-05-28 06:00:06.780,0,0.0775603450765904,98.75567866475971,1.0,
2021-05-28 06:00:06.790,0,0.0782583581387698,88.13327340447742,1.0,
2021-05-28 06:00:06.800,0,0.0617659467697925,78.72057916609471,1.0,
2021-05-28 06:00:06.810,0,0.0491943822952092,71.61034400572238,1.0,
2021-05-28 06:00:06.820,0,0.0670163118969512,67.56468002948796,1.0,
2021-05-28 06:00:06.830,0,0.0610301619625272,66.18132859330217,1.0,
2021-05-28 06:00:06.840,0,0.0485974839400246,67.03401930635306,1.0,
2021-05-28 06:00:06.850,0,0.0535110015524706,70.29975794049578,1.0,
2021-05-28 06:00:06.860,0,0.065826126951333,75.46162149989806,1.0,
2021-05-28 06:00:06.870,0,0.0723778264835227,81.85727870891519,1.0,
2021-05-28 06:00:06.880,0,0.0909069707724156,88.7864436488422,1.0,
2021-05-28 06:00:06.890,0,0.0817836313804716,96.7061815197877,1.0,
2021-05-28 06:00:06.900,0,0.0971743153904322,106.3452270954393,1.0,
2021-05-28 06:00:06.910,0,0.1073629494004832,115.06610535579829,1.0,
2021-05-28 06:00:06.920,0,0.1268760807023407,125.04837170226784,1.0,
2021-05-28 06:00:06.930,0,0.1258405954474357,135.4667700305822,1.0,
2021-05-28 06:00:06.940,0,0.1263872107665439,147.7255185337389,1.0,
2021-05-28 06:00:06.950,0,0.1151272930984222,157.87515924660585,1.0,
2021-05-28 06:00:06.960,0,0.1201098295489545,166.14004979214653,1.0,
2021-05-28 06:00:06.970,0,0.1352643986800885,176.58071146093803,1.0,
2021-05-28 06:00:06.980,0,0.1485284717949606,186.22627682665646,1.0,
2021-05-28 06:00:06.990,0,0.1420158155925637,196.59353972271006,1.0,
2021-05-28 06:00:07.000,1,0.1859865591716862,206.71537278989032,1.0,
2021-05-28 06:00:07.010,1,0.2147292259026898,216.7472321326132,1.0,
2021-05-28 06:00:07.020,1,0.1862933770561773,224.3454222226874,1.0,
2021-05-28 06:00:07.030,1,0.2233393535992519,231.83922509276653,1.0,
2021-05-28 06:00:07.040,1,0.2035584218628432,240.8097281760891,0.0,
2021-05-28 06:00:07.050,1,0.204487909679172,248.56630572256097,0.0,
2021-05-28 06:00:07.060,1,0.2665803763679697,257.47747674193147,0.0,
2021-05-28 06:00:07.070,1,0.260040297920694,264.71962355068007,0.0,
2021-05-28 06:00:07.080,1,0.2212646781884215,273.5999094944802,0.0,
2021-05-28 06:00:07.090,1,0.2699792450645709,280.877990594876,0.0,
2021-05-28 06:00:07.100,1,0.2923961342290814,289.2081953381448,0.0,
2021-05-28 06:00:07.110,1,0.2723856218437758,297.71972628791406,0.0,
2021-05-28 06:00:07.120,1,0.2807920391162427,303.74700452075933,0.0,
2021-05-28 06:00:07.130,1,0.3488738885610621,313.16948213680723,0.0,
2021-05-28 06:00:07.140,1,0.2453163990797133,320.0052987155553,0.0,
2021-05-28 06:00:07.150,1,0.2900979524870248,324.3510696258827,0.0,
2021-05-28 06:00:07.160,1,0.2985456911676037,333.6476428070679,0.0,
2021-05-28 06:00:07.170,1,0.3471266915685832,336.4455798954057,0.0,
2021-05-28 06:00:07.180,1,0.3537706011950813,346.2194755919394,0.0,
2021-05-28 06:00:07.190,1,0.2643080887524767,351.1158869305512,0.0,
2021-05-28 06:00:07.200,1,0.3009886740285351,358.0324004361677,0.0,
2021-05-28 06:00:07.210,1,0.2792768616573853,363.6334108862249,0.0,
2021-05-28 06:00:07.220,1,0.3739458720878151,370.3556739071574,0.0,
2021-05-28 06:00:07.230,1,0.4104435787597542,372.196647261572,0.0,
2021-05-28 06:00:07.240,1,0.3352929210534747,375.0381939195225,0.0,
2021-05-28 06:00:07.250,1,0.3882300687029329,379.4515683966645,0.0,
2021-05-28 06:00:07.260,1,0.3391476397303287,383.3669567363702,0.0,
2021-05-28 06:00:07.270,1,0.3333993984936794,382.880751018902,0.0,
2021-05-28 06:00:07.280,1,0.4312859693232833,386.33157224623307,0.0,
2021-05-28 06:00:07.290,1,0.4252293307960075,394.3435183133457,0.0,
2021-05-28 06:00:07.300,1,0.2996906390445175,392.2717339902445,0.0,
2021-05-28 06:00:07.310,1,0.2997942174560819,398.2887732254472,0.0,
2021-05-28 06:00:07.320,1,0.4315757374004821,398.1495281964203,0.0,
2021-05-28 06:00:07.330,1,0.4111123544316203,400.0417528806725,0.0,
2021-05-28 06:00:07.340,1,0.3303844398735113,404.0131796823839,0.0,
2021-05-28 06:00:07.350,1,0.4309304426187662,404.39190763464455,0.0,
2021-05-28 06:00:07.360,1,0.3080722619242854,404.2223671278833,0.0,
2021-05-28 06:00:07.370,1,0.3739148698344605,405.3457598135429,0.0,
2021-05-28 06:00:07.380,1,0.4491372660476359,405.0555393223807,0.0,
2021-05-28 06:00:07.390,1,0.3420775994444777,408.91541492196836,0.0,
2021-05-28 06:00:07.400,1,0.3875058261658929,407.397411095213,0.0,
2021-05-28 06:00:07.410,1,0.3441727177360501,407.3842700678371,0.0,
2021-05-28 06:00:07.420,1,0.3821818556783973,407.88242348787116,0.0,
2021-05-28 06:00:07.430,1,0.31689466628453,408.918432517971,0.0,
2021-05-28 06:00:07.440,1,0.4204777836705857,409.11171866197736,0.0,
2021-05-28 06:00:07.450,1,0.3880803036305937,409.7896832768454,0.0,
2021-05-28 06:00:07.460,1,0.3132394928798422,409.0283364741538,0.0,
2021-05-28 06:00:07.470,1,0.425666576156669,406.95002332045,0.0,
2021-05-28 06:00:07.480,1,0.3367983195254705,410.579612772608,0.0,
2021-05-28 06:00:07.490,1,0.3055950899454184,410.6397480441073,0.0,
2021-05-28 06:00:07.500,1,0.3408672354318904,413.1239633131463,0.0,
2021-05-28 06:00:07.510,1,0.4237918005002197,405.0154096165416,0.0,
2021-05-28 06:00:07.520,1,0.3826173379093476,402.0883374388867,0.0,
2021-05-28 06:00:07.530,1,0.3153205878268593,392.45932789337775,0.0,
2021-05-28 06:00:07.540,1,0.306619198217478,384.25452739395513,0.0,
2021-05-28 06:00:07.550,1,0.2725029896672389,374.30263697445,0.0,
2021-05-28 06:00:07.560,1,0.2694280493829638,357.2103852645044,0.0,
2021-05-28 06:00:07.570,1,0.2579134928381799,338.8824742444471,0.0,
2021-05-28 06:00:07.580,1,0.2853883128635233,323.1308059643748,0.0,
2021-05-28 06:00:07.590,1,0.2519543031996737,306.43456820421324,0.0,
2021-05-28 06:00:07.600,1,0.2828355968109496,291.6180565003652,0.0,
2021-05-28 06:00:07.610,1,0.2189749976523268,275.96751240423333,0.0,
2021-05-28 06:00:07.620,1,0.2192754139289933,259.63415350643163,0.0,
2021-05-28 06:00:07.630,1,0.169381804045185,241.54592727515583,1.0,
2021-05-28 06:00:07.640,1,0.1552991150263094,223.5121886252372,1.0,
2021-05-28 06:00:07.650,0,0.1568151214203283,209.31023018232028,1.0,
2021-05-28 06:00:07.660,0,0.1573318819857505,193.0586922690634,1.0,
2021-05-28 06:00:07.670,0,0.1758183289151642,176.9014622302506,1.0,
2021-05-28 06:00:07.680,0,0.1467700549155658,163.791501837968,1.0,
2021-05-28 06:00:07.690,0,0.1278372772101398,148.43841432445646,1.0,
2021-05-28 06:00:07.700,0,0.108375814006067,135.3949061838805,1.0,
2021-05-28 06:00:07.710,0,0.1104304788385764,123.7098669076893,1.0,
2021-05-28 06:00:07.720,0,0.0693353271833048,110.41526328059912,1.0,
2021-05-28 06:00:07.730,0,0.0819867599003401,99.40377273637371,1.0,
2021-05-28 06:00:07.740,0,0.0648410651312001,89.04024494502113,1.0,
2021-05-28 06:00:07.750,0,0.063337037481519,79.51277221964325,1.0,
2021-05-28 06:00:07.760,0,0.0475987782220212,70.33534340926725,1.0,
2021-05-28 06:00:07.770,0,0.0589269652736125,62.05544024422128,1.0,
2021-05-28 06:00:07.780,0,0.0381224590891525,54.10854262444339,1.0,
2021-05-28 06:00:07.790,0,0.0404860910719135,46.86654001440037,1.0,
2021-05-28 06:00:07.800,0,0.0385213180531355,40.7149054111492,1.0,
2021-05-28 06:00:07.810,0,0.0332795567559553,36.57496334661256,1.0,
2021-05-28 06:00:07.820,0,0.023452269625342,35.43418481940246,1.0,
2021-05-28 06:00:07.830,0,0.0345947536438947,37.20981288280242,1.0,
2021-05-28 06:00:07.840,0,0.0443021044541036,40.38463753615893,1.0,
2021-05-28 06:00:07.850,0,0.0399890785338146,46.66106587550794,1.0,
2021-05-28 06:00:07.860,0,0.0376448486895582,53.15259907086715,1.0,
2021-05-28 06:00:07.870,0,0.056851450769202,61.59891412262208,1.0,
2021-05-28 06:00:07.880,0,0.0530385362710991,70.83279845280647,1.0,
2021-05-28 06:00:07.890,0,0.0666173717013279,81.24349892768122,1.0,
2021-05-28 06:00:07.900,0,0.093636210513399,92.12406739480672,1.0,
2021-05-28 06:00:07.910,0,0.1038702696204947,103.0454677384975,1.0,
2021-05-28 06:00:07.920,0,0.0972132071135291,114.98795012758579,1.0,
2021-05-28 06:00:07.930,0,0.1087075501800538,127.16433409642227,1.0,
2021-05-28 06:00:07.940,0,0.1098472140339639,137.09911335192385,1.0,
2021-05-28 06:00:07.950,0,0.1415964489669139,149.5798681365609,1.0,
2021-05-28 06:00:07.960,0,0.1090630484093309,161.36260050483813,1.0,
2021-05-28 06:00:07.970,0,0.1688317403769123,171.2498429718284,1.0,
2021-05-28 06:00:07.980,0,0.1252323974922196,182.8726150891092,1.0,
2021-05-28 06:00:07.990,0,0.16788846533072402,191.71805771540187,1.0,
2021-05-28 06:00:08.000,1,0.1402062065267433,202.30422737620543,1.0,
2021-05-28 06:00:08.010,1,0.1521663311371931,211.86482301699675,1.0,
2021-05-28 06:00:08.020,1,0.1864603257985636,220.95516626868184,1.0,
2021-05-28 06:00:08.030,1,0.2129956775906505,229.24097368182868,1.0,
2021-05-28 06:00:08.040,1,0.1756209606555267,238.13791266880196,0.0,
2021-05-28 06:00:08.050,1,0.1881396577134828,245.77854236885875,0.0,
2021-05-28 06:00:08.060,1,0.1963942808165588,253.3157692013472,0.0,
2021-05-28 06:00:08.070,1,0.2037625284626293,263.28867669646917,0.0,
2021-05-28 06:00:08.080,1,0.2816985078771173,270.5624479872077,0.0,
2021-05-28 06:00:08.090,1,0.2241169900234016,279.3513119493723,0.0,
2021-05-28 06:00:08.100,1,0.2564028547774269,287.88936540511236,0.0,
2021-05-28 06:00:08.110,1,0.2353363576117854,293.63570602219534,0.0,
2021-05-28 06:00:08.120,1,0.3406805844522955,305.23058426618184,0.0,
2021-05-28 06:00:08.130,1,0.2863832088197559,309.2575333587987,0.0,
2021-05-28 06:00:08.140,1,0.319674067349089,314.9815226250338,0.0,
2021-05-28 06:00:08.150,1,0.2468628345907284,322.8920037478116,0.0,
2021-05-28 06:00:08.160,1,0.3690368916002344,329.28193986839517,0.0,
2021-05-28 06:00:08.170,1,0.3019954690504614,335.0327295393056,0.0,
2021-05-28 06:00:08.180,1,0.3481529931706765,341.66373897577284,0.0,
2021-05-28 06:00:08.190,1,0.3711975205029242,346.42363205735285,0.0,
2021-05-28 06:00:08.200,1,0.3366660771239764,350.19415014191145,0.0,
2021-05-28 06:00:08.210,1,0.3355463906048124,359.5629474222976,0.0,
2021-05-28 06:00:08.220,1,0.3006518886522535,361.5634996623932,0.0,
2021-05-28 06:00:08.230,1,0.4076266302314469,365.66435405730317,0.0,
2021-05-28 06:00:08.240,1,0.2955205268371524,370.57260252352853,0.0,
2021-05-28 06:00:08.250,1,0.3543877961527364,372.28262291413523,0.0,
2021-05-28 06:00:08.260,1,0.4271015363069039,375.8921689021257,0.0,
2021-05-28 06:00:08.270,1,0.2864599939919489,372.96030809234713,0.0,
2021-05-28 06:00:08.280,1,0.4228509120286295,377.6957339137177,0.0,
2021-05-28 06:00:08.290,1,0.3140743781918748,384.8013480796083,0.0,
2021-05-28 06:00:08.300,1,0.4329055601517372,384.6359835400528,0.0,
2021-05-28 06:00:08.310,1,0.3213617368582158,386.07820650759163,0.0,
2021-05-28 06:00:08.320,1,0.4490564012408724,390.07165052056814,0.0,
2021-05-28 06:00:08.330,1,0.3471015818970906,390.37857522164563,0.0,
2021-05-28 06:00:08.340,1,0.3201579820695236,391.6570985209153,0.0,
2021-05-28 06:00:08.350,1,0.3820764761603429,395.411919841563,0.0,
2021-05-28 06:00:08.360,1,0.4269566183522205,394.38680496858285,0.0,
2021-05-28 06:00:08.370,1,0.3411939872604577,392.35146526733706,0.0,
2021-05-28 06:00:08.380,1,0.3820445460713579,393.6725892730576,0.0,
2021-05-28 06:00:08.390,1,0.3480102860843956,393.6388583348526,0.0,
2021-05-28 06:00:08.400,1,0.3674247473552138,393.9133761091599,0.0,
2021-05-28 06:00:08.410,1,0.3212905359279177,398.011248365515,0.0,
2021-05-28 06:00:08.420,1,0.4342971435197795,393.2661741659612,0.0,
2021-05-28 06:00:08.430,1,0.3824290574615351,396.585345282599,0.0,
2021-05-28 06:00:08.440,1,0.3223709168810303,399.1753947261912,0.0,
2021-05-28 06:00:08.450,1,0.3919528294531124,396.266463143136,0.0,
2021-05-28 06:00:08.460,1,0.3015792850987872,393.39715371919885,0.0,
2021-05-28 06:00:08.470,1,0.386907587770077,391.68779557774764,0.0,
2021-05-28 06:00:08.480,1,0.3066066310752428,377.8176404599489,0.0,
2021-05-28 06:00:08.490,1,0.3934463068885579,372.7638985317714,0.0,
2021-05-28 06:00:08.500,1,0.2563181341185992,360.31671151449217,0.0,
2021-05-28 06:00:08.510,1,0.2857299554083786,348.08976764046014,0.0,
2021-05-28 06:00:08.520,1,0.2307967607657418,330.7697142922462,0.0,
2021-05-28 06:00:08.530,1,0.2922537133841,318.00060396574486,0.0,
2021-05-28 06:00:08.540,1,0.2994494990621146,299.852615587578,0.0,
2021-05-28 06:00:08.550,1,0.2067792221733557,283.97598476599006,0.0,
2021-05-28 06:00:08.560,1,0.2769787773546147,270.10642435784587,0.0,
2021-05-28 06:00:08.570,1,0.2290405899826846,251.2627903664172,0.0,
2021-05-28 06:00:08.580,1,0.1829091085968412,236.0263144317217,0.0,
2021-05-28 06:00:08.590,1,0.2065771786414569,219.46004541626985,1.0,
2021-05-28 06:00:08.600,0,0.1688721476131467,202.8317383703013,1.0,
2021-05-28 06:00:08.610,0,0.1642999418073772,189.18841447747502,1.0,
2021-05-28 06:00:08.620,0,0.1307643289672604,175.10172034144406,1.0,
2021-05-28 06:00:08.630,0,0.1251407443736903,159.31099575111298,1.0,
2021-05-28 06:00:08.640,0,0.0909270161271156,148.7550697207284,1.0,
2021-05-28 06:00:08.650,0,0.1258434647436081,133.90938266934256,1.0,
2021-05-28 06:00:08.660,0,0.0958767842185908,120.53002697929632,1.0,
2021-05-28 06:00:08.670,0,0.0820596610156802,109.61637176808362,1.0,
2021-05-28 06:00:08.680,0,0.06296027949748999,98.04771838783816,1.0,
2021-05-28 06:00:08.690,0,0.0795347877631015,87.68098804089027,1.0,
2021-05-28 06:00:08.700,0,0.05817363471403799,78.5391111721795,1.0,
2021-05-28 06:00:08.710,0,0.06828643103738401,69.57533266221698,1.0,
2021-05-28 06:00:08.720,0,0.0514451096266543,61.27617844661268,1.0,
2021-05-28 06:00:08.730,0,0.049241044862076,53.98496302470432,1.0,
2021-05-28 06:00:08.740,0,0.0323976346469963,46.71723604697691,1.0,
2021-05-28 06:00:08.750,0,0.0344357220072083,40.13967894245436,1.0,
2021-05-28 06:00:08.760,0,0.0266206233953765,34.262303838691174,1.0,
2021-05-28 06:00:08.770,0,0.021852770384814,28.754282650936947,1.0,
2021-05-28 06:00:08.780,0,0.0168022910066808,24.003360444548694,2.0,
2021-05-28 06:00:08.790,0,0.0174406219247247,19.558856946170284,2.0,
2021-05-28 06:00:08.800,0,0.0062717669235142,15.671697022859698,2.0,
2021-05-28 06:00:08.810,0,0.0109965658461333,13.292224884132011,2.0,
2021-05-28 06:00:08.820,0,0.0055531158270422,12.973540749094546,2.0,
2021-05-28 06:00:08.830,0,0.0073464017839778,14.12859470597709,2.0,
2021-05-28 06:00:08.840,0,0.016821555631525,16.560076036300938,2.0,
2021-05-28 06:00:08.850,0,0.0187027075219697,20.25090817047875,2.0,
2021-05-28 06:00:08.860,0,0.0170351389196582,25.36279330385805,2.0,
2021-05-28 06:00:08.870,0,0.0277017772545031,31.010275252228446,1.0,
2021-05-28 06:00:08.880,0,0.0251865778426641,38.30091379602278,1.0,
2021-05-28 06:00:08.890,0,0.0385255963972533,47.17109545777096,1.0,
2021-05-28 06:00:08.900,0,0.0349913056194557,57.71763715669423,1.0,
2021-05-28 06:00:08.910,0,0.0467549648841646,67.99439057044725,1.0,
2021-05-28 06:00:08.920,0,0.0485099909879792,79.30229707696766,1.0,
2021-05-28 06:00:08.930,0,0.0513453847006491,90.19621962570213,1.0,
2021-05-28 06:00:08.940,0,0.0861410567782698,102.88864413558036,1.0,
2021-05-28 06:00:08.950,0,0.072903535941327,113.941047487566,1.0,
2021-05-28 06:00:08.960,0,0.0947414374333835,126.65895906703942,1.0,
2021-05-28 06:00:08.970,0,0.0973304874117415,138.87420158915495,1.0,
2021-05-28 06:00:08.980,0,0.0852161534486167,148.96897837392697,1.0,
2021-05-28 06:00:08.990,0,0.1064472730840787,160.83626031707925,1.0,
2021-05-28 06:00:09.000,1,0.097557642530579,171.5029302305355,1.0,
2021-05-28 06:00:09.010,1,0.1205780831584887,183.1970154745556,1.0,
2021-05-28 06:00:09.020,1,0.1441082909018768,193.58587941825093,1.0,
2021-05-28 06:00:09.030,1,0.1728124635988481,204.31865138240315,1.0,
2021-05-28 06:00:09.040,1,0.1478807180862047,212.501253380058,1.0,
2021-05-28 06:00:09.050,1,0.1440408057030899,221.19381312790185,1.0,
2021-05-28 06:00:09.060,1,0.1645481195869102,228.22367966107933,0.0,
2021-05-28 06:00:09.070,1,0.1978960610934361,238.9778686562173,0.0,
2021-05-28 06:00:09.080,1,0.1774474684033886,247.56293860478849,0.0,
2021-05-28 06:00:09.090,1,0.1623590467250745,253.03684413978127,0.0,
2021-05-28 06:00:09.100,1,0.2163830052449424,263.3307873310416,0.0,
2021-05-28 06:00:09.110,1,0.2086675283579162,271.2409006833686,0.0,
2021-05-28 06:00:09.120,1,0.1745838579959398,279.0090370742185,0.0,
2021-05-28 06:00:09.130,1,0.2152057380299901,286.368370486243,0.0,
2021-05-28 06:00:09.140,1,0.2066061170830606,294.05211991228265,0.0,
2021-05-28 06:00:09.150,1,0.2201927985645311,303.7514765891437,0.0,
2021-05-28 06:00:09.160,1,0.2620497688652406,308.52146748224413,0.0,
2021-05-28 06:00:09.170,1,0.2100656699560954,316.4553833664088,0.0,
2021-05-28 06:00:09.180,1,0.20228543048679296,323.15532486233366,0.0,
2021-05-28 06:00:09.190,1,0.2854201738806973,328.18518844994225,0.0,
2021-05-28 06:00:09.200,1,0.2195004433485157,335.82356279006854,0.0,
2021-05-28 06:00:09.210,1,0.2443170301760379,338.2259445877028,0.0,
2021-05-28 06:00:09.220,1,0.2566422307870206,344.03305021903503,0.0,
2021-05-28 06:00:09.230,1,0.2948981906612418,348.2096577236582,0.0,
2021-05-28 06:00:09.240,1,0.2376638813574084,353.47163481870354,0.0,
2021-05-28 06:00:09.250,1,0.2838252962564695,357.9892985645032,0.0,
2021-05-28 06:00:09.260,1,0.243920780449512,360.65411808921135,0.0,
2021-05-28 06:00:09.270,1,0.2881867282750303,365.247491057799,0.0,
2021-05-28 06:00:09.280,1,0.3039148328036847,364.3175861997768,0.0,
2021-05-28 06:00:09.290,1,0.3217491230164494,371.1890350655301,0.0,
2021-05-28 06:00:09.300,1,0.2973475637584165,371.84467183836546,0.0,
2021-05-28 06:00:09.310,1,0.3027458908137351,369.2439986891836,0.0,
2021-05-28 06:00:09.320,1,0.3028491092033324,376.0623743548195,0.0,
2021-05-28 06:00:09.330,1,0.3411707382078971,374.15028782304773,0.0,
2021-05-28 06:00:09.340,1,0.3187961681424271,380.645038001516,0.0,
2021-05-28 06:00:09.350,1,0.310900118762815,379.46991717420286,0.0,
2021-05-28 06:00:09.360,1,0.3571246565411807,379.746301793257,0.0,
2021-05-28 06:00:09.370,1,0.3480597468126294,379.3014245836905,0.0,
2021-05-28 06:00:09.380,1,0.2445197301129915,383.07070651997367,0.0,
2021-05-28 06:00:09.390,1,0.311745491265968,382.2171149416816,0.0,
2021-05-28 06:00:09.400,1,0.3658571852828361,381.4141472456216,0.0,
2021-05-28 06:00:09.410,1,0.3369965507433552,383.89652662157516,0.0,
2021-05-28 06:00:09.420,1,0.3206233799928644,378.5909228968147,0.0,
2021-05-28 06:00:09.430,1,0.2937923288132261,369.3046360886979,0.0,
2021-05-28 06:00:09.440,1,0.3090229803370051,363.0191973553234,0.0,
2021-05-28 06:00:09.450,1,0.2387320592227888,348.8373389619296,0.0,
2021-05-28 06:00:09.460,1,0.3184101239644236,333.6585524110306,0.0,
2021-05-28 06:00:09.470,1,0.2945549710142003,326.0327354760667,0.0,
2021-05-28 06:00:09.480,1,0.2384234330090578,306.84664820157326,0.0,
2021-05-28 06:00:09.490,1,0.2209688154778353,293.645812519016,0.0,
2021-05-28 06:00:09.500,1,0.2541562930570316,278.3917875191039,0.0,
2021-05-28 06:00:09.510,1,0.2255742868729235,263.33168546050246,0.0,
2021-05-28 06:00:09.520,1,0.1591229356528281,247.4804071674799,0.0,
2021-05-28 06:00:09.530,1,0.1683131482432486,232.75882999007248,0.0,
2021-05-28 06:00:09.540,1,0.1941634607490249,216.04547838948776,1.0,
2021-05-28 06:00:09.550,0,0.1628107631715467,200.38117242911946,1.0,
2021-05-28 06:00:09.560,0,0.1585702696934257,187.1763400703481,1.0,
2021-05-28 06:00:09.570,0,0.154752673498856,171.3167248757825,1.0,
2021-05-28 06:00:09.580,0,0.1343973139582724,158.3746204398571,1.0,
2021-05-28 06:00:09.590,0,0.1033969563908764,144.70726251329432,1.0,
2021-05-28 06:00:09.600,0,0.1160546112185983,130.9333584138703,1.0,
2021-05-28 06:00:09.610,0,0.0933728874413957,119.39487835790639,1.0,
2021-05-28 06:00:09.620,0,0.0896206649372966,107.60840927785324,1.0,
2021-05-28 06:00:09.630,0,0.0636585341396221,97.21594271110516,1.0,
2021-05-28 06:00:09.640,0,0.0727794089700437,87.05742330310858,1.0,
2021-05-28 06:00:09.650,0,0.0632733157927123,78.27332802930665,1.0,
2021-05-28 06:00:09.660,0,0.053229258519926,69.7919854595287,1.0,
2021-05-28 06:00:09.670,0,0.0536362809883773,61.561407399899004,1.0,
2021-05-28 06:00:09.680,0,0.0350025775773199,53.701069221380365,1.0,
2021-05-28 06:00:09.690,0,0.042202069481211,46.688549197870856,1.0,
2021-05-28 06:00:09.700,0,0.0268577410765379,40.40814488575296,1.0,
2021-05-28 06:00:09.710,0,0.0350467306874434,34.246276328920985,1.0,
2021-05-28 06:00:09.720,0,0.0193960936666864,28.980579714000893,1.0,
2021-05-28 06:00:09.730,0,0.0142347936582417,24.223208818405045,1.0,
2021-05-28 06:00:09.740,0,0.0165398759087567,19.786955763348885,2.0,
2021-05-28 06:00:09.750,0,0.0166267289863193,15.965345785069351,2.0,
2021-05-28 06:00:09.760,0,0.0057465316007274,12.466823054320555,2.0,
2021-05-28 06:00:09.770,0,0.0056701661636879,9.25917944409914,2.0,
2021-05-28 06:00:09.780,0,0.0064928713254635,6.489743292565112,2.0,
2021-05-28 06:00:09.790,0,0.0017312354591119,3.9576168024991394,2.0,
2021-05-28 06:00:09.800,0,0.0038100166902682,1.8833045911962296,2.0,
2021-05-28 06:00:09.810,0,-0.0034431838934215,1.212428304261682,2.0,
2021-05-28 06:00:09.820,0,0.0067336735378653,2.273443222951944,2.0,
2021-05-28 06:00:09.830,0,0.0032918339441402,4.846617532197972,2.0,
2021-05-28 06:00:09.840,0,0.0061573745847832,8.678145480901396,2.0,
2021-05-28 06:00:09.850,0,0.0084213795082768,13.592363180388006,2.0,
2021-05-28 06:00:09.860,0,0.0174148272180523,19.315152278726565,1.0,
2021-05-28 06:00:09.870,0,0.0158919215981992,26.65778375565802,1.0,
2021-05-28 06:00:09.880,0,0.0265430587507113,35.19076682609283,1.0,
2021-05-28 06:00:09.890,0,0.0179635824789801,45.2619210427816,1.0,
2021-05-28 06:00:09.900,0,0.0316500182201105,56.074491713546074,1.0,
2021-05-28 06:00:09.910,0,0.0391376521797294,67.4322138965905,1.0,
2021-05-28 06:00:09.920,0,0.0529085163937337,78.9944240161857,1.0,
2021-05-28 06:00:09.930,0,0.0657399990678308,91.78967460665899,1.0,
2021-05-28 06:00:09.940,0,0.0555132944686956,104.25229402748744,1.0,
2021-05-28 06:00:09.950,0,0.0793160613365633,117.31625455146029,1.0,
2021-05-28 06:00:09.960,0,0.0727517861933869,129.22152638760522,1.0,
2021-05-28 06:00:09.970,0,0.1019478244017027,141.30099121913912,1.0,
2021-05-28 06:00:09.980,0,0.1055677790228885,154.3223646733157,1.0,
2021-05-28 06:00:09.990,0,0.1349444950650697,165.82706687700843,1.0,
2021-05-28 06:00:10.000,1,0.1354476725770086,177.66079866239892,1.0,
2021-05-28 06:00:10.010,1,0.0976483481482311,187.33895003456797,1.0,
2021-05-28 06:00:10.020,1,0.1038596283204487,197.7023420735947,1.0,
2021-05-28 06:00:10.030,1,0.1103605159746677,207.73156426078944,1.0,
2021-05-28 06:00:10.040,1,0.1116617407327539,217.22635934345462,1.0,
2021-05-28 06:00:10.050,1,0.1381114212978151,228.28052760449143,0.0,
2021-05-28 06:00:10.060,1,0.1311164838376778,237.58280051469325,0.0,
2021-05-28 06:00:10.070,1,0.1915603447145762,246.9705208545895,0.0,
2021-05-28 06:00:10.080,1,0.203993157033558,255.0727636796181,0.0,
2021-05-28 06:00:10.090,1,0.205537965933189,264.9013328667137,0.0,
2021-05-28 06:00:10.100,1,0.1548077593056454,273.89589694511886,0.0,
2021-05-28 06:00:10.110,1,0.1830120594468955,282.11724942357563,0.0,
2021-05-28 06:00:10.120,1,0.2120206770684338,290.9401386397765,0.0,
2021-05-28 06:00:10.130,1,0.2160401557972919,299.94130561645784,0.0,
2021-05-28 06:00:10.140,1,0.2449142009596859,306.4476578363067,0.0,
2021-05-28 06:00:10.150,1,0.2298912905230615,315.2236441094032,0.0,
2021-05-28 06:00:10.160,1,0.2356472704530036,320.01237963272547,0.0,
2021-05-28 06:00:10.170,1,0.1861865451537059,327.1810219745913,0.0,
2021-05-28 06:00:10.180,1,0.214079180796559,330.7637851226158,0.0,
2021-05-28 06:00:10.190,1,0.2714805766874893,338.67153822943555,0.0,
2021-05-28 06:00:10.200,1,0.2984364100961278,346.03640302935594,0.0,
2021-05-28 06:00:10.210,1,0.2673099392432853,350.42259589536627,0.0,
2021-05-28 06:00:10.220,1,0.2657783269521888,353.4630498723731,0.0,
2021-05-28 06:00:10.230,1,0.2194884021057294,359.64957578575746,0.0,
2021-05-28 06:00:10.240,1,0.2137021662213201,362.61972890820135,0.0,
2021-05-28 06:00:10.250,1,0.2736577709119173,367.54067984661714,0.0,
2021-05-28 06:00:10.260,1,0.2509797987362321,368.09186392991637,0.0,
2021-05-28 06:00:10.270,1,0.3024501200578392,372.4596809575086,0.0,
2021-05-28 06:00:10.280,1,0.2480272138251914,375.26731043402566,0.0,
2021-05-28 06:00:10.290,1,0.2393324512258327,377.7241377100434,0.0,
2021-05-28 06:00:10.300,1,0.2850215974591911,379.7323481971856,0.0,
2021-05-28 06:00:10.310,1,0.3277807622499358,378.7633597915693,0.0,
2021-05-28 06:00:10.320,1,0.2942226345870335,385.38929785268084,0.0,
2021-05-28 06:00:10.330,1,0.2715221825947885,387.11178396668953,0.0,
2021-05-28 06:00:10.340,1,0.2854431672819703,384.70270141792616,0.0,
2021-05-28 06:00:10.350,1,0.3520412819509526,387.74412534403496,0.0,
2021-05-28 06:00:10.360,1,0.2935873645715123,385.44622993712767,0.0,
2021-05-28 06:00:10.370,1,0.3192111350899733,380.72758559061606,0.0,
2021-05-28 06:00:10.380,1,0.3577346689649543,376.4849178484259,0.0,
2021-05-28 06:00:10.390,1,0.338925311389172,363.46334900661583,0.0,
2021-05-28 06:00:10.400,1,0.3480285578398049,354.5607740838713,0.0,
2021-05-28 06:00:10.410,1,0.2955815457022944,338.83398086446977,0.0,
2021-05-28 06:00:10.420,1,0.2818322617129039,327.4911196988673,0.0,
2021-05-28 06:00:10.430,1,0.2146511714125287,312.39630730725935,0.0,
2021-05-28 06:00:10.440,1,0.2560005890088423,298.9646650661335,0.0,
2021-05-28 06:00:10.450,1,0.2291195431703958,280.75229958847274,0.0,
2021-05-28 06:00:10.460,1,0.1875334266750425,266.010385593094,0.0,
2021-05-28 06:00:10.470,1,0.2338553480472052,251.47616857941296,0.0,
2021-05-28 06:00:10.480,1,0.1704994717192189,235.07267494657262,0.0,
2021-05-28 06:00:10.490,1,0.1577689469078741,218.98163842630038,1.0,
2021-05-28 06:00:10.500,0,0.1547826142117079,203.30922161329914,1.0,
2021-05-28 06:00:10.510,0,0.1439349050524285,187.30561559339318,1.0,
2021-05-28 06:00:10.520,0,0.1456318394232728,174.87849501727692,1.0,
2021-05-28 06:00:10.530,0,0.118814438736968,160.72149588379992,1.0,
2021-05-28 06:00:10.540,0,0.1131061102234768,147.28458381045368,1.0,
2021-05-28 06:00:10.550,0,0.1206567670233863,134.19513567159177,1.0,
2021-05-28 06:00:10.560,0,0.0925668037853553,122.4252828923653,1.0,
2021-05-28 06:00:10.570,0,0.1210147832497146,110.03227513925451,1.0,
2021-05-28 06:00:10.580,0,0.1052598469776518,99.03871970803057,1.0,
2021-05-28 06:00:10.590,0,0.0747071959998219,89.61316835769252,1.0,
2021-05-28 06:00:10.600,0,0.074871327689918,79.0494537264712,1.0,
2021-05-28 06:00:10.610,0,0.0719880036969582,70.53821549577626,1.0,
2021-05-28 06:00:10.620,0,0.0723103055992545,61.33396716787478,1.0,
2021-05-28 06:00:10.630,0,0.0481938635368614,55.02174029079659,1.0,
2021-05-28 06:00:10.640,0,0.0506063705345331,47.91090677837836,1.0,
2021-05-28 06:00:10.650,0,0.0386091837087702,41.06978827969441,1.0,
2021-05-28 06:00:10.660,0,0.0294962547334779,35.53992349524895,1.0,
2021-05-28 06:00:10.670,0,0.0226672666251173,29.780007715137984,1.0,
2021-05-28 06:00:10.680,0,0.0293444881687226,24.883593466438985,1.0,
2021-05-28 06:00:10.690,0,0.0169614496181281,20.701200017136763,1.0,
2021-05-28 06:00:10.700,0,0.018610919263189,16.447442391309767,1.0,
2021-05-28 06:00:10.710,0,0.0150834206609607,12.78647996209041,2.0,
2021-05-28 06:00:10.720,0,0.0142839092328975,9.748337051047566,2.0,
2021-05-28 06:00:10.730,0,0.005485212561592,6.821188402294147,2.0,
2021-05-28 06:00:10.740,0,0.0081684900812233,4.316549909088471,2.0,
2021-05-28 06:00:10.750,0,0.0092316733670964,2.1500283001795726,2.0,
2021-05-28 06:00:10.760,0,0.0011514948750343,0.2402687258493407,2.0,
2021-05-28 06:00:10.770,0,-0.0039125709193201,0.0,2.0,
2021-05-28 06:00:10.780,0,-0.0034709004733604,0.0,2.0,
2021-05-28 06:00:10.790,0,-0.0049069539036092,0.0,2.0,
2021-05-28 06:00:10.800,0,-0.0058502238964308,0.0,2.0,
2021-05-28 06:00:10.810,0,-0.0030869434652503,0.0,2.0,
2021-05-28 06:00:10.820,0,-0.0009863359526211,0.0,2.0,
2021-05-28 06:00:10.830,0,0.0031005514880115,1.431184942362122,2.0,
2021-05-28 06:00:10.840,0,0.006583202652119,6.216788290689963,2.0,
2021-05-28 06:00:10.850,0,0.0132359993422324,11.994660670528875,1.0,
2021-05-28 06:00:10.860,0,0.0171595911779111,19.28336464160422,1.0,
2021-05-28 06:00:10.870,0,0.0211849079106811,27.939813406287485,1.0,
2021-05-28 06:00:10.880,0,0.0384728526729774,37.49694211207499,1.0,
2021-05-28 06:00:10.890,0,0.0418455501870623,49.032767797893655,1.0,
2021-05-28 06:00:10.900,0,0.0593413691401533,60.57103937891594,1.0,
2021-05-28 06:00:10.910,0,0.060028674479141,73.36061449218984,1.0,
2021-05-28 06:00:10.920,0,0.0818862295741214,85.98731082275799,1.0,
2021-05-28 06:00:10.930,0,0.0811592226496791,99.0272110507342,1.0,
2021-05-28 06:00:10.940,0,0.1172760891928755,111.3960581465908,1.0,
2021-05-28 06:00:10.950,0,0.121522574245443,125.49511820500679,1.0,
2021-05-28 06:00:10.960,0,0.1384231757497583,137.25790252505064,1.0,
2021-05-28 06:00:10.970,0,0.1361377187071962,150.9561927887147,1.0,
2021-05-28 06:00:10.980,0,0.1529746644992316,162.5265162883071,1.0,
2021-05-28 06:00:10.990,0,0.1448903069928571,173.18535779289212,1.0,
2021-05-28 06:00:11.000,1,0.18457679564273305,186.87020404443024,1.0,
2021-05-28 06:00:11.010,1,0.2018818778944798,197.25057205303798,1.0,
2021-05-28 06:00:11.020,1,0.1469289971087012,208.62877100499097,1.0,
2021-05-28 06:00:11.030,1,0.2165951236317709,217.19861868087082,0.0,
2021-05-28 06:00:11.040,1,0.169979726107363,228.80868058619905,0.0,
2021-05-28 06:00:11.050,1,0.2267624367543524,239.0488581077896,0.0,
2021-05-28 06:00:11.060,1,0.2523415557425426,248.81787006017768,0.0,
2021-05-28 06:00:11.070,1,0.1938543179622459,256.11553896977506,0.0,
2021-05-28 06:00:11.080,1,0.2834802644295154,267.3207606730122,0.0,
2021-05-28 06:00:11.090,1,0.2408739746638707,276.2595344058981,0.0,
2021-05-28 06:00:11.100,1,0.2315621923856322,286.2390283462039,0.0,
2021-05-28 06:00:11.110,1,0.2644055406221297,299.2065783218296,0.0,
2021-05-28 06:00:11.120,1,0.2811552022927307,303.40279592052366,0.0,
2021-05-28 06:00:11.130,1,0.2487265268764074,311.2119316201528,0.0,
2021-05-28 06:00:11.140,1,0.2525816544727382,322.52268778576683,0.0,
2021-05-28 06:00:11.150,1,0.2539570632011862,330.3268773253726,0.0,
2021-05-28 06:00:11.160,1,0.3191098926786198,335.6923212534271,0.0,
2021-05-28 06:00:11.170,1,0.2459621349758777,343.51226868650133,0.0,
2021-05-28 06:00:11.180,1,0.3247050652560616,345.38442946862074,0.0,
2021-05-28 06:00:11.190,1,0.3638864949759514,351.7084348254676,0.0,
2021-05-28 06:00:11.200,1,0.3697677111430265,358.53188355162706,0.0,
2021-05-28 06:00:11.210,1,0.2993846609926275,361.36403138978517,0.0,
2021-05-28 06:00:11.220,1,0.2981595129314546,368.5181472333554,0.0,
2021-05-28 06:00:11.230,1,0.3761429690941258,374.9159353129298,0.0,
2021-05-28 06:00:11.240,1,0.3241142471623314,374.3042333860474,0.0,
2021-05-28 06:00:11.250,1,0.3525631228800431,379.0223427549264,0.0,
2021-05-28 06:00:11.260,1,0.4009761960121816,379.646515840757,0.0,
2021-05-28 06:00:11.270,1,0.3931023194227599,382.9132790357557,0.0,
2021-05-28 06:00:11.280,1,0.32324957915246,387.1703246033369,0.0,
2021-05-28 06:00:11.290,1,0.3447264390507218,388.9445453695164,0.0,
2021-05-28 06:00:11.300,1,0.3776498912717627,390.26082548523163,0.0,
2021-05-28 06:00:11.310,1,0.3024556648710985,387.6288470192737,0.0,
2021-05-28 06:00:11.320,1,0.32335854390720903,386.3364044600071,0.0,
2021-05-28 06:00:11.330,1,0.3138800078275441,378.52217932244025,0.0,
2021-05-28 06:00:11.340,1,0.3840571344256264,370.1147364862002,0.0,
2021-05-28 06:00:11.350,1,0.3730670970578689,356.48823170989243,0.0,
2021-05-28 06:00:11.360,1,0.3552389192616906,344.73136660879373,0.0,
2021-05-28 06:00:11.370,1,0.3218057211693689,328.32902804133795,0.0,
2021-05-28 06:00:11.380,1,0.2827051520430685,315.9292390525391,0.0,
2021-05-28 06:00:11.390,1,0.2981039970926939,299.0919456840102,0.0,
2021-05-28 06:00:11.400,1,0.3288996536266458,282.4178910854529,0.0,
2021-05-28 06:00:11.410,1,0.3046024986423016,269.53715905180815,0.0,
2021-05-28 06:00:11.420,1,0.2264120492791367,253.5694897596892,0.0,
2021-05-28 06:00:11.430,1,0.1994164730540507,237.83201289084369,0.0,
2021-05-28 06:00:11.440,1,0.2447726815636899,218.9826320687837,0.0,
2021-05-28 06:00:11.450,0,0.1984225326447116,205.26922270302788,1.0,
2021-05-28 06:00:11.460,0,0.2086028279233102,188.79524246424637,1.0,
2021-05-28 06:00:11.470,0,0.1677626456539261,173.75023559485552,1.0,
2021-05-28 06:00:11.480,0,0.1392488301907957,161.05118318703325,1.0,
2021-05-28 06:00:11.490,0,0.1586032326655677,147.04040037363262,1.0,
2021-05-28 06:00:11.500,0,0.1335275925262952,134.4288773299087,1.0,
2021-05-28 06:00:11.510,0,0.1326335058609122,122.786117351651,1.0,
2021-05-28 06:00:11.520,0,0.1262974268010118,112.2346873442189,1.0,
2021-05-28 06:00:11.530,0,0.107540086530254,100.30827099828406,1.0,
2021-05-28 06:00:11.540,0,0.0845390118794104,89.61051011261955,1.0,
2021-05-28 06:00:11.550,0,0.0873717603902876,80.17570324208593,1.0,
2021-05-28 06:00:11.560,0,0.0648949797488169,70.9829982792058,1.0,
2021-05-28 06:00:11.570,0,0.0688722937561717,62.74827252660106,1.0,
2021-05-28 06:00:11.580,0,0.0429284668202712,54.760286901009856,1.0,
2021-05-28 06:00:11.590,0,0.0601040193074339,47.90095155201106,1.0,
2021-05-28 06:00:11.600,0,0.0430522421080152,41.17556839284392,1.0,
2021-05-28 06:00:11.610,0,0.04751380248992,36.03352509700533,1.0,
2021-05-28 06:00:11.620,0,0.0292148279422638,29.845219781303072,1.0,
2021-05-28 06:00:11.630,0,0.0300205199918696,25.097452435540497,1.0,
2021-05-28 06:00:11.640,0,0.021166527199287,20.81595231999855,1.0,
2021-05-28 06:00:11.650,0,0.019872728955953,16.748514451497787,1.0,
2021-05-28 06:00:11.660,0,0.0174863762026797,13.12978239612055,1.0,
2021-05-28 06:00:11.670,0,0.0088417841173664,9.917214409309043,1.0,
2021-05-28 06:00:11.680,0,0.0094179519637472,7.075150178892745,2.0,
2021-05-28 06:00:11.690,0,0.0070124630526331,4.513277234076829,2.0,
2021-05-28 06:00:11.700,0,0.0035638309493015,2.34329293143198,2.0,
2021-05-28 06:00:11.710,0,0.0017733424900826,0.4426662839775637,2.0,
2021-05-28 06:00:11.720,0,-0.0053996825075953,0.0,2.0,
2021-05-28 06:00:11.730,0,0.0030384046396938,0.0,2.0,
2021-05-28 06:00:11.740,0,-0.008393481315819,0.0,2.0,
2021-05-28 06:00:11.750,0,-0.0041783039405226,0.0,2.0,
2021-05-28 06:00:11.760,0,-0.0030434465805639,0.0,2.0,
2021-05-28 06:00:11.770,0,-0.0043292071997537,0.0,2.0,
2021-05-28 06:00:11.780,0,-0.0118833177592607,0.0,2.0,
2021-05-28 06:00:11.790,0,-0.0046709176840136,0.0,2.0,
2021-05-28 06:00:11.800,0,-0.0121788821938101,0.0,2.0,
2021-05-28 06:00:11.810,0,-0.0110014647703563,0.0,2.0,
2021-05-28 06:00:11.820,0,-0.0038403575708535,0.0,2.0,
2021-05-28 06:00:11.830,0,0.0046648415589059,0.6704344234980619,2.0,
2021-05-28 06:00:11.840,0,0.0049761083208533,5.882416091102518,1.0,
2021-05-28 06:00:11.850,0,0.0153780504449455,12.675785731888533,1.0,
2021-05-28 06:00:11.860,0,0.0213487039003817,21.042568380387944,1.0,
2021-05-28 06:00:11.870,0,0.0371981494332686,30.831516004112625,1.0,
2021-05-28 06:00:11.880,0,0.0414812118155428,41.54437168634944,1.0,
2021-05-28 06:00:11.890,0,0.0582983413594584,53.57095709612993,1.0,
2021-05-28 06:00:11.900,0,0.0610700108675413,65.30728098914575,1.0,
2021-05-28 06:00:11.910,0,0.0845446058668631,78.70203382317143,1.0,
2021-05-28 06:00:11.920,0,0.0922741443702404,91.27200181098377,1.0,
2021-05-28 06:00:11.930,0,0.1332749260302855,105.08691637519884,1.0,
2021-05-28 06:00:11.940,0,0.1397258897059114,116.26049129980812,1.0,
2021-05-28 06:00:11.950,0,0.1364577779667013,130.11657944827758,1.0,
2021-05-28 06:00:11.960,0,0.1616869691952371,144.6762636144026,1.0,
2021-05-28 06:00:11.970,0,0.1772112445458814,157.0664200529229,1.0,
2021-05-28 06:00:11.980,0,0.1976872733346458,168.70830636750443,1.0,
2021-05-28 06:00:11.990,0,0.1964840869048283,180.3437954997382,1.0,
2021-05-28 06:00:12.000,1,0.2297994028746846,193.23665497424327,1.0,
2021-05-28 06:00:12.010,1,0.2391652469298432,200.2938487953796,1.0,
2021-05-28 06:00:12.020,1,0.1786156756019636,210.87403719475867,0.0,
2021-05-28 06:00:12.030,1,0.2671785343135849,224.6739556015073,0.0,
2021-05-28 06:00:12.040,1,0.2607240697607531,233.3052700846502,0.0,
2021-05-28 06:00:12.050,1,0.2729156432400313,245.3149992202571,0.0,
2021-05-28 06:00:12.060,1,0.2635626166803499,256.04661671988356,0.0,
2021-05-28 06:00:12.070,1,0.2654526899872033,264.9309167172304,0.0,
2021-05-28 06:00:12.080,1,0.3328503367642192,270.8822467272483,0.0,
2021-05-28 06:00:12.090,1,0.2365661380334305,284.759852670431,0.0,
2021-05-28 06:00:12.100,1,0.2753614876117042,295.3634415250678,0.0,
2021-05-28 06:00:12.110,1,0.2565081309579364,300.4747770453171,0.0,
2021-05-28 06:00:12.120,1,0.3475932473175757,311.13770957143527,0.0,
2021-05-28 06:00:12.130,1,0.3119181414376778,320.7539300900605,0.0,
2021-05-28 06:00:12.140,1,0.3443860761955531,326.5899831052853,0.0,
2021-05-28 06:00:12.150,1,0.2857685058813107,334.8848106818107,0.0,
2021-05-28 06:00:12.160,1,0.3398109656721556,337.1371049665295,0.0,
2021-05-28 06:00:12.170,1,0.2905119546119248,341.62541842942755,0.0,
2021-05-28 06:00:12.180,1,0.3614545457714346,353.3771096986196,0.0,
2021-05-28 06:00:12.190,1,0.3381256215245056,355.0527769632868,0.0,
2021-05-28 06:00:12.200,1,0.3648959708255962,362.1758661695293,0.0,
2021-05-28 06:00:12.210,1,0.3579140922290935,367.23829924702005,0.0,
2021-05-28 06:00:12.220,1,0.2862407605277891,369.12091445674537,0.0,
2021-05-28 06:00:12.230,1,0.3250379853771324,376.5578856033416,0.0,
2021-05-28 06:00:12.240,1,0.3887768637153943,378.0218653128493,0.0,
2021-05-28 06:00:12.250,1,0.3482721420981743,382.19446456853206,0.0,
2021-05-28 06:00:12.260,1,0.4030608725727702,380.6176063625069,0.0,
2021-05-28 06:00:12.270,1,0.363019581540381,378.1632060513413,0.0,
2021-05-28 06:00:12.280,1,0.2798136351920896,372.0770995074635,0.0,
2021-05-28 06:00:12.290,1,0.2792472389421376,362.8982114181656,0.0,
2021-05-28 06:00:12.300,1,0.2902245703189634,355.0328840898733,0.0,
2021-05-28 06:00:12.310,1,0.3365758718956828,342.7258823955867,0.0,
2021-05-28 06:00:12.320,1,0.3116248901014593,329.97517513678764,0.0,
2021-05-28 06:00:12.330,1,0.3030974524553652,312.14496051363886,0.0,
2021-05-28 06:00:12.340,1,0.2652602855434315,299.76115924330026,0.0,
2021-05-28 06:00:12.350,1,0.2755374002680641,286.08975187661036,0.0,
2021-05-28 06:00:12.360,1,0.2352054089838355,270.11314913231894,0.0,
2021-05-28 06:00:12.370,1,0.2722052114380245,254.37058022779098,0.0,
2021-05-28 06:00:12.380,1,0.2245219389089536,237.88157165501025,0.0,
2021-05-28 06:00:12.390,1,0.18001725273802102,222.65736344448464,0.0,
2021-05-28 06:00:12.400,0,0.2018196498774754,206.5792455364793,1.0,
2021-05-28 06:00:12.410,0,0.1993919664884202,189.58275143045523,1.0,
2021-05-28 06:00:12.420,0,0.1419245859461974,176.7163668243924,1.0,
2021-05-28 06:00:12.430,0,0.172426974568555,163.78284759624194,1.0,
2021-05-28 06:00:12.440,0,0.1514431260914751,149.23602689240857,1.0,
2021-05-28 06:00:12.450,0,0.1414903757405167,136.56330394416693,1.0,
2021-05-28 06:00:12.460,0,0.1256059515975604,124.43447080322352,1.0,
2021-05-28 06:00:12.470,0,0.095228990287903,112.24189169989452,1.0,
2021-05-28 06:00:12.480,0,0.1089775557696981,101.904572630474,1.0,
2021-05-28 06:00:12.490,0,0.0704240758484961,91.08159319615473,1.0,
2021-05-28 06:00:12.500,0,0.0827065806708259,81.57960155540567,1.0,
2021-05-28 06:00:12.510,0,0.0560872046494326,72.42485676840123,1.0,
2021-05-28 06:00:12.520,0,0.06746314603279799,64.78537952686406,1.0,
2021-05-28 06:00:12.530,0,0.0606453650858194,56.4165465903629,1.0,
2021-05-28 06:00:12.540,0,0.0418629446307937,49.3982061097328,1.0,
2021-05-28 06:00:12.550,0,0.0422653570566506,42.28897880706392,1.0,
2021-05-28 06:00:12.560,0,0.0354299963957322,37.01677766752256,1.0,
2021-05-28 06:00:12.570,0,0.0315703976754358,31.130706662545805,1.0,
2021-05-28 06:00:12.580,0,0.0193307032671278,26.30278486210832,1.0,
2021-05-28 06:00:12.590,0,0.0214681771517907,21.7030281010368,1.0,
2021-05-28 06:00:12.600,0,0.0194531717241229,17.60393060632281,1.0,
2021-05-28 06:00:12.610,0,0.0145960642390242,14.04589330414819,1.0,
2021-05-28 06:00:12.620,0,0.0077753626993221,10.715978737120137,1.0,
2021-05-28 06:00:12.630,0,0.0094996075294004,7.766704797888202,1.0,
2021-05-28 06:00:12.640,0,0.0056772599267452,5.170484203650927,1.0,
2021-05-28 06:00:12.650,0,0.0014078119603741,2.9099639921217286,1.0,
2021-05-28 06:00:12.660,0,-0.0006830641499665,0.9600239326394752,2.0,
2021-05-28 06:00:12.670,0,0.0019286778747594,0.0,2.0,
2021-05-28 06:00:12.680,0,-0.000203166738978,0.0,2.0,
2021-05-28 06:00:12.690,0,-0.007449111711930998,0.0,2.0,
2021-05-28 06:00:12.700,0,-0.0020267329125368,0.0,2.0,
2021-05-28 06:00:12.710,0,-0.0052189420489414,0.0,1.0,
2021-05-28 06:00:12.720,0,-0.0065112189440167,0.0,1.0,
2021-05-28 06:00:12.730,0,-0.007270423390979,0.0,1.0,
2021-05-28 06:00:12.740,0,-0.0094446958987475,0.0,1.0,
2021-05-28 06:00:12.750,0,-0.0070223398460474,0.0,1.0,
2021-05-28 06:00:12.760,0,-0.0124459538940995,0.0,1.0,
2021-05-28 06:00:12.770,0,-0.010782657405661998,0.0,1.0,
2021-05-28 06:00:12.780,0,-0.0081582082390941,0.0,1.0,
2021-05-28 06:00:12.790,0,-0.0065087381050539,0.0,1.0,
2021-05-28 06:00:12.800,0,-0.0012846445801968,0.0,1.0,
2021-05-28 06:00:12.810,0,-0.0070149660580036,0.0,1.0,
2021-05-28 06:00:12.820,0,0.0033669844281554,0.0,1.0,
2021-05-28 06:00:12.830,0,0.0029746544946843,6.6031269785918365,1.0,
2021-05-28 06:00:12.840,0,0.0179808242427746,15.064246932092646,1.0,
2021-05-28 06:00:12.850,0,0.0280853092300005,24.99434554342465,1.0,
2021-05-28 06:00:12.860,0,0.0342580434646613,35.81797441470561,1.0,
2021-05-28 06:00:12.870,0,0.0445003973253937,48.318023659954854,1.0,
2021-05-28 06:00:12.880,0,0.054342743857004994,59.79654338633721,1.0,
2021-05-28 06:00:12.890,0,0.0667100195665515,73.81624527178623,1.0,
2021-05-28 06:00:12.900,0,0.0820720801528263,86.42355077719688,1.0,
2021-05-28 06:00:12.910,0,0.1132208028438329,99.93391859284641,1.0,
2021-05-28 06:00:12.920,0,0.1301918676781589,112.56192535141028,1.0,
2021-05-28 06:00:12.930,0,0.1301089950763996,126.75481441089217,1.0,
2021-05-28 06:00:12.940,0,0.1314027497937603,138.9892925222267,1.0,
2021-05-28 06:00:12.950,0,0.1251932774466169,152.015229192956,1.0,
2021-05-28 06:00:12.960,0,0.1887600558844282,162.52892236182615,1.0,
2021-05-28 06:00:12.970,0,0.168820296037452,176.65682851300556,1.0,
2021-05-28 06:00:12.980,0,0.1703131240397402,187.21187850573867,1.0,
2021-05-28 06:00:12.990,0,0.1752549378095779,197.2263039704278,1.0,
2021-05-28 06:00:13.000,1,0.2444578456792301,209.9460269198996,0.0,
2021-05-28 06:00:13.010,1,0.25090203899324,220.0458106745126,0.0,
2021-05-28 06:00:13.020,1,0.2146448196162819,232.25656996644142,0.0,
2021-05-28 06:00:13.030,1,0.2315273304747325,242.1197045993533,0.0,
2021-05-28 06:00:13.040,1,0.2220694352830381,252.55888576474555,0.0,
2021-05-28 06:00:13.050,1,0.2161795435044507,264.50189487196496,0.0,
2021-05-28 06:00:13.060,1,0.2319335122625431,270.40600218199296,0.0,
2021-05-28 06:00:13.070,1,0.3223823787330249,282.67886060990867,0.0,
2021-05-28 06:00:13.080,1,0.268154079352265,292.10211612885615,0.0,
2021-05-28 06:00:13.090,1,0.3264637719510287,303.40386299753516,0.0,
2021-05-28 06:00:13.100,1,0.2994909463328738,310.49760434797275,0.0,
2021-05-28 06:00:13.110,1,0.2754068320627689,317.7202136797638,0.0,
2021-05-28 06:00:13.120,1,0.250554205737263,326.5313595507708,0.0,
2021-05-28 06:00:13.130,1,0.3296603102975187,333.60550171695184,0.0,
2021-05-28 06:00:13.140,1,0.3468049527899856,341.85452199070147,0.0,
2021-05-28 06:00:13.150,1,0.3173014154896524,345.1000696002275,0.0,
2021-05-28 06:00:13.160,1,0.3131983832060525,351.5338764059498,0.0,
2021-05-28 06:00:13.170,1,0.3551626921121332,357.3771865887066,0.0,
2021-05-28 06:00:13.180,1,0.3409408872657074,363.2756422866807,0.0,
2021-05-28 06:00:13.190,1,0.3275196506364131,367.9002295495948,0.0,
2021-05-28 06:00:13.200,1,0.3383763826232783,374.7347358475531,0.0,
2021-05-28 06:00:13.210,1,0.3971163569940554,375.4520954322869,0.0,
2021-05-28 06:00:13.220,1,0.3561017866317721,375.1718095038967,0.0,
2021-05-28 06:00:13.230,1,0.3119797912206425,371.31573450760317,0.0,
2021-05-28 06:00:13.240,1,0.3586279370206974,361.818433057733,0.0,
2021-05-28 06:00:13.250,1,0.3379435808438745,352.5671981234542,0.0,
2021-05-28 06:00:13.260,1,0.3265520914172917,337.55528201041864,0.0,
2021-05-28 06:00:13.270,1,0.2513251786522813,331.20914089578827,0.0,
2021-05-28 06:00:13.280,1,0.2337219876085081,316.3400842910324,0.0,
2021-05-28 06:00:13.290,1,0.2380125317516175,301.68222822050615,0.0,
2021-05-28 06:00:13.300,1,0.2826351438258996,284.08236911447074,0.0,
2021-05-28 06:00:13.310,1,0.2633852511973784,270.1911257181249,0.0,
2021-05-28 06:00:13.320,1,0.2002409945978422,254.0355339179581,0.0,
2021-05-28 06:00:13.330,1,0.2365561260216738,238.22271289810715,0.0,
2021-05-28 06:00:13.340,1,0.1644788172838509,222.8665594225991,0.0,
2021-05-28 06:00:13.350,0,0.17370842998163802,208.41039756384686,1.0,
2021-05-28 06:00:13.360,0,0.1430183139879671,191.983289691438,1.0,
2021-05-28 06:00:13.370,0,0.1301050880688354,179.1014163250269,1.0,
2021-05-28 06:00:13.380,0,0.154669363490009,164.17956264995087,1.0,
2021-05-28 06:00:13.390,0,0.1061125815499588,152.53754186065956,1.0,
2021-05-28 06:00:13.400,0,0.1351008331834495,138.94496394481658,1.0,
2021-05-28 06:00:13.410,0,0.0943828356332901,126.49961204792221,1.0,
2021-05-28 06:00:13.420,0,0.0942927252801869,115.07474737250394,1.0,
2021-05-28 06:00:13.430,0,0.0891110430539935,103.70642821992271,1.0,
2021-05-28 06:00:13.440,0,0.0750713035055949,93.58451225506586,1.0,
2021-05-28 06:00:13.450,0,0.0651910866994422,84.1451670955048,1.0,
2021-05-28 06:00:13.460,0,0.0506748769702837,75.10515694890995,1.0,
2021-05-28 06:00:13.470,0,0.054042839665538,66.06764927976003,1.0,
2021-05-28 06:00:13.480,0,0.0539713749853556,58.332392910521634,1.0,
2021-05-28 06:00:13.490,0,0.0494604649072893,51.077925219101544,1.0,
2021-05-28 06:00:13.500,0,0.0377054579440039,44.69298753783887,1.0,
2021-05-28 06:00:13.510,0,0.0247654744413515,38.17404314181631,1.0,
2021-05-28 06:00:13.520,0,0.0245277322034477,32.940735079889464,1.0,
2021-05-28 06:00:13.530,0,0.0216664480105454,27.602092639989056,1.0,
2021-05-28 06:00:13.540,0,0.0185411554073838,23.050308443789834,1.0,
2021-05-28 06:00:13.550,0,0.0072762964920367,18.64418586740112,1.0,
2021-05-28 06:00:13.560,0,0.0156627781672063,14.840798616976494,1.0,
2021-05-28 06:00:13.570,0,0.0071223766226572,11.642973185197985,1.0,
2021-05-28 06:00:13.580,0,0.0089815573978203,8.566778741782493,1.0,
2021-05-28 06:00:13.590,0,0.0083867239063364,5.88487303012983,1.0,
2021-05-28 06:00:13.600,0,0.0033946965827272,3.53134132281892,1.0,
2021-05-28 06:00:13.610,0,0.0020561634033902,1.475997478194894,1.0,
2021-05-28 06:00:13.620,0,-0.0049680831292233,0.0,1.0,
2021-05-28 06:00:13.630,0,0.0019321927924382,0.0,1.0,
2021-05-28 06:00:13.640,0,-0.0021779771759134,0.0,1.0,
2021-05-28 06:00:13.650,0,-0.001562569290065,0.0,1.0,
2021-05-28 06:00:13.660,0,-0.0058656963622674,0.0,1.0,
2021-05-28 06:00:13.670,0,-0.0057531909584364,0.0,1.0,
2021-05-28 06:00:13.680,0,-0.0036078062374814,0.0,1.0,
2021-05-28 06:00:13.690,0,-0.0017514556639044,0.0,1.0,
2021-05-28 06:00:13.700,0,-0.0056034601437993,0.0,1.0,
2021-05-28 06:00:13.710,0,-0.0049477731141853,0.0,1.0,
2021-05-28 06:00:13.720,0,-0.0011755116087934,0.0,1.0,
2021-05-28 06:00:13.730,0,-0.0090467112209224,0.0,1.0,
2021-05-28 06:00:13.740,0,-0.0125655967922112,0.0,1.0,
2021-05-28 06:00:13.750,0,-0.0069132641126373,0.0,1.0,
2021-05-28 06:00:13.760,0,-0.0069030688552391,0.0,1.0,
2021-05-28 06:00:13.770,0,-0.0055871230192919,0.0,1.0,
2021-05-28 06:00:13.780,0,-0.0093709351641523,0.0,1.0,
2021-05-28 06:00:13.790,0,-0.007350688193875,0.0,1.0,
2021-05-28 06:00:13.800,0,-0.005021470517936,0.0,1.0,
2021-05-28 06:00:13.810,0,0.0027247909046113,0.0,1.0,
2021-05-28 06:00:13.820,0,-0.0002722641620947,1.2459468008942998,1.0,
2021-05-28 06:00:13.830,0,0.0017411031039563,8.178420540652018,1.0,
2021-05-28 06:00:13.840,0,0.0111355383670187,16.968352444459452,1.0,
2021-05-28 06:00:13.850,0,0.0348063846979365,27.01010590464761,1.0,
2021-05-28 06:00:13.860,0,0.0357970603872095,38.12451809114425,1.0,
2021-05-28 06:00:13.870,0,0.0468738554627052,50.30932135886521,1.0,
2021-05-28 06:00:13.880,0,0.0552639787491869,63.35257668971045,1.0,
2021-05-28 06:00:13.890,0,0.0678039656438198,75.81388534405988,1.0,
2021-05-28 06:00:13.900,0,0.096002489453673,89.72380700467701,1.0,
2021-05-28 06:00:13.910,0,0.0818362116534923,102.37650337272959,1.0,
2021-05-28 06:00:13.920,0,0.1338042770139038,116.95940691373093,1.0,
2021-05-28 06:00:13.930,0,0.1283251695096312,129.79948838408436,1.0,
2021-05-28 06:00:13.940,0,0.1181954264678654,143.24489339876914,1.0,
2021-05-28 06:00:13.950,0,0.1405227968448455,155.00763354447966,1.0,
2021-05-28 06:00:13.960,0,0.1894301188621633,167.26282507232582,1.0,
2021-05-28 06:00:13.970,0,0.1842880159543518,179.3884809936863,1.0,
2021-05-28 06:00:13.980,0,0.1563395294510917,191.7402319262905,1.0,
2021-05-28 06:00:13.990,0,0.1895683824804621,202.90369277916184,0.0,
2021-05-28 06:00:14.000,1,0.1922882848917997,213.94327900555007,0.0,
2021-05-28 06:00:14.010,1,0.2338805511887173,224.49500209358442,0.0,
2021-05-28 06:00:14.020,1,0.2366268301396666,234.1354852695633,0.0,
2021-05-28 06:00:14.030,1,0.2338007180215409,245.01601250793647,0.0,
2021-05-28 06:00:14.040,1,0.2543147387572346,255.769653860406,0.0,
2021-05-28 06:00:14.050,1,0.2045565656380875,268.41131081962016,0.0,
2021-05-28 06:00:14.060,1,0.2297891086327903,276.70635927710214,0.0,
2021-05-28 06:00:14.070,1,0.2634977800255996,286.6301024679793,0.0,
2021-05-28 06:00:14.080,1,0.3147229785712734,295.93387904871736,0.0,
2021-05-28 06:00:14.090,1,0.3421372849451283,305.65644308271254,0.0,
2021-05-28 06:00:14.100,1,0.2851288015239779,313.63582842494765,0.0,
2021-05-28 06:00:14.110,1,0.3579856200226935,320.8389840836401,0.0,
2021-05-28 06:00:14.120,1,0.3425083721601621,330.04226709342527,0.0,
2021-05-28 06:00:14.130,1,0.2592669476886574,339.2016940718233,0.0,
2021-05-28 06:00:14.140,1,0.3704697897806669,344.0904601304205,0.0,
2021-05-28 06:00:14.150,1,0.2941850050092878,347.91579995317215,0.0,
2021-05-28 06:00:14.160,1,0.3981252667469251,349.8921734257628,0.0,
2021-05-28 06:00:14.170,1,0.3948102166525602,350.9544332953988,0.0,
2021-05-28 06:00:14.180,1,0.3100117589944421,350.1276698771624,0.0,
2021-05-28 06:00:14.190,1,0.3333816777761343,343.5705447382216,0.0,
2021-05-28 06:00:14.200,1,0.3640561213869172,335.1708478628386,0.0,
2021-05-28 06:00:14.210,1,0.3695305778197093,323.60674836426085,0.0,
2021-05-28 06:00:14.220,1,0.2814521816323339,313.50246688811774,0.0,
2021-05-28 06:00:14.230,1,0.3417722810393839,300.1131080267767,0.0,
2021-05-28 06:00:14.240,1,0.3023468392679678,285.66634854947904,0.0,
2021-05-28 06:00:14.250,1,0.261254397634538,275.8953800347047,0.0,
2021-05-28 06:00:14.260,1,0.2419797320848795,259.4121988060776,0.0,
2021-05-28 06:00:14.270,1,0.2512756594694199,246.37512395733964,0.0,
2021-05-28 06:00:14.280,1,0.2128055915926648,230.3398875074364,0.0,
2021-05-28 06:00:14.290,1,0.2387489990564489,215.88680927131298,0.0,
2021-05-28 06:00:14.300,0,0.21878533665827105,204.09255790332188,0.0,
2021-05-28 06:00:14.310,0,0.1602613589555956,188.65225480869742,1.0,
2021-05-28 06:00:14.320,0,0.1710392298447703,174.8975365661526,1.0,
2021-05-28 06:00:14.330,0,0.1233845596210899,161.1164472780414,1.0,
2021-05-28 06:00:14.340,0,0.1174272328525519,148.565666576305,1.0,
2021-05-28 06:00:14.350,0,0.1083276061389511,136.82076306556843,1.0,
2021-05-28 06:00:14.360,0,0.1080016814351073,125.6818683363465,1.0,
2021-05-28 06:00:14.370,0,0.1249862091219493,113.02210248542816,1.0,
2021-05-28 06:00:14.380,0,0.1090009666900655,102.51352703660412,1.0,
2021-05-28 06:00:14.390,0,0.0978904368860361,92.9565124260494,1.0,
2021-05-28 06:00:14.400,0,0.0636613470346477,83.44892088517322,1.0,
2021-05-28 06:00:14.410,0,0.0678267536483113,74.73190007858607,1.0,
2021-05-28 06:00:14.420,0,0.0661182717042719,66.49679432822872,1.0,
2021-05-28 06:00:14.430,0,0.045495954307827,58.755927117527314,1.0,
2021-05-28 06:00:14.440,0,0.0379107244737314,51.41984483382736,1.0,
2021-05-28 06:00:14.450,0,0.0404932754441297,44.72091651067358,1.0,
2021-05-28 06:00:14.460,0,0.0376486396152449,38.95624186667589,1.0,
2021-05-28 06:00:14.470,0,0.0341442134883987,33.47531139655251,1.0,
2021-05-28 06:00:14.480,0,0.0266614369980633,28.474067235334346,1.0,
2021-05-28 06:00:14.490,0,0.024994574947649,23.87758484615352,1.0,
2021-05-28 06:00:14.500,0,0.0120954254497507,19.69573256424305,1.0,
2021-05-28 06:00:14.510,0,0.0086195111893374,15.764416643391227,1.0,
2021-05-28 06:00:14.520,0,0.0053674950530527,12.425077876848905,1.0,
2021-05-28 06:00:14.530,0,0.0051823825372933,9.541076287936642,1.0,
2021-05-28 06:00:14.540,0,0.0021849868720962,6.8724922112686695,1.0,
2021-05-28 06:00:14.550,0,0.0105899679108619,4.430835236747461,1.0,
2021-05-28 06:00:14.560,0,-0.000148505095375,2.427494563625934,1.0,
2021-05-28 06:00:14.570,0,-0.0002023023776912,0.6149013691830201,1.0,
2021-05-28 06:00:14.580,0,-0.0043881183534922,0.0,1.0,
2021-05-28 06:00:14.590,0,0.0002160517033002,0.0,1.0,
2021-05-28 06:00:14.600,0,-0.0057222640264366,0.0,1.0,
2021-05-28 06:00:14.610,0,-0.0060049759683697,0.0,1.0,
2021-05-28 06:00:14.620,0,-0.0023209173061836,0.0,1.0,
2021-05-28 06:00:14.630,0,-0.0087943169823733,0.0,1.0,
2021-05-28 06:00:14.640,0,-0.004407303051318,0.0,1.0,
2021-05-28 06:00:14.650,0,-0.0068940741421761,0.0,1.0,
2021-05-28 06:00:14.660,0,-0.0014982610735592,0.0,1.0,
2021-05-28 06:00:14.670,0,-0.0082350711459537,0.0,1.0,
2021-05-28 06:00:14.680,0,-0.002585325198724,0.0,1.0,
2021-05-28 06:00:14.690,0,0.002402960274821,0.0,1.0,
2021-05-28 06:00:14.700,0,-0.0051013177201157,0.0,1.0,
2021-05-28 06:00:14.710,0,-0.0046595355725732,0.0,1.0,
2021-05-28 06:00:14.720,0,-0.0061265904058549,0.0,1.0,
2021-05-28 06:00:14.730,0,-0.006001874890793,0.0,1.0,
2021-05-28 06:00:14.740,0,-0.0019108353499245,0.0,1.0,
2021-05-28 06:00:14.750,0,-0.0074241615052716,0.0,1.0,
2021-05-28 06:00:14.760,0,-0.0053984477297493,0.0,1.0,
2021-05-28 06:00:14.770,0,-0.0059586846145219,0.0,1.0,
2021-05-28 06:00:14.780,0,-0.0019638826007219,0.0,1.0,
2021-05-28 06:00:14.790,0,-0.0086032665421906,0.0,1.0,
2021-05-28 06:00:14.800,0,-0.008282552963688001,0.0,1.0,
2021-05-28 06:00:14.810,0,-0.0033445699064729,0.0,1.0,
2021-05-28 06:00:14.820,0,0.0022453653713237,2.8338768180670866,1.0,
2021-05-28 06:00:14.830,0,0.0066929697505696,9.697603341255057,1.0,
2021-05-28 06:00:14.840,0,0.01351469612574,18.419325198817877,1.0,
2021-05-28 06:00:14.850,0,0.0250688577037875,28.149641955698485,1.0,
2021-05-28 06:00:14.860,0,0.0285643731614452,39.3414804396927,1.0,
2021-05-28 06:00:14.870,0,0.0476713894976516,51.387386112775744,1.0,
2021-05-28 06:00:14.880,0,0.0430214173955399,63.75204617106904,1.0,
2021-05-28 06:00:14.890,0,0.0576106043062572,76.78021595752013,1.0,
2021-05-28 06:00:14.900,0,0.0923089677638924,89.77453644333528,1.0,
2021-05-28 06:00:14.910,0,0.0817212961206167,103.34698550565749,1.0,
2021-05-28 06:00:14.920,0,0.1082296914958702,117.10168605904181,1.0,
2021-05-28 06:00:14.930,0,0.1048535632003719,130.77104054267366,1.0,
2021-05-28 06:00:14.940,0,0.1245355440302222,143.1560663908582,1.0,
2021-05-28 06:00:14.950,0,0.1099568083740392,155.44714073376568,1.0,
2021-05-28 06:00:14.960,0,0.1427660842773772,167.42269934682366,1.0,
2021-05-28 06:00:14.970,0,0.1408629530942192,179.24647982544388,1.0,
2021-05-28 06:00:14.980,0,0.166194742345194,189.8569837856635,1.0,
2021-05-28 06:00:14.990,0,0.188427577413393,203.15866256031742,0.0,
2021-05-28 06:00:15.000,1,0.2143743106766804,210.9557649270269,0.0,
2021-05-28 06:00:15.010,1,0.1588871302815693,223.94976452567832,0.0,
2021-05-28 06:00:15.020,1,0.1795779184007625,233.8106006870779,0.0,
2021-05-28 06:00:15.030,1,0.2125297889563354,246.3541734581761,0.0,
2021-05-28 06:00:15.040,1,0.2026999336384309,257.5228567656527,0.0,
2021-05-28 06:00:15.050,1,0.2115149586388988,266.9593311840571,0.0,
2021-05-28 06:00:15.060,1,0.2703338092623145,276.1294736422231,0.0,
2021-05-28 06:00:15.070,1,0.2541209999719952,283.6693124788003,0.0,
2021-05-28 06:00:15.080,1,0.3001364159209416,293.58777831549116,0.0,
2021-05-28 06:00:15.090,1,0.2465227933291724,302.84511184062734,0.0,
2021-05-28 06:00:15.100,1,0.2758405292618181,310.62655442418725,0.0,
2021-05-28 06:00:15.110,1,0.3148374885458631,317.6626284252237,0.0,
2021-05-28 06:00:15.120,1,0.2924024710811366,317.85416333049886,0.0,
2021-05-28 06:00:15.130,1,0.2346167362236412,316.7200665990998,0.0,
2021-05-28 06:00:15.140,1,0.2439324497160698,312.7776917882962,0.0,
2021-05-28 06:00:15.150,1,0.2898626083746058,307.3273304576082,0.0,
2021-05-28 06:00:15.160,1,0.2993935627793497,296.32338335550673,0.0,
2021-05-28 06:00:15.170,1,0.2314506564060905,288.55086682598784,0.0,
2021-05-28 06:00:15.180,1,0.2043810150650972,281.5104824668881,0.0,
2021-05-28 06:00:15.190,1,0.2513778148967769,267.16621381883203,0.0,
2021-05-28 06:00:15.200,1,0.2707940164659404,255.51817069246243,0.0,
2021-05-28 06:00:15.210,1,0.2170586539476827,240.45040765283287,0.0,
2021-05-28 06:00:15.220,1,0.2373549357218118,228.280475246116,0.0,
2021-05-28 06:00:15.230,1,0.1756423639211561,214.4650713701406,0.0,
2021-05-28 06:00:15.240,1,0.1589406014331147,203.2236323821872,0.0,
2021-05-28 06:00:15.250,0,0.1443045261345235,190.5160447590944,0.0,
2021-05-28 06:00:15.260,0,0.1282579781491546,175.1691071675286,1.0,
2021-05-28 06:00:15.270,0,0.1178399794691726,162.97443621365173,1.0,
2021-05-28 06:00:15.280,0,0.1090152811902741,151.29458523117364,1.0,
2021-05-28 06:00:15.290,0,0.1112327976495466,140.58046670664638,1.0,
2021-05-28 06:00:15.300,0,0.1326724697845204,128.83380563934054,1.0,
2021-05-28 06:00:15.310,0,0.1029818306962484,118.697162884459,1.0,
2021-05-28 06:00:15.320,0,0.0909938678649472,107.48802725843944,1.0,
2021-05-28 06:00:15.330,0,0.1031372985772909,97.84121453131851,1.0,
2021-05-28 06:00:15.340,0,0.0711912562058917,88.72350294464407,1.0,
2021-05-28 06:00:15.350,0,0.069483220899791,79.53134555055792,1.0,
2021-05-28 06:00:15.360,0,0.0610373688761036,71.34503949532963,1.0,
2021-05-28 06:00:15.370,0,0.0565534553937776,63.68229857507257,1.0,
2021-05-28 06:00:15.380,0,0.0513151468303746,56.74456818510142,1.0,
2021-05-28 06:00:15.390,0,0.0496868040501218,49.83540892439972,1.0,
2021-05-28 06:00:15.400,0,0.0502106851905718,44.09559167132205,1.0,
2021-05-28 06:00:15.410,0,0.0283717837911071,37.946563239767706,1.0,
2021-05-28 06:00:15.420,0,0.0220869603471816,33.14573874657049,1.0,
2021-05-28 06:00:15.430,0,0.0225721674946422,28.30424065695786,1.0,
2021-05-28 06:00:15.440,0,0.0250349262891189,23.725236830897693,1.0,
2021-05-28 06:00:15.450,0,0.0149566192505026,20.028949030576413,1.0,
2021-05-28 06:00:15.460,0,0.0145875586576702,16.389936171967012,1.0,
2021-05-28 06:00:15.470,0,0.0075278094879737,13.2534743689257,1.0,
2021-05-28 06:00:15.480,0,0.0046107240229616,10.169516004849278,1.0,
2021-05-28 06:00:15.490,0,0.0032926600798711,7.7847123805420315,1.0,
2021-05-28 06:00:15.500,0,0.0071807604624192,5.392286153177537,1.0,
2021-05-28 06:00:15.510,0,0.0016896942192367,3.415849360274597,1.0,
2021-05-28 06:00:15.520,0,0.0043895805669945,1.6227070545540117,1.0,
2021-05-28 06:00:15.530,0,-0.0020517572251572,0.1053590011793038,1.0,
2021-05-28 06:00:15.540,0,-0.001424784718687,0.0,1.0,
2021-05-28 06:00:15.550,0,-0.0025216196182642,0.0,1.0,
2021-05-28 06:00:15.560,0,-0.0005987899351668,0.0,1.0,
2021-05-28 06:00:15.570,0,0.0013520628125327,0.0,1.0,
2021-05-28 06:00:15.580,0,-0.0025201419921837,0.0,1.0,
2021-05-28 06:00:15.590,0,-0.0045876038640445,0.0,1.0,
2021-05-28 06:00:15.600,0,-0.0071182381404997,0.0,1.0,
2021-05-28 06:00:15.610,0,-0.002173681397972,0.0,1.0,
2021-05-28 06:00:15.620,0,-2.716928074351834e-05,0.0,1.0,
2021-05-28 06:00:15.630,0,-0.0088884423683726,0.0,1.0,
2021-05-28 06:00:15.640,0,-0.0053389534566504,0.0,1.0,
2021-05-28 06:00:15.650,0,-0.0041826971990798,0.0,1.0,
2021-05-28 06:00:15.660,0,-0.0066425977460682,0.0,1.0,
2021-05-28 06:00:15.670,0,4.039643839492437e-05,0.0,1.0,
2021-05-28 06:00:15.680,0,-0.0038271085644203,0.0,1.0,
2021-05-28 06:00:15.690,0,-0.0008558513826233,0.0,1.0,
2021-05-28 06:00:15.700,0,-0.0018343419611999,0.0,1.0,
2021-05-28 06:00:15.710,0,0.0019112010350713,0.0,1.0,
2021-05-28 06:00:15.720,0,-0.0020342524136294,0.0,1.0,
2021-05-28 06:00:15.730,0,-0.0013218708321365,0.0,1.0,
2021-05-28 06:00:15.740,0,-0.0074004828602905,0.0,1.0,
2021-05-28 06:00:15.750,0,-0.0052686071994454,0.0,1.0,
2021-05-28 06:00:15.760,0,-0.0024080555221504,0.0,1.0,
2021-05-28 06:00:15.770,0,-0.0077802628550265,0.0,1.0,
2021-05-28 06:00:15.780,0,-0.000283276859239,0.0,1.0,
2021-05-28 06:00:15.790,0,-0.0013001437559626,0.0,1.0,
2021-05-28 06:00:15.800,0,-0.0055562816617701,0.0,1.0,
2021-05-28 06:00:15.810,0,-0.0026957709038475,0.0,1.0,
2021-05-28 06:00:15.820,0,0.0022278206014149,4.208323065868319,1.0,
2021-05-28 06:00:15.830,0,0.004906306415429,11.052866052291998,1.0,
2021-05-28 06:00:15.840,0,0.0145276232184011,19.51770612204312,1.0,
2021-05-28 06:00:15.850,0,0.0167753519877654,29.28360714353261,1.0,
2021-05-28 06:00:15.860,0,0.0165753940436342,40.19118102819617,1.0,
2021-05-28 06:00:15.870,0,0.0363566445895413,52.194254896057956,1.0,
2021-05-28 06:00:15.880,0,0.0482668341836217,64.35688394899026,1.0,
2021-05-28 06:00:15.890,0,0.0374329505093701,77.47965184293345,1.0,
2021-05-28 06:00:15.900,0,0.0631374793564252,90.71582687079493,1.0,
2021-05-28 06:00:15.910,0,0.0711863586744661,103.7295906934568,1.0,
2021-05-28 06:00:15.920,0,0.0693192930939988,117.21812221145348,1.0,
2021-05-28 06:00:15.930,0,0.0683756810470147,130.04089319800494,1.0,
2021-05-28 06:00:15.940,0,0.079861622500654,142.8187365897063,1.0,
2021-05-28 06:00:15.950,0,0.0745149730521841,155.92066236852992,1.0,
2021-05-28 06:00:15.960,0,0.1088586535637968,167.714539049744,1.0,
2021-05-28 06:00:15.970,0,0.1215521969484181,179.79484876280247,1.0,
2021-05-28 06:00:15.980,0,0.1283659633428514,190.70913090545875,0.0,
2021-05-28 06:00:15.990,0,0.1473908616367766,202.05866490613067,0.0,
2021-05-28 06:00:16.000,1,0.1087080378274272,214.86892792308083,0.0,
2021-05-28 06:00:16.010,1,0.1419298565300261,223.44726729603337,0.0,
2021-05-28 06:00:16.020,1,0.1591740957382444,237.2288045023621,0.0,
2021-05-28 06:00:16.030,1,0.1732102934044763,247.49009662852848,0.0,
2021-05-28 06:00:16.040,1,0.1844742375612106,259.2450531756145,0.0,
2021-05-28 06:00:16.050,1,0.17563730933683305,267.4553304398397,0.0,
2021-05-28 06:00:16.060,1,0.1988389461399765,277.3364390537956,0.0,
2021-05-28 06:00:16.070,1,0.1501916608775865,281.5798449950236,0.0,
2021-05-28 06:00:16.080,1,0.2013492547922113,280.01421186929144,0.0,
2021-05-28 06:00:16.090,1,0.2106909964870881,277.9263294479931,0.0,
2021-05-28 06:00:16.100,1,0.2116526154363588,273.5989258139003,0.0,
2021-05-28 06:00:16.110,1,0.1829656579375602,269.5649359462997,0.0,
2021-05-28 06:00:16.120,1,0.1955980154731638,264.95760587755956,0.0,
2021-05-28 06:00:16.130,1,0.19513071291598305,255.7574993316355,0.0,
2021-05-28 06:00:16.140,1,0.1718851291214087,245.76280840227832,0.0,
2021-05-28 06:00:16.150,1,0.1566358258879585,233.6634844607241,0.0,
2021-05-28 06:00:16.160,1,0.159521292385596,222.23943593020897,0.0,
2021-05-28 06:00:16.170,1,0.1607778720134414,212.04268728419757,0.0,
2021-05-28 06:00:16.180,1,0.1558701554612485,198.7542832182586,0.0,
2021-05-28 06:00:16.190,1,0.1377878010022624,190.48407198739312,0.0,
2021-05-28 06:00:16.200,0,0.12889100088311695,178.77179294658933,1.0,
2021-05-28 06:00:16.210,0,0.1133368161404972,166.80290827649168,1.0,
2021-05-28 06:00:16.220,0,0.1165477886129286,155.26348859500212,1.0,
2021-05-28 06:00:16.230,0,0.0797245140788881,142.85080156839368,1.0,
2021-05-28 06:00:16.240,0,0.0858312624636488,133.62953990413163,1.0,
2021-05-28 06:00:16.250,0,0.0980158151307145,122.8654474432584,1.0,
2021-05-28 06:00:16.260,0,0.0715267194840511,113.08984670114565,1.0,
2021-05-28 06:00:16.270,0,0.0810482479903528,104.12658069363779,1.0,
2021-05-28 06:00:16.280,0,0.0602607633516314,93.7247676384487,1.0,
2021-05-28 06:00:16.290,0,0.0684936508115538,84.25916242606439,1.0,
2021-05-28 06:00:16.300,0,0.0571753959087075,76.74873411682334,1.0,
2021-05-28 06:00:16.310,0,0.0450630624475829,70.00688627820118,1.0,
2021-05-28 06:00:16.320,0,0.040664544123007004,61.59229729987037,1.0,
2021-05-28 06:00:16.330,0,0.0332999434054719,54.78199485213453,1.0,
2021-05-28 06:00:16.340,0,0.0329119360505173,49.200876019611094,1.0,
2021-05-28 06:00:16.350,0,0.0343244451921246,43.14893606079335,1.0,
2021-05-28 06:00:16.360,0,0.0216998264145748,38.042663378523706,1.0,
2021-05-28 06:00:16.370,0,0.0178220059152919,32.862023594500435,1.0,
2021-05-28 06:00:16.380,0,0.0200067054507818,28.433885596977177,1.0,
2021-05-28 06:00:16.390,0,0.0139890154007021,24.348442127352143,1.0,
2021-05-28 06:00:16.400,0,0.0150547276773292,20.517858827418106,1.0,
2021-05-28 06:00:16.410,0,0.0094963274468456,16.953123321707462,1.0,
2021-05-28 06:00:16.420,0,0.0116806151144748,13.949069921798591,1.0,
2021-05-28 06:00:16.430,0,0.0183020578164358,11.133915000882585,1.0,
2021-05-28 06:00:16.440,0,0.0023168700659770003,8.7465756453285,1.0,
2021-05-28 06:00:16.450,0,0.0078277675367783,6.432632591650036,1.0,
2021-05-28 06:00:16.460,0,0.0061958308457755,4.463286068866422,1.0,
2021-05-28 06:00:16.470,0,-0.0021460527660124,2.723369427691189,1.0,
2021-05-28 06:00:16.480,0,0.000416141274233,1.1960824881991916,1.0,
2021-05-28 06:00:16.490,0,0.0033980469630385,0.0,1.0,
2021-05-28 06:00:16.500,0,0.0012860018290084,0.0,1.0,
2021-05-28 06:00:16.510,0,-0.0019641001779095,0.0,1.0,
2021-05-28 06:00:16.520,0,-0.0025361668636327,0.0,1.0,
2021-05-28 06:00:16.530,0,-0.0009509713114316,0.0,1.0,
2021-05-28 06:00:16.540,0,-0.0017919040224346,0.0,1.0,
2021-05-28 06:00:16.550,0,-0.0056743802350202,0.0,1.0,
2021-05-28 06:00:16.560,0,-0.0019397817141874,0.0,1.0,
2021-05-28 06:00:16.570,0,-0.0011004622023803,0.0,1.0,
2021-05-28 06:00:16.580,0,-0.0093102094753609,0.0,1.0,
2021-05-28 06:00:16.590,0,-0.0072399067052641,0.0,1.0,
2021-05-28 06:00:16.600,0,-0.002638632010198,0.0,1.0,
2021-05-28 06:00:16.610,0,-0.0046091185774629,0.0,1.0,
2021-05-28 06:00:16.620,0,-0.0010891246083928,0.0,1.0,
2021-05-28 06:00:16.630,0,0.0005265999244457,0.0,1.0,
2021-05-28 06:00:16.640,0,-0.0054513521936234,0.0,1.0,
2021-05-28 06:00:16.650,0,-0.0041581954062702,0.0,1.0,
2021-05-28 06:00:16.660,0,0.0012291047305815,0.0,1.0,
2021-05-28 06:00:16.670,0,-0.00673965812054,0.0,1.0,
2021-05-28 06:00:16.680,0,0.0007444711906912,0.0,1.0,
2021-05-28 06:00:16.690,0,0.0011370335129952,0.0,1.0,
2021-05-28 06:00:16.700,0,-0.001278135032862,0.0,1.0,
2021-05-28 06:00:16.710,0,-0.0053119178761881,0.0,1.0,
2021-05-28 06:00:16.720,0,-0.0005247122438018,0.0,1.0,
2021-05-28 06:00:16.730,0,-0.0042798544408142,0.0,1.0,
2021-05-28 06:00:16.740,0,-0.0067781993260573,0.0,1.0,
2021-05-28 06:00:16.750,0,-0.0030985113640348,0.0,1.0,
2021-05-28 06:00:16.760,0,-0.0029200704994387,0.0,1.0,
2021-05-28 06:00:16.770,0,0.0021609205544449,0.0,1.0,
2021-05-28 06:00:16.780,0,-0.0022545020022520005,0.0,1.0,
2021-05-28 06:00:16.790,0,-0.0023450444545613,0.0,1.0,
2021-05-28 06:00:16.800,0,-0.0045950400341051,0.0,1.0,
2021-05-28 06:00:16.810,0,-0.0040606835628142,0.5561653869260806,1.0,
2021-05-28 06:00:16.820,0,0.0057268980128793,5.286156974769434,1.0,
2021-05-28 06:00:16.830,0,0.0013483418858445,12.082234085042383,1.0,
2021-05-28 06:00:16.840,0,0.0063583164370677,20.659813808156056,1.0,
2021-05-28 06:00:16.850,0,0.0230733936433964,30.42920412232724,1.0,
2021-05-28 06:00:16.860,0,0.0250749325106457,41.37971469458549,1.0,
2021-05-28 06:00:16.870,0,0.0297318667188659,53.3590622416057,1.0,
2021-05-28 06:00:16.880,0,0.0327671823361027,65.34443108219058,1.0,
2021-05-28 06:00:16.890,0,0.0485557019215793,78.67839372164386,1.0,
2021-05-28 06:00:16.900,0,0.0518625709666371,92.69252113695738,1.0,
2021-05-28 06:00:16.910,0,0.0667531518657205,105.86385483512377,1.0,
2021-05-28 06:00:16.920,0,0.0735606042655178,119.29943731347431,1.0,
2021-05-28 06:00:16.930,0,0.0566504918039289,131.44282818433285,1.0,
2021-05-28 06:00:16.940,0,0.0757878952212583,145.61598931136916,1.0,
2021-05-28 06:00:16.950,0,0.1125557304124168,157.64117500246232,1.0,
2021-05-28 06:00:16.960,0,0.0985165675769618,171.00085004089368,1.0,
2021-05-28 06:00:16.970,0,0.1330222418407539,181.9556427545132,0.0,
2021-05-28 06:00:16.980,0,0.1258157801429851,194.0603419752556,0.0,
2021-05-28 06:00:16.990,0,0.1144785490761874,208.4450894232733,0.0,
2021-05-28 06:00:17.000,1,0.1405813083749216,217.33913511758166,0.0,
2021-05-28 06:00:17.010,1,0.1167813510313279,230.1886942359189,0.0,
2021-05-28 06:00:17.020,1,0.13326906453459805,235.38484922429268,0.0,
2021-05-28 06:00:17.030,1,0.1216623778019727,238.59138832656257,0.0,
2021-05-28 06:00:17.040,1,0.1643562663377149,239.86926910863082,0.0,
2021-05-28 06:00:17.050,1,0.1636198378399025,239.0775786360001,0.0,
2021-05-28 06:00:17.060,1,0.1633476728854714,234.82446374641773,0.0,
2021-05-28 06:00:17.070,1,0.1403901719009875,230.8451001236829,0.0,
2021-05-28 06:00:17.080,1,0.1492096772370569,224.13591402678745,0.0,
2021-05-28 06:00:17.090,1,0.1488594756245169,218.8177509931588,0.0,
2021-05-28 06:00:17.100,1,0.1202402221486506,208.59862979962463,0.0,
2021-05-28 06:00:17.110,1,0.1292776622595221,200.0028801585489,0.0,
2021-05-28 06:00:17.120,1,0.1276350037466792,190.50418335144303,0.0,
2021-05-28 06:00:17.130,1,0.1356387294335022,181.01405525814857,0.0,
2021-05-28 06:00:17.140,1,0.1051578464289089,172.01258075883143,1.0,
2021-05-28 06:00:17.150,0,0.1150965120762265,162.7954684743301,1.0,
2021-05-28 06:00:17.160,0,0.1097872813057947,150.63940976996653,1.0,
2021-05-28 06:00:17.170,0,0.0902332940224795,142.51642906747162,1.0,
2021-05-28 06:00:17.180,0,0.1033748612970445,131.9368131721024,1.0,
2021-05-28 06:00:17.190,0,0.0851491105256629,122.71088960929589,1.0,
2021-05-28 06:00:17.200,0,0.077834038909418,113.38872787642772,1.0,
2021-05-28 06:00:17.210,0,0.0632020696019049,104.77464258768244,1.0,
2021-05-28 06:00:17.220,0,0.0541853463029,94.97908637268655,1.0,
2021-05-28 06:00:17.230,0,0.0606730835643864,87.65011466686965,1.0,
2021-05-28 06:00:17.240,0,0.0585419508778722,80.50056942851107,1.0,
2021-05-28 06:00:17.250,0,0.0538047738941436,73.01734215118206,1.0,
2021-05-28 06:00:17.260,0,0.05636542799950201,66.10771635670761,1.0,
2021-05-28 06:00:17.270,0,0.0374571758202523,59.2677529000609,1.0,
2021-05-28 06:00:17.280,0,0.0386735704587284,52.90511960132176,1.0,
2021-05-28 06:00:17.290,0,0.0313871359660927,47.12171212212414,1.0,
2021-05-28 06:00:17.300,0,0.0386432040364494,42.17840961286928,1.0,
2021-05-28 06:00:17.310,0,0.027621918225245,36.43998949782824,1.0,
2021-05-28 06:00:17.320,0,0.0269993061024597,32.13787805904454,1.0,
2021-05-28 06:00:17.330,0,0.0225503795394657,27.90910929986103,1.0,
2021-05-28 06:00:17.340,0,0.0229041531810347,24.20740134033143,1.0,
2021-05-28 06:00:17.350,0,0.0138489971275318,20.69819745710027,1.0,
2021-05-28 06:00:17.360,0,0.0141222634925612,17.323963073038964,1.0,
2021-05-28 06:00:17.370,0,0.0107059439300219,14.4381139026496,1.0,
2021-05-28 06:00:17.380,0,0.0127320841158569,11.677044630816539,1.0,
2021-05-28 06:00:17.390,0,0.0140894062938726,9.3353196390419,1.0,
2021-05-28 06:00:17.400,0,0.0031980506003904,7.209923682216227,1.0,
2021-05-28 06:00:17.410,0,-0.0003483252081678,5.355768648063232,1.0,
2021-05-28 06:00:17.420,0,0.0021040082754287,3.6793590762461936,1.0,
2021-05-28 06:00:17.430,0,-0.0016780907555477,2.2169916585001217,1.0,
2021-05-28 06:00:17.440,0,0.0026659012166427,0.9278074152277284,1.0,
2021-05-28 06:00:17.450,0,-0.0046512899416535,0.0,1.0,
2021-05-28 06:00:17.460,0,-0.0019009161581864,0.0,1.0,
2021-05-28 06:00:17.470,0,-0.0041163706294846,0.0,1.0,
2021-05-28 06:00:17.480,0,-0.0044286124726387,0.0,1.0,
2021-05-28 06:00:17.490,0,-0.0022266126520805,0.0,1.0,
2021-05-28 06:00:17.500,0,-0.0050196371717221,0.0,1.0,
2021-05-28 06:00:17.510,0,-0.0061901732503098,0.0,1.0,
2021-05-28 06:00:17.520,0,-0.0039387338411290005,0.0,1.0,
2021-05-28 06:00:17.530,0,-0.0062840845823777,0.0,1.0,
2021-05-28 06:00:17.540,0,-0.0048022299174677,0.0,1.0,
2021-05-28 06:00:17.550,0,-0.0060397309528591,0.0,1.0,
2021-05-28 06:00:17.560,0,-0.0049181762989535,0.0,1.0,
2021-05-28 06:00:17.570,0,-0.0031762304546024,0.0,1.0,
2021-05-28 06:00:17.580,0,-0.0051501359970262,0.0,1.0,
2021-05-28 06:00:17.590,0,-0.0030419093427479,0.0,1.0,
2021-05-28 06:00:17.600,0,-0.0042661249042133,0.0,1.0,
2021-05-28 06:00:17.610,0,0.0012840937195892,0.0,1.0,
2021-05-28 06:00:17.620,0,-0.0030059011001432,0.0,1.0,
2021-05-28 06:00:17.630,0,-0.002124935629556,0.0,1.0,
2021-05-28 06:00:17.640,0,-0.006929432040041999,0.0,1.0,
2021-05-28 06:00:17.650,0,0.0024500225440091,0.0,1.0,
2021-05-28 06:00:17.660,0,-0.0051373338766649,0.0,1.0,
2021-05-28 06:00:17.670,0,-0.0017143081902625,0.0,1.0,
2021-05-28 06:00:17.680,0,-0.0049015185618014,0.0,1.0,
2021-05-28 06:00:17.690,0,-0.0067387758529852,0.0,1.0,
2021-05-28 06:00:17.700,0,0.0012300078396846,0.0,1.0,
2021-05-28 06:00:17.710,0,0.00046294848345,0.0,1.0,
2021-05-28 06:00:17.720,0,-0.0039389009503601,0.0,1.0,
2021-05-28 06:00:17.730,0,-0.0041308933459108,0.0,1.0,
2021-05-28 06:00:17.740,0,-0.0016903417068385,0.0,1.0,
2021-05-28 06:00:17.750,0,-0.0014984938107575,0.0,1.0,
2021-05-28 06:00:17.760,0,-0.003594821197655,0.0,1.0,
2021-05-28 06:00:17.770,0,-0.0028475272198529,0.0,1.0,
2021-05-28 06:00:17.780,0,-0.0029975131542074,0.0,1.0,
2021-05-28 06:00:17.790,0,0.0009378678642692,0.0,1.0,
2021-05-28 06:00:17.800,0,-0.0016870128296813,0.0,1.0,
2021-05-28 06:00:17.810,0,0.0021790401405569,1.3706307661548338,1.0,
2021-05-28 06:00:17.820,0,0.0053666429923313,6.069651975408032,1.0,
2021-05-28 06:00:17.830,0,0.0126747447175161,12.809060691677992,1.0,
2021-05-28 06:00:17.840,0,0.0189913241294038,21.25779868619209,1.0,
2021-05-28 06:00:17.850,0,0.0244751956781021,31.199268832086336,1.0,
2021-05-28 06:00:17.860,0,0.0296072985100101,41.99357807359427,1.0,
2021-05-28 06:00:17.870,0,0.047492751529183,54.31427764731125,1.0,
2021-05-28 06:00:17.880,0,0.0527116138533349,66.42233716342685,1.0,
2021-05-28 06:00:17.890,0,0.0688087827026564,79.16403648475409,1.0,
2021-05-28 06:00:17.900,0,0.0863441215949126,91.99252862503334,1.0,
2021-05-28 06:00:17.910,0,0.07808939413877901,104.7500664967418,1.0,
2021-05-28 06:00:17.920,0,0.1113280453432626,120.06106020000892,1.0,
2021-05-28 06:00:17.930,0,0.0907780894318086,131.846877953284,1.0,
2021-05-28 06:00:17.940,0,0.0947507869741784,145.45062720474294,1.0,
2021-05-28 06:00:17.950,0,0.1181181320276114,157.39095448719144,1.0,
2021-05-28 06:00:17.960,0,0.1298518631495131,165.65814192061643,0.0,
2021-05-28 06:00:17.970,0,0.1327390240368032,175.04703966659042,0.0,
2021-05-28 06:00:17.980,0,0.1535221349686071,179.35103215202125,0.0,
2021-05-28 06:00:17.990,0,0.1465323895158845,181.40151611024675,0.0,
2021-05-28 06:00:18.000,1,0.1464213143786158,181.9768703373311,0.0,
2021-05-28 06:00:18.010,1,0.1256870539484588,182.37818479344529,0.0,
2021-05-28 06:00:18.020,1,0.1487502230171306,179.8213707599131,0.0,
2021-05-28 06:00:18.030,1,0.1598447059611185,175.93426231738704,0.0,
2021-05-28 06:00:18.040,1,0.1526960695507215,170.90890721301275,0.0,
2021-05-28 06:00:18.050,1,0.1320344297323411,167.03715502045344,0.0,
2021-05-28 06:00:18.060,1,0.1506078602697928,161.61930206862104,1.0,
2021-05-28 06:00:18.070,1,0.1027086653300634,152.67797850935744,1.0,
2021-05-28 06:00:18.080,1,0.1176896353267235,147.5698007428845,1.0,
2021-05-28 06:00:18.090,1,0.1329147142514521,138.6198516291906,1.0,
2021-05-28 06:00:18.100,0,0.1106797446921605,133.06964481178915,1.0,
2021-05-28 06:00:18.110,0,0.0862765759372305,124.83494922580105,1.0,
2021-05-28 06:00:18.120,0,0.0960180870970824,117.0660664377886,1.0,
2021-05-28 06:00:18.130,0,0.0830858787221685,109.07441250682234,1.0,
2021-05-28 06:00:18.140,0,0.0952360852961772,102.52701172139774,1.0,
2021-05-28 06:00:18.150,0,0.0703519179224537,94.57007618962278,1.0,
2021-05-28 06:00:18.160,0,0.0758733945953127,87.8071417958773,1.0,
2021-05-28 06:00:18.170,0,0.07634965917998199,81.1892091354138,1.0,
2021-05-28 06:00:18.180,0,0.0691470164575075,74.22267006330526,1.0,
2021-05-28 06:00:18.190,0,0.0592910782882828,67.50620776495563,1.0,
2021-05-28 06:00:18.200,0,0.0578487244928013,61.07903444732274,1.0,
2021-05-28 06:00:18.210,0,0.0539434784804906,56.43397032722576,1.0,
2021-05-28 06:00:18.220,0,0.0428784879973913,50.70651260838602,1.0,
2021-05-28 06:00:18.230,0,0.0437291184981693,45.597859929822036,1.0,
2021-05-28 06:00:18.240,0,0.039303905837361,40.932319902286366,1.0,
2021-05-28 06:00:18.250,0,0.0330009778527174,36.8512618533067,1.0,
2021-05-28 06:00:18.260,0,0.0281755122117474,32.417764492445244,1.0,
2021-05-28 06:00:18.270,0,0.0306793956004866,28.198957854123968,1.0,
2021-05-28 06:00:18.280,0,0.0246352052830136,25.0739211422576,1.0,
2021-05-28 06:00:18.290,0,0.0226291389528343,21.558456851053627,1.0,
2021-05-28 06:00:18.300,0,0.0172591999902087,18.677148909820346,1.0,
2021-05-28 06:00:18.310,0,0.0132064620531912,15.934627876963027,1.0,
2021-05-28 06:00:18.320,0,0.0105655776762683,13.34324810669184,1.0,
2021-05-28 06:00:18.330,0,0.0104003433293479,11.124531959175279,1.0,
2021-05-28 06:00:18.340,0,0.008991518803465,9.011677404714973,1.0,
2021-05-28 06:00:18.350,0,0.0047549626998503,7.30653157594328,1.0,
2021-05-28 06:00:18.360,0,-0.0003987297329613,5.603250316010443,1.0,
2021-05-28 06:00:18.370,0,0.0046252126478937,4.206527281607467,1.0,
2021-05-28 06:00:18.380,0,0.0083121109034037,2.8762130709337623,1.0,
2021-05-28 06:00:18.390,0,-0.0022271985050424,1.7337278836385352,1.0,
2021-05-28 06:00:18.400,0,0.008496550957298,0.7476150033871004,1.0,
2021-05-28 06:00:18.410,0,0.0003127744914935,0.0,1.0,
2021-05-28 06:00:18.420,0,-0.0062323083751643,0.0,1.0,
2021-05-28 06:00:18.430,0,0.0001111444295583,0.0,1.0,
2021-05-28 06:00:18.440,0,0.0024039375295083,0.0,1.0,
2021-05-28 06:00:18.450,0,-0.0017740224250227,0.0,1.0,
2021-05-28 06:00:18.460,0,0.0008365699174831,0.0,1.0,
2021-05-28 06:00:18.470,0,-0.0028030393035727,0.0,1.0,
2021-05-28 06:00:18.480,0,-0.0016260350953693,0.0,1.0,
2021-05-28 06:00:18.490,0,-0.0004949662078345,0.0,1.0,
2021-05-28 06:00:18.500,0,-0.0027904666498466,0.0,1.0,
2021-05-28 06:00:18.510,0,-0.0010906417716723,0.0,1.0,
2021-05-28 06:00:18.520,0,-0.0096020262787469,0.0,1.0,
2021-05-28 06:00:18.530,0,-0.0030992256378712,0.0,1.0,
2021-05-28 06:00:18.540,0,0.0029370182539137,0.0,1.0,
2021-05-28 06:00:18.550,0,0.0031877914318635,0.0,1.0,
2021-05-28 06:00:18.560,0,-0.000284075800124,0.0,1.0,
2021-05-28 06:00:18.570,0,-0.0057014820248313,0.0,1.0,
2021-05-28 06:00:18.580,0,-0.0036233570909286,0.0,1.0,
2021-05-28 06:00:18.590,0,-0.0033010562146338,0.0,1.0,
2021-05-28 06:00:18.600,0,0.0011033011366857,0.0,1.0,
2021-05-28 06:00:18.610,0,-0.0006784744272498,0.0,1.0,
2021-05-28 06:00:18.620,0,-0.0045409807076721,0.0,1.0,
2021-05-28 06:00:18.630,0,0.0020296389131945,0.0,1.0,
2021-05-28 06:00:18.640,0,-0.0070735915590327,0.0,1.0,
2021-05-28 06:00:18.650,0,-0.0048783255902926,0.0,1.0,
2021-05-28 06:00:18.660,0,-0.0024130950594396,0.0,1.0,
2021-05-28 06:00:18.670,0,-0.0027398738128369,0.0,1.0,
2021-05-28 06:00:18.680,0,-0.0051500790806431,0.0,1.0,
2021-05-28 06:00:18.690,0,-0.0040862672730004,0.0,1.0,
2021-05-28 06:00:18.700,0,-0.0011813576750475,0.0,1.0,
2021-05-28 06:00:18.710,0,-0.0034461852408873,0.0,1.0,
2021-05-28 06:00:18.720,0,0.0015445709099054,0.0,1.0,
2021-05-28 06:00:18.730,0,-0.0047278830680764,0.0,1.0,
2021-05-28 06:00:18.740,0,-0.0011573660810756,0.0,1.0,
2021-05-28 06:00:18.750,0,-0.0027567273026553,0.0,1.0,
2021-05-28 06:00:18.760,0,-0.0005627622673135,0.0,1.0,
2021-05-28 06:00:18.770,0,-0.0018031890630787,0.0,1.0,
2021-05-28 06:00:18.780,0,-0.0023815452305623,0.0,1.0,
2021-05-28 06:00:18.790,0,-0.0067931130149571,0.0,1.0,
2021-05-28 06:00:18.800,0,-0.0016980686550896,0.0,1.0,
2021-05-28 06:00:18.810,0,-0.0037575178916479,1.8428817360274088,1.0,
2021-05-28 06:00:18.820,0,0.0106021007465303,6.399028031482973,1.0,
2021-05-28 06:00:18.830,0,0.0140116127300193,12.935379612213351,1.0,
2021-05-28 06:00:18.840,0,0.0135459163623914,21.292378384462964,1.0,
2021-05-28 06:00:18.850,0,0.0244108316228781,30.81512159245203,1.0,
2021-05-28 06:00:18.860,0,0.0391353330608574,41.31472529712679,1.0,
2021-05-28 06:00:18.870,0,0.0473688215992893,52.87187302167956,1.0,
2021-05-28 06:00:18.880,0,0.07363563776367199,64.48543923718016,1.0,
2021-05-28 06:00:18.890,0,0.066342620316615,77.69832499400286,1.0,
2021-05-28 06:00:18.900,0,0.0895499957164345,90.33305461101361,1.0,
2021-05-28 06:00:18.910,0,0.1033350889726965,100.74569778933424,1.0,
2021-05-28 06:00:18.920,0,0.1004057645431762,109.64065452240736,1.0,
2021-05-28 06:00:18.930,0,0.1064498011133086,114.84052512550464,1.0,
2021-05-28 06:00:18.940,0,0.102449174322008,120.00647378668249,1.0,
2021-05-28 06:00:18.950,0,0.1208137115826016,122.0150999062572,1.0,
2021-05-28 06:00:18.960,0,0.1231890540707183,123.59968092162556,1.0,
2021-05-28 06:00:18.970,0,0.115950847676432,124.14963643945043,1.0,
2021-05-28 06:00:18.980,0,0.0979761098130172,123.51826718936415,1.0,
2021-05-28 06:00:18.990,0,0.1074951052377232,121.73810051705941,1.0,
2021-05-28 06:00:19.000,1,0.1100973667958518,119.13285866472107,1.0,
2021-05-28 06:00:19.010,1,0.0966034478068498,115.34238321063043,1.0,
2021-05-28 06:00:19.020,1,0.1019192579477827,112.75377841251637,1.0,
2021-05-28 06:00:19.030,1,0.1010077700152789,107.47381334297688,1.0,
2021-05-28 06:00:19.040,1,0.0935626428169415,102.80951783832545,1.0,
2021-05-28 06:00:19.050,0,0.0666306775725434,97.99251772733746,1.0,
2021-05-28 06:00:19.060,0,0.0778575191881626,93.22071118677836,1.0,
2021-05-28 06:00:19.070,0,0.0686548403189253,87.7961905531787,1.0,
2021-05-28 06:00:19.080,0,0.056554602328883,82.48718104860139,1.0,
2021-05-28 06:00:19.090,0,0.0589075401952757,77.36755103613145,1.0,
2021-05-28 06:00:19.100,0,0.0603338041592664,72.78830504034715,1.0,
2021-05-28 06:00:19.110,0,0.0457348714504545,67.56048998979321,1.0,
2021-05-28 06:00:19.120,0,0.0534880821159836,62.63282282175931,1.0,
2021-05-28 06:00:19.130,0,0.0552698242876217,57.903003783042,1.0,
2021-05-28 06:00:19.140,0,0.0478021614268747,53.598847604592116,1.0,
2021-05-28 06:00:19.150,0,0.045412238770705986,49.53801227688953,1.0,
2021-05-28 06:00:19.160,0,0.0293351366925669,45.247108483535,1.0,
2021-05-28 06:00:19.170,0,0.0330149404759168,40.66378559628613,1.0,
2021-05-28 06:00:19.180,0,0.0281968495557088,37.22289320785121,1.0,
2021-05-28 06:00:19.190,0,0.0304842685004175,33.659776874936576,1.0,
2021-05-28 06:00:19.200,0,0.0196021822317484,30.388654737191683,1.0,
2021-05-28 06:00:19.210,0,0.0185586129883131,27.06473961287773,1.0,
2021-05-28 06:00:19.220,0,0.0231158786864367,24.05549616551177,1.0,
2021-05-28 06:00:19.230,0,0.0129599156790656,21.279101765071076,1.0,
2021-05-28 06:00:19.240,0,0.0127127478116522,18.554287272554863,1.0,
2021-05-28 06:00:19.250,0,0.007350923030363002,16.35862917947249,1.0,
2021-05-28 06:00:19.260,0,0.008764603086487,14.0920908364726,1.0,
2021-05-28 06:00:19.270,0,0.0040386648719862,12.296231733661482,1.0,
2021-05-28 06:00:19.280,0,0.0005133235162822,10.3582083734012,1.0,
2021-05-28 06:00:19.290,0,0.0066790994626685,8.65566153612893,1.0,
2021-05-28 06:00:19.300,0,0.0051101318406577,7.2376495041681075,1.0,
2021-05-28 06:00:19.310,0,0.006249786284635001,5.933009154486685,1.0,
2021-05-28 06:00:19.320,0,0.0058178793378441,4.713381205765514,1.0,
2021-05-28 06:00:19.330,0,-0.0004442177362543,3.5904210453741787,1.0,
2021-05-28 06:00:19.340,0,0.0068672710510484,2.614674842382305,1.0,
2021-05-28 06:00:19.350,0,0.0048762390373765,1.7556387645788725,1.0,
2021-05-28 06:00:19.360,0,0.0028102927297507,0.9991527282141612,1.0,
2021-05-28 06:00:19.370,0,-0.0035576270442645,0.3434047254905598,1.0,
2021-05-28 06:00:19.380,0,-0.0011011520319304,0.0,1.0,
2021-05-28 06:00:19.390,0,0.0027014597841532,0.0,1.0,
2021-05-28 06:00:19.400,0,0.0042365885111458,0.0,1.0,
2021-05-28 06:00:19.410,0,-0.0042916253488975,0.0,1.0,
2021-05-28 06:00:19.420,0,0.0017316562120621,0.0,1.0,
2021-05-28 06:00:19.430,0,-0.0024098917895777,0.0,1.0,
2021-05-28 06:00:19.440,0,-0.0070661446855077,0.0,1.0,
2021-05-28 06:00:19.450,0,-0.0053300830858238,0.0,1.0,
2021-05-28 06:00:19.460,0,0.0026660306042886,0.0,1.0,
2021-05-28 06:00:19.470,0,-0.0061319743376052,0.0,1.0,
2021-05-28 06:00:19.480,0,0.0003238041171294,0.0,1.0,
2021-05-28 06:00:19.490,0,-0.0035645931008287,0.0,1.0,
2021-05-28 06:00:19.500,0,-0.0064366938165025,0.0,1.0,
2021-05-28 06:00:19.510,0,-0.0017704303746076,0.0,1.0,
2021-05-28 06:00:19.520,0,0.0003840630817724,0.0,1.0,
2021-05-28 06:00:19.530,0,-0.0018485383345369,0.0,1.0,
2021-05-28 06:00:19.540,0,0.000849717918356,0.0,1.0,
2021-05-28 06:00:19.550,0,-0.0041608966205509,0.0,1.0,
2021-05-28 06:00:19.560,0,-0.0003364048599972,0.0,1.0,
2021-05-28 06:00:19.570,0,0.0008104502190995,0.0,1.0,
2021-05-28 06:00:19.580,0,-0.0071721148509474,0.0,1.0,
2021-05-28 06:00:19.590,0,0.0036450356392565,0.0,1.0,
2021-05-28 06:00:19.600,0,0.0037372022274089,0.0,1.0,
2021-05-28 06:00:19.610,0,-0.0034998512456083,0.0,1.0,
2021-05-28 06:00:19.620,0,-0.0005663439612291,0.0,1.0,
2021-05-28 06:00:19.630,0,-0.0052613141236995,0.0,1.0,
2021-05-28 06:00:19.640,0,-4.316242483965154e-05,0.0,1.0,
2021-05-28 06:00:19.650,0,-0.0008675255925356,0.0,1.0,
2021-05-28 06:00:19.660,0,0.0008568224469288,0.0,1.0,
2021-05-28 06:00:19.670,0,-0.0001432595380331,0.0,1.0,
2021-05-28 06:00:19.680,0,-0.0006923559379151,0.0,1.0,
2021-05-28 06:00:19.690,0,-0.0013182424815814,0.0,1.0,
2021-05-28 06:00:19.700,0,-0.0025725125623732,0.0,1.0,
2021-05-28 06:00:19.710,0,-0.000645468291229,0.0,1.0,
2021-05-28 06:00:19.720,0,0.0013126856826761,0.0,1.0,
2021-05-28 06:00:19.730,0,-0.0043008662438263,0.0,1.0,
2021-05-28 06:00:19.740,0,0.0054916734436628,0.0,1.0,
2021-05-28 06:00:19.750,0,0.0032438998300895,0.0,1.0,
2021-05-28 06:00:19.760,0,0.0023918765523770003,0.0,1.0,
2021-05-28 06:00:19.770,0,0.0040319909409735,0.0,1.0,
2021-05-28 06:00:19.780,0,-0.0029670718656508,0.0,1.0,
2021-05-28 06:00:19.790,0,-0.0019088120493206,0.0,1.0,
2021-05-28 06:00:19.800,0,0.0044370022457315,0.0,1.0,
2021-05-28 06:00:19.810,0,0.0043152335485937,2.114482429632826,1.0,
2021-05-28 06:00:19.820,0,0.0069091553696818,6.654140381011191,1.0,
2021-05-28 06:00:19.830,0,0.0062361960923611,13.305391122315967,1.0,
2021-05-28 06:00:19.840,0,0.0214600361039572,21.372819287873284,1.0,
2021-05-28 06:00:19.850,0,0.0264157363562856,30.64257546953314,1.0,
2021-05-28 06:00:19.860,0,0.0349219161688605,39.29008488124131,1.0,
2021-05-28 06:00:19.870,0,0.0481921432251833,46.635379203071565,1.0,
2021-05-28 06:00:19.880,0,0.0319063263188352,51.43244521363175,1.0,
2021-05-28 06:00:19.890,0,0.0359428086725052,55.915686948680246,1.0,
2021-05-28 06:00:19.900,0,0.0435772984885551,59.29793204971019,1.0,
2021-05-28 06:00:19.910,0,0.0510430334591513,61.51014383592893,1.0,
2021-05-28 06:00:19.920,0,0.050709495078252,62.717471342103,1.0,
2021-05-28 06:00:19.930,0,0.0409502243337261,63.48167034122356,1.0,
2021-05-28 06:00:19.940,0,0.0408270091567081,63.311923702944746,1.0,
2021-05-28 06:00:19.950,0,0.0506990707018914,63.61205754614247,1.0,
2021-05-28 06:00:19.960,0,0.0435030417279196,62.18012017126676,1.0,
2021-05-28 06:00:19.970,0,0.0604356386226797,61.28968100399171,1.0,
2021-05-28 06:00:19.980,0,0.0373916450225908,59.51105194130744,1.0,
2021-05-28 06:00:19.990,0,0.0419187224138805,57.16622943123065,1.0,
2021-05-28 06:00:20.000,0,0.0408157012322369,54.94249999631901,1.0,
2021-05-28 06:00:20.010,0,0.0509825415384848,52.99128641442282,1.0,
2021-05-28 06:00:20.020,0,0.0366129697614455,50.24322588211786,1.0,
2021-05-28 06:00:20.030,0,0.0374786256713144,47.45316954722861,1.0,
2021-05-28 06:00:20.040,0,0.0369119665660626,44.96439710208328,1.0,
2021-05-28 06:00:20.050,0,0.029510224614466,42.204139061490075,1.0,
2021-05-28 06:00:20.060,0,0.0351846612029655,39.88480698138866,1.0,
2021-05-28 06:00:20.070,0,0.0229619121593807,36.831749423596655,1.0,
2021-05-28 06:00:20.080,0,0.0193420970064838,34.687558061134474,1.0,
2021-05-28 06:00:20.090,0,0.0164016958945266,32.302944012867236,1.0,
2021-05-28 06:00:20.100,0,0.0203834996822563,29.713013403789528,1.0,
2021-05-28 06:00:20.110,0,0.0240275300308537,27.528361203216036,1.0,
2021-05-28 06:00:20.120,0,0.0166128080735207,24.95238491298039,1.0,
2021-05-28 06:00:20.130,0,0.0147037227313746,22.985117872256737,1.0,
2021-05-28 06:00:20.140,0,0.0156842280508567,20.94366805753076,1.0,
2021-05-28 06:00:20.150,0,0.0106083228935512,18.91837083928727,1.0,
2021-05-28 06:00:20.160,0,0.0098856643865463,17.074486789784228,1.0,
2021-05-28 06:00:20.170,0,0.0118580889870685,15.318822276730206,1.0,
2021-05-28 06:00:20.180,0,0.0189795521312061,13.769718468541123,1.0,
2021-05-28 06:00:20.190,0,0.0128544528471153,12.319580109145873,1.0,
2021-05-28 06:00:20.200,0,0.0075652365365408,10.899248062315538,1.0,
2021-05-28 06:00:20.210,0,0.0073696832036696,9.513987156779155,1.0,
2021-05-28 06:00:20.220,0,0.0014586140873662,8.34441443316643,1.0,
2021-05-28 06:00:20.230,0,0.0045807638497093,7.2186021347313725,1.0,
2021-05-28 06:00:20.240,0,0.0007398965845184,6.212124494760486,1.0,
2021-05-28 06:00:20.250,0,0.008909254403812999,5.3268925674607495,1.0,
2021-05-28 06:00:20.260,0,0.011445601485799,4.471081891572894,1.0,
2021-05-28 06:00:20.270,0,0.003915100547809,3.6927155076350937,1.0,
2021-05-28 06:00:20.280,0,0.0027408740837245,3.0515208988478166,1.0,
2021-05-28 06:00:20.290,0,0.0046706349514559,2.36902167078771,1.0,
2021-05-28 06:00:20.300,0,0.0058900607014438,1.841800062083256,1.0,
2021-05-28 06:00:20.310,0,0.0060536988373384,1.331003823209696,1.0,
2021-05-28 06:00:20.320,0,0.0001745290582083,0.9041374710997542,1.0,
2021-05-28 06:00:20.330,0,0.0001199657606218,0.5183917434522656,1.0,
2021-05-28 06:00:20.340,0,0.0035529966024622,0.1873101941763142,1.0,
2021-05-28 06:00:20.350,0,0.000481255505722,0.0,1.0,
2021-05-28 06:00:20.360,0,-0.0100285570288454,0.0,1.0,
2021-05-28 06:00:20.370,0,0.0037413224207564,0.0,1.0,
2021-05-28 06:00:20.380,0,-0.0027351869878054,0.0,1.0,
2021-05-28 06:00:20.390,0,0.0014532004983542,0.0,1.0,
2021-05-28 06:00:20.400,0,0.0015643894958901,0.0,1.0,
2021-05-28 06:00:20.410,0,-0.0021240837589022,0.0,1.0,
2021-05-28 06:00:20.420,0,0.0014647214737235,0.0,1.0,
2021-05-28 06:00:20.430,0,-0.0011556291887619,0.0,1.0,
2021-05-28 06:00:20.440,0,-0.003264384790104,0.0,1.0,
2021-05-28 06:00:20.450,0,-0.0039260829086705,0.0,1.0,
2021-05-28 06:00:20.460,0,0.0025041348244829,0.0,1.0,
2021-05-28 06:00:20.470,0,-0.0013761222870617,0.0,1.0,
2021-05-28 06:00:20.480,0,-0.0015475410433041,0.0,1.0,
2021-05-28 06:00:20.490,0,0.0021107959674811,0.0,1.0,
2021-05-28 06:00:20.500,0,-0.0007624835358149,0.0,1.0,
2021-05-28 06:00:20.510,0,0.0024552920185948,0.0,1.0,
2021-05-28 06:00:20.520,0,-0.0024532302537495,0.0,1.0,
2021-05-28 06:00:20.530,0,-0.0023186957291031,0.0,1.0,
2021-05-28 06:00:20.540,0,0.0012862400779733,0.0,1.0,
2021-05-28 06:00:20.550,0,-0.0019451001386895,0.0,1.0,
2021-05-28 06:00:20.560,0,-0.0014859331162754,0.0,1.0,
2021-05-28 06:00:20.570,0,-0.0003837489387949,0.0,1.0,
2021-05-28 06:00:20.580,0,0.0030271952275701,0.0,1.0,
2021-05-28 06:00:20.590,0,-0.0022650831751403,0.0,1.0,
2021-05-28 06:00:20.600,0,0.0028247981177088,0.0,1.0,
2021-05-28 06:00:20.610,0,-0.0066006418416594,0.0,1.0,
2021-05-28 06:00:20.620,0,-0.0067573333401462,0.0,1.0,
2021-05-28 06:00:20.630,0,0.002309226883447,0.0,1.0,
2021-05-28 06:00:20.640,0,-0.0034017719921388,0.0,1.0,
2021-05-28 06:00:20.650,0,-0.0004608636511554,0.0,1.0,
2021-05-28 06:00:20.660,0,0.0018376127930928,0.0,1.0,
2021-05-28 06:00:20.670,0,0.0076119233597203,0.0,1.0,
2021-05-28 06:00:20.680,0,0.004754981858724,0.0,1.0,
2021-05-28 06:00:20.690,0,0.0037901553699736,0.0,1.0,
2021-05-28 06:00:20.700,0,0.0005706547295505,0.0,1.0,
2021-05-28 06:00:20.710,0,-0.0052036191950912,0.0,1.0,
2021-05-28 06:00:20.720,0,0.0036452139632769,0.0,1.0,
2021-05-28 06:00:20.730,0,0.0002103496669126,0.0,1.0,
2021-05-28 06:00:20.740,0,0.0029818682024427,0.0,1.0,
2021-05-28 06:00:20.750,0,0.0038935570551014,0.0,1.0,
2021-05-28 06:00:20.760,0,-0.0033013423039409,0.0,1.0,
2021-05-28 06:00:20.770,0,0.0009253496608383,0.0,1.0,
2021-05-28 06:00:20.780,0,-0.0017586374119955,0.0,1.0,
2021-05-28 06:00:20.790,0,0.0008035952071480001,0.0,1.0,
2021-05-28 06:00:20.800,0,-0.0002849930650846,0.0,1.0,
2021-05-28 06:00:20.810,0,0.0070115066238154,0.0,1.0,
2021-05-28 06:00:20.820,0,-0.0022923200471733,0.0,1.0,
2021-05-28 06:00:20.830,0,0.0007111586621997,0.0,1.0,
2021-05-28 06:00:20.840,0,0.0009685084208676,0.0,1.0,
2021-05-28 06:00:20.850,0,0.0073642811116051,0.0,1.0,
2021-05-28 06:00:20.860,0,0.0017481979903373,0.0,1.0,
2021-05-28 06:00:20.870,0,0.0011077843747907,0.0006428738511801,1.0,
2021-05-28 06:00:20.880,0,-0.0031819130817602,0.0058276920282748,1.0,
2021-05-28 06:00:20.890,0,0.0003701475615909,0.0102615101448936,1.0,
2021-05-28 06:00:20.900,0,0.0034508144923844,0.0138950573624995,1.0,
2021-05-28 06:00:20.910,0,0.0029759258167514,0.0169925897734773,1.0,
2021-05-28 06:00:20.920,0,-0.0003369503740489,0.0195814159495398,1.0,
2021-05-28 06:00:20.930,0,0.0083816275444186,0.0213490994608046,1.0,
2021-05-28 06:00:20.940,0,-0.0029168561159382,0.0228415856842638,1.0,
2021-05-28 06:00:20.950,0,0.0006917900519711,0.0241055263158884,1.0,
2021-05-28 06:00:20.960,0,-0.0016761732794356,0.024796032585919,1.0,
2021-05-28 06:00:20.970,0,-0.0011271659278427,0.0253998452783966,1.0,
2021-05-28 06:00:20.980,0,0.0002251890046124,0.0254189856761393,1.0,
2021-05-28 06:00:20.990,0,0.003997067759395,0.0253294219791578,1.0,
2021-05-28 06:00:21.000,0,0.0041572389446708,0.0250870343021038,1.0,
2021-05-28 06:00:21.010,0,-0.0008050499081187,0.0247361599755343,1.0,
2021-05-28 06:00:21.020,0,-0.0053631478781696,0.0239478382447396,1.0,
2021-05-28 06:00:21.030,0,0.0050011357762507,0.0230596105036865,1.0,
2021-05-28 06:00:21.040,0,0.0034389427499962,0.0222296542775463,1.0,
2021-05-28 06:00:21.050,0,-0.0009720086801581,0.0213718555603286,1.0,
2021-05-28 06:00:21.060,0,0.0024406416367591,0.0203055998938243,1.0,
2021-05-28 06:00:21.070,0,0.0034554470113716,0.0194697266710395,1.0,
2021-05-28 06:00:21.080,0,-0.0013696460434764,0.0183717747637669,1.0,
2021-05-28 06:00:21.090,0,-0.0004826610578031,0.0175011220217712,1.0,
2021-05-28 06:00:21.100,0,0.0005403377596268,0.0163658019031444,1.0,
2021-05-28 06:00:21.110,0,-0.0010460881951368,0.0153477195395408,1.0,
2021-05-28 06:00:21.120,0,0.0032406526333638,0.0141837640221912,1.0,
2021-05-28 06:00:21.130,0,0.0071088415977634,0.0132082498874342,1.0,
2021-05-28 06:00:21.140,0,0.0023296679995797,0.0121955709815642,1.0,
2021-05-28 06:00:21.150,0,0.0048148887674834,0.011294983596193,1.0,
2021-05-28 06:00:21.160,0,-0.0034826602469901,0.0104226984150077,1.0,
2021-05-28 06:00:21.170,0,-0.0010737274998143,0.0094360808942621,1.0,
2021-05-28 06:00:21.180,0,0.0028537319227597,0.0086638904922568,1.0,
2021-05-28 06:00:21.190,0,0.0031420914750248,0.0078812230994348,1.0,
2021-05-28 06:00:21.200,0,-0.0016047101916571,0.0070231850718291,1.0,
2021-05-28 06:00:21.210,0,-0.0006143108637907,0.0063702112692865,1.0,
2021-05-28 06:00:21.220,0,0.0035102846011477,0.0056954499214428,1.0,
2021-05-28 06:00:21.230,0,0.0035644267279313,0.0051069670457674,1.0,
2021-05-28 06:00:21.240,0,0.005392156236909001,0.0045507717748149,1.0,
2021-05-28 06:00:21.250,0,-0.0048121014013429,0.0039918793543316,1.0,
2021-05-28 06:00:21.260,0,-0.0031958133592454,0.0035275711462494,1.0,
2021-05-28 06:00:21.270,0,0.0012758286727924,0.00305812714462,1.0,
2021-05-28 06:00:21.280,0,0.0039733389099988,0.0026366322093148,1.0,
2021-05-28 06:00:21.290,0,-0.0030789296661029,0.0022626377916301,1.0,
2021-05-28 06:00:21.300,0,0.0001950408085134,0.0019095582721082,1.0,
2021-05-28 06:00:21.310,0,-0.0003636108632063,0.0016119766302011,1.0,
2021-05-28 06:00:21.320,0,-0.0010594860870719,0.0013101178396533,1.0,
2021-05-28 06:00:21.330,0,0.0027652172541818,0.0010627416329121,1.0,
2021-05-28 06:00:21.340,0,0.0060859377533214,0.0008250110705358,1.0,
2021-05-28 06:00:21.350,0,-0.0010918867456525,0.0006216611018481,1.0,
2021-05-28 06:00:21.360,0,-0.0015388587816035,0.0004426610779425,1.0,
2021-05-28 06:00:21.370,0,-0.0039006473710499,0.0002791391803261,1.0,
2021-05-28 06:00:21.380,0,-0.0010873144368606,0.0001388248733368,1.0,
2021-05-28 06:00:21.390,0,-0.0001360986622971,1.6383207715743693e-05,1.0,
2021-05-28 06:00:21.400,0,0.0017921714832177,0.0,1.0,
2021-05-28 06:00:21.410,0,-0.0019050887237049,0.0,1.0,
2021-05-28 06:00:21.420,0,0.0022607250642733,0.0,1.0,
2021-05-28 06:00:21.430,0,-0.0027847511367852,0.0,1.0,
2021-05-28 06:00:21.440,0,0.0026449295468679,0.0,1.0,
2021-05-28 06:00:21.450,0,-0.0040077838461233,0.0,1.0,
2021-05-28 06:00:21.460,0,-0.0053325734531361,0.0,1.0,
2021-05-28 06:00:21.470,0,-0.0031332480479481,0.0,1.0,
2021-05-28 06:00:21.480,0,0.0005483164279537,0.0,1.0,
2021-05-28 06:00:21.490,0,0.0050578527475672,0.0,1.0,
2021-05-28 06:00:21.500,0,-0.0024742663193600004,0.0,1.0,
2021-05-28 06:00:21.510,0,0.0026813883397877,0.0,1.0,
2021-05-28 06:00:21.520,0,0.0004292331744204,0.0,1.0,
2021-05-28 06:00:21.530,0,-0.0007064966732372,0.0,1.0,
2021-05-28 06:00:21.540,0,-0.0019673037972759,0.0,1.0,
2021-05-28 06:00:21.550,0,-0.0089709682043944,0.0,1.0,
2021-05-28 06:00:21.560,0,-0.0031115261132505,0.0,1.0,
2021-05-28 06:00:21.570,0,0.0024431225415787,0.0,1.0,
2021-05-28 06:00:21.580,0,0.0027955320340009,0.0,1.0,
2021-05-28 06:00:21.590,0,0.0033092732677724,0.0,1.0,
2021-05-28 06:00:21.600,0,0.0004915368837137,0.0,1.0,
2021-05-28 06:00:21.610,0,-0.0073916443782946,0.0,1.0,
2021-05-28 06:00:21.620,0,2.743163526384421e-05,0.0,1.0,
2021-05-28 06:00:21.630,0,0.0012016575042074,0.0,1.0,
2021-05-28 06:00:21.640,0,0.0013783542723144,0.0,1.0,
2021-05-28 06:00:21.650,0,-0.0060438117472107,0.0,1.0,
2021-05-28 06:00:21.660,0,0.0046722743494745,0.0,1.0,
2021-05-28 06:00:21.670,0,-0.0001277715834369,0.0,1.0,
2021-05-28 06:00:21.680,0,-0.0003427314323327,0.0,1.0,
2021-05-28 06:00:21.690,0,0.0041700607600704,0.0,1.0,
2021-05-28 06:00:21.700,0,-0.0063882376451375,0.0,1.0,
2021-05-28 06:00:21.710,0,0.0019260701007984,0.0,1.0,
2021-05-28 06:00:21.720,0,-0.0021223855578629,0.0,1.0,
2021-05-28 06:00:21.730,0,0.0012009780385314,0.0,1.0,
2021-05-28 06:00:21.740,0,-0.003461429049334,0.0,1.0,
2021-05-28 06:00:21.750,0,0.0091858101232804,0.0,1.0,
2021-05-28 06:00:21.760,0,-0.0021818299675605,0.0,1.0,
2021-05-28 06:00:21.770,0,0.0029036496668739,0.0,1.0,
2021-05-28 06:00:21.780,0,-0.0031376116686679,0.0,1.0,
2021-05-28 06:00:21.790,0,0.0069605813688421,0.0,1.0,
2021-05-28 06:00:21.800,0,0.0039824744222765,0.0,1.0,
2021-05-28 06:00:21.810,0,-0.0016034078693174,0.0,1.0,
2021-05-28 06:00:21.820,0,0.0065428003921368,0.0,1.0,
2021-05-28 06:00:21.830,0,-0.0008628823559724,0.0,1.0,
2021-05-28 06:00:21.840,0,-0.0024024731905516,0.0,1.0,
2021-05-28 06:00:21.850,0,0.0017294192818736,0.0,1.0,
2021-05-28 06:00:21.860,0,0.0052726010967477,0.0,1.0,
2021-05-28 06:00:21.870,0,-0.0007186709112639,0.0,1.0,
2021-05-28 06:00:21.880,0,0.0048560397974743,0.0,1.0,
2021-05-28 06:00:21.890,0,-0.0028466443542709,0.0,1.0,
2021-05-28 06:00:21.900,0,0.0013386352259253,0.0,1.0,
2021-05-28 06:00:21.910,0,0.0038587254935976,0.0,1.0,
2021-05-28 06:00:21.920,0,0.0008764673271808,1.1960833486738969e-06,1.0,
2021-05-28 06:00:21.930,0,0.0017274943846052,3.115249467970794e-06,1.0,
2021-05-28 06:00:21.940,0,-0.0017768031572249,4.6521593313303616e-06,1.0,
2021-05-28 06:00:21.950,0,-0.0036154959537414,6.009470987481723e-06,1.0,
2021-05-28 06:00:21.960,0,0.0019932392930826,7.1183319984158495e-06,1.0,
2021-05-28 06:00:21.970,0,-0.0033602690264345,8.027943501793581e-06,1.0,
2021-05-28 06:00:21.980,0,-0.0026647180079567,8.625976562775506e-06,1.0,
2021-05-28 06:00:21.990,0,-0.0033254976021497,9.17753171429261e-06,1.0,
2021-05-28 06:00:22.000,0,-0.0016608715106553,9.510362187506813e-06,1.0,
2021-05-28 06:00:22.010,0,-0.0030404987464005,9.7728159461899e-06,1.0,
2021-05-28 06:00:22.020,0,0.0064671205060422,9.91882840528522e-06,1.0,
2021-05-28 06:00:22.030,0,-0.0028075673670362,9.921014961791092e-06,1.0,
2021-05-28 06:00:22.040,0,-0.0016685978989003,9.865318385982427e-06,1.0,
2021-05-28 06:00:22.050,0,-0.0059057065232546,9.682886482660603e-06,1.0,
2021-05-28 06:00:22.060,0,-0.0022082301467126,9.46451805054663e-06,1.0,
2021-05-28 06:00:22.070,0,0.0007135977637874,9.128261912895026e-06,1.0,
2021-05-28 06:00:22.080,0,0.0040675937317775,8.941236010727459e-06,1.0,
2021-05-28 06:00:22.090,0,-0.0045135684582455,8.601751448500819e-06,1.0,
2021-05-28 06:00:22.100,0,0.0028371063342114,8.239976044177285e-06,1.0,
2021-05-28 06:00:22.110,0,-0.003091368654221,7.812711756735992e-06,1.0,
2021-05-28 06:00:22.120,0,0.0056450694311169,7.377250869408414e-06,1.0,
2021-05-28 06:00:22.130,0,0.0029873358586335,6.951383900454058e-06,1.0,
2021-05-28 06:00:22.140,0,-0.0044390131844666,6.6205095941618445e-06,1.0,
2021-05-28 06:00:22.150,0,0.0035481649075829,6.142074027297163e-06,1.0,
2021-05-28 06:00:22.160,0,0.0027084731306231,5.7738953978122885e-06,1.0,
2021-05-28 06:00:22.170,0,0.00120551654199,5.401520475697008e-06,1.0,
2021-05-28 06:00:22.180,0,-0.0025070648874605,5.025577478038355e-06,1.0,
2021-05-28 06:00:22.190,0,-0.0015245743210371,4.6374468529125806e-06,1.0,
2021-05-28 06:00:22.200,0,0.0024553403130415,4.281002403153852e-06,1.0,
2021-05-28 06:00:22.210,0,0.000833224073624,3.913097301432206e-06,1.0,
2021-05-28 06:00:22.220,0,0.002330812547968,3.5480837122903177e-06,1.0,
2021-05-28 06:00:22.230,0,-0.0039527334751885,3.2948041525251075e-06,1.0,
2021-05-28 06:00:22.240,0,-0.0038769519800639,2.966146027328316e-06,1.0,
2021-05-28 06:00:22.250,0,-0.0018128882358971,2.6597633959000528e-06,1.0,
2021-05-28 06:00:22.260,0,0.0038005666065949,2.4105287057570546e-06,1.0,
2021-05-28 06:00:22.270,0,0.0037253186165775,2.1553798789203998e-06,1.0,
2021-05-28 06:00:22.280,0,-0.0016502982635038,1.9145574950372897e-06,1.0,
2021-05-28 06:00:22.290,0,0.0031737460431845,1.6989443498174713e-06,1.0,
2021-05-28 06:00:22.300,0,-3.0390368070426008e-05,1.4942906395537305e-06,1.0,
2021-05-28 06:00:22.310,0,-0.0010658477596774,1.3108143638690187e-06,1.0,
2021-05-28 06:00:22.320,0,-0.0021170243070016,1.1350283835765805e-06,1.0,
2021-05-28 06:00:22.330,0,-0.0027043959982145,9.782241505321456e-07,1.0,
2021-05-28 06:00:22.340,0,-0.0033555958076358,8.39287879819353e-07,1.0,
2021-05-28 06:00:22.350,0,-0.0022000332849793,7.081567430611164e-07,1.0,
2021-05-28 06:00:22.360,0,0.0013332698186603,5.83980335625145e-07,1.0,
2021-05-28 06:00:22.370,0,-0.0035024375456493,4.700726898408642e-07,1.0,
2021-05-28 06:00:22.380,0,-0.0017572827161032,3.798167860945671e-07,1.0,
2021-05-28 06:00:22.390,0,-0.0010371862283717,2.9436986379372005e-07,1.0,
2021-05-28 06:00:22.400,0,0.0008661631882893,2.1617309607910686e-07,1.0,
2021-05-28 06:00:22.410,0,-0.0033005648340521,1.50356632147019e-07,1.0,
2021-05-28 06:00:22.420,0,0.0006635293306912,9.006651266002191e-08,1.0,
2021-05-28 06:00:22.430,0,0.0014891560435159,3.78536277604523e-08,1.0,
2021-05-28 06:00:22.440,0,-0.0028670012424621,0.0,1.0,
2021-05-28 06:00:22.450,0,-0.0003329654091568,0.0,1.0,
2021-05-28 06:00:22.460,0,-0.0074541265023174,0.0,1.0,
2021-05-28 06:00:22.470,0,0.0043661256603555,0.0,1.0,
2021-05-28 06:00:22.480,0,-0.0029177431743049,0.0,1.0,
2021-05-28 06:00:22.490,0,-0.0016180839259681,0.0,1.0,
2021-05-28 06:00:22.500,0,-0.002466357536859,0.0,1.0,
2021-05-28 06:00:22.510,0,0.0002729574253214,0.0,1.0,
2021-05-28 06:00:22.520,0,0.0032978431806972,0.0,1.0,
2021-05-28 06:00:22.530,0,-0.0008682719230630003,0.0,1.0,
2021-05-28 06:00:22.540,0,0.0015387356367037,0.0,1.0,
2021-05-28 06:00:22.550,0,-0.0019834216709602,0.0,1.0,
2021-05-28 06:00:22.560,0,0.003201140715345,0.0,1.0,
2021-05-28 06:00:22.570,0,0.000796835953758,0.0,1.0,
2021-05-28 06:00:22.580,0,0.0064436768913775,0.0,1.0,
2021-05-28 06:00:22.590,0,0.0069676839416015,0.0,1.0,
2021-05-28 06:00:22.600,0,0.0002940689141207,0.0,1.0,
2021-05-28 06:00:22.610,0,-8.232634640967503e-05,0.0,1.0,
2021-05-28 06:00:22.620,0,0.0033093478078623,0.0,1.0,
2021-05-28 06:00:22.630,0,0.001358038722109,0.0,1.0,
2021-05-28 06:00:22.640,0,0.0033559979477039,0.0,1.0,
2021-05-28 06:00:22.650,0,0.0077062597808311,0.0,1.0,
2021-05-28 06:00:22.660,0,0.0037243382603674,0.0,1.0,
2021-05-28 06:00:22.670,0,0.0007812743550633,0.0,1.0,
2021-05-28 06:00:22.680,0,0.0014125013073928,0.0,1.0,
2021-05-28 06:00:22.690,0,0.0028932643884322,0.0,1.0,
2021-05-28 06:00:22.700,0,-0.0004605062194332,0.0,1.0,
2021-05-28 06:00:22.710,0,0.002560934633519,0.0,1.0,
2021-05-28 06:00:22.720,0,-0.0015880324284441,0.0,1.0,
2021-05-28 06:00:22.730,0,-0.0023685809773615,0.0,1.0,
2021-05-28 06:00:22.740,0,0.0012453206129377,0.0,1.0,
2021-05-28 06:00:22.750,0,-0.005425581963114999,0.0,1.0,
2021-05-28 06:00:22.760,0,-0.0002133143546752,0.0,1.0,
2021-05-28 06:00:22.770,0,0.0036743196116164,0.0,1.0,
2021-05-28 06:00:22.780,0,-0.0015628872158057,0.0,1.0,
2021-05-28 06:00:22.790,0,-0.0071209588357122,0.0,1.0,
2021-05-28 06:00:22.800,0,0.0031022137555121,0.0,1.0,
2021-05-28 06:00:22.810,0,0.0009045304345163,0.0,1.0,
2021-05-28 06:00:22.820,0,-0.0042385869988534,0.0,1.0,
2021-05-28 06:00:22.830,0,-0.0027330009565856,0.0,1.0,
2021-05-28 06:00:22.840,0,-0.0023315249554585,0.0,1.0,
2021-05-28 06:00:22.850,0,0.0027646654925126,0.0,1.0,
2021-05-28 06:00:22.860,0,-0.000494139523336,0.0,1.0,
2021-05-28 06:00:22.870,0,-0.0007497193276322,0.0,1.0,
2021-05-28 06:00:22.880,0,-0.0009527180901869,0.0,1.0,
2021-05-28 06:00:22.890,0,-0.0005809790596873,0.0,1.0,
2021-05-28 06:00:22.900,0,0.0004912160995351,0.0,1.0,
2021-05-28 06:00:22.910,0,-0.0020201307796864,0.0,1.0,
2021-05-28 06:00:22.920,0,0.0014230839826087,0.0,1.0,
2021-05-28 06:00:22.930,0,2.9677815610073248e-05,0.0,1.0,
2021-05-28 06:00:22.940,0,-0.0001985247072021,0.0,1.0,
2021-05-28 06:00:22.950,0,0.0011996287262607,0.0,1.0,
2021-05-28 06:00:22.960,0,-0.0039454601568614,0.0,1.0,
2021-05-28 06:00:22.970,0,-0.0005492026792087,7.495648963933618e-10,1.0,
2021-05-28 06:00:22.980,0,0.0009298204497999,1.450069730437611e-09,1.0,
2021-05-28 06:00:22.990,0,0.001627153041279,2.0506096200451907e-09,1.0,
2021-05-28 06:00:23.000,0,0.0024636030524728,2.547787121493077e-09,1.0,
2021-05-28 06:00:23.010,0,0.0006604949819744,2.952292986310221e-09,1.0,
2021-05-28 06:00:23.020,0,-0.0032255504274599,3.291689602580005e-09,1.0,
2021-05-28 06:00:23.030,0,0.0009295435033831,3.5346170434229747e-09,1.0,
2021-05-28 06:00:23.040,0,0.0062911333233371,3.7013111788450265e-09,1.0,
2021-05-28 06:00:23.050,0,-0.003867617892801,3.8380585241639076e-09,1.0,
2021-05-28 06:00:23.060,0,0.0028763259680995,3.941350306183917e-09,1.0,
2021-05-28 06:00:23.070,0,-0.0059369663390401,3.9774065244764624e-09,1.0,
2021-05-28 06:00:23.080,0,-0.0011276293582141,3.966617312809589e-09,1.0,
2021-05-28 06:00:23.090,0,-0.0022051889040343,3.955778108289501e-09,1.0,
2021-05-28 06:00:23.100,0,-0.0015500343155882,3.875570210746969e-09,1.0,
2021-05-28 06:00:23.110,0,0.0048855816036577,3.785958142613488e-09,1.0,
2021-05-28 06:00:23.120,0,0.0004685130080788,3.654966738923841e-09,1.0,
2021-05-28 06:00:23.130,0,0.0034158906928635,3.546825411891357e-09,1.0,
2021-05-28 06:00:23.140,0,-0.0019176047836568,3.421764284515184e-09,1.0,
2021-05-28 06:00:23.150,0,0.0014290333828356,3.245654202835857e-09,1.0,
2021-05-28 06:00:23.160,0,0.0004979048435224,3.104810574823448e-09,1.0,
2021-05-28 06:00:23.170,0,0.0048707268596855,2.948521206215324e-09,1.0,
2021-05-28 06:00:23.180,0,-9.330613313528745e-06,2.7774733709294373e-09,1.0,
2021-05-28 06:00:23.190,0,-0.0061764568002454,2.613998453821836e-09,1.0,
2021-05-28 06:00:23.200,0,-0.0060883037910139,2.455087157488522e-09,1.0,
2021-05-28 06:00:23.210,0,-0.0022251028163275,2.275483955119951e-09,1.0,
2021-05-28 06:00:23.220,0,0.0022321142432418,2.1192113368687574e-09,1.0,
2021-05-28 06:00:23.230,0,0.006758666363146999,1.9730600047439464e-09,1.0,
2021-05-28 06:00:23.240,0,0.0009799423471718,1.8223114191475767e-09,1.0,
2021-05-28 06:00:23.250,0,-0.0052951622259884,1.6683871464277467e-09,1.0,
2021-05-28 06:00:23.260,0,0.0029762547013284,1.5298687682491816e-09,1.0,
2021-05-28 06:00:23.270,0,-0.0019540431491361,1.3998880073405215e-09,1.0,
2021-05-28 06:00:23.280,0,0.0011611184381038,1.2757570411630114e-09,1.0,
2021-05-28 06:00:23.290,0,0.0003366642356843,1.1501790339541379e-09,1.0,
2021-05-28 06:00:23.300,0,-0.0003245894156833,1.0382872812087752e-09,1.0,
2021-05-28 06:00:23.310,0,-0.0004880483248705,9.34519394198304e-10,1.0,
2021-05-28 06:00:23.320,0,-0.0036396244373566,8.295670551007085e-10,1.0,
2021-05-28 06:00:23.330,0,0.0005122134683403,7.406598678183035e-10,1.0,
2021-05-28 06:00:23.340,0,-0.0035628274053694,6.518021223857408e-10,1.0,
2021-05-28 06:00:23.350,0,0.004649732666865,5.740257578158166e-10,1.0,
2021-05-28 06:00:23.360,0,-0.0020459976617637,5.021195173853332e-10,1.0,
2021-05-28 06:00:23.370,0,-7.286739537371271e-05,4.363707214141989e-10,1.0,
2021-05-28 06:00:23.380,0,0.0093716881470985,3.70554571025348e-10,1.0,
2021-05-28 06:00:23.390,0,-0.0032703832269726,3.123968478299288e-10,1.0,
2021-05-28 06:00:23.400,0,-0.0045228861224932,2.642274147794487e-10,1.0,
2021-05-28 06:00:23.410,0,0.0006718732974382,2.1704323037346302e-10,1.0,
2021-05-28 06:00:23.420,0,-0.0007162127568268,1.7619040270284722e-10,1.0,
2021-05-28 06:00:23.430,0,0.0085953562932636,1.3774734584847659e-10,1.0,
2021-05-28 06:00:23.440,0,0.0085405534187556,1.053110130687119e-10,1.0,
2021-05-28 06:00:23.450,0,-0.0008515423972604,7.513055850191933e-11,1.0,
2021-05-28 06:00:23.460,0,-0.0041004346880307,4.917465139448347e-11,1.0,
2021-05-28 06:00:23.470,0,0.0022881466960738,2.6120339901175645e-11,1.0,
2021-05-28 06:00:23.480,0,0.0028288750919959,6.257949984641189e-12,1.0,
2021-05-28 06:00:23.490,0,-0.0002397077808724,0.0,1.0,
2021-05-28 06:00:23.500,0,-0.0028932158327348,0.0,1.0,
2021-05-28 06:00:23.510,0,0.0032223614395312,0.0,1.0,
2021-05-28 06:00:23.520,0,0.0004864961294844,0.0,1.0,
2021-05-28 06:00:23.530,0,0.0019188994570092,0.0,1.0,
2021-05-28 06:00:23.540,0,-0.0005202378513021,0.0,1.0,
2021-05-28 06:00:23.550,0,0.0005731505111901,0.0,1.0,
2021-05-28 06:00:23.560,0,0.0007798185156279,0.0,1.0,
2021-05-28 06:00:23.570,0,0.0050360824307184,0.0,1.0,
2021-05-28 06:00:23.580,0,-0.0020589371135622,0.0,1.0,
2021-05-28 06:00:23.590,0,-0.0031799970944693,0.0,1.0,
2021-05-28 06:00:23.600,0,-0.0005443263349105,0.0,1.0,
2021-05-28 06:00:23.610,0,0.0050305365612642,0.0,1.0,
2021-05-28 06:00:23.620,0,0.005577515439922,0.0,1.0,
2021-05-28 06:00:23.630,0,-0.0046379668875745,0.0,1.0,
2021-05-28 06:00:23.640,0,0.000150775911163,0.0,1.0,
2021-05-28 06:00:23.650,0,0.0001645451438122,0.0,1.0,
2021-05-28 06:00:23.660,0,0.001365549674691,0.0,1.0,
2021-05-28 06:00:23.670,0,0.0001271623392376,0.0,1.0,
2021-05-28 06:00:23.680,0,0.0010031762169217,0.0,1.0,
2021-05-28 06:00:23.690,0,0.0010563618628306,0.0,1.0,
2021-05-28 06:00:23.700,0,-0.0014927475499121,0.0,1.0,
2021-05-28 06:00:23.710,0,-0.0038656396163016,0.0,1.0,
2021-05-28 06:00:23.720,0,-0.0043664162479725,0.0,1.0,
2021-05-28 06:00:23.730,0,-0.005137232257300999,0.0,1.0,
2021-05-28 06:00:23.740,0,0.0040522167144987,0.0,1.0,
2021-05-28 06:00:23.750,0,-0.0043051088607384,0.0,1.0,
2021-05-28 06:00:23.760,0,-0.0016424447304464,0.0,1.0,
2021-05-28 06:00:23.770,0,0.0006938274917510001,0.0,1.0,
2021-05-28 06:00:23.780,0,-0.0025899700162999,0.0,1.0,
2021-05-28 06:00:23.790,0,-0.0013232285141404,0.0,1.0,
2021-05-28 06:00:23.800,0,-0.0018402061588889,0.0,1.0,
2021-05-28 06:00:23.810,0,-0.0054661067596468,0.0,1.0,
2021-05-28 06:00:23.820,0,-0.0007341111126815,0.0,1.0,
2021-05-28 06:00:23.830,0,-0.0037189727566815,0.0,1.0,
2021-05-28 06:00:23.840,0,0.0050005597819869,0.0,1.0,
2021-05-28 06:00:23.850,0,-0.0022513862618461,0.0,1.0,
2021-05-28 06:00:23.860,0,0.002385821160208,0.0,1.0,
2021-05-28 06:00:23.870,0,0.0098014445378827,0.0,1.0,
2021-05-28 06:00:23.880,0,-0.0015070719830819,0.0,1.0,
2021-05-28 06:00:23.890,0,0.0025227163828356,0.0,1.0,
2021-05-28 06:00:23.900,0,-0.0055310540646724,0.0,1.0,
2021-05-28 06:00:23.910,0,-0.0054673367623303,0.0,1.0,
2021-05-28 06:00:23.920,0,-0.0026725973251547,0.0,1.0,
2021-05-28 06:00:23.930,0,-0.0006962456730209,0.0,1.0,
2021-05-28 06:00:23.940,0,0.0019655372391276,0.0,1.0,
2021-05-28 06:00:23.950,0,0.0034528555571456,0.0,1.0,
2021-05-28 06:00:23.960,0,-0.0041880371189351,0.0,1.0,
2021-05-28 06:00:23.970,0,0.0003407428290286,0.0,1.0,
2021-05-28 06:00:23.980,0,0.0015067511628885,0.0,1.0,
2021-05-28 06:00:23.990,0,-0.0004672722892354,0.0,1.0,
2021-05-28 06:00:24.000,0,0.0032147780081886,0.0,1.0,
2021-05-28 06:00:24.010,0,0.0002532722268674,1.3467923922823337e-13,1.0,
2021-05-28 06:00:24.020,0,-0.0032124721522569,4.4652988805328114e-13,1.0,
2021-05-28 06:00:24.030,0,0.0010689358420406,7.106823620518413e-13,1.0,
2021-05-28 06:00:24.040,0,-0.0070123083373321,9.320919225663482e-13,1.0,
2021-05-28 06:00:24.050,0,0.0001465125856722,1.1147099153502137e-12,1.0,
2021-05-28 06:00:24.060,0,0.0028011078133265,1.2563683254422794e-12,1.0,
2021-05-28 06:00:24.070,0,0.0033111361943885,1.3836706327582195e-12,1.0,
2021-05-28 06:00:24.080,0,-0.0026052478792969,1.459920259779839e-12,1.0,
2021-05-28 06:00:24.090,0,-0.0020420880828867,1.526448766532324e-12,1.0,
2021-05-28 06:00:24.100,0,0.001343095311208,1.5740901173910104e-12,1.0,
2021-05-28 06:00:24.110,0,-0.0042847854653183,1.5858766208626405e-12,1.0,
2021-05-28 06:00:24.120,0,0.0016802121431781,1.6019890223058103e-12,1.0,
2021-05-28 06:00:24.130,0,0.0049987237085858,1.5945994222677685e-12,1.0,
2021-05-28 06:00:24.140,0,0.0018611633756983,1.5667991669189162e-12,1.0,
2021-05-28 06:00:24.150,0,0.0056102731086529,1.5410336755671376e-12,1.0,
2021-05-28 06:00:24.160,0,-0.0008646673829951,1.5086257804045214e-12,1.0,
2021-05-28 06:00:24.170,0,-0.0011067296056041,1.4555394557969172e-12,1.0,
2021-05-28 06:00:24.180,0,-0.0044827164932677,1.3971842344439222e-12,1.0,
2021-05-28 06:00:24.190,0,0.0009565678836471,1.3436658140917749e-12,1.0,
2021-05-28 06:00:24.200,0,-0.0035578408491251,1.2835274145740908e-12,1.0,
2021-05-28 06:00:24.210,0,0.004313828654587,1.2143958864432517e-12,1.0,
2021-05-28 06:00:24.220,0,-0.0027381890903495,1.1522527138605675e-12,1.0,
2021-05-28 06:00:24.230,0,-0.0033981871160779,1.0902283060843223e-12,1.0,
2021-05-28 06:00:24.240,0,0.0014505137692449,1.0323617391825407e-12,1.0,
2021-05-28 06:00:24.250,0,-0.0015886689924720005,9.672755349469147e-13,1.0,
2021-05-28 06:00:24.260,0,-0.0005567008964748,8.832920244249764e-13,1.0,
2021-05-28 06:00:24.270,0,-0.0051585484680897,8.27481548457805e-13,1.0,
2021-05-28 06:00:24.280,0,-0.0023128648823075,7.633212699995238e-13,1.0,
2021-05-28 06:00:24.290,0,-0.003036079717418,7.043727948340378e-13,1.0,
2021-05-28 06:00:24.300,0,-0.002873558198388,6.439598719465224e-13,1.0,
2021-05-28 06:00:24.310,0,-0.0053563424675111,5.96834911709247e-13,1.0,
2021-05-28 06:00:24.320,0,-0.0003814805716714,5.422566050208421e-13,1.0,
2021-05-28 06:00:24.330,0,0.0012227244617539,4.927667133785369e-13,1.0,
2021-05-28 06:00:24.340,0,0.0064775139131546,4.459648118138666e-13,1.0,
2021-05-28 06:00:24.350,0,-0.0002136599966004,4.00625388448701e-13,1.0,
2021-05-28 06:00:24.360,0,-0.0042558415015571,3.5938943648262603e-13,1.0,
2021-05-28 06:00:24.370,0,0.0004014194434832,3.2021907101018453e-13,1.0,
2021-05-28 06:00:24.380,0,-0.004633843181467,2.824285812933891e-13,1.0,
2021-05-28 06:00:24.390,0,-0.0022287380247151,2.467863501470698e-13,1.0,
2021-05-28 06:00:24.400,0,-0.0033567754778693,2.175754975237899e-13,1.0,
2021-05-28 06:00:24.410,0,0.0043676100669807,1.8915639434920937e-13,1.0,
2021-05-28 06:00:24.420,0,0.0028969002670573,1.6322894969057725e-13,1.0,
2021-05-28 06:00:24.430,0,0.004178699021372,1.3952058355926166e-13,1.0,
2021-05-28 06:00:24.440,0,0.0023996726065154,1.173875298318471e-13,1.0,
2021-05-28 06:00:24.450,0,0.0033663076811891,9.77729212084072e-14,1.0,
2021-05-28 06:00:24.460,0,-0.0016313596522915,8.008449779054802e-14,1.0,
2021-05-28 06:00:24.470,0,0.0064561836405817,6.358168559054577e-14,1.0,
2021-05-28 06:00:24.480,0,-0.0030349338295919,4.924625453520308e-14,1.0,
2021-05-28 06:00:24.490,0,0.0008937222496799,3.6526192648571776e-14,1.0,
2021-05-28 06:00:24.500,0,0.0029573053849177,2.5145324966305155e-14,1.0,
2021-05-28 06:00:24.510,0,0.002738461058201,1.5224093851770112e-14,1.0,
2021-05-28 06:00:24.520,0,-0.0008111206735781,6.605318385501924e-15,1.0,
2021-05-28 06:00:24.530,0,-0.0057653261871666,0.0,1.0,
2021-05-28 06:00:24.540,0,0.0049951899301782,0.0,1.0,
2021-05-28 06:00:24.550,0,-0.0030642403315578,0.0,1.0,
2021-05-28 06:00:24.560,0,0.0037222204645681,0.0,1.0,
2021-05-28 06:00:24.570,0,0.0050556232265651,0.0,1.0,
2021-05-28 06:00:24.580,0,0.0071554950042203,0.0,1.0,
2021-05-28 06:00:24.590,0,-0.0043837357838938,0.0,1.0,
2021-05-28 06:00:24.600,0,-0.0009092536641141,0.0,1.0,
2021-05-28 06:00:24.610,0,-0.00201323840837,0.0,1.0,
2021-05-28 06:00:24.620,0,0.0033715197633883,0.0,1.0,
2021-05-28 06:00:24.630,0,-7.300884867826619e-05,0.0,1.0,
2021-05-28 06:00:24.640,0,0.0017771418186844,0.0,1.0,
2021-05-28 06:00:24.650,0,0.0045232083625023,0.0,1.0,
2021-05-28 06:00:24.660,0,0.0036743885519833,0.0,1.0,
2021-05-28 06:00:24.670,0,-0.000921573450277,0.0,1.0,
2021-05-28 06:00:24.680,0,0.0012885265089355,0.0,1.0,
2021-05-28 06:00:24.690,0,-0.0019493512051794,0.0,1.0,
2021-05-28 06:00:24.700,0,0.0010051046083667,0.0,1.0,
2021-05-28 06:00:24.710,0,-0.0012331766335088,0.0,1.0,
2021-05-28 06:00:24.720,0,0.000288771560787,0.0,1.0,
2021-05-28 06:00:24.730,0,0.0005915833080319999,0.0,1.0,
2021-05-28 06:00:24.740,0,-0.0069869767406505,0.0,1.0,
2021-05-28 06:00:24.750,0,-0.0017247446572027,0.0,1.0,
2021-05-28 06:00:24.760,0,-0.0036225923974133,0.0,1.0,
2021-05-28 06:00:24.770,0,0.0033048763152279,0.0,1.0,
2021-05-28 06:00:24.780,0,0.0002153471958155,0.0,1.0,
2021-05-28 06:00:24.790,0,-0.0021620980373422,0.0,1.0,
2021-05-28 06:00:24.800,0,0.0018387964343791,0.0,1.0,
2021-05-28 06:00:24.810,0,0.0016850774179536,0.0,1.0,
2021-05-28 06:00:24.820,0,-0.0005677318967663,0.0,1.0,
2021-05-28 06:00:24.830,0,-0.0016936050307501,0.0,1.0,
2021-05-28 06:00:24.840,0,-0.0038439175215595,0.0,1.0,
2021-05-28 06:00:24.850,0,0.0006773530087217,0.0,1.0,
2021-05-28 06:00:24.860,0,0.003632544474856,0.0,1.0,
2021-05-28 06:00:24.870,0,0.0013312369228362,0.0,1.0,
2021-05-28 06:00:24.880,0,0.0002196299215469,0.0,1.0,
2021-05-28 06:00:24.890,0,-0.0022433179296472,0.0,1.0,
2021-05-28 06:00:24.900,0,0.0006421843031308,0.0,1.0,
2021-05-28 06:00:24.910,0,-0.0012368446449804,0.0,1.0,
2021-05-28 06:00:24.920,0,0.0077181737859865,0.0,1.0,
2021-05-28 06:00:24.930,0,-0.0055322761780838,0.0,1.0,
2021-05-28 06:00:24.940,0,-0.0041280096229932,0.0,1.0,
2021-05-28 06:00:24.950,0,0.0020376116629107,0.0,1.0,
2021-05-28 06:00:24.960,0,-0.0035981325492747,0.0,1.0,
2021-05-28 06:00:24.970,0,0.0027231130727793,0.0,1.0,
2021-05-28 06:00:24.980,0,-0.0023481723414111,0.0,1.0,
2021-05-28 06:00:24.990,0,-0.0009011581094839,0.0,1.0,
2021-05-28 06:00:25.000,0,-0.0061479716423615,0.0,1.0,
2021-05-28 06:00:25.010,0,-0.0022917335812444,0.0,1.0,
2021-05-28 06:00:25.020,0,0.0041621605358324,0.0,1.0,
2021-05-28 06:00:25.030,0,0.0006074355815136,0.0,1.0,
2021-05-28 06:00:25.040,0,-0.0027052366108566,0.0,1.0,
2021-05-28 06:00:25.050,0,-0.0005894248371454,0.0,1.0,
2021-05-28 06:00:25.060,0,0.0030286623217775,1.1267100953040758e-16,1.0,
2021-05-28 06:00:25.070,0,-0.0038701712856286,2.2432614304921393e-16,1.0,
2021-05-28 06:00:25.080,0,-0.0014242989634258,3.215415103460293e-16,1.0,
2021-05-28 06:00:25.090,0,0.0020654648668079,3.960424418904705e-16,1.0,
2021-05-28 06:00:25.100,0,-0.0025587193837719,4.602028382718476e-16,1.0,
2021-05-28 06:00:25.110,0,0.0025323444460718,5.15412249970074e-16,1.0,
2021-05-28 06:00:25.120,0,-0.0027972310486404,5.544510845813205e-16,1.0,
2021-05-28 06:00:25.130,0,0.0015036112805873,5.806210888939023e-16,1.0,
2021-05-28 06:00:25.140,0,-6.771729384942988e-05,6.094501760435108e-16,1.0,
2021-05-28 06:00:25.150,0,-0.0012644175997851,6.14042568699859e-16,1.0,
2021-05-28 06:00:25.160,0,0.002287663179896,6.198748601224028e-16,1.0,
2021-05-28 06:00:25.170,0,-0.0021829740035348,6.223926951764785e-16,1.0,
2021-05-28 06:00:25.180,0,-0.0033412275066994,6.106825442171191e-16,1.0,
2021-05-28 06:00:25.190,0,0.0014138110842325,6.045091625557494e-16,1.0,
2021-05-28 06:00:25.200,0,-0.0030145031794571,5.924939479591129e-16,1.0,
2021-05-28 06:00:25.210,0,-0.0040864758397854,5.668795013435867e-16,1.0,
2021-05-28 06:00:25.220,0,0.0008387337299307,5.524502432671528e-16,1.0,
2021-05-28 06:00:25.230,0,-0.0005046636165379,5.332443903341641e-16,1.0,
2021-05-28 06:00:25.240,0,-0.0015540071167008,5.104115606486505e-16,1.0,
2021-05-28 06:00:25.250,0,-0.0044105331250478,4.869821731932304e-16,1.0,
2021-05-28 06:00:25.260,0,7.189727263968979e-05,4.626250677852613e-16,1.0,
2021-05-28 06:00:25.270,0,0.0034046918820591,4.3907965612161056e-16,1.0,
2021-05-28 06:00:25.280,0,0.0018658476615861,4.0784359833623366e-16,1.0,
2021-05-28 06:00:25.290,0,0.0048137059558972,3.856573555555412e-16,1.0,
2021-05-28 06:00:25.300,0,-0.0016322903689702,3.614731019388906e-16,1.0,
2021-05-28 06:00:25.310,0,0.0016508337360334,3.335839632370865e-16,1.0,
2021-05-28 06:00:25.320,0,0.003228622707763,3.110826647974745e-16,1.0,
2021-05-28 06:00:25.330,0,0.0055452573852703,2.8680529701249967e-16,1.0,
2021-05-28 06:00:25.340,0,-0.0037696286735609,2.633410698155825e-16,1.0,
2021-05-28 06:00:25.350,0,0.0013174012442833,2.4320590406343067e-16,1.0,
2021-05-28 06:00:25.360,0,-0.0030236214838892,2.197390022077721e-16,1.0,
2021-05-28 06:00:25.370,0,0.0031043486590887,1.9933803959308268e-16,1.0,
2021-05-28 06:00:25.380,0,0.0021948935567443,1.81744025817626e-16,1.0,
2021-05-28 06:00:25.390,0,-0.0030238334494348,1.6505177823704612e-16,1.0,
2021-05-28 06:00:25.400,0,-0.0042826990206621,1.4698410343357707e-16,1.0,
2021-05-28 06:00:25.410,0,0.0006967936338878,1.318976769186589e-16,1.0,
2021-05-28 06:00:25.420,0,0.0003719570251161,1.1700865979315406e-16,1.0,
2021-05-28 06:00:25.430,0,-0.0037276731863024,1.0402829728223052e-16,1.0,
2021-05-28 06:00:25.440,0,0.0015609293664591,9.063399578926395e-17,1.0,
2021-05-28 06:00:25.450,0,0.0008755463246961,7.952772344403518e-17,1.0,
2021-05-28 06:00:25.460,0,-0.0005389053229423,6.87970119161175e-17,1.0,
2021-05-28 06:00:25.470,0,0.0001830956098225,5.853545921985621e-17,1.0,
2021-05-28 06:00:25.480,0,-0.0022273362139355,5.035072543305076e-17,1.0,
2021-05-28 06:00:25.490,0,-0.00446161582944,4.1952711180648626e-17,1.0,
2021-05-28 06:00:25.500,0,-0.0019902308768704,3.464125083072778e-17,1.0,
2021-05-28 06:00:25.510,0,0.0016294760907939,2.792583890713319e-17,1.0,
2021-05-28 06:00:25.520,0,-0.0038714176021737,2.2070806905870198e-17,1.0,
2021-05-28 06:00:25.530,0,-0.0001717523091035,1.6789262440277622e-17,1.0,
2021-05-28 06:00:25.540,0,-0.0042850471922933,1.2129269255850111e-17,1.0,
2021-05-28 06:00:25.550,0,0.0020018581040973,7.958205617883261e-18,1.0,
2021-05-28 06:00:25.560,0,-0.0013519487513168,4.2988838510543455e-18,1.0,
2021-05-28 06:00:25.570,0,-0.0022996470401728,1.1114281939874526e-18,1.0,
2021-05-28 06:00:25.580,0,0.0004193609622379,0.0,1.0,
2021-05-28 06:00:25.590,0,-0.0028197754822435,0.0,1.0,
2021-05-28 06:00:25.600,0,0.0016219051865622,0.0,1.0,
2021-05-28 06:00:25.610,0,-0.0052225549694858,0.0,1.0,
2021-05-28 06:00:25.620,0,0.00200787483896,0.0,1.0,
2021-05-28 06:00:25.630,0,0.0052902422574556,0.0,1.0,
2021-05-28 06:00:25.640,0,-0.0037107365295052,0.0,1.0,
2021-05-28 06:00:25.650,0,0.0064839390041997,0.0,1.0,
2021-05-28 06:00:25.660,0,-0.0021833687152422,0.0,1.0,
2021-05-28 06:00:25.670,0,0.0084446313080242,0.0,1.0,
2021-05-28 06:00:25.680,0,-0.0029021419158695,0.0,1.0,
2021-05-28 06:00:25.690,0,0.0027860302796214,0.0,1.0,
2021-05-28 06:00:25.700,0,0.0031912694153136,0.0,1.0,
2021-05-28 06:00:25.710,0,0.0019094611935547,0.0,1.0,
2021-05-28 06:00:25.720,0,-0.0016249999974473,0.0,1.0,
2021-05-28 06:00:25.730,0,0.0005587997873987,0.0,1.0,
2021-05-28 06:00:25.740,0,-0.0003506387915598,0.0,1.0,
2021-05-28 06:00:25.750,0,0.0022449952446348,0.0,1.0,
2021-05-28 06:00:25.760,0,-0.0016659302414466,0.0,1.0,
2021-05-28 06:00:25.770,0,-0.0011404745266507,0.0,1.0,
2021-05-28 06:00:25.780,0,-0.0008041324378203,0.0,1.0,
2021-05-28 06:00:25.790,0,0.0032528602127288,0.0,1.0,
2021-05-28 06:00:25.800,0,0.0023460507437538,0.0,1.0,
2021-05-28 06:00:25.810,0,-0.0001625985373702,0.0,1.0,
2021-05-28 06:00:25.820,0,0.0064557217651028,0.0,1.0,
2021-05-28 06:00:25.830,0,-0.0059513255753568,0.0,1.0,
2021-05-28 06:00:25.840,0,0.0001548548628346,0.0,1.0,
2021-05-28 06:00:25.850,0,0.0005726174252890001,0.0,1.0,
2021-05-28 06:00:25.860,0,-0.0015518403634465,0.0,1.0,
2021-05-28 06:00:25.870,0,-0.0011158928402801,0.0,1.0,
2021-05-28 06:00:25.880,0,0.0012021342601115,0.0,1.0,
2021-05-28 06:00:25.890,0,0.0003876849750857,0.0,1.0,
2021-05-28 06:00:25.900,0,0.0023883013557920003,0.0,1.0,
2021-05-28 06:00:25.910,0,0.0029736584526837,0.0,1.0,
2021-05-28 06:00:25.920,0,-0.0025150336011838,0.0,1.0,
2021-05-28 06:00:25.930,0,-0.0019634868782564,0.0,1.0,
2021-05-28 06:00:25.940,0,0.004715050932073,0.0,1.0,
2021-05-28 06:00:25.950,0,0.0062247903717386,0.0,1.0,
2021-05-28 06:00:25.960,0,-0.0026806460123884,0.0,1.0,
2021-05-28 06:00:25.970,0,-0.0055433680931757,0.0,1.0,
2021-05-28 06:00:25.980,0,-0.0058196907272333,0.0,1.0,
2021-05-28 06:00:25.990,0,0.0022266332270620003,0.0,1.0,
2021-05-28 06:00:26.000,1,0.0039157141436614,0.0,1.0,
2021-05-28 06:00:26.010,1,0.0081815010233391,0.0,1.0,
2021-05-28 06:00:26.020,1,-0.0008923624901397,0.0,1.0,
2021-05-28 06:00:26.030,1,-0.0023230273451962,0.0,1.0,
2021-05-28 06:00:26.040,1,0.0007455764606558,0.0,1.0,
2021-05-28 06:00:26.050,0,-0.0013376988126485,0.0,1.0,
2021-05-28 06:00:26.060,0,0.0008939323350763,0.0,1.0,
2021-05-28 06:00:26.070,0,-0.0038033042505654,0.0,1.0,
2021-05-28 06:00:26.080,0,0.0030430598167972,0.0,1.0,
2021-05-28 06:00:26.090,0,0.0017591445360558,0.0,1.0,
2021-05-28 06:00:26.100,0,-0.0049604843736677,1.8389887977100495e-20,1.0,
2021-05-28 06:00:26.110,0,-0.0007794675209866,6.578524236303513e-20,1.0,
2021-05-28 06:00:26.120,0,-0.001392483376688,1.0685875457887499e-19,1.0,
2021-05-28 06:00:26.130,0,0.0016798710295006,1.4010691370008875e-19,1.0,
2021-05-28 06:00:26.140,0,-0.0058294440542694,1.6804521007948442e-19,1.0,
2021-05-28 06:00:26.150,0,-0.0014614564446589,1.915195465789719e-19,1.0,
2021-05-28 06:00:26.160,0,0.0029644902428173,2.0826002238700046e-19,1.0,
2021-05-28 06:00:26.170,0,0.0011130709749054,2.2227575554800266e-19,1.0,
2021-05-28 06:00:26.180,0,-0.0009843503763655,2.34989077540862e-19,1.0,
2021-05-28 06:00:26.190,0,-0.0085092275135196,2.3840999171673126e-19,1.0,
2021-05-28 06:00:26.200,0,-0.0002307872648556,2.415754797624419e-19,1.0,
2021-05-28 06:00:26.210,0,-0.0002354744693219,2.452406441178775e-19,1.0,
2021-05-28 06:00:26.220,0,-0.0012303565478297,2.408610899465195e-19,1.0,
2021-05-28 06:00:26.230,0,-0.0016593771962717,2.389929231008857e-19,1.0,
2021-05-28 06:00:26.240,0,0.0032845919044252,2.3568461494644763e-19,1.0,
2021-05-28 06:00:26.250,0,-0.0047331982421257,2.2509737953187483e-19,1.0,
2021-05-28 06:00:26.260,0,0.0015329606097639,2.2092134149518477e-19,1.0,
2021-05-28 06:00:26.270,0,0.0002087262924826,2.1291467829700933e-19,1.0,
2021-05-28 06:00:26.280,0,-0.0005725144651176,2.0588732403227686e-19,1.0,
2021-05-28 06:00:26.290,0,0.0012341487831742,1.9438476028453281e-19,1.0,
2021-05-28 06:00:26.300,0,0.0018848095088378,1.8508773765191424e-19,1.0,
2021-05-28 06:00:26.310,0,0.0030171404429715,1.758898711727536e-19,1.0,
2021-05-28 06:00:26.320,0,-0.0022985493230516,1.6608453452862082e-19,1.0,
2021-05-28 06:00:26.330,0,-0.0026566075297362,1.5605505997677e-19,1.0,
2021-05-28 06:00:26.340,0,0.0021222920253784,1.455402691843922e-19,1.0,
2021-05-28 06:00:26.350,0,-0.0014034599236281,1.3536971605240445e-19,1.0,
2021-05-28 06:00:26.360,0,-0.0025587067699367,1.2680926345605742e-19,1.0,
2021-05-28 06:00:26.370,0,-0.0014941621746315,1.1657486931165243e-19,1.0,
2021-05-28 06:00:26.380,0,-0.0019950726791655,1.090146735832135e-19,1.0,
2021-05-28 06:00:26.390,0,0.0001892722488523,9.954548266015687e-20,1.0,
2021-05-28 06:00:26.400,0,0.003498431311443,9.102435805129648e-20,1.0,
2021-05-28 06:00:26.410,0,-0.0009317183368113,8.315190549307856e-20,1.0,
2021-05-28 06:00:26.420,0,0.0007484066459470001,7.531708105053891e-20,1.0,
2021-05-28 06:00:26.430,0,-0.0011448342903272,6.78521538231587e-20,1.0,
2021-05-28 06:00:26.440,0,0.0022253351905779,6.163094105108072e-20,1.0,
2021-05-28 06:00:26.450,0,0.0008170742933982,5.47250753641855e-20,1.0,
2021-05-28 06:00:26.460,0,-0.0067687925147083,4.92096061889836e-20,1.0,
2021-05-28 06:00:26.470,0,0.0009141831276741,4.3406401589561895e-20,1.0,
2021-05-28 06:00:26.480,0,0.0064430337194508,3.858075787464841e-20,1.0,
2021-05-28 06:00:26.490,0,0.0028587227617572,3.3781182975076824e-20,1.0,
2021-05-28 06:00:26.500,0,0.0008269846339387,2.934498543197263e-20,1.0,
2021-05-28 06:00:26.510,0,0.0036540428383833,2.5173777029740803e-20,1.0,
2021-05-28 06:00:26.520,0,0.0035289126758705,2.1545481806527686e-20,1.0,
2021-05-28 06:00:26.530,0,0.0023981049182235,1.8122529262880127e-20,1.0,
2021-05-28 06:00:26.540,0,-0.0032180336135453,1.521381728182775e-20,1.0,
2021-05-28 06:00:26.550,0,0.000615525001594,1.2430792955607344e-20,1.0,
2021-05-28 06:00:26.560,0,0.0003024938917633,9.957044986499824e-21,1.0,
2021-05-28 06:00:26.570,0,0.0015210115165157,7.747907510905948e-21,1.0,
2021-05-28 06:00:26.580,0,-0.0010803973178885,5.72332557475089e-21,1.0,
2021-05-28 06:00:26.590,0,0.0099306085857223,3.957556488166973e-21,1.0,
2021-05-28 06:00:26.600,0,0.0046125177386221,2.4314875819655542e-21,1.0,
2021-05-28 06:00:26.610,0,0.0018405316147517,1.0785650573110307e-21,1.0,
2021-05-28 06:00:26.620,0,-0.0010262194847235,0.0,1.0,
2021-05-28 06:00:26.630,0,0.0036130438506838,0.0,1.0,
2021-05-28 06:00:26.640,0,-0.0025324203884349,0.0,1.0,
2021-05-28 06:00:26.650,0,-0.002898059393517,0.0,1.0,
2021-05-28 06:00:26.660,0,0.0031395001339386,0.0,1.0,
2021-05-28 06:00:26.670,0,0.0038789459996931,0.0,1.0,
2021-05-28 06:00:26.680,0,0.0056714831921349,0.0,1.0,
2021-05-28 06:00:26.690,0,-8.724852978107124e-05,0.0,1.0,
2021-05-28 06:00:26.700,0,0.0012448857778543,0.0,1.0,
2021-05-28 06:00:26.710,0,0.0006932259143166,0.0,1.0,
2021-05-28 06:00:26.720,0,-0.006408551313784,0.0,1.0,
2021-05-28 06:00:26.730,0,-0.0045714321886318,0.0,1.0,
2021-05-28 06:00:26.740,0,0.0050963785526857,0.0,1.0,
2021-05-28 06:00:26.750,0,-0.0062017278544965,0.0,1.0,
2021-05-28 06:00:26.760,0,-0.0033899727817339,0.0,1.0,
2021-05-28 06:00:26.770,0,0.0030387081039645,0.0,1.0,
2021-05-28 06:00:26.780,0,0.0002311548079211,0.0,1.0,
2021-05-28 06:00:26.790,0,0.0023046946921304,0.0,1.0,
2021-05-28 06:00:26.800,0,-0.0016128263592266,0.12895523592097802,1.0,
2021-05-28 06:00:26.810,0,-0.0024782953990284,2.3071996922498603,1.0,
2021-05-28 06:00:26.820,0,0.0075469555156622,6.807382493166876,1.0,
2021-05-28 06:00:26.830,0,0.0066768807670019,13.247608498734367,1.0,
2021-05-28 06:00:26.840,0,0.0158561323288193,21.607436771195392,1.0,
2021-05-28 06:00:26.850,0,0.0245188712066129,31.08346604483284,1.0,
2021-05-28 06:00:26.860,0,0.0100605679164297,39.46346444557396,1.0,
2021-05-28 06:00:26.870,0,0.0194249056230604,46.46828212646649,0.0,
2021-05-28 06:00:26.880,0,0.0202352460510517,51.661704816819906,0.0,
2021-05-28 06:00:26.890,0,0.0248995410129218,56.486546910187045,0.0,
2021-05-28 06:00:26.900,0,0.0313026914082109,59.79040534307289,0.0,
2021-05-28 06:00:26.910,0,0.0414198901577622,62.35451810343125,0.0,
2021-05-28 06:00:26.920,0,0.0369180841082865,63.15040789433198,0.0,
2021-05-28 06:00:26.930,0,0.0313447048240942,64.1338740995716,0.0,
2021-05-28 06:00:26.940,0,0.024530388714132,64.05119373185322,0.0,
2021-05-28 06:00:26.950,0,0.0352826727645454,63.576747841058605,0.0,
2021-05-28 06:00:26.960,0,0.0294457319033681,62.82288892827947,0.0,
2021-05-28 06:00:26.970,0,0.0353532251572018,61.176522155899455,0.0,
2021-05-28 06:00:26.980,0,0.0362488720406451,59.23830451133107,0.0,
2021-05-28 06:00:26.990,0,0.0328016345093537,56.549293253804656,0.0,
2021-05-28 06:00:27.000,1,0.0238806217744024,55.254267209170415,0.0,
2021-05-28 06:00:27.010,1,0.0209658884864794,52.51201165980917,0.0,
2021-05-28 06:00:27.020,1,0.0229968302033469,50.233233583011554,0.0,
2021-05-28 06:00:27.030,1,0.0201038030450848,48.21302991976634,0.0,
2021-05-28 06:00:27.040,1,0.024649046038839,44.926548896239254,0.0,
2021-05-28 06:00:27.050,1,0.0215386510010748,42.37411760019936,0.0,
2021-05-28 06:00:27.060,1,0.0186718037412628,39.88285046207896,1.0,
2021-05-28 06:00:27.070,1,0.0182768952800866,37.293938212731796,1.0,
2021-05-28 06:00:27.080,1,0.0164655651063783,34.965482425824725,1.0,
2021-05-28 06:00:27.090,1,0.0135159593425125,32.216007299344376,1.0,
2021-05-28 06:00:27.100,0,0.0221932958505584,29.759901336253677,1.0,
2021-05-28 06:00:27.110,0,0.0143547003945033,27.344027811551896,1.0,
2021-05-28 06:00:27.120,0,0.012122224539783,25.28340912879155,1.0,
2021-05-28 06:00:27.130,0,0.0087277589724429,22.75200540729001,1.0,
2021-05-28 06:00:27.140,0,0.0043597770745139,20.97952053898402,1.0,
2021-05-28 06:00:27.150,0,0.0163851087098266,18.968682979166502,1.0,
2021-05-28 06:00:27.160,0,0.0125473774409902,17.171627937799588,1.0,
2021-05-28 06:00:27.170,0,0.0034506218684938,15.19786157087491,1.0,
2021-05-28 06:00:27.180,0,0.0057286872439343,13.736435055205224,1.0,
2021-05-28 06:00:27.190,0,0.0020780319840279,12.127933121690793,1.0,
2021-05-28 06:00:27.200,0,0.0043170375855581,10.911435485159931,1.0,
2021-05-28 06:00:27.210,0,0.0081586911392594,9.512787434103046,1.0,
2021-05-28 06:00:27.220,0,0.0048975279318248,8.347202635942628,1.0,
2021-05-28 06:00:27.230,0,0.0069207884975522,7.128400306599738,1.0,
2021-05-28 06:00:27.240,0,0.0089832537240895,6.194636946845916,1.0,
2021-05-28 06:00:27.250,0,-0.0012010563981959,5.254460859264762,1.0,
2021-05-28 06:00:27.260,0,0.0010879578209191,4.459816432768768,1.0,
2021-05-28 06:00:27.270,0,0.0022298571271557,3.6600862144961934,1.0,
2021-05-28 06:00:27.280,0,-0.0051663753299696,2.9823501237092347,1.0,
2021-05-28 06:00:27.290,0,-0.0003648114170677,2.3853432567702293,1.0,
2021-05-28 06:00:27.300,0,-0.0016227375933377,1.8060886642586815,1.0,
2021-05-28 06:00:27.310,0,-0.0023738948143908,1.3490568402127796,1.0,
2021-05-28 06:00:27.320,0,0.0004620722029715,0.9003661308520157,1.0,
2021-05-28 06:00:27.330,0,0.0028390298518954,0.516161396458143,1.0,
2021-05-28 06:00:27.340,0,0.0028646279985685,0.1811503432288358,1.0,
2021-05-28 06:00:27.350,0,-0.0045866417866495,0.0,1.0,
2021-05-28 06:00:27.360,0,0.0043402330582114,0.0,1.0,
2021-05-28 06:00:27.370,0,0.0051632047281307,0.0,1.0,
2021-05-28 06:00:27.380,0,0.0001190598084442,0.0,1.0,
2021-05-28 06:00:27.390,0,0.0037723274159475,0.0,1.0,
2021-05-28 06:00:27.400,0,0.0085668919885295,0.0,1.0,
2021-05-28 06:00:27.410,0,0.0006087661363686,0.0,1.0,
2021-05-28 06:00:27.420,0,-0.0015869854636662,0.0,1.0,
2021-05-28 06:00:27.430,0,-0.0007985093847768,0.0,1.0,
2021-05-28 06:00:27.440,0,0.0029459479858772,0.0,1.0,
2021-05-28 06:00:27.450,0,-0.0035127714388872,0.0,1.0,
2021-05-28 06:00:27.460,0,-0.0054567376165336,0.0,1.0,
2021-05-28 06:00:27.470,0,-0.0064080462072006,0.0,1.0,
2021-05-28 06:00:27.480,0,-0.0039306107400386,0.0,1.0,
2021-05-28 06:00:27.490,0,-0.0081559263268192,0.0,1.0,
2021-05-28 06:00:27.500,0,-0.0025116918344589,0.0,1.0,
2021-05-28 06:00:27.510,0,-0.0012357175038751,0.0,1.0,
2021-05-28 06:00:27.520,0,-0.0019820723774921,0.0,1.0,
2021-05-28 06:00:27.530,0,-0.001462469677744,0.0,1.0,
2021-05-28 06:00:27.540,0,-0.0014350673284372,0.0,1.0,
2021-05-28 06:00:27.550,0,-0.0040288100907019,0.0,1.0,
2021-05-28 06:00:27.560,0,0.000195099746699,0.0,1.0,
2021-05-28 06:00:27.570,0,-0.0007500292066843,0.0,1.0,
2021-05-28 06:00:27.580,0,-0.0014633114620044,0.0,1.0,
2021-05-28 06:00:27.590,0,0.000476622254914,0.0,1.0,
2021-05-28 06:00:27.600,0,0.0011698809663941,0.0,1.0,
2021-05-28 06:00:27.610,0,-0.0011371772104877,0.0,1.0,
2021-05-28 06:00:27.620,0,-0.0004131603799556,0.0,1.0,
2021-05-28 06:00:27.630,0,-0.0007647280668636,0.0,1.0,
2021-05-28 06:00:27.640,0,-0.0016750862361561,0.0,1.0,
2021-05-28 06:00:27.650,0,0.0010767481355341,0.0,1.0,
2021-05-28 06:00:27.660,0,0.0097240160908455,0.0,1.0,
2021-05-28 06:00:27.670,0,-0.0040876346317,0.0,1.0,
2021-05-28 06:00:27.680,0,-0.0051091898582343,0.0,1.0,
2021-05-28 06:00:27.690,0,0.0042690128677803,0.0,1.0,
2021-05-28 06:00:27.700,0,0.0038440690835964,0.0,1.0,
2021-05-28 06:00:27.710,0,-0.0032854875213655,0.0,1.0,
2021-05-28 06:00:27.720,0,0.0030977339767579,0.0,1.0,
2021-05-28 06:00:27.730,0,-0.0009367902029347,0.0,1.0,
2021-05-28 06:00:27.740,0,0.0008590255614514,0.0,1.0,
2021-05-28 06:00:27.750,0,-0.0039627971487051,0.0,1.0,
2021-05-28 06:00:27.760,0,0.0030165501007808,0.0,1.0,
2021-05-28 06:00:27.770,0,-0.0053664052706304,0.0,1.0,
2021-05-28 06:00:27.780,0,0.0030417700649404,0.0,1.0,
2021-05-28 06:00:27.790,0,0.0004794751055681,0.0,1.0,
2021-05-28 06:00:27.800,0,-0.0010394930706503,0.0654820410909562,1.0,
2021-05-28 06:00:27.810,0,-0.0025240839026464,2.270784035350548,1.0,
2021-05-28 06:00:27.820,0,0.0062500441555165,6.833162505370045,1.0,
2021-05-28 06:00:27.830,0,0.0124448017380086,13.362814228647,1.0,
2021-05-28 06:00:27.840,0,0.0180630128855627,21.607742549182078,1.0,
2021-05-28 06:00:27.850,0,0.0234265427032205,31.4421685408252,1.0,
2021-05-28 06:00:27.860,0,0.0282036564205095,42.2979021226115,0.0,
2021-05-28 06:00:27.870,0,0.0323747823182166,54.09705436700499,0.0,
2021-05-28 06:00:27.880,0,0.0394856473554883,67.42817110702683,0.0,
2021-05-28 06:00:27.890,0,0.0472287021323391,82.55804681245115,0.0,
2021-05-28 06:00:27.900,0,0.0582748149252049,97.7346466131904,0.0,
2021-05-28 06:00:27.910,0,0.0896917199722171,110.4908858101963,0.0,
2021-05-28 06:00:27.920,0,0.0859562627113722,120.65454031484494,0.0,
2021-05-28 06:00:27.930,0,0.0983849669500255,127.23923898464302,0.0,
2021-05-28 06:00:27.940,0,0.0779196408277523,133.06285449286617,0.0,
2021-05-28 06:00:27.950,0,0.1059230999045992,137.83092920454922,0.0,
2021-05-28 06:00:27.960,0,0.1046082995285858,138.97794332963323,0.0,
2021-05-28 06:00:27.970,0,0.0886772376257591,138.67504943766562,0.0,
2021-05-28 06:00:27.980,0,0.0986535866691547,138.98725634422698,0.0,
2021-05-28 06:00:27.990,0,0.1079636242412771,136.49418283306494,0.0,
2021-05-28 06:00:28.000,1,0.0795040211261659,134.48095739494966,0.0,
2021-05-28 06:00:28.010,1,0.1019865418746595,129.8947967665439,0.0,
2021-05-28 06:00:28.020,1,0.0689453914453583,124.64720046046742,0.0,
2021-05-28 06:00:28.030,1,0.0660694428937602,120.66824798226328,0.0,
2021-05-28 06:00:28.040,1,0.0614681239579138,114.7046937849805,0.0,
2021-05-28 06:00:28.050,1,0.0737514134662357,110.71953689336056,0.0,
2021-05-28 06:00:28.060,1,0.081033478936306,104.902781597206,0.0,
2021-05-28 06:00:28.070,1,0.0746233169853573,100.1898554937712,0.0,
2021-05-28 06:00:28.080,1,0.0539065419849705,93.1890459546922,0.0,
2021-05-28 06:00:28.090,1,0.0553345896028935,88.17058972448788,0.0,
2021-05-28 06:00:28.100,1,0.0439906618397452,82.28271913289207,0.0,
2021-05-28 06:00:28.110,1,0.067112855025208,75.82415489851513,0.0,
2021-05-28 06:00:28.120,1,0.0401580855842011,70.46371799913446,0.0,
2021-05-28 06:00:28.130,1,0.0494821540049485,65.71273570122645,0.0,
2021-05-28 06:00:28.140,1,0.0425202767106498,60.23270502485522,0.0,
2021-05-28 06:00:28.150,0,0.0390987314941557,55.45464890650786,0.0,
2021-05-28 06:00:28.160,0,0.0404097692058701,50.788579041124834,0.0,
2021-05-28 06:00:28.170,0,0.0240580738809652,46.14361702098314,0.0,
2021-05-28 06:00:28.180,0,0.0308665176134685,42.3035143017356,0.0,
2021-05-28 06:00:28.190,0,0.0326459162094375,38.25682773912925,1.0,
2021-05-28 06:00:28.200,0,0.0241114396654972,33.79421271653549,1.0,
2021-05-28 06:00:28.210,0,0.0216413610134418,30.559513698248548,1.0,
2021-05-28 06:00:28.220,0,0.0170396896725656,27.105025429104533,1.0,
2021-05-28 06:00:28.230,0,0.012541945367377,24.06527670523195,1.0,
2021-05-28 06:00:28.240,0,0.0174457098894938,21.021581651870605,1.0,
2021-05-28 06:00:28.250,0,0.0105186346828488,18.47596311579496,1.0,
2021-05-28 06:00:28.260,0,0.0090851623191874,16.143815746941385,1.0,
2021-05-28 06:00:28.270,0,0.0120186852610515,13.822298909981091,1.0,
2021-05-28 06:00:28.280,0,0.0110355638578233,11.892619301308697,1.0,
2021-05-28 06:00:28.290,0,0.0096766318426352,9.92378209955086,1.0,
2021-05-28 06:00:28.300,0,0.0061710986407466,8.297368661451474,1.0,
2021-05-28 06:00:28.310,0,-0.0011195712384851,6.74315760259117,1.0,
2021-05-28 06:00:28.320,0,-0.0038685220137548,5.418909994608608,1.0,
2021-05-28 06:00:28.330,0,0.0029857307739608,4.180742729177624,1.0,
2021-05-28 06:00:28.340,0,0.0040907843930055,3.0654267162734063,1.0,
2021-05-28 06:00:28.350,0,-0.0008257689652214,2.12102655656862,1.0,
2021-05-28 06:00:28.360,0,0.001664813103918,1.2971466104838123,1.0,
2021-05-28 06:00:28.370,0,-0.0029173585341128,0.5529020016919679,1.0,
2021-05-28 06:00:28.380,0,0.0006243416901862,0.0,1.0,
2021-05-28 06:00:28.390,0,-0.0036622744308061,0.0,1.0,
2021-05-28 06:00:28.400,0,-7.303330246140414e-05,0.0,1.0,
2021-05-28 06:00:28.410,0,-0.0006112392701202,0.0,1.0,
2021-05-28 06:00:28.420,0,-0.0043267228134182,0.0,1.0,
2021-05-28 06:00:28.430,0,0.0033723522445092,0.0,1.0,
2021-05-28 06:00:28.440,0,-0.0086236578765641,0.0,1.0,
2021-05-28 06:00:28.450,0,0.0035980206552783,0.0,1.0,
2021-05-28 06:00:28.460,0,-0.0017555654322078,0.0,1.0,
2021-05-28 06:00:28.470,0,-0.0032590512786477,0.0,1.0,
2021-05-28 06:00:28.480,0,-0.0023624414471282,0.0,1.0,
2021-05-28 06:00:28.490,0,-0.0036226973762116,0.0,1.0,
2021-05-28 06:00:28.500,0,9.949697069129224e-05,0.0,1.0,
2021-05-28 06:00:28.510,0,-0.0009585273099532,0.0,1.0,
2021-05-28 06:00:28.520,0,-0.0029980010709474,0.0,1.0,
2021-05-28 06:00:28.530,0,-0.0028471836932872,0.0,1.0,
2021-05-28 06:00:28.540,0,-0.0056405650961174,0.0,1.0,
2021-05-28 06:00:28.550,0,-0.002465375161592,0.0,1.0,
2021-05-28 06:00:28.560,0,0.0003501154075423,0.0,1.0,
2021-05-28 06:00:28.570,0,0.0045160409832438,0.0,1.0,
2021-05-28 06:00:28.580,0,-0.0028205068074661,0.0,1.0,
2021-05-28 06:00:28.590,0,-0.0010149478935127,0.0,1.0,
2021-05-28 06:00:28.600,0,6.965154443304856e-05,0.0,1.0,
2021-05-28 06:00:28.610,0,-0.0028580109542723,0.0,1.0,
2021-05-28 06:00:28.620,0,-0.0066727285940436,0.0,1.0,
2021-05-28 06:00:28.630,0,-0.0077312798653384,0.0,1.0,
2021-05-28 06:00:28.640,0,-0.0015400916315306,0.0,1.0,
2021-05-28 06:00:28.650,0,-0.0025788608315538,0.0,1.0,
2021-05-28 06:00:28.660,0,-0.0057590500621232,0.0,1.0,
2021-05-28 06:00:28.670,0,-0.0052241619872165,0.0,1.0,
2021-05-28 06:00:28.680,0,-0.0044553078310859,0.0,1.0,
2021-05-28 06:00:28.690,0,0.0045499453578203,0.0,1.0,
2021-05-28 06:00:28.700,0,-0.0018039474813321,0.0,1.0,
2021-05-28 06:00:28.710,0,-0.0030677734880182,0.0,1.0,
2021-05-28 06:00:28.720,0,0.0004918988213907,0.0,1.0,
2021-05-28 06:00:28.730,0,0.0002905284834708,0.0,1.0,
2021-05-28 06:00:28.740,0,-0.0013126693751118,0.0,1.0,
2021-05-28 06:00:28.750,0,-0.006828016142911999,0.0,1.0,
2021-05-28 06:00:28.760,0,0.0010358979417458,0.0,1.0,
2021-05-28 06:00:28.770,0,0.0002731305535116,0.0,1.0,
2021-05-28 06:00:28.780,0,0.0038295466310552,0.0,1.0,
2021-05-28 06:00:28.790,0,0.0028940758796056,0.0,1.0,
2021-05-28 06:00:28.800,0,-0.0006616494238491,0.0,1.0,
2021-05-28 06:00:28.810,0,0.0016464403083034,2.096843501281755,1.0,
2021-05-28 06:00:28.820,0,0.0044590073583466,6.560449029119506,1.0,
2021-05-28 06:00:28.830,0,0.0147698315796459,13.121119752536275,1.0,
2021-05-28 06:00:28.840,0,0.0187613458758728,21.60698700500557,1.0,
2021-05-28 06:00:28.850,0,0.0256611371069052,30.95772940636831,1.0,
2021-05-28 06:00:28.860,0,0.0307737955416064,41.64121176409418,1.0,
2021-05-28 06:00:28.870,0,0.0524490393097373,53.63927506605133,0.0,
2021-05-28 06:00:28.880,0,0.0581980378471767,66.44814383737557,0.0,
2021-05-28 06:00:28.890,0,0.0585764785390595,81.04753777772463,0.0,
2021-05-28 06:00:28.900,0,0.0723964477520432,95.4015130960976,0.0,
2021-05-28 06:00:28.910,0,0.0865185258881494,110.89888631126465,0.0,
2021-05-28 06:00:28.920,0,0.0882608190962765,125.31367305383051,0.0,
2021-05-28 06:00:28.930,0,0.1441827638894262,142.05712091825012,0.0,
2021-05-28 06:00:28.940,0,0.1597480944496891,157.7093686534237,0.0,
2021-05-28 06:00:28.950,0,0.1424723253938357,173.0220577765491,0.0,
2021-05-28 06:00:28.960,0,0.1540648209246347,186.26567285683728,0.0,
2021-05-28 06:00:28.970,0,0.1468669718243649,196.8111678945066,0.0,
2021-05-28 06:00:28.980,0,0.2018539536230809,199.1960273273266,0.0,
2021-05-28 06:00:28.990,0,0.1543573500733627,205.82601414460478,0.0,
2021-05-28 06:00:29.000,1,0.1757018732932617,204.81348022088426,0.0,
2021-05-28 06:00:29.010,1,0.1790539354265925,206.8185484357926,0.0,
2021-05-28 06:00:29.020,1,0.1800606381677291,205.07956531832886,0.0,
2021-05-28 06:00:29.030,1,0.1708486388574479,199.8716161467873,0.0,
2021-05-28 06:00:29.040,1,0.1976396531738199,194.34452708857827,0.0,
2021-05-28 06:00:29.050,1,0.1495075519999983,190.56679525746878,0.0,
2021-05-28 06:00:29.060,1,0.1909638059764653,182.60713074780742,0.0,
2021-05-28 06:00:29.070,1,0.1477263834711746,176.07893490690137,0.0,
2021-05-28 06:00:29.080,1,0.1402477882442794,168.10750272889905,0.0,
2021-05-28 06:00:29.090,1,0.1548585437670077,160.67221467153894,0.0,
2021-05-28 06:00:29.100,1,0.1465724050384869,151.93207427281246,0.0,
2021-05-28 06:00:29.110,1,0.1150742334143374,143.75091597608983,0.0,
2021-05-28 06:00:29.120,1,0.1246013065924221,134.32080991897985,0.0,
2021-05-28 06:00:29.130,1,0.0868595163778826,125.49101847684449,0.0,
2021-05-28 06:00:29.140,1,0.1004864021750712,117.6017372303129,0.0,
2021-05-28 06:00:29.150,1,0.0831282365284551,108.88638840574906,0.0,
2021-05-28 06:00:29.160,1,0.0857715968507722,101.22066418465894,0.0,
2021-05-28 06:00:29.170,1,0.0950690440311508,93.00796735408676,0.0,
2021-05-28 06:00:29.180,1,0.0678290190546379,85.77415936554252,0.0,
2021-05-28 06:00:29.190,1,0.0779909169107242,78.17664405893417,0.0,
2021-05-28 06:00:29.200,0,0.0688388491130407,71.54568938270342,0.0,
2021-05-28 06:00:29.210,0,0.0516932221312313,65.18718241022147,0.0,
2021-05-28 06:00:29.220,0,0.0519082152081153,58.57983234314967,0.0,
2021-05-28 06:00:29.230,0,0.0484900749487898,52.538758461453725,0.0,
2021-05-28 06:00:29.240,0,0.0399951865514176,47.77204038517346,0.0,
2021-05-28 06:00:29.250,0,0.0398279607280298,42.54795301951877,1.0,
2021-05-28 06:00:29.260,0,0.026670904644381,38.262557990612414,1.0,
2021-05-28 06:00:29.270,0,0.0309543366400121,33.07902848784878,1.0,
2021-05-28 06:00:29.280,0,0.021433300368099,29.210162815694343,1.0,
2021-05-28 06:00:29.290,0,0.0162969601360218,25.55215775368738,1.0,
2021-05-28 06:00:29.300,0,0.021097785598057,22.03167249776236,1.0,
2021-05-28 06:00:29.310,0,0.0149176398543182,18.68264831495307,1.0,
2021-05-28 06:00:29.320,0,0.0152351466057954,15.987421475532539,1.0,
2021-05-28 06:00:29.330,0,0.0125185379564856,13.405562763172787,1.0,
2021-05-28 06:00:29.340,0,0.0110320585554108,10.970629897645686,1.0,
2021-05-28 06:00:29.350,0,0.0057419755569946,8.794673152834113,1.0,
2021-05-28 06:00:29.360,0,0.0108041548413743,6.917198676845017,1.0,
2021-05-28 06:00:29.370,0,0.0045340575592675,5.201796899522055,1.0,
2021-05-28 06:00:29.380,0,0.0071835713560134,3.712226914910509,1.0,
2021-05-28 06:00:29.390,0,0.0025418994181249,2.345909260455086,1.0,
2021-05-28 06:00:29.400,0,-0.003251297131351,1.2021043471656545,1.0,
2021-05-28 06:00:29.410,0,0.0036082648572958,0.1851156684525919,1.0,
2021-05-28 06:00:29.420,0,0.0006389278803355,0.0,1.0,
2021-05-28 06:00:29.430,0,0.0046752163123102,0.0,1.0,
2021-05-28 06:00:29.440,0,0.0041208180342362,0.0,1.0,
2021-05-28 06:00:29.450,0,0.0025054163513627,0.0,1.0,
2021-05-28 06:00:29.460,0,-0.0006078471433366,0.0,1.0,
2021-05-28 06:00:29.470,0,-0.0039154895892182,0.0,1.0,
2021-05-28 06:00:29.480,0,-0.0064101795231425,0.0,1.0,
2021-05-28 06:00:29.490,0,-0.0086185591892619,0.0,1.0,
2021-05-28 06:00:29.500,0,-0.0011793440628528,0.0,1.0,
2021-05-28 06:00:29.510,0,-0.001244484232,0.0,1.0,
2021-05-28 06:00:29.520,0,-0.0079035299034781,0.0,1.0,
2021-05-28 06:00:29.530,0,0.0007529984717479,0.0,1.0,
2021-05-28 06:00:29.540,0,-0.0031453563907531,0.0,1.0,
2021-05-28 06:00:29.550,0,0.0006725334830322,0.0,1.0,
2021-05-28 06:00:29.560,0,-0.003679963792626,0.0,1.0,
2021-05-28 06:00:29.570,0,-0.0057898767495088,0.0,1.0,
2021-05-28 06:00:29.580,0,-0.006804434035816,0.0,1.0,
2021-05-28 06:00:29.590,0,-0.0019068779240049,0.0,1.0,
2021-05-28 06:00:29.600,0,-0.0005550739701896,0.0,1.0,
2021-05-28 06:00:29.610,0,0.0019776273720849,0.0,1.0,
2021-05-28 06:00:29.620,0,-0.0042110768592107,0.0,1.0,
2021-05-28 06:00:29.630,0,-0.0001248786133214,0.0,1.0,
2021-05-28 06:00:29.640,0,0.0014700377494219,0.0,1.0,
2021-05-28 06:00:29.650,0,0.0009284503525876,0.0,1.0,
2021-05-28 06:00:29.660,0,-0.0007730995617177,0.0,1.0,
2021-05-28 06:00:29.670,0,-0.0013248315163622,0.0,1.0,
2021-05-28 06:00:29.680,0,0.0039707353777251,0.0,1.0,
2021-05-28 06:00:29.690,0,-0.0006367648178733,0.0,1.0,
2021-05-28 06:00:29.700,0,-0.0028317664123315,0.0,1.0,
2021-05-28 06:00:29.710,0,0.0029584827352013,0.0,1.0,
2021-05-28 06:00:29.720,0,-0.0027542318839807,0.0,1.0,
2021-05-28 06:00:29.730,0,-0.000238952364161,0.0,1.0,
2021-05-28 06:00:29.740,0,0.0027817291604844,0.0,1.0,
2021-05-28 06:00:29.750,0,-0.0047611525027619,0.0,1.0,
2021-05-28 06:00:29.760,0,0.0001341277926347,0.0,1.0,
2021-05-28 06:00:29.770,0,-0.0004310826280029,0.0,1.0,
2021-05-28 06:00:29.780,0,-0.0006019184507905,0.0,1.0,
2021-05-28 06:00:29.790,0,0.0034932674052486,0.0,1.0,
2021-05-28 06:00:29.800,0,0.0001690310051611,0.0,1.0,
2021-05-28 06:00:29.810,0,0.0030913090427719,1.7685678252320416,1.0,
2021-05-28 06:00:29.820,0,0.0051964771276639,6.4329787346355936,1.0,
2021-05-28 06:00:29.830,0,0.0140259722177214,12.897395041466346,1.0,
2021-05-28 06:00:29.840,0,0.019301660525676004,21.30108149598401,1.0,
2021-05-28 06:00:29.850,0,0.0202561905784097,30.966830349377283,1.0,
2021-05-28 06:00:29.860,0,0.0369170039840425,41.883403873551394,1.0,
2021-05-28 06:00:29.870,0,0.043055787290535004,52.7616990830774,1.0,
2021-05-28 06:00:29.880,0,0.0572910043663899,65.49615312899746,0.0,
2021-05-28 06:00:29.890,0,0.06096943589094999,79.21468325960281,0.0,
2021-05-28 06:00:29.900,0,0.0775792815899302,94.28690613846487,0.0,
2021-05-28 06:00:29.910,0,0.0926188532342994,108.52929527257595,0.0,
2021-05-28 06:00:29.920,0,0.0997098293816704,123.89524805289595,0.0,
2021-05-28 06:00:29.930,0,0.1246383660839287,141.3987372655017,0.0,
2021-05-28 06:00:29.940,0,0.1435028737890224,154.84282667481645,0.0,
2021-05-28 06:00:29.950,0,0.1152638036119457,169.1826709539593,0.0,
2021-05-28 06:00:29.960,0,0.1684070022648732,186.69595512461547,0.0,
2021-05-28 06:00:29.970,0,0.1901870786736871,201.7986477124084,0.0,
2021-05-28 06:00:29.980,0,0.1880235620978867,216.4512546320041,0.0,
2021-05-28 06:00:29.990,0,0.2110627400203435,230.2921267428381,0.0,
2021-05-28 06:00:30.000,1,0.2200546471317523,242.96828691989296,0.0,
2021-05-28 06:00:30.010,1,0.1996510533221874,252.31061879541457,0.0,
2021-05-28 06:00:30.020,1,0.2415713334953353,259.7193346521212,0.0,
2021-05-28 06:00:30.030,1,0.2092941802766743,264.481436291906,0.0,
2021-05-28 06:00:30.040,1,0.2175240495927473,265.1967870048843,0.0,
2021-05-28 06:00:30.050,1,0.1977252885659728,262.8720020566568,0.0,
2021-05-28 06:00:30.060,1,0.2511842873239845,260.8475688160642,0.0,
2021-05-28 06:00:30.070,1,0.1786797025789302,255.19486710926648,0.0,
2021-05-28 06:00:30.080,1,0.2244633437049401,248.86747549628845,0.0,
2021-05-28 06:00:30.090,1,0.1887059944543831,241.77930118666927,0.0,
2021-05-28 06:00:30.100,1,0.185457793510106,231.3704777556884,0.0,
2021-05-28 06:00:30.110,1,0.1528448677038288,223.7429408526837,0.0,
2021-05-28 06:00:30.120,1,0.1593706696270216,211.92802598250358,0.0,
2021-05-28 06:00:30.130,1,0.1544239649365535,201.33551225004868,0.0,
2021-05-28 06:00:30.140,1,0.1323733177645889,191.10435423853318,0.0,
2021-05-28 06:00:30.150,1,0.1302012616929572,180.8414168421469,0.0,
2021-05-28 06:00:30.160,1,0.1417710492569616,168.673408069561,0.0,
2021-05-28 06:00:30.170,1,0.1190196190081596,158.41445869482274,0.0,
2021-05-28 06:00:30.180,1,0.1432842116966451,147.3641268267798,0.0,
2021-05-28 06:00:30.190,1,0.1224254010278143,137.2765809239229,0.0,
2021-05-28 06:00:30.200,1,0.1143236902617744,126.34853969521818,0.0,
2021-05-28 06:00:30.210,1,0.0910033312668642,117.56988472857701,0.0,
2021-05-28 06:00:30.220,1,0.0900208845437998,107.19209442073715,0.0,
2021-05-28 06:00:30.230,1,0.0933165614945774,98.07080317851272,0.0,
2021-05-28 06:00:30.240,1,0.0562940358762259,89.44320230652315,0.0,
2021-05-28 06:00:30.250,0,0.0634787775537102,81.43729091534794,0.0,
2021-05-28 06:00:30.260,0,0.0652904739127348,73.17128055969407,0.0,
2021-05-28 06:00:30.270,0,0.0614164218401436,65.85591161208808,0.0,
2021-05-28 06:00:30.280,0,0.0520326951703494,59.41564360692338,1.0,
2021-05-28 06:00:30.290,0,0.046098873522085984,52.88778487922588,1.0,
2021-05-28 06:00:30.300,0,0.0430948146644558,46.796978162277384,1.0,
2021-05-28 06:00:30.310,0,0.0213545446902781,41.236874954237074,1.0,
2021-05-28 06:00:30.320,0,0.0272535048603143,35.901957404381484,1.0,
2021-05-28 06:00:30.330,0,0.0259889101712758,31.314758442614732,1.0,
2021-05-28 06:00:30.340,0,0.0192333671570328,26.802031617805447,1.0,
2021-05-28 06:00:30.350,0,0.0232303365878544,22.78614872131015,1.0,
2021-05-28 06:00:30.360,0,0.0162394256907616,19.32323026376644,1.0,
2021-05-28 06:00:30.370,0,0.0121456914043743,16.01516734136172,1.0,
2021-05-28 06:00:30.380,0,0.0079621387581236,13.085065688956275,1.0,
2021-05-28 06:00:30.390,0,0.0080931089549356,10.425793980452783,1.0,
2021-05-28 06:00:30.400,0,0.0054305226470059,8.127153953485397,1.0,
2021-05-28 06:00:30.410,0,0.0035375504331277,5.931106513644742,1.0,
2021-05-28 06:00:30.420,0,0.0048527666286164,4.147215529457057,1.0,
2021-05-28 06:00:30.430,0,0.0075636049450323,2.435460697495296,1.0,
2021-05-28 06:00:30.440,0,-0.0006324717479097,1.007629744853576,1.0,
2021-05-28 06:00:30.450,0,0.0006586857781662,0.0,1.0,
2021-05-28 06:00:30.460,0,-0.0039366675600423,0.0,1.0,
2021-05-28 06:00:30.470,0,-0.006333610464993001,0.0,1.0,
2021-05-28 06:00:30.480,0,0.0002399132913695,0.0,1.0,
2021-05-28 06:00:30.490,0,0.0070700736014268,0.0,1.0,
2021-05-28 06:00:30.500,0,0.0024962838309575,0.0,1.0,
2021-05-28 06:00:30.510,0,-0.0040456979054835,0.0,1.0,
2021-05-28 06:00:30.520,0,-0.0071774859057979,0.0,1.0,
2021-05-28 06:00:30.530,0,0.0012397562744086,0.0,1.0,
2021-05-28 06:00:30.540,0,-0.0069305010623051,0.0,1.0,
2021-05-28 06:00:30.550,0,-0.001104241599824,0.0,1.0,
2021-05-28 06:00:30.560,0,9.810463210693307e-05,0.0,1.0,
2021-05-28 06:00:30.570,0,-0.0095164889847012,0.0,1.0,
2021-05-28 06:00:30.580,0,0.0007944207992153,0.0,1.0,
2021-05-28 06:00:30.590,0,-0.000513176345739,0.0,1.0,
2021-05-28 06:00:30.600,0,0.0035364197158966,0.0,1.0,
2021-05-28 06:00:30.610,0,-0.0056514180277533,0.0,1.0,
2021-05-28 06:00:30.620,0,-0.0056733570261267,0.0,1.0,
2021-05-28 06:00:30.630,0,-0.0013799711067926,0.0,1.0,
2021-05-28 06:00:30.640,0,-0.0015809959016846,0.0,1.0,
2021-05-28 06:00:30.650,0,-0.0028142567743334,0.0,1.0,
2021-05-28 06:00:30.660,0,0.0037332347607151,0.0,1.0,
2021-05-28 06:00:30.670,0,-0.0011923826010386,0.0,1.0,
2021-05-28 06:00:30.680,0,-0.0065232346239623,0.0,1.0,
2021-05-28 06:00:30.690,0,0.0008786659995856,0.0,1.0,
2021-05-28 06:00:30.700,0,0.0001172673611065,0.0,1.0,
2021-05-28 06:00:30.710,0,-0.001347882332678,0.0,1.0,
2021-05-28 06:00:30.720,0,-0.0045571881802048,0.0,1.0,
2021-05-28 06:00:30.730,0,-0.0038784714168599,0.0,1.0,
2021-05-28 06:00:30.740,0,-0.0029420734553391,0.0,1.0,
2021-05-28 06:00:30.750,0,-0.0051511005986708,0.0,1.0,
2021-05-28 06:00:30.760,0,0.0042189609366026,0.0,1.0,
2021-05-28 06:00:30.770,0,-0.0029874593000109,0.0,1.0,
2021-05-28 06:00:30.780,0,0.0010107602932972,0.0,1.0,
2021-05-28 06:00:30.790,0,0.0021167615214098,0.0,1.0,
2021-05-28 06:00:30.800,0,-0.0043948235398966,0.0,1.0,
2021-05-28 06:00:30.810,0,0.001560015569847,1.23696545867938,1.0,
2021-05-28 06:00:30.820,0,0.0055731596873806,5.871421108023926,1.0,
2021-05-28 06:00:30.830,0,0.0079863876459573,12.601333418327371,1.0,
2021-05-28 06:00:30.840,0,0.0187901002413479,21.01209526867614,1.0,
2021-05-28 06:00:30.850,0,0.0250578100857721,30.361072345183377,1.0,
2021-05-28 06:00:30.860,0,0.0242655816030633,41.1528538828096,1.0,
2021-05-28 06:00:30.870,0,0.0452726933316127,52.58781821866593,1.0,
2021-05-28 06:00:30.880,0,0.0381149820083221,65.13531393282253,1.0,
2021-05-28 06:00:30.890,0,0.053165661119143,77.09169139287656,0.0,
2021-05-28 06:00:30.900,0,0.0605476688750214,91.96930227609054,0.0,
2021-05-28 06:00:30.910,0,0.0681832674440713,105.60574330916005,0.0,
2021-05-28 06:00:30.920,0,0.0701494728534146,120.28747911804385,0.0,
2021-05-28 06:00:30.930,0,0.0798232449157552,134.13577574590155,0.0,
2021-05-28 06:00:30.940,0,0.1113953118578208,150.18413606719406,0.0,
2021-05-28 06:00:30.950,0,0.1027542013412432,165.48692866200886,0.0,
2021-05-28 06:00:30.960,0,0.1472980749038624,179.86134550188774,0.0,
2021-05-28 06:00:30.970,0,0.1097612973069109,194.96860891303112,0.0,
2021-05-28 06:00:30.980,0,0.1616668272551181,209.04989415908986,0.0,
2021-05-28 06:00:30.990,0,0.1708221593423409,221.561576335152,0.0,
2021-05-28 06:00:31.000,1,0.1942183234869274,237.31422627785025,0.0,
2021-05-28 06:00:31.010,1,0.1491728683844145,250.21492827388641,0.0,
2021-05-28 06:00:31.020,1,0.200918507967857,262.5368213417821,0.0,
2021-05-28 06:00:31.030,1,0.1897990336206111,272.0310050180613,0.0,
2021-05-28 06:00:31.040,1,0.25481351775515,280.9060611910361,0.0,
2021-05-28 06:00:31.050,1,0.2269010116796666,296.266557707594,0.0,
2021-05-28 06:00:31.060,1,0.1844065612310634,301.0296013250138,0.0,
2021-05-28 06:00:31.070,1,0.20727514175512696,303.4575973825231,0.0,
2021-05-28 06:00:31.080,1,0.262259788163907,305.59234870232484,0.0,
2021-05-28 06:00:31.090,1,0.2365068095844454,303.80620894223364,0.0,
2021-05-28 06:00:31.100,1,0.2462205234732274,299.13416063747866,0.0,
2021-05-28 06:00:31.110,1,0.2361344393002953,291.993026957281,0.0,
2021-05-28 06:00:31.120,1,0.2400504777714618,283.4357883183185,0.0,
2021-05-28 06:00:31.130,1,0.1719840948831564,275.4421436769566,0.0,
2021-05-28 06:00:31.140,1,0.2296400882412302,264.7777461436189,0.0,
2021-05-28 06:00:31.150,1,0.2362144242048166,254.9170386066565,0.0,
2021-05-28 06:00:31.160,1,0.1851200349029848,241.60487913171573,0.0,
2021-05-28 06:00:31.170,1,0.1479088376649716,229.45447312069163,0.0,
2021-05-28 06:00:31.180,1,0.1881639146053818,216.2595701200929,0.0,
2021-05-28 06:00:31.190,1,0.1982315398525609,205.14419956091663,0.0,
2021-05-28 06:00:31.200,1,0.15065749364868,192.42956297964543,0.0,
2021-05-28 06:00:31.210,1,0.1290187747453355,179.65852830031352,0.0,
2021-05-28 06:00:31.220,1,0.1347902322668894,169.07429679592212,0.0,
2021-05-28 06:00:31.230,1,0.1172133111926267,154.81897125273326,0.0,
2021-05-28 06:00:31.240,1,0.1258334307527043,143.2124224692019,0.0,
2021-05-28 06:00:31.250,1,0.0907643277766524,132.71025069682713,0.0,
2021-05-28 06:00:31.260,1,0.0859781008681975,122.67537114173928,0.0,
2021-05-28 06:00:31.270,1,0.09753965126450502,111.22772946774143,0.0,
2021-05-28 06:00:31.280,1,0.0984337042050965,101.69343407360823,0.0,
2021-05-28 06:00:31.290,1,0.0816133796523144,91.764755913161,0.0,
2021-05-28 06:00:31.300,0,0.0678709418533639,82.50912092813178,1.0,
2021-05-28 06:00:31.310,0,0.0674055395159562,74.13503126322212,1.0,
2021-05-28 06:00:31.320,0,0.0577930025312243,67.44131627200377,1.0,
2021-05-28 06:00:31.330,0,0.0406255198518128,59.60624839686486,1.0,
2021-05-28 06:00:31.340,0,0.0401942346649845,52.77757959468342,1.0,
2021-05-28 06:00:31.350,0,0.027767447270826,46.3025187889369,1.0,
2021-05-28 06:00:31.360,0,0.0304142678498895,40.679704451125374,1.0,
2021-05-28 06:00:31.370,0,0.0226513482906801,35.020520818431265,1.0,
2021-05-28 06:00:31.380,0,0.0207143702745059,30.09004168913268,1.0,
2021-05-28 06:00:31.390,0,0.0235017235628847,25.940064347325425,1.0,
2021-05-28 06:00:31.400,0,0.0215582675735519,21.645201373417763,1.0,
2021-05-28 06:00:31.410,0,0.0157209983677354,18.007424810223988,1.0,
2021-05-28 06:00:31.420,0,0.0133865627317732,14.676295364163089,1.0,
2021-05-28 06:00:31.430,0,0.0071363182586739,11.600938912693447,1.0,
2021-05-28 06:00:31.440,0,0.0108018862435055,8.956173136482805,1.0,
2021-05-28 06:00:31.450,0,0.009522357038135,6.521901957955822,1.0,
2021-05-28 06:00:31.460,0,0.0017966492409621,4.412884708790767,1.0,
2021-05-28 06:00:31.470,0,-0.002607792839804,2.5875617879123314,1.0,
2021-05-28 06:00:31.480,0,0.0032578503613307,0.9618199445387096,1.0,
2021-05-28 06:00:31.490,0,-0.0028313773287623,0.0,1.0,
2021-05-28 06:00:31.500,0,0.000220027210761,0.0,1.0,
2021-05-28 06:00:31.510,0,-0.0090145172115962,0.0,1.0,
2021-05-28 06:00:31.520,0,-0.005795638283095,0.0,1.0,
2021-05-28 06:00:31.530,0,-0.0055855654338718,0.0,1.0,
2021-05-28 06:00:31.540,0,-0.0094778778831841,0.0,1.0,
2021-05-28 06:00:31.550,0,0.0026358851237806,0.0,1.0,
2021-05-28 06:00:31.560,0,-0.0022546378123182,0.0,1.0,
2021-05-28 06:00:31.570,0,-0.0012527098308887,0.0,1.0,
2021-05-28 06:00:31.580,0,0.0003717370758013,0.0,1.0,
2021-05-28 06:00:31.590,0,-0.0056463822981445,0.0,1.0,
2021-05-28 06:00:31.600,0,-0.0063704289851237,0.0,1.0,
2021-05-28 06:00:31.610,0,-0.0033348346858659,0.0,1.0,
2021-05-28 06:00:31.620,0,-0.0004929878437204,0.0,1.0,
2021-05-28 06:00:31.630,0,-0.0038154381243469,0.0,1.0,
2021-05-28 06:00:31.640,0,-0.007086853404039,0.0,1.0,
2021-05-28 06:00:31.650,0,-0.0049582163032406,0.0,1.0,
2021-05-28 06:00:31.660,0,-0.0038608868648443,0.0,1.0,
2021-05-28 06:00:31.670,0,0.0021000302129541,0.0,1.0,
2021-05-28 06:00:31.680,0,0.0027898683634273,0.0,1.0,
2021-05-28 06:00:31.690,0,-0.0038136826790223,0.0,1.0,
2021-05-28 06:00:31.700,0,-0.0072814761853892,0.0,1.0,
2021-05-28 06:00:31.710,0,-0.0030021581825713,0.0,1.0,
2021-05-28 06:00:31.720,0,0.0005884838635314,0.0,1.0,
2021-05-28 06:00:31.730,0,-0.0024967182346765,0.0,1.0,
2021-05-28 06:00:31.740,0,-0.0009799756756688,0.0,1.0,
2021-05-28 06:00:31.750,0,-0.0029649909914118,0.0,1.0,
2021-05-28 06:00:31.760,0,-0.0024260152843325,0.0,1.0,
2021-05-28 06:00:31.770,0,0.0029847922771771,0.0,1.0,
2021-05-28 06:00:31.780,0,-0.0004346645895992,0.0,1.0,
2021-05-28 06:00:31.790,0,0.0001223726297446,0.0,1.0,
2021-05-28 06:00:31.800,0,-0.004487661646529,0.0,1.0,
2021-05-28 06:00:31.810,0,-0.0006378621431607,0.4170457716390849,1.0,
2021-05-28 06:00:31.820,0,0.0038915612342957,5.028151277508705,1.0,
2021-05-28 06:00:31.830,0,0.0060997814807504,11.560202530486169,1.0,
2021-05-28 06:00:31.840,0,0.0091564949438164,19.69663791167603,1.0,
2021-05-28 06:00:31.850,0,0.017564530388615,29.14878146611899,1.0,
2021-05-28 06:00:31.860,0,0.0321693406047534,39.78126299068754,1.0,
2021-05-28 06:00:31.870,0,0.0451712570491016,51.076754597563344,1.0,
2021-05-28 06:00:31.880,0,0.0458906924519731,62.768954620378636,1.0,
2021-05-28 06:00:31.890,0,0.0613925369681474,75.34701893512322,1.0,
2021-05-28 06:00:31.900,0,0.0756855515498328,87.89262973768327,1.0,
2021-05-28 06:00:31.910,0,0.0801970941124783,100.63913749262598,0.0,
2021-05-28 06:00:31.920,0,0.0927360999795775,113.42993490784224,0.0,
2021-05-28 06:00:31.930,0,0.1080865359016285,127.53991227033023,0.0,
2021-05-28 06:00:31.940,0,0.1162330304991896,142.75626342941646,0.0,
2021-05-28 06:00:31.950,0,0.1209668036316947,156.74965608480798,0.0,
2021-05-28 06:00:31.960,0,0.1351633647089963,171.19337862077484,0.0,
2021-05-28 06:00:31.970,0,0.1491173046195661,182.4342134187344,0.0,
2021-05-28 06:00:31.980,0,0.1284819134084641,196.02845130195942,0.0,
2021-05-28 06:00:31.990,0,0.1642275711957772,208.55290898700846,0.0,
2021-05-28 06:00:32.000,1,0.1977020309719496,224.09389293002758,0.0,
2021-05-28 06:00:32.010,1,0.1417582210180024,234.13209901458188,0.0,
2021-05-28 06:00:32.020,1,0.1520122070635495,247.19152182917148,0.0,
2021-05-28 06:00:32.030,1,0.2212336830231824,260.0385759176274,0.0,
2021-05-28 06:00:32.040,1,0.2071905305827203,268.10041896181224,0.0,
2021-05-28 06:00:32.050,1,0.2186115237728681,281.9115494766512,0.0,
2021-05-28 06:00:32.060,1,0.2083553837165593,288.29562922400197,0.0,
2021-05-28 06:00:32.070,1,0.2377127348508576,296.30439184945305,0.0,
2021-05-28 06:00:32.080,1,0.1969063053949826,306.0545652702553,0.0,
2021-05-28 06:00:32.090,1,0.223418751412331,317.54862837632703,0.0,
2021-05-28 06:00:32.100,1,0.2412016965674945,319.8468504183026,0.0,
2021-05-28 06:00:32.110,1,0.204253609852941,326.3270614226229,0.0,
2021-05-28 06:00:32.120,1,0.2855218984431603,327.0229442124773,0.0,
2021-05-28 06:00:32.130,1,0.2699404225133802,323.1397187984758,0.0,
2021-05-28 06:00:32.140,1,0.2447352616812148,319.5003657955003,0.0,
2021-05-28 06:00:32.150,1,0.2556860737121995,312.9639645902922,0.0,
2021-05-28 06:00:32.160,1,0.2410460369808244,302.8617838903782,0.0,
2021-05-28 06:00:32.170,1,0.2816556585625462,296.74565232119176,0.0,
2021-05-28 06:00:32.180,1,0.2419709062775597,284.3714601966935,0.0,
2021-05-28 06:00:32.190,1,0.2558139239210081,272.9445515582478,0.0,
2021-05-28 06:00:32.200,1,0.1986087171033798,262.3493560548103,0.0,
2021-05-28 06:00:32.210,1,0.2409215357881251,246.3297057916661,0.0,
2021-05-28 06:00:32.220,1,0.2321578704226063,234.03742983854545,0.0,
2021-05-28 06:00:32.230,1,0.219369847047916,219.6798489658005,0.0,
2021-05-28 06:00:32.240,1,0.2066689216755464,207.69230881905145,0.0,
2021-05-28 06:00:32.250,1,0.1345695435121883,194.72724557296647,0.0,
2021-05-28 06:00:32.260,1,0.1878358820666942,179.59630328672344,0.0,
2021-05-28 06:00:32.270,1,0.14667526883992402,167.2672322000629,0.0,
2021-05-28 06:00:32.280,1,0.132665293601559,154.4461434922904,0.0,
2021-05-28 06:00:32.290,1,0.0989394673031807,143.65312298769032,0.0,
2021-05-28 06:00:32.300,1,0.1037925962946932,130.60197711525575,0.0,
2021-05-28 06:00:32.310,1,0.0814245970385569,118.60574790435855,0.0,
2021-05-28 06:00:32.320,1,0.1068074820645644,109.46966901817792,0.0,
2021-05-28 06:00:32.330,1,0.0776954078545035,99.03740952224658,1.0,
2021-05-28 06:00:32.340,1,0.0708342844192322,89.87068418331516,1.0,
2021-05-28 06:00:32.350,0,0.0833516868669011,80.71823745805747,1.0,
2021-05-28 06:00:32.360,0,0.0591564285920823,72.03396612420806,1.0,
2021-05-28 06:00:32.370,0,0.0681292441591965,64.24150436039167,1.0,
2021-05-28 06:00:32.380,0,0.0435492914282632,56.693711254377355,1.0,
2021-05-28 06:00:32.390,0,0.0345324467573406,50.56807813031896,1.0,
2021-05-28 06:00:32.400,0,0.0457675074086934,44.45344537934598,1.0,
2021-05-28 06:00:32.410,0,0.0329042123271665,38.260591057685645,1.0,
2021-05-28 06:00:32.420,0,0.0210823624097136,33.27028991616673,1.0,
2021-05-28 06:00:32.430,0,0.0289599278675494,28.260873900652765,1.0,
2021-05-28 06:00:32.440,0,0.0200688610384115,23.730622432355986,1.0,
2021-05-28 06:00:32.450,0,0.0144830066149901,19.74710464282641,1.0,
2021-05-28 06:00:32.460,0,0.0147789084342004,16.114916379668234,1.0,
2021-05-28 06:00:32.470,0,0.014929065734793997,12.911631795321455,1.0,
2021-05-28 06:00:32.480,0,0.0101781238241923,9.868263952462364,1.0,
2021-05-28 06:00:32.490,0,0.0031872178362036,7.2747351901515165,1.0,
2021-05-28 06:00:32.500,0,0.00402110699318,5.03171391133402,1.0,
2021-05-28 06:00:32.510,0,0.0057953463224686,2.9847953587791465,1.0,
2021-05-28 06:00:32.520,0,0.0011814423598306,1.2260774337421332,1.0,
2021-05-28 06:00:32.530,0,0.0001073876807413,0.0,1.0,
2021-05-28 06:00:32.540,0,-0.0004878072977348,0.0,1.0,
2021-05-28 06:00:32.550,0,-0.0057163227886795,0.0,1.0,
2021-05-28 06:00:32.560,0,-0.0039777823750626,0.0,1.0,
2021-05-28 06:00:32.570,0,-0.0067035938321162,0.0,1.0,
2021-05-28 06:00:32.580,0,-0.009444256073279,0.0,1.0,
2021-05-28 06:00:32.590,0,-0.0030889184091741,0.0,1.0,
2021-05-28 06:00:32.600,0,-0.007709049426999,0.0,1.0,
2021-05-28 06:00:32.610,0,-0.004625116217461,0.0,1.0,
2021-05-28 06:00:32.620,0,-0.0049621961376411,0.0,1.0,
2021-05-28 06:00:32.630,0,0.0024569522236846,0.0,1.0,
2021-05-28 06:00:32.640,0,-0.0082299036841864,0.0,1.0,
2021-05-28 06:00:32.650,0,-0.0035598114613003,0.0,1.0,
2021-05-28 06:00:32.660,0,-0.0048277033781135,0.0,1.0,
2021-05-28 06:00:32.670,0,-0.0042105607977875,0.0,1.0,
2021-05-28 06:00:32.680,0,-0.004137200617639,0.0,1.0,
2021-05-28 06:00:32.690,0,-0.0069976003398187,0.0,1.0,
2021-05-28 06:00:32.700,0,0.001620090023104,0.0,1.0,
2021-05-28 06:00:32.710,0,-0.0094465232513702,0.0,1.0,
2021-05-28 06:00:32.720,0,-0.0020491066184075,0.0,1.0,
2021-05-28 06:00:32.730,0,-0.0003523640708647,0.0,1.0,
2021-05-28 06:00:32.740,0,-0.0019032568636186,0.0,1.0,
2021-05-28 06:00:32.750,0,0.0032035886287915,0.0,1.0,
2021-05-28 06:00:32.760,0,-0.0001256818462195,0.0,1.0,
2021-05-28 06:00:32.770,0,0.0004668374169721,0.0,1.0,
2021-05-28 06:00:32.780,0,-0.0030618182427488,0.0,1.0,
2021-05-28 06:00:32.790,0,-0.0060796659957316,0.0,1.0,
2021-05-28 06:00:32.800,0,0.0070812829805354,0.0,1.0,
2021-05-28 06:00:32.810,0,-0.0040001655737584,0.0,1.0,
2021-05-28 06:00:32.820,0,-0.0024702253495827,4.002203257719419,1.0,
2021-05-28 06:00:32.830,0,0.0010078828073675,10.513157048248553,1.0,
2021-05-28 06:00:32.840,0,0.0180902417559363,19.046057287494968,1.0,
2021-05-28 06:00:32.850,0,0.0236437889669747,28.19714184062737,1.0,
2021-05-28 06:00:32.860,0,0.0270580294561561,38.914177156735676,1.0,
2021-05-28 06:00:32.870,0,0.0297229283572592,50.15227226658568,1.0,
2021-05-28 06:00:32.880,0,0.0462751892303515,62.45931466043282,1.0,
2021-05-28 06:00:32.890,0,0.0459562566201711,74.78836188933863,1.0,
2021-05-28 06:00:32.900,0,0.0685059891217531,87.43009192457339,1.0,
2021-05-28 06:00:32.910,0,0.0664250650802074,101.23207443791249,1.0,
2021-05-28 06:00:32.920,0,0.0912391666380487,113.20445445790207,1.0,
2021-05-28 06:00:32.930,0,0.0889727359373786,125.87570072602124,0.0,
2021-05-28 06:00:32.940,0,0.1057728658837215,138.35678353294028,0.0,
2021-05-28 06:00:32.950,0,0.1193306635359943,153.11304597522084,0.0,
2021-05-28 06:00:32.960,0,0.0923402772929171,164.7105904616325,0.0,
2021-05-28 06:00:32.970,0,0.1202344312561018,178.0081616515004,0.0,
2021-05-28 06:00:32.980,0,0.1245412518472031,192.9091297075539,0.0,
2021-05-28 06:00:32.990,0,0.1571529036669578,204.912773095555,0.0,
2021-05-28 06:00:33.000,1,0.1418476111200035,216.32662689025088,0.0,
2021-05-28 06:00:33.010,1,0.159142172539684,232.2575394982113,0.0,
2021-05-28 06:00:33.020,1,0.18058842264982,242.96756277219487,0.0,
2021-05-28 06:00:33.030,1,0.14325621561981,254.2983630390299,0.0,
2021-05-28 06:00:33.040,1,0.1981603110055779,262.84348779417917,0.0,
2021-05-28 06:00:33.050,1,0.1475007295126895,274.12215778305256,0.0,
2021-05-28 06:00:33.060,1,0.2261302869582117,284.6656927625207,0.0,
2021-05-28 06:00:33.070,1,0.214263427649854,293.81085460566896,0.0,
2021-05-28 06:00:33.080,1,0.1676038127900463,301.6653661898099,0.0,
2021-05-28 06:00:33.090,1,0.2302610959766589,312.1556090389502,0.0,
2021-05-28 06:00:33.100,1,0.2503572319973501,317.525009321055,0.0,
2021-05-28 06:00:33.110,1,0.2378852551851917,324.57454586382596,0.0,
2021-05-28 06:00:33.120,1,0.2226577808483038,328.1309303008631,0.0,
2021-05-28 06:00:33.130,1,0.2289952149882426,338.778948385316,0.0,
2021-05-28 06:00:33.140,1,0.1981830301827437,345.24069255715705,0.0,
2021-05-28 06:00:33.150,1,0.2612095059391669,349.03269609160276,0.0,
2021-05-28 06:00:33.160,1,0.2330909180993187,351.5321258802514,0.0,
2021-05-28 06:00:33.170,1,0.2088063817863025,348.27127036065536,0.0,
2021-05-28 06:00:33.180,1,0.2409755751613794,342.5141160973983,0.0,
2021-05-28 06:00:33.190,1,0.2441673120385942,339.24879011757525,0.0,
2021-05-28 06:00:33.200,1,0.2671467803110707,330.65031260180467,0.0,
2021-05-28 06:00:33.210,1,0.1826127000892002,318.16063950919363,0.0,
2021-05-28 06:00:33.220,1,0.2022177065674038,308.8980397804035,0.0,
2021-05-28 06:00:33.230,1,0.1944580636240416,298.36324881796236,0.0,
2021-05-28 06:00:33.240,1,0.1823659863020839,282.52556659856936,0.0,
2021-05-28 06:00:33.250,1,0.1515425419139709,267.52574462907984,0.0,
2021-05-28 06:00:33.260,1,0.1804629470672644,256.5227179154188,0.0,
2021-05-28 06:00:33.270,1,0.1744192404094592,242.11908933565527,0.0,
2021-05-28 06:00:33.280,1,0.1840639672248408,226.29878674466167,0.0,
2021-05-28 06:00:33.290,1,0.1545612921538507,210.4040798014242,0.0,
2021-05-28 06:00:33.300,1,0.1128592562502709,196.9689585191288,0.0,
2021-05-28 06:00:33.310,1,0.1171654105753951,183.22077559193542,0.0,
2021-05-28 06:00:33.320,1,0.1162419823020896,169.88105833937243,0.0,
2021-05-28 06:00:33.330,1,0.0955451754062178,156.74817901666256,0.0,
2021-05-28 06:00:33.340,1,0.1079651342125769,143.4178700225525,0.0,
2021-05-28 06:00:33.350,1,0.0890609332504815,132.59558245379412,0.0,
2021-05-28 06:00:33.360,1,0.0828702040146207,121.26518625296606,1.0,
2021-05-28 06:00:33.370,1,0.0637231010378205,109.71792151548377,1.0,
2021-05-28 06:00:33.380,1,0.0656106899370368,98.94068460753292,1.0,
2021-05-28 06:00:33.390,1,0.0596968279709185,89.89434756402879,1.0,
2021-05-28 06:00:33.400,0,0.0672260748119799,80.71147469913966,1.0,
2021-05-28 06:00:33.410,0,0.0461157512000123,71.13917069231209,1.0,
2021-05-28 06:00:33.420,0,0.0576075239951639,64.15218060405047,1.0,
2021-05-28 06:00:33.430,0,0.0368529641515417,55.87958231410098,1.0,
2021-05-28 06:00:33.440,0,0.0318632409938313,49.575428724363505,1.0,
2021-05-28 06:00:33.450,0,0.0222641025020209,42.84242453081557,1.0,
2021-05-28 06:00:33.460,0,0.0259732334945464,37.491904121931775,1.0,
2021-05-28 06:00:33.470,0,0.0166112329198981,31.93496553727537,1.0,
2021-05-28 06:00:33.480,0,0.0172001582028555,27.12884455379041,1.0,
2021-05-28 06:00:33.490,0,0.0186531490224266,22.569528172448287,1.0,
2021-05-28 06:00:33.500,0,0.0190848741658385,18.498003920185003,1.0,
2021-05-28 06:00:33.510,0,0.0117723956177037,14.987591073403905,1.0,
2021-05-28 06:00:33.520,0,0.0060475195612882,11.693707379845453,1.0,
2021-05-28 06:00:33.530,0,0.0117587461388733,8.709920024701766,1.0,
2021-05-28 06:00:33.540,0,0.0030695926396536,6.198244682243567,1.0,
2021-05-28 06:00:33.550,0,0.005486721680663,3.899421799269815,1.0,
2021-05-28 06:00:33.560,0,0.0031940650942833,1.9286094693651383,1.0,
2021-05-28 06:00:33.570,0,0.0053591917961146,0.1895635279304145,1.0,
2021-05-28 06:00:33.580,0,-0.0010252578230785,0.0,1.0,
2021-05-28 06:00:33.590,0,6.955905443397888e-05,0.0,1.0,
2021-05-28 06:00:33.600,0,-0.0066968539186305,0.0,1.0,
2021-05-28 06:00:33.610,0,-6.210425551312055e-05,0.0,1.0,
2021-05-28 06:00:33.620,0,0.0021178157137027,0.0,1.0,
2021-05-28 06:00:33.630,0,-0.004113206707553,0.0,1.0,
2021-05-28 06:00:33.640,0,-0.0059560187551561,0.0,1.0,
2021-05-28 06:00:33.650,0,-0.0115119391629503,0.0,1.0,
2021-05-28 06:00:33.660,0,-0.0084679418661845,0.0,1.0,
2021-05-28 06:00:33.670,0,-0.0041511384670275,0.0,1.0,
2021-05-28 06:00:33.680,0,-0.0074236467235283,0.0,1.0,
2021-05-28 06:00:33.690,0,-0.0003222982300787,0.0,1.0,
2021-05-28 06:00:33.700,0,-0.0028207878341971,0.0,1.0,
2021-05-28 06:00:33.710,0,0.0005226973823199,0.0,1.0,
2021-05-28 06:00:33.720,0,-0.0115481189595055,0.0,1.0,
2021-05-28 06:00:33.730,0,0.0010746577579066,0.0,1.0,
2021-05-28 06:00:33.740,0,-0.0065845048760318,0.0,1.0,
2021-05-28 06:00:33.750,0,-0.0062859305887745,0.0,1.0,
2021-05-28 06:00:33.760,0,-0.0017331248287289994,0.0,1.0,
2021-05-28 06:00:33.770,0,-0.0029143288170908,0.0,1.0,
2021-05-28 06:00:33.780,0,-0.00719730790665,0.0,1.0,
2021-05-28 06:00:33.790,0,-0.0048995898277444,0.0,1.0,
2021-05-28 06:00:33.800,0,-0.0042698159916689,0.0,1.0,
2021-05-28 06:00:33.810,0,0.0003638653974124,0.0,1.0,
2021-05-28 06:00:33.820,0,0.0032250016096729,2.6812448992970164,1.0,
2021-05-28 06:00:33.830,0,0.0090780636163455,9.398813071928016,1.0,
2021-05-28 06:00:33.840,0,0.0113196167798499,17.910396325995237,1.0,
2021-05-28 06:00:33.850,0,0.0173164167174233,27.72980975548305,1.0,
2021-05-28 06:00:33.860,0,0.0272883170164133,38.52735972009429,1.0,
2021-05-28 06:00:33.870,0,0.0335316915400088,50.6618692192512,1.0,
2021-05-28 06:00:33.880,0,0.0327455211337237,63.520343656936205,1.0,
2021-05-28 06:00:33.890,0,0.0520960219331702,75.69469930296579,1.0,
2021-05-28 06:00:33.900,0,0.0652472195696996,88.84292894111765,1.0,
2021-05-28 06:00:33.910,0,0.0662039060279247,101.07140120442136,1.0,
2021-05-28 06:00:33.920,0,0.0694481764049686,114.64126008024981,1.0,
2021-05-28 06:00:33.930,0,0.1030818617361473,128.60451987104307,1.0,
2021-05-28 06:00:33.940,0,0.0807339946161532,141.38658019926646,1.0,
2021-05-28 06:00:33.950,0,0.1089639874459456,154.15644009636506,0.0,
2021-05-28 06:00:33.960,0,0.117966648816152,166.89613722528333,0.0,
2021-05-28 06:00:33.970,0,0.1114691448124696,179.60365453585015,0.0,
2021-05-28 06:00:33.980,0,0.1393474905105303,194.4871941949486,0.0,
2021-05-28 06:00:33.990,0,0.1013444744462174,206.9488267031741,0.0,
2021-05-28 06:00:34.000,1,0.1292781721614373,219.3561695288076,0.0,
2021-05-28 06:00:34.010,1,0.1398936001558071,231.55599630326785,0.0,
2021-05-28 06:00:34.020,1,0.11922364260211,241.34216083793618,0.0,
2021-05-28 06:00:34.030,1,0.1271556892783879,253.64851279551468,0.0,
2021-05-28 06:00:34.040,1,0.1596467932958113,267.13378914094085,0.0,
2021-05-28 06:00:34.050,1,0.18440141692399,279.5525789473205,0.0,
2021-05-28 06:00:34.060,1,0.146763125900021,289.7157020427235,0.0,
2021-05-28 06:00:34.070,1,0.1666285284936006,297.4671126399864,0.0,
2021-05-28 06:00:34.080,1,0.2063804524101015,303.41427333785634,0.0,
2021-05-28 06:00:34.090,1,0.2176245682641638,314.71473468072776,0.0,
2021-05-28 06:00:34.100,1,0.2301829445046657,324.1025470371673,0.0,
2021-05-28 06:00:34.110,1,0.1662669339923931,328.1821027403558,0.0,
2021-05-28 06:00:34.120,1,0.2245751100691999,337.67460950422014,0.0,
2021-05-28 06:00:34.130,1,0.1808634719943792,340.81731502689047,0.0,
2021-05-28 06:00:34.140,1,0.1881688015758938,350.2191533893186,0.0,
2021-05-28 06:00:34.150,1,0.2362464637799133,356.78982920945816,0.0,
2021-05-28 06:00:34.160,1,0.1962808853806988,356.73463434547585,0.0,
2021-05-28 06:00:34.170,1,0.2031452968611324,363.79645290082686,0.0,
2021-05-28 06:00:34.180,1,0.2428661208661714,365.15204490539736,0.0,
2021-05-28 06:00:34.190,1,0.24464014565672895,370.1385012027144,0.0,
2021-05-28 06:00:34.200,1,0.2398744373018231,375.1193436553071,0.0,
2021-05-28 06:00:34.210,1,0.2319676313648071,373.7789183028234,0.0,
2021-05-28 06:00:34.220,1,0.2139286002337772,368.7164058883081,0.0,
2021-05-28 06:00:34.230,1,0.2336865892732013,367.38415549897695,0.0,
2021-05-28 06:00:34.240,1,0.1776664506992738,358.47051758885596,0.0,
2021-05-28 06:00:34.250,1,0.2188828839845246,347.6650383260119,0.0,
2021-05-28 06:00:34.260,1,0.2190330102148678,337.1959269277451,0.0,
2021-05-28 06:00:34.270,1,0.2112826365142415,322.3847843577695,0.0,
2021-05-28 06:00:34.280,1,0.1522636312323068,310.39790504863487,0.0,
2021-05-28 06:00:34.290,1,0.1761851713728496,294.2069231977148,0.0,
2021-05-28 06:00:34.300,1,0.1843431257202392,278.2254942018928,0.0,
2021-05-28 06:00:34.310,1,0.1661197976818138,265.2922374668928,0.0,
2021-05-28 06:00:34.320,1,0.1265241147369015,249.93749346361102,0.0,
2021-05-28 06:00:34.330,1,0.1248704716817968,231.254613297088,0.0,
2021-05-28 06:00:34.340,1,0.1340233648309656,215.83585853937603,0.0,
2021-05-28 06:00:34.350,1,0.1427381277267551,203.8788675744249,0.0,
2021-05-28 06:00:34.360,1,0.0973894919689535,186.91899876655918,0.0,
2021-05-28 06:00:34.370,1,0.1019400706917783,174.08919285286606,0.0,
2021-05-28 06:00:34.380,1,0.1033280197958665,160.8686167424301,0.0,
2021-05-28 06:00:34.390,1,0.07716127640892201,146.89198043560992,1.0,
2021-05-28 06:00:34.400,1,0.1017211818369004,134.31801329027306,1.0,
2021-05-28 06:00:34.410,1,0.0810723527669068,121.73856803798805,1.0,
2021-05-28 06:00:34.420,1,0.0859898000274858,109.8045248129992,1.0,
2021-05-28 06:00:34.430,1,0.0577515800207732,99.8105439138576,1.0,
2021-05-28 06:00:34.440,1,0.0614143745718061,89.775435816172,1.0,
2021-05-28 06:00:34.450,0,0.0499702571724399,80.23576497304042,1.0,
2021-05-28 06:00:34.460,0,0.0538128914245259,71.31236293243578,1.0,
2021-05-28 06:00:34.470,0,0.0508650930349025,63.66520565373351,1.0,
2021-05-28 06:00:34.480,0,0.0451195268415898,55.58803437379749,1.0,
2021-05-28 06:00:34.490,0,0.033759183855953,48.78188411262503,1.0,
2021-05-28 06:00:34.500,0,0.0195353740078022,41.90598652174522,1.0,
2021-05-28 06:00:34.510,0,0.0266612808211614,36.072865418547416,1.0,
2021-05-28 06:00:34.520,0,0.0201806296796532,30.972395606699468,1.0,
2021-05-28 06:00:34.530,0,0.0183024627042104,25.892791198299605,1.0,
2021-05-28 06:00:34.540,0,0.0140621721070367,21.524558495240306,1.0,
2021-05-28 06:00:34.550,0,0.0164547567162406,17.566590042253527,1.0,
2021-05-28 06:00:34.560,0,0.0087035514070886,13.938925054865065,1.0,
2021-05-28 06:00:34.570,0,0.002467001246561,10.651555535668553,1.0,
2021-05-28 06:00:34.580,0,0.0011520303923113,7.780653027242893,1.0,
2021-05-28 06:00:34.590,0,0.009033380752396,5.2575609712583535,1.0,
2021-05-28 06:00:34.600,0,-0.0006645790557194,3.0118896902127275,1.0,
2021-05-28 06:00:34.610,0,-0.0011034372018483,1.0651089259137825,1.0,
2021-05-28 06:00:34.620,0,-0.002502080324324,0.0,1.0,
2021-05-28 06:00:34.630,0,0.000531353991412,0.0,1.0,
2021-05-28 06:00:34.640,0,0.0019545535972368,0.0,1.0,
2021-05-28 06:00:34.650,0,-0.0024563666000284,0.0,1.0,
2021-05-28 06:00:34.660,0,-0.0026618076296617,0.0,1.0,
2021-05-28 06:00:34.670,0,0.0009157415150412,0.0,1.0,
2021-05-28 06:00:34.680,0,-0.0084180852757334,0.0,1.0,
2021-05-28 06:00:34.690,0,-0.0033888637571391,0.0,1.0,
2021-05-28 06:00:34.700,0,-0.0060573038742489,0.0,1.0,
2021-05-28 06:00:34.710,0,-0.0068740219553765,0.0,1.0,
2021-05-28 06:00:34.720,0,-0.0093407046229724,0.0,1.0,
2021-05-28 06:00:34.730,0,-0.0107278941383328,0.0,1.0,
2021-05-28 06:00:34.740,0,-0.0046968563988265,0.0,1.0,
2021-05-28 06:00:34.750,0,-0.0057571208355763,0.0,1.0,
2021-05-28 06:00:34.760,0,-0.0027300272600845,0.0,1.0,
2021-05-28 06:00:34.770,0,-0.0014497233758253,0.0,1.0,
2021-05-28 06:00:34.780,0,-0.0029794922433768,0.0,1.0,
2021-05-28 06:00:34.790,0,-0.0001782458320853,0.0,1.0,
2021-05-28 06:00:34.800,0,-0.0054093384482078,0.0,1.0,
2021-05-28 06:00:34.810,0,-0.0045327441748097,0.0,1.0,
2021-05-28 06:00:34.820,0,-0.0012256136940648,1.0992778615573022,1.0,
2021-05-28 06:00:34.830,0,0.0085136125161213,7.9003506681493665,1.0,
2021-05-28 06:00:34.840,0,0.0138863069638257,16.35625646602357,1.0,
2021-05-28 06:00:34.850,0,0.0190405750067804,26.15974864195401,1.0,
2021-05-28 06:00:34.860,0,0.0270309658489818,37.3582742794104,1.0,
2021-05-28 06:00:34.870,0,0.037985504745727004,48.90212313329692,1.0,
2021-05-28 06:00:34.880,0,0.0575030720806292,61.0979626300865,1.0,
2021-05-28 06:00:34.890,0,0.070631832253606,73.72808315848756,1.0,
2021-05-28 06:00:34.900,0,0.0733141873059355,86.87441215602243,1.0,
2021-05-28 06:00:34.910,0,0.0925875664954275,99.96961351622645,1.0,
2021-05-28 06:00:34.920,0,0.10802852575352903,113.73689882769249,1.0,
2021-05-28 06:00:34.930,0,0.1079456779128143,126.51984295638997,1.0,
2021-05-28 06:00:34.940,0,0.0981563641887328,139.82748109452749,1.0,
2021-05-28 06:00:34.950,0,0.1171962474447961,152.19388392974244,1.0,
2021-05-28 06:00:34.960,0,0.1527057769536947,163.0963775201901,0.0,
2021-05-28 06:00:34.970,0,0.1546049495914439,175.603326742339,0.0,
2021-05-28 06:00:34.980,0,0.179685672505599,188.9293294516584,0.0,
2021-05-28 06:00:34.990,0,0.1753290413263915,200.14295359339783,0.0,
2021-05-28 06:00:35.000,1,0.1827846616092371,215.19030488379462,0.0,
2021-05-28 06:00:35.010,1,0.2142083341124122,228.38455993328148,0.0,
2021-05-28 06:00:35.020,1,0.1967379100517259,238.30160788192103,0.0,
2021-05-28 06:00:35.030,1,0.2330148593958644,248.2389260608617,0.0,
2021-05-28 06:00:35.040,1,0.1676326543448983,261.10515007537504,0.0,
2021-05-28 06:00:35.050,1,0.2360241498321279,271.3213355218781,0.0,
2021-05-28 06:00:35.060,1,0.2048823228742012,283.2774295349301,0.0,
2021-05-28 06:00:35.070,1,0.2546924392173517,290.1358858806658,0.0,
2021-05-28 06:00:35.080,1,0.223337779808783,298.53084460482995,0.0,
2021-05-28 06:00:35.090,1,0.2726346286819763,307.42136901861323,0.0,
2021-05-28 06:00:35.100,1,0.2530453443425163,319.63648598226416,0.0,
2021-05-28 06:00:35.110,1,0.2252880385325043,323.9121209629027,0.0,
2021-05-28 06:00:35.120,1,0.2368648527359869,330.89487578288083,0.0,
2021-05-28 06:00:35.130,1,0.2736622033400698,340.44226315902205,0.0,
2021-05-28 06:00:35.140,1,0.2288852962449376,344.68300491437543,0.0,
2021-05-28 06:00:35.150,1,0.254166695105217,351.90686537047134,0.0,
2021-05-28 06:00:35.160,1,0.3041370357414115,360.5770841262042,0.0,
2021-05-28 06:00:35.170,1,0.2713672671926634,360.2746825376355,0.0,
2021-05-28 06:00:35.180,1,0.2949760655269116,366.9994904601342,0.0,
2021-05-28 06:00:35.190,1,0.3045515470407407,369.97008051370085,0.0,
2021-05-28 06:00:35.200,1,0.2585165067605154,370.3715321855643,0.0,
2021-05-28 06:00:35.210,1,0.2441356612996469,375.34682321672136,0.0,
2021-05-28 06:00:35.220,1,0.23727212764896105,378.0155743562088,0.0,
2021-05-28 06:00:35.230,1,0.289513634139707,379.7038708971952,0.0,
2021-05-28 06:00:35.240,1,0.294660064059172,382.92942871909753,0.0,
2021-05-28 06:00:35.250,1,0.3218597403304812,383.6263016148256,0.0,
2021-05-28 06:00:35.260,1,0.2548146370265381,385.19605675487884,0.0,
2021-05-28 06:00:35.270,1,0.307275967678943,379.51855941126615,0.0,
2021-05-28 06:00:35.280,1,0.2769939060215107,372.5605687683359,0.0,
2021-05-28 06:00:35.290,1,0.3066990312804439,364.6794207646895,0.0,
2021-05-28 06:00:35.300,1,0.2598839815479293,353.74077029814134,0.0,
2021-05-28 06:00:35.310,1,0.2283633169993163,341.40953341007787,0.0,
2021-05-28 06:00:35.320,1,0.2051569207986818,326.7910731092536,0.0,
2021-05-28 06:00:35.330,1,0.2180341110896802,312.3721380116299,0.0,
2021-05-28 06:00:35.340,1,0.2466747804634863,298.6642969738952,0.0,
2021-05-28 06:00:35.350,1,0.22903653532333895,280.68526993053274,0.0,
2021-05-28 06:00:35.360,1,0.1867523316898601,264.7840246188493,0.0,
2021-05-28 06:00:35.370,1,0.2044409134725387,247.65938206284585,0.0,
2021-05-28 06:00:35.380,1,0.157112278192879,232.51321422507868,0.0,
2021-05-28 06:00:35.390,1,0.1764851916520723,218.6206495434084,0.0,
2021-05-28 06:00:35.400,1,0.1831729426987547,202.7380100870954,0.0,
2021-05-28 06:00:35.410,1,0.1262730110032826,186.81978269706661,0.0,
2021-05-28 06:00:35.420,1,0.1367460889341056,172.32287737796668,0.0,
2021-05-28 06:00:35.430,1,0.100403219045069,160.20941358773598,1.0,
2021-05-28 06:00:35.440,1,0.1060537915407422,145.50665967153668,1.0,
2021-05-28 06:00:35.450,1,0.1212512592144302,132.42771020634194,1.0,
2021-05-28 06:00:35.460,1,0.1061125443294781,121.50926978948894,1.0,
2021-05-28 06:00:35.470,1,0.097574221283168,108.66420619580587,1.0,
2021-05-28 06:00:35.480,1,0.0648377177176035,98.24623742375185,1.0,
2021-05-28 06:00:35.490,1,0.0560158854000925,87.80711961929278,1.0,
2021-05-28 06:00:35.500,0,0.05692201637799201,79.01229520268224,1.0,
2021-05-28 06:00:35.510,0,0.0521326096546053,70.23736541472432,1.0,
2021-05-28 06:00:35.520,0,0.0519925544590192,61.520964802554204,1.0,
2021-05-28 06:00:35.530,0,0.0428835728693744,54.28165603488904,1.0,
2021-05-28 06:00:35.540,0,0.0315020505098654,46.56755828570827,1.0,
2021-05-28 06:00:35.550,0,0.0371407088203989,40.672008324026066,1.0,
2021-05-28 06:00:35.560,0,0.0238810123740439,34.6472109977433,1.0,
2021-05-28 06:00:35.570,0,0.0165420569746943,29.57914667388576,1.0,
2021-05-28 06:00:35.580,0,0.0200384210486984,24.556533086258497,1.0,
2021-05-28 06:00:35.590,0,0.0138317714051531,20.39255446829624,1.0,
2021-05-28 06:00:35.600,0,0.0030505976063081,16.55002694620662,1.0,
2021-05-28 06:00:35.610,0,0.0072626993063831,12.914310634922447,1.0,
2021-05-28 06:00:35.620,0,0.0077395888207501,9.753175374324828,1.0,
2021-05-28 06:00:35.630,0,0.009018681928329,6.9126791517123225,1.0,
2021-05-28 06:00:35.640,0,0.0021873501162326,4.479338160813236,1.0,
2021-05-28 06:00:35.650,0,0.0057201627154466,2.2981588548908527,1.0,
2021-05-28 06:00:35.660,0,0.0006904334095201,0.4436089414858578,1.0,
2021-05-28 06:00:35.670,0,-0.0041062594578951,0.0,1.0,
2021-05-28 06:00:35.680,0,-0.0099862674109063,0.0,1.0,
2021-05-28 06:00:35.690,0,-0.0028477830525078,0.0,1.0,
2021-05-28 06:00:35.700,0,-0.0074765987056338,0.0,1.0,
2021-05-28 06:00:35.710,0,-9.400296635386166e-05,0.0,1.0,
2021-05-28 06:00:35.720,0,-0.0034087438227456,0.0,1.0,
2021-05-28 06:00:35.730,0,-0.0046264329340942,0.0,1.0,
2021-05-28 06:00:35.740,0,-0.0040351522691757,0.0,1.0,
2021-05-28 06:00:35.750,0,-0.0069603265341544,0.0,1.0,
2021-05-28 06:00:35.760,0,-0.0117702783569538,0.0,1.0,
2021-05-28 06:00:35.770,0,-0.0035445972788541,0.0,1.0,
2021-05-28 06:00:35.780,0,-0.0033552981812052,0.0,1.0,
2021-05-28 06:00:35.790,0,-0.0028222578972611,0.0,1.0,
2021-05-28 06:00:35.800,0,-0.008828675215126999,0.0,1.0,
2021-05-28 06:00:35.810,0,-0.0026867371551932,0.0,1.0,
2021-05-28 06:00:35.820,0,0.0016928989390016,0.0,1.0,
2021-05-28 06:00:35.830,0,0.0036856611160541,6.27710074652722,1.0,
2021-05-28 06:00:35.840,0,0.014474494173373997,14.685768588882803,1.0,
2021-05-28 06:00:35.850,0,0.0191465788446648,24.115250307777465,1.0,
2021-05-28 06:00:35.860,0,0.0245069592547378,34.64871906054905,1.0,
2021-05-28 06:00:35.870,0,0.0502657036907384,46.51992344074552,1.0,
2021-05-28 06:00:35.880,0,0.0586599774607839,58.47893558451827,1.0,
2021-05-28 06:00:35.890,0,0.068527879206483,71.14616784310006,1.0,
2021-05-28 06:00:35.900,0,0.070785657212737,83.82938277443856,1.0,
2021-05-28 06:00:35.910,0,0.0943437299591352,97.33973541631731,1.0,
2021-05-28 06:00:35.920,0,0.1179646503962527,110.79863872426444,1.0,
2021-05-28 06:00:35.930,0,0.1217768723987845,123.03219742157525,1.0,
2021-05-28 06:00:35.940,0,0.1120107842811535,135.87886343205648,1.0,
2021-05-28 06:00:35.950,0,0.1216162244030578,148.6235892918551,1.0,
2021-05-28 06:00:35.960,0,0.1640292878795644,161.2011680451093,1.0,
2021-05-28 06:00:35.970,0,0.1639674617180105,171.46961381371972,0.0,
2021-05-28 06:00:35.980,0,0.1696066921201471,185.22187348658048,0.0,
2021-05-28 06:00:35.990,0,0.2002046536828025,194.4167213667624,0.0,
2021-05-28 06:00:36.000,1,0.1590656938159232,210.68926726627262,0.0,
2021-05-28 06:00:36.010,1,0.2218488375924577,219.27821748472192,0.0,
2021-05-28 06:00:36.020,1,0.2404689209025928,230.74397197762485,0.0,
2021-05-28 06:00:36.030,1,0.2560791721085584,243.03535866069882,0.0,
2021-05-28 06:00:36.040,1,0.215998289311406,254.5910389216842,0.0,
2021-05-28 06:00:36.050,1,0.2479655126331119,264.56785232717226,0.0,
2021-05-28 06:00:36.060,1,0.2643969130355639,274.05212006592143,0.0,
2021-05-28 06:00:36.070,1,0.2671666019061645,284.8163033761302,0.0,
2021-05-28 06:00:36.080,1,0.2520382593687351,295.98803869866197,0.0,
2021-05-28 06:00:36.090,1,0.2326844506972113,304.3165290935845,0.0,
2021-05-28 06:00:36.100,1,0.2400928426244511,311.25393809701507,0.0,
2021-05-28 06:00:36.110,1,0.3188286414395321,319.9488406158024,0.0,
2021-05-28 06:00:36.120,1,0.3027469671559247,325.7082582888844,0.0,
2021-05-28 06:00:36.130,1,0.2523596534941552,334.31198782240034,0.0,
2021-05-28 06:00:36.140,1,0.3024301033317228,341.45612900406053,0.0,
2021-05-28 06:00:36.150,1,0.2495180393193258,342.58436168501703,0.0,
2021-05-28 06:00:36.160,1,0.23244860524419894,346.9310493642916,0.0,
2021-05-28 06:00:36.170,1,0.2856483858307708,357.78151791222984,0.0,
2021-05-28 06:00:36.180,1,0.3239290837730467,363.9954069702182,0.0,
2021-05-28 06:00:36.190,1,0.2935078389939113,366.1185856048474,0.0,
2021-05-28 06:00:36.200,1,0.3533663247076415,371.3256842096435,0.0,
2021-05-28 06:00:36.210,1,0.3161203883763463,374.18774950523635,0.0,
2021-05-28 06:00:36.220,1,0.3445536460261663,378.3353393097462,0.0,
2021-05-28 06:00:36.230,1,0.25141249796181103,379.86110604225627,0.0,
2021-05-28 06:00:36.240,1,0.3322382666088407,385.62207560690126,0.0,
2021-05-28 06:00:36.250,1,0.2983766597284957,384.7532480251288,0.0,
2021-05-28 06:00:36.260,1,0.2324837723559358,383.971632778499,0.0,
2021-05-28 06:00:36.270,1,0.2425780968338705,389.62763834340683,0.0,
2021-05-28 06:00:36.280,1,0.2520332716171805,387.6309150274421,0.0,
2021-05-28 06:00:36.290,1,0.261268826353934,393.9811021190341,0.0,
2021-05-28 06:00:36.300,1,0.2559152392545883,393.11489133592863,0.0,
2021-05-28 06:00:36.310,1,0.3166910019357664,390.7739043222001,0.0,
2021-05-28 06:00:36.320,1,0.3130613735968995,387.1584898853814,0.0,
2021-05-28 06:00:36.330,1,0.2868954851345548,378.7307452499144,0.0,
2021-05-28 06:00:36.340,1,0.2563208423989582,367.97369245765,0.0,
2021-05-28 06:00:36.350,1,0.30021934642991,360.27831781885214,0.0,
2021-05-28 06:00:36.360,1,0.2613491319257942,346.12763986051766,0.0,
2021-05-28 06:00:36.370,1,0.2096884339911244,331.40902361490686,0.0,
2021-05-28 06:00:36.380,1,0.1872039393314082,315.97957243077616,0.0,
2021-05-28 06:00:36.390,1,0.1734724267616315,299.7810779890964,0.0,
2021-05-28 06:00:36.400,1,0.17251721042530802,285.0623001671913,0.0,
2021-05-28 06:00:36.410,1,0.1607914745448755,267.0032306291513,0.0,
2021-05-28 06:00:36.420,1,0.1702977751741727,251.75651144294048,0.0,
2021-05-28 06:00:36.430,1,0.1763248483346226,232.73700996857303,0.0,
2021-05-28 06:00:36.440,1,0.1490210046217,219.33946652822627,0.0,
2021-05-28 06:00:36.450,1,0.1251366187636423,204.1655894264616,0.0,
2021-05-28 06:00:36.460,1,0.1194332872351269,189.61034740386847,0.0,
2021-05-28 06:00:36.470,1,0.0924918377047559,173.99042886521732,1.0,
2021-05-28 06:00:36.480,1,0.08771013955630999,158.8590730130409,1.0,
2021-05-28 06:00:36.490,1,0.1113732293606925,146.63498764564994,1.0,
2021-05-28 06:00:36.500,1,0.0760016663392247,133.07944399996916,1.0,
2021-05-28 06:00:36.510,1,0.08951304841987301,120.65439103298516,1.0,
2021-05-28 06:00:36.520,1,0.0765755350475388,108.50529158380172,1.0,
2021-05-28 06:00:36.530,1,0.0744244336408959,98.25585953128409,1.0,
2021-05-28 06:00:36.540,1,0.0567907605217778,88.31956449241292,1.0,
2021-05-28 06:00:36.550,0,0.042280662945976,79.51004899273298,1.0,
2021-05-28 06:00:36.560,0,0.0487006994339787,69.58804402621934,1.0,
2021-05-28 06:00:36.570,0,0.0370835936823039,61.25239188222349,1.0,
2021-05-28 06:00:36.580,0,0.030948403823309,53.476159198181065,1.0,
2021-05-28 06:00:36.590,0,0.0295450061896546,47.11893018747653,1.0,
2021-05-28 06:00:36.600,0,0.0278940215872902,40.26968769884058,1.0,
2021-05-28 06:00:36.610,0,0.0195005892627385,34.32805074165339,1.0,
2021-05-28 06:00:36.620,0,0.0171849643016166,29.15004093069879,1.0,
2021-05-28 06:00:36.630,0,0.0082099219176462,24.353434043629303,1.0,
2021-05-28 06:00:36.640,0,0.0096871017807368,20.031693178836967,1.0,
2021-05-28 06:00:36.650,0,0.0091681879677155,16.084225075386463,1.0,
2021-05-28 06:00:36.660,0,0.0101703481588133,12.516957350429875,1.0,
2021-05-28 06:00:36.670,0,0.0034135038612494,9.213763304981699,1.0,
2021-05-28 06:00:36.680,0,0.0046738777760409,6.45371923149425,1.0,
2021-05-28 06:00:36.690,0,0.0092493515484602,3.970220461840992,1.0,
2021-05-28 06:00:36.700,0,0.00170130714158,1.880865932577272,1.0,
2021-05-28 06:00:36.710,0,-8.452503893965359e-05,0.0137666646771943,1.0,
2021-05-28 06:00:36.720,0,0.0024589228131742,0.0,1.0,
2021-05-28 06:00:36.730,0,-0.0067267213934678,0.0,1.0,
2021-05-28 06:00:36.740,0,0.0053115094617388,0.0,1.0,
2021-05-28 06:00:36.750,0,-0.0028827885093534,0.0,1.0,
2021-05-28 06:00:36.760,0,0.000986764009509,0.0,1.0,
2021-05-28 06:00:36.770,0,-0.0030066510227948,0.0,1.0,
2021-05-28 06:00:36.780,0,-0.0097625888278336,0.0,1.0,
2021-05-28 06:00:36.790,0,-0.0096511417104036,0.0,1.0,
2021-05-28 06:00:36.800,0,-0.0066754134210877,0.0,1.0,
2021-05-28 06:00:36.810,0,-0.0070238570493717,0.0,1.0,
2021-05-28 06:00:36.820,0,-0.0070544499943994,0.0,1.0,
2021-05-28 06:00:36.830,0,0.0014073852215553,5.413852882006456,1.0,
2021-05-28 06:00:36.840,0,0.0031364846052078,13.495974511650546,1.0,
2021-05-28 06:00:36.850,0,0.011094565219162,23.15921394589955,1.0,
2021-05-28 06:00:36.860,0,0.0304293097257916,33.99866001307031,1.0,
2021-05-28 06:00:36.870,0,0.0235173984079547,45.163230782777134,1.0,
2021-05-28 06:00:36.880,0,0.0303480582691666,57.767171803334435,1.0,
2021-05-28 06:00:36.890,0,0.046678338280502,70.11724752864495,1.0,
2021-05-28 06:00:36.900,0,0.0681180116342895,83.14248298168164,1.0,
2021-05-28 06:00:36.910,0,0.0600613681583398,96.36907618803178,1.0,
2021-05-28 06:00:36.920,0,0.0891482726174891,108.28432704369229,1.0,
2021-05-28 06:00:36.930,0,0.0736366525693576,121.15374805468376,1.0,
2021-05-28 06:00:36.940,0,0.1175813530848758,134.34476239534183,1.0,
2021-05-28 06:00:36.950,0,0.0943354048686097,147.87975254736548,1.0,
2021-05-28 06:00:36.960,0,0.1246731173517658,159.88960813371529,1.0,
2021-05-28 06:00:36.970,0,0.1081221720069814,172.18199194003518,1.0,
2021-05-28 06:00:36.980,0,0.1159727493002831,183.35303864970388,0.0,
2021-05-28 06:00:36.990,0,0.1458787895215569,194.7490207269033,0.0,
2021-05-28 06:00:37.000,1,0.1511239562646434,203.23522484304226,0.0,
2021-05-28 06:00:37.010,1,0.130777468868965,217.6761594332748,0.0,
2021-05-28 06:00:37.020,1,0.1761009897935768,227.97434362673567,0.0,
2021-05-28 06:00:37.030,1,0.1900657008838358,239.11224120596214,0.0,
2021-05-28 06:00:37.040,1,0.1839328153131186,248.8570747705693,0.0,
2021-05-28 06:00:37.050,1,0.1666465814555628,260.4480966659516,0.0,
2021-05-28 06:00:37.060,1,0.1583945410829828,270.1866992451524,0.0,
2021-05-28 06:00:37.070,1,0.17029975394622698,281.7183445952286,0.0,
2021-05-28 06:00:37.080,1,0.1831005962172711,287.47844575609764,0.0,
2021-05-28 06:00:37.090,1,0.2129895751825282,296.7822378030596,0.0,
2021-05-28 06:00:37.100,1,0.2242620777588265,308.12037868447015,0.0,
2021-05-28 06:00:37.110,1,0.2184916366856768,316.66647726198295,0.0,
2021-05-28 06:00:37.120,1,0.2524246645153524,325.44244456153234,0.0,
2021-05-28 06:00:37.130,1,0.2385127272456974,329.8731247901189,0.0,
2021-05-28 06:00:37.140,1,0.260326554852863,341.32433226729717,0.0,
2021-05-28 06:00:37.150,1,0.2110610523576222,345.0382254237481,0.0,
2021-05-28 06:00:37.160,1,0.2563711751605608,351.4276858205,0.0,
2021-05-28 06:00:37.170,1,0.2178613045766361,353.4517866179705,0.0,
2021-05-28 06:00:37.180,1,0.2841078462269595,357.2571916477449,0.0,
2021-05-28 06:00:37.190,1,0.2358068103482624,363.6593717945659,0.0,
2021-05-28 06:00:37.200,1,0.2505555473272244,371.47095470487915,0.0,
2021-05-28 06:00:37.210,1,0.2822579465006709,375.90120833190286,0.0,
2021-05-28 06:00:37.220,1,0.2477777032765812,374.4212224417525,0.0,
2021-05-28 06:00:37.230,1,0.2330009529182364,379.3756138659933,0.0,
2021-05-28 06:00:37.240,1,0.2828050574784368,383.4827577092385,0.0,
2021-05-28 06:00:37.250,1,0.2791952956602518,383.16461991832915,0.0,
2021-05-28 06:00:37.260,1,0.2863524187732448,390.3310217218594,0.0,
2021-05-28 06:00:37.270,1,0.2013799851448346,388.52051455670767,0.0,
2021-05-28 06:00:37.280,1,0.2434084269863481,392.2676631026113,0.0,
2021-05-28 06:00:37.290,1,0.2239165870915702,392.7419893343489,0.0,
2021-05-28 06:00:37.300,1,0.2191947196866528,393.3434825807065,0.0,
2021-05-28 06:00:37.310,1,0.273130101368947,393.1194253418891,0.0,
2021-05-28 06:00:37.320,1,0.2614201402123228,396.81080315261045,0.0,
2021-05-28 06:00:37.330,1,0.237884287313893,396.85715654271,0.0,
2021-05-28 06:00:37.340,1,0.2669691110274492,396.7331566736528,0.0,
2021-05-28 06:00:37.350,1,0.2705350406766572,397.3444880590803,0.0,
2021-05-28 06:00:37.360,1,0.182736251227184,395.6741827292858,0.0,
2021-05-28 06:00:37.370,1,0.1818249115507329,388.75640918618296,0.0,
2021-05-28 06:00:37.380,1,0.1941204063844493,383.61388877749465,0.0,
2021-05-28 06:00:37.390,1,0.2190588149228577,372.7808672025657,0.0,
2021-05-28 06:00:37.400,1,0.1908924772565349,363.32211339940164,0.0,
2021-05-28 06:00:37.410,1,0.1849713371274473,348.3925370015416,0.0,
2021-05-28 06:00:37.420,1,0.1964841948530287,331.29284605218953,0.0,
2021-05-28 06:00:37.430,1,0.1991177912013745,314.6293033678083,0.0,
2021-05-28 06:00:37.440,1,0.1308509161558949,302.47699327852416,0.0,
2021-05-28 06:00:37.450,1,0.138733287882231,284.79108874514105,0.0,
2021-05-28 06:00:37.460,1,0.1662153507684437,270.84721440881856,0.0,
2021-05-28 06:00:37.470,1,0.1505041043532013,251.1091363005883,0.0,
2021-05-28 06:00:37.480,1,0.1023234240645992,238.84792856235592,0.0,
2021-05-28 06:00:37.490,1,0.1192291637820572,220.3722858915017,0.0,
2021-05-28 06:00:37.500,1,0.1155555408038788,205.46895220035813,0.0,
2021-05-28 06:00:37.510,1,0.0972203931817745,188.16926256703024,1.0,
2021-05-28 06:00:37.520,1,0.0919617357419869,175.22765536476211,1.0,
2021-05-28 06:00:37.530,1,0.0731323552517609,161.14636913197916,1.0,
2021-05-28 06:00:37.540,1,0.0856716448086813,146.82782035567345,1.0,
2021-05-28 06:00:37.550,1,0.0681348016281816,134.28671905521094,1.0,
2021-05-28 06:00:37.560,1,0.0555485204670547,120.51419245581606,1.0,
2021-05-28 06:00:37.570,1,0.0565236218524027,109.72352081960524,1.0,
2021-05-28 06:00:37.580,1,0.043716939545537,97.85765272268213,1.0,
2021-05-28 06:00:37.590,1,0.0437605093097715,87.76759030031998,1.0,
2021-05-28 06:00:37.600,0,0.0349069181937462,78.48540347958037,1.0,
2021-05-28 06:00:37.610,0,0.0385230030568682,69.53185094602809,1.0,
2021-05-28 06:00:37.620,0,0.0276938084167187,61.42042258370464,1.0,
2021-05-28 06:00:37.630,0,0.0265168785355203,53.17824180983739,1.0,
2021-05-28 06:00:37.640,0,0.0258944632896569,46.64558095380683,1.0,
2021-05-28 06:00:37.650,0,0.0174911752392051,40.500896457678316,1.0,
2021-05-28 06:00:37.660,0,0.0091031037687801,34.588776030162485,1.0,
2021-05-28 06:00:37.670,0,0.0068637491804378,28.73038296918239,1.0,
2021-05-28 06:00:37.680,0,0.0116294100687316,23.99594973530421,1.0,
2021-05-28 06:00:37.690,0,0.0148013245834974,19.686674985080828,1.0,
2021-05-28 06:00:37.700,0,0.0040220671625602,15.587957157383967,1.0,
2021-05-28 06:00:37.710,0,0.0080709432841543,12.053105440458438,1.0,
2021-05-28 06:00:37.720,0,0.0067012739589176,8.957855841015153,1.0,
2021-05-28 06:00:37.730,0,0.0031378756844458,6.135887341861332,1.0,
2021-05-28 06:00:37.740,0,0.0074594642704768,3.736209706243004,1.0,
2021-05-28 06:00:37.750,0,-0.003328044453882,1.5881126725885708,1.0,
2021-05-28 06:00:37.760,0,-0.0031961693285113,0.0,1.0,
2021-05-28 06:00:37.770,0,0.0001082083645723,0.0,1.0,
2021-05-28 06:00:37.780,0,-0.0016685170175095,0.0,1.0,
2021-05-28 06:00:37.790,0,0.001624231465566,0.0,1.0,
2021-05-28 06:00:37.800,0,-0.0069980205162649,0.0,1.0,
2021-05-28 06:00:37.810,0,-0.0002670215924037,0.0,1.0,
2021-05-28 06:00:37.820,0,0.0009011058539572,0.6992978168619879,1.0,
2021-05-28 06:00:37.830,0,0.0058592962201031,6.866130289114183,1.0,
2021-05-28 06:00:37.840,0,0.0104962233084632,14.777770806992892,1.0,
2021-05-28 06:00:37.850,0,0.0105830891931058,24.07955122387177,1.0,
2021-05-28 06:00:37.860,0,0.0202307172463118,34.33881375415271,1.0,
2021-05-28 06:00:37.870,0,0.0276152280949022,45.73028769329599,1.0,
2021-05-28 06:00:37.880,0,0.0301632467320576,57.1377541282442,1.0,
2021-05-28 06:00:37.890,0,0.0387626869104392,70.22494398923136,1.0,
2021-05-28 06:00:37.900,0,0.03929988438163,83.3764478395813,1.0,
2021-05-28 06:00:37.910,0,0.0550298894308638,95.5490544534618,1.0,
2021-05-28 06:00:37.920,0,0.0676244791038913,109.67207561481895,1.0,
2021-05-28 06:00:37.930,0,0.0670889224041425,121.59833255685692,1.0,
2021-05-28 06:00:37.940,0,0.0697258758692022,134.88573334094326,1.0,
2021-05-28 06:00:37.950,0,0.0848315231032741,146.8948634875238,1.0,
2021-05-28 06:00:37.960,0,0.1118057344023821,158.90463211452487,1.0,
2021-05-28 06:00:37.970,0,0.0790536478753169,171.26110426994458,1.0,
2021-05-28 06:00:37.980,0,0.1024367385346716,181.98295044026702,1.0,
2021-05-28 06:00:37.990,0,0.1245825623643311,192.42283333239467,0.0,
2021-05-28 06:00:38.000,1,0.1182610461985836,202.13232858636937,0.0,
2021-05-28 06:00:38.010,1,0.1213753186458814,214.15024815588865,0.0,
2021-05-28 06:00:38.020,1,0.1349784316186511,224.4500788947948,0.0,
2021-05-28 06:00:38.030,1,0.1174310615730293,235.5595841442487,0.0,
2021-05-28 06:00:38.040,1,0.1277902833784929,244.39908478641343,0.0,
2021-05-28 06:00:38.050,1,0.1359837039679735,255.4861966202181,0.0,
2021-05-28 06:00:38.060,1,0.1447969892924784,262.884799054513,0.0,
2021-05-28 06:00:38.070,1,0.2030315404817868,272.5446785604724,0.0,
2021-05-28 06:00:38.080,1,0.1473143101451326,283.8853692792225,0.0,
2021-05-28 06:00:38.090,1,0.1885238423930726,291.93577962095287,0.0,
2021-05-28 06:00:38.100,1,0.1760985014161694,299.29237367007636,0.0,
2021-05-28 06:00:38.110,1,0.2067815510917137,309.5630383661341,0.0,
2021-05-28 06:00:38.120,1,0.2314341003280245,311.07088751628964,0.0,
2021-05-28 06:00:38.130,1,0.1946841592449157,320.3363413189838,0.0,
2021-05-28 06:00:38.140,1,0.1766053155364605,327.6746704312214,0.0,
2021-05-28 06:00:38.150,1,0.21638466245394605,331.1753413946756,0.0,
2021-05-28 06:00:38.160,1,0.2277342956769887,338.2888492212857,0.0,
2021-05-28 06:00:38.170,1,0.261611042847409,344.5073601138262,0.0,
2021-05-28 06:00:38.180,1,0.2458686287724348,348.0504861147378,0.0,
2021-05-28 06:00:38.190,1,0.2612160553972462,353.49547001726796,0.0,
2021-05-28 06:00:38.200,1,0.2470748018074602,354.27873283421235,0.0,
2021-05-28 06:00:38.210,1,0.2715779707233695,364.4119327805632,0.0,
2021-05-28 06:00:38.220,1,0.2256204161031373,366.5079705475722,0.0,
2021-05-28 06:00:38.230,1,0.2927258087823065,366.9763779182337,0.0,
2021-05-28 06:00:38.240,1,0.2808656054030683,372.17424214144836,0.0,
2021-05-28 06:00:38.250,1,0.2749673918137794,378.6889508628772,0.0,
2021-05-28 06:00:38.260,1,0.2059566643990605,377.7651749475922,0.0,
2021-05-28 06:00:38.270,1,0.2508151073300941,375.1819819811487,0.0,
2021-05-28 06:00:38.280,1,0.256728149576482,380.82448214202486,0.0,
2021-05-28 06:00:38.290,1,0.300509094032009,383.3448921546681,0.0,
2021-05-28 06:00:38.300,1,0.2855131235493221,382.4728728321321,0.0,
2021-05-28 06:00:38.310,1,0.2997777056627397,383.8945200500579,0.0,
2021-05-28 06:00:38.320,1,0.2759848988755444,386.7795703719177,0.0,
2021-05-28 06:00:38.330,1,0.2806622330957166,390.2792759016188,0.0,
2021-05-28 06:00:38.340,1,0.2258650961127098,387.2494731385738,0.0,
2021-05-28 06:00:38.350,1,0.2736667721468893,387.12336680428047,0.0,
2021-05-28 06:00:38.360,1,0.3040804642355872,390.3708332443172,0.0,
2021-05-28 06:00:38.370,1,0.2146516062189297,389.86571994544687,0.0,
2021-05-28 06:00:38.380,1,0.2806797448012095,391.3775392242524,0.0,
2021-05-28 06:00:38.390,1,0.2271673006572106,392.4379089951315,0.0,
2021-05-28 06:00:38.400,1,0.2486180374986991,390.3498702995539,0.0,
2021-05-28 06:00:38.410,1,0.302671340820796,388.6256206828472,0.0,
2021-05-28 06:00:38.420,1,0.2091092095686514,381.68104264324256,0.0,
2021-05-28 06:00:38.430,1,0.2135239028785541,373.01144382938776,0.0,
2021-05-28 06:00:38.440,1,0.2290385368300904,364.69270990311935,0.0,
2021-05-28 06:00:38.450,1,0.2070502065969825,352.0740930142951,0.0,
2021-05-28 06:00:38.460,1,0.2254195872383008,336.60011497264094,0.0,
2021-05-28 06:00:38.470,1,0.2491234889564975,322.91149183975995,0.0,
2021-05-28 06:00:38.480,1,0.1744026081707118,305.8152992765397,0.0,
2021-05-28 06:00:38.490,1,0.1743414236494664,294.19085290585843,0.0,
2021-05-28 06:00:38.500,1,0.1717495689200361,275.62181521082886,0.0,
2021-05-28 06:00:38.510,1,0.1471053397096933,262.31864254667624,0.0,
2021-05-28 06:00:38.520,1,0.1532236022702921,243.23549657828565,0.0,
2021-05-28 06:00:38.530,1,0.1670409415696455,230.1589162223096,0.0,
2021-05-28 06:00:38.540,1,0.1372812088249209,214.18437741982945,0.0,
2021-05-28 06:00:38.550,1,0.1355037779041558,198.41980800490228,1.0,
2021-05-28 06:00:38.560,1,0.1165334306378754,182.93835269444446,1.0,
2021-05-28 06:00:38.570,1,0.1000962242385452,169.31431584055886,1.0,
2021-05-28 06:00:38.580,1,0.0943126457802496,156.82747944292885,1.0,
2021-05-28 06:00:38.590,1,0.084120740700975,142.55387073434306,1.0,
2021-05-28 06:00:38.600,1,0.0867776749813651,128.56012693793275,1.0,
2021-05-28 06:00:38.610,1,0.0691175236845032,118.24247993792764,1.0,
2021-05-28 06:00:38.620,1,0.0565756616318395,106.02428062189269,1.0,
2021-05-28 06:00:38.630,1,0.0622951904691346,94.99280446398468,1.0,
2021-05-28 06:00:38.640,1,0.0569171279203363,85.65302733839052,1.0,
2021-05-28 06:00:38.650,0,0.0512236105048213,76.05511238810264,1.0,
2021-05-28 06:00:38.660,0,0.034548328115597,67.49642306333703,1.0,
2021-05-28 06:00:38.670,0,0.033331166689953,58.843142877169704,1.0,
2021-05-28 06:00:38.680,0,0.0414477887864353,51.79575169601612,1.0,
2021-05-28 06:00:38.690,0,0.0280983159686779,45.06237301897645,1.0,
2021-05-28 06:00:38.700,0,0.0193062246318529,38.81308503561782,1.0,
2021-05-28 06:00:38.710,0,0.0187517585345558,32.81758435642762,1.0,
2021-05-28 06:00:38.720,0,0.0188044216248241,27.81436475226666,1.0,
2021-05-28 06:00:38.730,0,0.0081806197597304,22.94741985274292,1.0,
2021-05-28 06:00:38.740,0,0.0114839680125186,18.573909369302186,1.0,
2021-05-28 06:00:38.750,0,0.0081280582299746,14.861594230025744,1.0,
2021-05-28 06:00:38.760,0,0.0076288431008809,11.395763827767901,1.0,
2021-05-28 06:00:38.770,0,0.0096730704388825,8.295335075057944,1.0,
2021-05-28 06:00:38.780,0,0.0031335502841769,5.574729899478668,1.0,
2021-05-28 06:00:38.790,0,-0.0028302437920282,3.2623004777875844,1.0,
2021-05-28 06:00:38.800,0,0.0009257822881765,1.4099185898721085,1.0,
2021-05-28 06:00:38.810,0,0.0012167537890587,2.005796950080644,1.0,
2021-05-28 06:00:38.820,0,0.0043148647777443,5.192498694131869,1.0,
2021-05-28 06:00:38.830,0,0.0083026110392939,10.442548543170997,1.0,
2021-05-28 06:00:38.840,0,0.0113109904596476,17.694928498196106,1.0,
2021-05-28 06:00:38.850,0,0.0234323825315411,26.209930055242424,1.0,
2021-05-28 06:00:38.860,0,0.0210711201957194,36.413235540690366,1.0,
2021-05-28 06:00:38.870,0,0.0365505993903092,47.08932819029979,1.0,
2021-05-28 06:00:38.880,0,0.0444544333354384,58.95428908912724,1.0,
2021-05-28 06:00:38.890,0,0.0537437841473498,70.41259009087597,1.0,
2021-05-28 06:00:38.900,0,0.0591345846970714,83.0490674404988,1.0,
2021-05-28 06:00:38.910,0,0.0622190312053768,96.4637652775556,1.0,
2021-05-28 06:00:38.920,0,0.0644047455158392,108.06938755187792,1.0,
2021-05-28 06:00:38.930,0,0.0736055824933776,120.47857258746693,1.0,
2021-05-28 06:00:38.940,0,0.09102878261494303,134.98747091358308,1.0,
2021-05-28 06:00:38.950,0,0.0877443442079528,146.02745668496178,1.0,
2021-05-28 06:00:38.960,0,0.1147006281265343,158.06630306874914,1.0,
2021-05-28 06:00:38.970,0,0.1170743704783668,169.72882063528363,1.0,
2021-05-28 06:00:38.980,0,0.1320858237359488,180.03979370205926,1.0,
2021-05-28 06:00:38.990,0,0.1362907747351145,190.15100273234947,1.0,
2021-05-28 06:00:39.000,1,0.1196358318818255,200.81690076727156,0.0,
2021-05-28 06:00:39.010,1,0.1335318155802463,210.95553888518205,0.0,
2021-05-28 06:00:39.020,1,0.1845327577327953,221.10414346626686,0.0,
2021-05-28 06:00:39.030,1,0.1783421065199168,231.24033044096126,0.0,
2021-05-28 06:00:39.040,1,0.2088058153835108,239.14940383107864,0.0,
2021-05-28 06:00:39.050,1,0.16569304496485998,251.24163255075447,0.0,
2021-05-28 06:00:39.060,1,0.2307463090208702,258.0995913068263,0.0,
2021-05-28 06:00:39.070,1,0.2310763809965433,272.6717276278373,0.0,
2021-05-28 06:00:39.080,1,0.2518967697840424,280.25182742855134,0.0,
2021-05-28 06:00:39.090,1,0.2131214355262538,289.58761658323664,0.0,
2021-05-28 06:00:39.100,1,0.2565573512632316,296.71733526078987,0.0,
2021-05-28 06:00:39.110,1,0.2945389714916935,305.2801009950293,0.0,
2021-05-28 06:00:39.120,1,0.201750196179186,309.6512911282189,0.0,
2021-05-28 06:00:39.130,1,0.2828227016312147,319.4403891767496,0.0,
2021-05-28 06:00:39.140,1,0.31745698812109696,319.8641132010028,0.0,
2021-05-28 06:00:39.150,1,0.2222574511177264,330.6782495707983,0.0,
2021-05-28 06:00:39.160,1,0.3334011007995635,335.68769690337416,0.0,
2021-05-28 06:00:39.170,1,0.3103708488795437,342.8765454778583,0.0,
2021-05-28 06:00:39.180,1,0.2847367967263726,345.1330734380268,0.0,
2021-05-28 06:00:39.190,1,0.3373379225630573,348.95252472449755,0.0,
2021-05-28 06:00:39.200,1,0.3073548816841395,353.54741697982314,0.0,
2021-05-28 06:00:39.210,1,0.2781722040066137,358.28668420968614,0.0,
2021-05-28 06:00:39.220,1,0.321194901466653,359.713409590168,0.0,
2021-05-28 06:00:39.230,1,0.375980052742831,364.30041126529983,0.0,
2021-05-28 06:00:39.240,1,0.3760563333908907,369.42831354947225,0.0,
2021-05-28 06:00:39.250,1,0.2898246251211521,371.6406849502344,0.0,
2021-05-28 06:00:39.260,1,0.3909270644009967,372.4884869829831,0.0,
2021-05-28 06:00:39.270,1,0.2751897875596762,374.6618175309692,0.0,
2021-05-28 06:00:39.280,1,0.38678881803894,376.094988231582,0.0,
2021-05-28 06:00:39.290,1,0.3486781684691932,379.11538019149714,0.0,
2021-05-28 06:00:39.300,1,0.2891065585450946,381.2577093167473,0.0,
2021-05-28 06:00:39.310,1,0.3245037051977899,384.4339391143527,0.0,
2021-05-28 06:00:39.320,1,0.3880461563035003,382.1180940367254,0.0,
2021-05-28 06:00:39.330,1,0.3835636011136503,384.8868005999332,0.0,
2021-05-28 06:00:39.340,1,0.4206231874587559,381.065133989715,0.0,
2021-05-28 06:00:39.350,1,0.3161998699046562,387.0158270556218,0.0,
2021-05-28 06:00:39.360,1,0.3363032872240089,387.68986864941314,0.0,
2021-05-28 06:00:39.370,1,0.3166251227990752,385.3487620235922,0.0,
2021-05-28 06:00:39.380,1,0.3843102234162309,385.20914914897486,0.0,
2021-05-28 06:00:39.390,1,0.2951768072901981,390.7875552294377,0.0,
2021-05-28 06:00:39.400,1,0.3719745821794329,391.28769665684325,0.0,
2021-05-28 06:00:39.410,1,0.3661696439619296,389.5181362759247,0.0,
2021-05-28 06:00:39.420,1,0.3407825749659818,387.0182056357564,0.0,
2021-05-28 06:00:39.430,1,0.3931337796579381,389.2632617343878,0.0,
2021-05-28 06:00:39.440,1,0.3640661184363319,388.0875035728559,0.0,
2021-05-28 06:00:39.450,1,0.2768542888921632,390.0957937798152,0.0,
2021-05-28 06:00:39.460,1,0.3551990776583869,386.8928505742634,0.0,
2021-05-28 06:00:39.470,1,0.32356410320025103,380.7629655751993,0.0,
2021-05-28 06:00:39.480,1,0.3893199951952245,373.9503152050283,0.0,
2021-05-28 06:00:39.490,1,0.3198370636637453,361.4405261224199,0.0,
2021-05-28 06:00:39.500,1,0.3299418780483196,350.0792186544497,0.0,
2021-05-28 06:00:39.510,1,0.2772512122632465,337.6597243917373,0.0,
2021-05-28 06:00:39.520,1,0.2987168971342194,322.48765062297207,0.0,
2021-05-28 06:00:39.530,1,0.2645216821633785,306.1349610609787,0.0,
2021-05-28 06:00:39.540,1,0.2728749967984361,295.1425277969641,0.0,
2021-05-28 06:00:39.550,1,0.2222834514892765,279.00021246768137,0.0,
2021-05-28 06:00:39.560,1,0.2540001718118164,261.0326742478931,0.0,
2021-05-28 06:00:39.570,1,0.2324643038063928,244.2672193458629,0.0,
2021-05-28 06:00:39.580,1,0.1925615983851862,227.8678675144,0.0,
2021-05-28 06:00:39.590,1,0.1922892529161988,212.6090514987081,0.0,
2021-05-28 06:00:39.600,1,0.1568757899196548,198.0434782477853,1.0,
2021-05-28 06:00:39.610,1,0.1838457286072913,183.4621920087235,1.0,
2021-05-28 06:00:39.620,1,0.1326673506026332,168.31832763663186,1.0,
2021-05-28 06:00:39.630,1,0.1256594303934393,154.82161339517106,1.0,
2021-05-28 06:00:39.640,1,0.1569767250929433,141.7303532036963,1.0,
2021-05-28 06:00:39.650,1,0.1243946959196119,129.59862269952748,1.0,
2021-05-28 06:00:39.660,1,0.1089036660571151,116.57781872367347,1.0,
2021-05-28 06:00:39.670,1,0.0845944889915121,105.65004356786152,1.0,
2021-05-28 06:00:39.680,1,0.0742329536577459,95.29036839313049,1.0,
2021-05-28 06:00:39.690,1,0.076716949773323,84.9600310044512,1.0,
2021-05-28 06:00:39.700,0,0.0518681973476812,76.67114139227247,1.0,
2021-05-28 06:00:39.710,0,0.04492595273607,68.04876314580179,1.0,
2021-05-28 06:00:39.720,0,0.0464077618746829,60.11953134633345,1.0,
2021-05-28 06:00:39.730,0,0.0364767916015373,51.86839881987483,1.0,
2021-05-28 06:00:39.740,0,0.0332514824511345,45.52195271710473,1.0,
2021-05-28 06:00:39.750,0,0.0229043719202199,39.033067254661056,1.0,
2021-05-28 06:00:39.760,0,0.0200167364428328,33.00065745517943,1.0,
2021-05-28 06:00:39.770,0,0.0223074580912572,27.9440834685006,1.0,
2021-05-28 06:00:39.780,0,0.0163648607315745,23.391095762228183,1.0,
2021-05-28 06:00:39.790,0,0.0131978296971836,18.78984759905721,1.0,
2021-05-28 06:00:39.800,0,0.0073724079203514,15.109812932007468,1.0,
2021-05-28 06:00:39.810,0,0.0094153626802666,14.166399267360392,1.0,
2021-05-28 06:00:39.820,0,0.0107493881619627,15.913161239298901,1.0,
2021-05-28 06:00:39.830,0,0.0162807746396209,19.83433315751582,1.0,
2021-05-28 06:00:39.840,0,0.0248757152996289,25.933152249915985,1.0,
2021-05-28 06:00:39.850,0,0.0334319734790546,33.53824039381649,1.0,
2021-05-28 06:00:39.860,0,0.0421174079214194,42.72262302758424,1.0,
2021-05-28 06:00:39.870,0,0.0445717496761576,52.603180359349366,1.0,
2021-05-28 06:00:39.880,0,0.0503725990042999,63.7332302631281,1.0,
2021-05-28 06:00:39.890,0,0.0539613148941558,75.56526208655367,1.0,
2021-05-28 06:00:39.900,0,0.0697782329471239,87.11041082937241,1.0,
2021-05-28 06:00:39.910,0,0.0890993934262833,99.71510224166212,1.0,
2021-05-28 06:00:39.920,0,0.068331618865576,112.77054708828041,1.0,
2021-05-28 06:00:39.930,0,0.0886448913624208,125.4169094968046,1.0,
2021-05-28 06:00:39.940,0,0.1076588000317517,138.79355945694422,1.0,
2021-05-28 06:00:39.950,0,0.0968396069554662,150.14307961151292,1.0,
2021-05-28 06:00:39.960,0,0.1413463084913851,163.3532791738782,1.0,
2021-05-28 06:00:39.970,0,0.1650857429757878,173.3645737225449,1.0,
2021-05-28 06:00:39.980,0,0.156776165332078,185.36548580314764,1.0,
2021-05-28 06:00:39.990,0,0.130558981917384,195.95243404249248,1.0,
2021-05-28 06:00:40.000,1,0.1532700555395117,207.85955168569438,1.0,
2021-05-28 06:00:40.010,1,0.1604198616855936,218.7306689639962,0.0,
2021-05-28 06:00:40.020,1,0.1819815133396798,226.00713520186557,0.0,
2021-05-28 06:00:40.030,1,0.1741534519338071,235.55619196505958,0.0,
2021-05-28 06:00:40.040,1,0.2036843420686342,247.61277395635483,0.0,
2021-05-28 06:00:40.050,1,0.1615815870936414,256.8665609121644,0.0,
2021-05-28 06:00:40.060,1,0.2107909653851678,266.8921160480504,0.0,
2021-05-28 06:00:40.070,1,0.22217690989419606,274.92487074685187,0.0,
2021-05-28 06:00:40.080,1,0.2007666116462536,285.24502747903256,0.0,
2021-05-28 06:00:40.090,1,0.2791596529127543,292.1609946758458,0.0,
2021-05-28 06:00:40.100,1,0.2869356935387627,303.17517944142475,0.0,
2021-05-28 06:00:40.110,1,0.2126907871073597,311.88305747898585,0.0,
2021-05-28 06:00:40.120,1,0.2679415810026738,320.44944091446837,0.0,
2021-05-28 06:00:40.130,1,0.2140362905400797,324.6713313999985,0.0,
2021-05-28 06:00:40.140,1,0.2171177922850071,335.7162759073238,0.0,
2021-05-28 06:00:40.150,1,0.297221282950896,341.6550719601532,0.0,
2021-05-28 06:00:40.160,1,0.33419332988899497,344.8403819765818,0.0,
2021-05-28 06:00:40.170,1,0.3037609210374864,351.032486213309,0.0,
2021-05-28 06:00:40.180,1,0.3371563078911525,357.81345910686287,0.0,
2021-05-28 06:00:40.190,1,0.2721621304092029,364.5322372149488,0.0,
2021-05-28 06:00:40.200,1,0.2423136398796408,365.2992893422462,0.0,
2021-05-28 06:00:40.210,1,0.3421121249905801,371.32474185812106,0.0,
2021-05-28 06:00:40.220,1,0.3208547989319097,373.41843771404336,0.0,
2021-05-28 06:00:40.230,1,0.2725179979093947,380.58905800272936,0.0,
2021-05-28 06:00:40.240,1,0.3121722940114413,382.7867913574252,0.0,
2021-05-28 06:00:40.250,1,0.3659104826533829,383.99902666375715,0.0,
2021-05-28 06:00:40.260,1,0.2887733793719884,386.17527304105033,0.0,
2021-05-28 06:00:40.270,1,0.3683510475274394,389.9225680820082,0.0,
2021-05-28 06:00:40.280,1,0.3041792597547639,389.59965337702215,0.0,
2021-05-28 06:00:40.290,1,0.3125713258000319,391.90080471873637,0.0,
2021-05-28 06:00:40.300,1,0.2825516964710368,390.70325289641363,0.0,
2021-05-28 06:00:40.310,1,0.3366652523229619,393.8527392816871,0.0,
2021-05-28 06:00:40.320,1,0.3791712768062384,395.4158168426417,0.0,
2021-05-28 06:00:40.330,1,0.3109737714285706,398.4439296241472,0.0,
2021-05-28 06:00:40.340,1,0.3389014859379349,400.3993974298336,0.0,
2021-05-28 06:00:40.350,1,0.2790624839068852,399.9426776292497,0.0,
2021-05-28 06:00:40.360,1,0.299348695193552,397.8563879393982,0.0,
2021-05-28 06:00:40.370,1,0.3261117314392138,399.5069561364375,0.0,
2021-05-28 06:00:40.380,1,0.2966579782858752,401.0809345462292,0.0,
2021-05-28 06:00:40.390,1,0.3493397235947493,400.5363945068236,0.0,
2021-05-28 06:00:40.400,1,0.2999182631543042,400.7970332094105,0.0,
2021-05-28 06:00:40.410,1,0.3629141954469341,401.9656056603384,0.0,
2021-05-28 06:00:40.420,1,0.3978626146153688,401.74610864254777,0.0,
2021-05-28 06:00:40.430,1,0.3679420597196009,401.647230891351,0.0,
2021-05-28 06:00:40.440,1,0.3921663616386104,401.77460045203276,0.0,
2021-05-28 06:00:40.450,1,0.3020714568970069,399.0153789628022,0.0,
2021-05-28 06:00:40.460,1,0.4265100451575566,398.9290208813732,0.0,
2021-05-28 06:00:40.470,1,0.3973862578622507,404.03646313077263,0.0,
2021-05-28 06:00:40.480,1,0.3766990649347669,405.6632649639786,0.0,
2021-05-28 06:00:40.490,1,0.3504280957918161,399.21411377788047,0.0,
2021-05-28 06:00:40.500,1,0.4294665943315598,400.5770445174618,0.0,
2021-05-28 06:00:40.510,1,0.3509123049592483,397.071392127174,0.0,
2021-05-28 06:00:40.520,1,0.4347687558197745,388.33607917566115,0.0,
2021-05-28 06:00:40.530,1,0.2874086084065077,382.60601434637726,0.0,
2021-05-28 06:00:40.540,1,0.3210231274926831,372.1676560353968,0.0,
2021-05-28 06:00:40.550,1,0.332415860599532,359.83756193257955,0.0,
2021-05-28 06:00:40.560,1,0.3309599584821202,345.5974334651732,0.0,
2021-05-28 06:00:40.570,1,0.2705743782809224,330.70839867076637,0.0,
2021-05-28 06:00:40.580,1,0.3374707933315881,315.93473275820105,0.0,
2021-05-28 06:00:40.590,1,0.2484809000208092,299.5196908268884,0.0,
2021-05-28 06:00:40.600,1,0.2165862402729694,284.72430285573813,0.0,
2021-05-28 06:00:40.610,1,0.2312858277260125,268.92932753741684,0.0,
2021-05-28 06:00:40.620,1,0.2422855265582919,250.04145277128487,0.0,
2021-05-28 06:00:40.630,1,0.2088239955209056,234.14484457750999,0.0,
2021-05-28 06:00:40.640,1,0.2261778544250218,217.25561398776475,1.0,
2021-05-28 06:00:40.650,1,0.2200201174142131,201.63969166705115,1.0,
2021-05-28 06:00:40.660,1,0.1676990742278213,186.75828701589958,1.0,
2021-05-28 06:00:40.670,1,0.1597567501133136,172.30215377246014,1.0,
2021-05-28 06:00:40.680,1,0.1187595926895787,158.7993723383816,1.0,
2021-05-28 06:00:40.690,1,0.107576427354908,145.55191028082734,1.0,
2021-05-28 06:00:40.700,1,0.1166443119901544,131.75198707784747,1.0,
2021-05-28 06:00:40.710,1,0.0858855791646411,119.29587501796308,1.0,
2021-05-28 06:00:40.720,1,0.0957033650465408,107.68173461073904,1.0,
2021-05-28 06:00:40.730,1,0.0753267629444994,97.59496787027305,1.0,
2021-05-28 06:00:40.740,1,0.073771773114666,86.5575011068314,1.0,
2021-05-28 06:00:40.750,0,0.0775115413535086,77.62901867508111,1.0,
2021-05-28 06:00:40.760,0,0.0612113572235342,68.16868244808204,1.0,
2021-05-28 06:00:40.770,0,0.0410842239960828,60.26484303206654,1.0,
2021-05-28 06:00:40.780,0,0.038390661241221,53.05769910681296,1.0,
2021-05-28 06:00:40.790,0,0.0499379839498111,46.16470667860838,1.0,
2021-05-28 06:00:40.800,0,0.0313975299734135,39.56344173244909,1.0,
2021-05-28 06:00:40.810,0,0.0303895241567613,36.017998849525384,1.0,
2021-05-28 06:00:40.820,0,0.0222471452246166,35.918001678259174,1.0,
2021-05-28 06:00:40.830,0,0.0316247181341717,37.7163127141291,1.0,
2021-05-28 06:00:40.840,0,0.0326128620043427,41.84248639877887,1.0,
2021-05-28 06:00:40.850,0,0.0308223197168255,48.4565068502644,1.0,
2021-05-28 06:00:40.860,0,0.0389997353195246,55.9897258657314,1.0,
2021-05-28 06:00:40.870,0,0.0489690197750655,64.39918599974729,1.0,
2021-05-28 06:00:40.880,0,0.0619777287579866,74.17550852092673,1.0,
2021-05-28 06:00:40.890,0,0.0793284787912139,85.34799266957053,1.0,
2021-05-28 06:00:40.900,0,0.0743653264534823,96.08363885541472,1.0,
2021-05-28 06:00:40.910,0,0.1005531205978717,108.52693514375628,1.0,
2021-05-28 06:00:40.920,0,0.0907151407037485,119.8508879095061,1.0,
2021-05-28 06:00:40.930,0,0.1201052841452139,131.59975864098521,1.0,
2021-05-28 06:00:40.940,0,0.1286435985562633,143.38797874813724,1.0,
2021-05-28 06:00:40.950,0,0.1405230728692532,155.57405761144003,1.0,
2021-05-28 06:00:40.960,0,0.1495085317320589,167.0988075057789,1.0,
2021-05-28 06:00:40.970,0,0.1506896387944207,177.4885898710556,1.0,
2021-05-28 06:00:40.980,0,0.17310203704944502,187.97191787736043,1.0,
2021-05-28 06:00:40.990,0,0.1672001339172896,201.6539716744579,1.0,
2021-05-28 06:00:41.000,1,0.1315117715461098,208.42307268312385,1.0,
2021-05-28 06:00:41.010,1,0.1302410357284996,222.5453127240142,1.0,
2021-05-28 06:00:41.020,1,0.1637488953192838,230.81395876572867,0.0,
2021-05-28 06:00:41.030,1,0.2061329226241197,240.73687790644,0.0,
2021-05-28 06:00:41.040,1,0.1686119139618219,248.76466990023616,0.0,
2021-05-28 06:00:41.050,1,0.2074262023063274,260.8039645153796,0.0,
2021-05-28 06:00:41.060,1,0.2077736969925422,268.9602109123672,0.0,
2021-05-28 06:00:41.070,1,0.2172161735163554,279.25486421938683,0.0,
2021-05-28 06:00:41.080,1,0.2185263904122363,286.56795120439153,0.0,
2021-05-28 06:00:41.090,1,0.2521022369952749,296.15960009890364,0.0,
2021-05-28 06:00:41.100,1,0.1850451775063255,302.82689267609965,0.0,
2021-05-28 06:00:41.110,1,0.2383108831090721,312.35740576493197,0.0,
2021-05-28 06:00:41.120,1,0.1978961010564913,321.13983681023717,0.0,
2021-05-28 06:00:41.130,1,0.2818227313724575,329.32674098219906,0.0,
2021-05-28 06:00:41.140,1,0.2512406938550099,335.5434530853016,0.0,
2021-05-28 06:00:41.150,1,0.2548926396344634,342.70202919525167,0.0,
2021-05-28 06:00:41.160,1,0.2615891724756459,349.85265102547135,0.0,
2021-05-28 06:00:41.170,1,0.2640204447130264,354.85670565823165,0.0,
2021-05-28 06:00:41.180,1,0.266605644772495,360.2629028606845,0.0,
2021-05-28 06:00:41.190,1,0.24082526924881,368.3090952138324,0.0,
2021-05-28 06:00:41.200,1,0.3254328062143245,369.0741106245543,0.0,
2021-05-28 06:00:41.210,1,0.2378560051221319,374.0536989429093,0.0,
2021-05-28 06:00:41.220,1,0.2919984656702301,376.5299904418498,0.0,
2021-05-28 06:00:41.230,1,0.349873259437413,381.5984828648666,0.0,
2021-05-28 06:00:41.240,1,0.335490196137977,389.53664497874115,0.0,
2021-05-28 06:00:41.250,1,0.2876500457554832,386.109069713667,0.0,
2021-05-28 06:00:41.260,1,0.2967667485507362,391.4836379633305,0.0,
2021-05-28 06:00:41.270,1,0.3146579186911372,394.4395133716981,0.0,
2021-05-28 06:00:41.280,1,0.2561041322964186,394.2083573790747,0.0,
2021-05-28 06:00:41.290,1,0.3758099322217839,397.04195172818055,0.0,
2021-05-28 06:00:41.300,1,0.3158368709058388,402.7227754098577,0.0,
2021-05-28 06:00:41.310,1,0.3076257743209949,402.80070399904054,0.0,
2021-05-28 06:00:41.320,1,0.3625373515871216,402.0757809283896,0.0,
2021-05-28 06:00:41.330,1,0.3926049506296806,405.01681667797834,0.0,
2021-05-28 06:00:41.340,1,0.3710529035600476,399.2861850449198,0.0,
2021-05-28 06:00:41.350,1,0.315578168849705,402.5822520629105,0.0,
2021-05-28 06:00:41.360,1,0.394588514380584,405.14380686236916,0.0,
2021-05-28 06:00:41.370,1,0.2797709239205682,401.80070006482384,0.0,
2021-05-28 06:00:41.380,1,0.322969396229218,403.94052341942376,0.0,
2021-05-28 06:00:41.390,1,0.3153216247626185,407.68193183570617,0.0,
2021-05-28 06:00:41.400,1,0.3875122479449339,402.5717510281451,0.0,
2021-05-28 06:00:41.410,1,0.3366027151372748,405.7838515007869,0.0,
2021-05-28 06:00:41.420,1,0.3660995311980581,403.74234598329735,0.0,
2021-05-28 06:00:41.430,1,0.3363815583890542,404.1108127310266,0.0,
2021-05-28 06:00:41.440,1,0.3872057707122547,402.84461166984437,0.0,
2021-05-28 06:00:41.450,1,0.3379472869726085,405.5957771391424,0.0,
2021-05-28 06:00:41.460,1,0.293850412602692,404.8757577356938,0.0,
2021-05-28 06:00:41.470,1,0.2878841940895448,404.8772226426564,0.0,
2021-05-28 06:00:41.480,1,0.3997773894689798,400.9220063199516,0.0,
2021-05-28 06:00:41.490,1,0.3807478060300877,403.2187810872979,0.0,
2021-05-28 06:00:41.500,1,0.4272353756356284,399.4838043412423,0.0,
2021-05-28 06:00:41.510,1,0.3648207523877167,399.14604259696677,0.0,
2021-05-28 06:00:41.520,1,0.3005471558325834,401.79522298392334,0.0,
2021-05-28 06:00:41.530,1,0.4186057805151038,399.04174681391953,0.0,
2021-05-28 06:00:41.540,1,0.3761874054113652,401.4688196312581,0.0,
2021-05-28 06:00:41.550,1,0.4105503980162996,398.95873705175484,0.0,
2021-05-28 06:00:41.560,1,0.3438719449578392,395.5812237967762,0.0,
2021-05-28 06:00:41.570,1,0.4177615781930501,393.3906986202815,0.0,
2021-05-28 06:00:41.580,1,0.4045811595252272,381.6718298624202,0.0,
2021-05-28 06:00:41.590,1,0.4225416376919621,374.2204944225882,0.0,
2021-05-28 06:00:41.600,1,0.3609842978483634,358.48984435853447,0.0,
2021-05-28 06:00:41.610,1,0.2826852321605618,343.71131055433625,0.0,
2021-05-28 06:00:41.620,1,0.2743103429586628,328.5633580329253,0.0,
2021-05-28 06:00:41.630,1,0.3125585026271856,316.3723357803878,0.0,
2021-05-28 06:00:41.640,1,0.2498868873093858,296.46478803197516,0.0,
2021-05-28 06:00:41.650,1,0.2743025448746792,281.3498590953774,0.0,
2021-05-28 06:00:41.660,1,0.3034213272592676,265.91309936439467,0.0,
2021-05-28 06:00:41.670,1,0.1969477588168251,248.10897475563095,0.0,
2021-05-28 06:00:41.680,1,0.1916630763797261,230.8468646539836,0.0,
2021-05-28 06:00:41.690,1,0.194987878635038,215.2436318530839,1.0,
2021-05-28 06:00:41.700,1,0.17303951446516,198.3347936940871,1.0,
2021-05-28 06:00:41.710,1,0.1966974023739064,185.6542454937279,1.0,
2021-05-28 06:00:41.720,1,0.1391770931959852,169.73551929224004,1.0,
2021-05-28 06:00:41.730,1,0.1208328226232471,156.29036065231497,1.0,
2021-05-28 06:00:41.740,1,0.1196313517679875,142.19064192536985,1.0,
2021-05-28 06:00:41.750,1,0.1057798111659509,130.45486122640412,1.0,
2021-05-28 06:00:41.760,1,0.1219180872227836,118.34038653840766,1.0,
2021-05-28 06:00:41.770,1,0.1187956301179879,105.58880139589216,1.0,
2021-05-28 06:00:41.780,1,0.1056310096918837,95.72415892426187,1.0,
2021-05-28 06:00:41.790,1,0.0995031316990149,85.79717984966004,1.0,
2021-05-28 06:00:41.800,0,0.0657641218930589,75.42342955352042,1.0,
2021-05-28 06:00:41.810,0,0.0735808039358237,70.0651809315803,1.0,
2021-05-28 06:00:41.820,0,0.0518205421023359,66.25451453488972,1.0,
2021-05-28 06:00:41.830,0,0.0771789682918196,66.32030673384449,1.0,
2021-05-28 06:00:41.840,0,0.059424754177238,66.89760488632159,1.0,
2021-05-28 06:00:41.850,0,0.0829629246527245,71.13015799846272,1.0,
2021-05-28 06:00:41.860,0,0.0802708750478742,76.31540884821466,1.0,
2021-05-28 06:00:41.870,0,0.0638721529749995,82.44762804863619,1.0,
2021-05-28 06:00:41.880,0,0.0991298510789629,89.41988120630795,1.0,
2021-05-28 06:00:41.890,0,0.0864392062646074,98.42435597948938,1.0,
2021-05-28 06:00:41.900,0,0.0986685107757852,107.57517902579876,1.0,
2021-05-28 06:00:41.910,0,0.1106441046087588,117.44299713588684,1.0,
2021-05-28 06:00:41.920,0,0.1210798183013786,127.01308108095805,1.0,
2021-05-28 06:00:41.930,0,0.1436340667512042,137.36221454356675,1.0,
2021-05-28 06:00:41.940,0,0.1110794375282887,149.35009499269916,1.0,
2021-05-28 06:00:41.950,0,0.1201898371127085,158.12702807622432,1.0,
2021-05-28 06:00:41.960,0,0.171624309630889,169.28232068200703,1.0,
2021-05-28 06:00:41.970,0,0.1396246108109554,179.73919749559852,1.0,
2021-05-28 06:00:41.980,0,0.1662924514795115,189.55314612790139,1.0,
2021-05-28 06:00:41.990,0,0.1930981262178739,198.84472552197656,1.0,
2021-05-28 06:00:42.000,1,0.1769748240395658,208.35733395665451,1.0,
2021-05-28 06:00:42.010,1,0.2288730526621155,217.036063087896,1.0,
2021-05-28 06:00:42.020,1,0.2065478142404939,226.94091717552232,0.0,
2021-05-28 06:00:42.030,1,0.1835452479235803,232.8297698907013,0.0,
2021-05-28 06:00:42.040,1,0.2516400462424345,243.11746903474804,0.0,
2021-05-28 06:00:42.050,1,0.2114852742209653,250.1676847939324,0.0,
2021-05-28 06:00:42.060,1,0.2814387584443926,259.0737265526546,0.0,
2021-05-28 06:00:42.070,1,0.2277463899097775,271.2656111876368,0.0,
2021-05-28 06:00:42.080,1,0.2168875867365734,278.57535293741824,0.0,
2021-05-28 06:00:42.090,1,0.2821462754933826,289.02154261316537,0.0,
2021-05-28 06:00:42.100,1,0.21001224530180895,297.0651661139866,0.0,
2021-05-28 06:00:42.110,1,0.2724550621230253,302.1602165728532,0.0,
2021-05-28 06:00:42.120,1,0.2378412158201733,312.2086524910036,0.0,
2021-05-28 06:00:42.130,1,0.2520191431112772,317.37072002339715,0.0,
2021-05-28 06:00:42.140,1,0.2471664555029375,327.8851680092606,0.0,
2021-05-28 06:00:42.150,1,0.2907129916129818,331.1069904028127,0.0,
2021-05-28 06:00:42.160,1,0.2601203486574459,339.44953628336486,0.0,
2021-05-28 06:00:42.170,1,0.330087800280992,344.74505575519163,0.0,
2021-05-28 06:00:42.180,1,0.2453988793356866,352.82519964862365,0.0,
2021-05-28 06:00:42.190,1,0.3190219485185387,357.5714921655063,0.0,
2021-05-28 06:00:42.200,1,0.2760122170245817,359.7811932157517,0.0,
2021-05-28 06:00:42.210,1,0.299925555597835,365.07247579586715,0.0,
2021-05-28 06:00:42.220,1,0.3577359815988929,370.24827697443635,0.0,
2021-05-28 06:00:42.230,1,0.332645637628766,375.8571964013673,0.0,
2021-05-28 06:00:42.240,1,0.3420145845918524,376.3040877094608,0.0,
2021-05-28 06:00:42.250,1,0.3803249201136205,379.4263885604429,0.0,
2021-05-28 06:00:42.260,1,0.2751020551426654,385.83596838625175,0.0,
2021-05-28 06:00:42.270,1,0.32356263588762296,384.7702348943997,0.0,
2021-05-28 06:00:42.280,1,0.2859353889333584,389.88772627289114,0.0,
2021-05-28 06:00:42.290,1,0.292387587124223,388.6347910635837,0.0,
2021-05-28 06:00:42.300,1,0.3316885656610592,393.3867825147906,0.0,
2021-05-28 06:00:42.310,1,0.3286081818481682,392.48991128926974,0.0,
2021-05-28 06:00:42.320,1,0.3298424011107308,393.028332022161,0.0,
2021-05-28 06:00:42.330,1,0.3110548081312977,397.11377608593097,0.0,
2021-05-28 06:00:42.340,1,0.321002247235759,395.2627461669711,0.0,
2021-05-28 06:00:42.350,1,0.3318279147646399,398.4542089880889,0.0,
2021-05-28 06:00:42.360,1,0.3599639155915612,399.2831146215538,0.0,
2021-05-28 06:00:42.370,1,0.4046386619458204,394.99660570816286,0.0,
2021-05-28 06:00:42.380,1,0.3322765292211087,399.72276223437217,0.0,
2021-05-28 06:00:42.390,1,0.3565978779351447,399.18803302104254,0.0,
2021-05-28 06:00:42.400,1,0.3597838164921155,402.3785593299439,0.0,
2021-05-28 06:00:42.410,1,0.3554476029738015,402.891914174131,0.0,
2021-05-28 06:00:42.420,1,0.2933104693974491,400.3320436447805,0.0,
2021-05-28 06:00:42.430,1,0.361129776460984,401.7769499937701,0.0,
2021-05-28 06:00:42.440,1,0.3599790148180501,401.8998346821926,0.0,
2021-05-28 06:00:42.450,1,0.3328476529465849,402.4188353548205,0.0,
2021-05-28 06:00:42.460,1,0.4063532023800123,402.95121725154,0.0,
2021-05-28 06:00:42.470,1,0.3937522583835327,398.32309213108636,0.0,
2021-05-28 06:00:42.480,1,0.3274239627918904,402.1514374060652,0.0,
2021-05-28 06:00:42.490,1,0.3365621279129707,399.9156114961178,0.0,
2021-05-28 06:00:42.500,1,0.351254233857672,398.1751061457333,0.0,
2021-05-28 06:00:42.510,1,0.4420813511029385,400.6074035964914,0.0,
2021-05-28 06:00:42.520,1,0.3872699989507267,401.35981247730336,0.0,
2021-05-28 06:00:42.530,1,0.4321847764746259,401.47718419595117,0.0,
2021-05-28 06:00:42.540,1,0.3657293154299869,397.04817594058153,0.0,
2021-05-28 06:00:42.550,1,0.438716459866385,400.3854135809426,0.0,
2021-05-28 06:00:42.560,1,0.3362497536215187,396.3948584931395,0.0,
2021-05-28 06:00:42.570,1,0.3506475859793364,399.2179443430701,0.0,
2021-05-28 06:00:42.580,1,0.3639351300348784,401.04477271066236,0.0,
2021-05-28 06:00:42.590,1,0.3114636747438252,399.2499350098047,0.0,
2021-05-28 06:00:42.600,1,0.3422510065824679,396.4707438322631,0.0,
2021-05-28 06:00:42.610,1,0.3640369230106355,395.87800628653235,0.0,
2021-05-28 06:00:42.620,1,0.3017070794327465,387.46818436079377,0.0,
2021-05-28 06:00:42.630,1,0.3285750779709756,377.3294915200904,0.0,
2021-05-28 06:00:42.640,1,0.3028440685977057,365.06589086738006,0.0,
2021-05-28 06:00:42.650,1,0.3559471794051316,350.3498293170427,0.0,
2021-05-28 06:00:42.660,1,0.3435784469928696,340.30904416539664,0.0,
2021-05-28 06:00:42.670,1,0.2646189561123593,323.71289779129984,0.0,
2021-05-28 06:00:42.680,1,0.3435208019341914,311.5425539177696,0.0,
2021-05-28 06:00:42.690,1,0.290074640379771,294.0981323135848,0.0,
2021-05-28 06:00:42.700,1,0.2432869070390264,276.53907805279374,0.0,
2021-05-28 06:00:42.710,1,0.2288074898896095,261.50931256499337,0.0,
2021-05-28 06:00:42.720,1,0.2140934745354881,244.47915889173862,0.0,
2021-05-28 06:00:42.730,1,0.1883088408784734,228.5998722069133,0.0,
2021-05-28 06:00:42.740,1,0.1908051022449818,214.73958717932388,1.0,
2021-05-28 06:00:42.750,1,0.1800207788760581,198.35858171927697,1.0,
2021-05-28 06:00:42.760,1,0.2115790747596993,182.6842936726207,1.0,
2021-05-28 06:00:42.770,1,0.2059850018284495,168.23047170987792,1.0,
2021-05-28 06:00:42.780,1,0.1756827023193986,154.49029586437294,1.0,
2021-05-28 06:00:42.790,1,0.1332271740989332,141.12929488371944,1.0,
2021-05-28 06:00:42.800,1,0.1515893015715899,129.10376207559278,1.0,
2021-05-28 06:00:42.810,1,0.1339795882392697,120.11400254938026,1.0,
2021-05-28 06:00:42.820,1,0.1388637683915301,112.21184691127951,1.0,
2021-05-28 06:00:42.830,1,0.1173312561813376,109.99997810873295,1.0,
2021-05-28 06:00:42.840,1,0.0990410282861052,106.91683788934178,1.0,
2021-05-28 06:00:42.850,0,0.1162676935772528,108.3936064925268,1.0,
2021-05-28 06:00:42.860,0,0.1010939353499466,110.31345377264086,1.0,
2021-05-28 06:00:42.870,0,0.1204572345924818,113.91537540280252,1.0,
2021-05-28 06:00:42.880,0,0.0945002555915544,118.70604097970535,1.0,
2021-05-28 06:00:42.890,0,0.117303563848545,123.67336504549608,1.0,
2021-05-28 06:00:42.900,0,0.1435359787907406,131.7502978678338,1.0,
2021-05-28 06:00:42.910,0,0.120890422913875,138.2925051465063,1.0,
2021-05-28 06:00:42.920,0,0.1449469389596609,145.79502912450153,1.0,
2021-05-28 06:00:42.930,0,0.1593257207044074,153.43065798342104,1.0,
2021-05-28 06:00:42.940,0,0.1803954991616363,161.9133780206451,1.0,
2021-05-28 06:00:42.950,0,0.1471180826029007,170.0668865574017,1.0,
2021-05-28 06:00:42.960,0,0.1802827466379525,180.17612857356616,1.0,
2021-05-28 06:00:42.970,0,0.1557969480249335,187.9403165431505,1.0,
2021-05-28 06:00:42.980,0,0.1571523264540042,195.72955316208729,1.0,
2021-05-28 06:00:42.990,0,0.1597239863232071,203.57823808466117,1.0,
2021-05-28 06:00:43.000,1,0.1723926061501506,211.9393393483812,1.0,
2021-05-28 06:00:43.010,1,0.2319074098399349,221.88291468174927,1.0,
2021-05-28 06:00:43.020,1,0.2361907200556293,225.5024600098916,0.0,
2021-05-28 06:00:43.030,1,0.2095972649212087,236.13362467994858,0.0,
2021-05-28 06:00:43.040,1,0.2428440703444347,241.9148056578881,0.0,
2021-05-28 06:00:43.050,1,0.2135177930546274,252.33609568836934,0.0,
2021-05-28 06:00:43.060,1,0.2193450378165374,260.4004473476715,0.0,
2021-05-28 06:00:43.070,1,0.29021271087057005,264.6514940318196,0.0,
2021-05-28 06:00:43.080,1,0.2115962794067192,275.91617191232467,0.0,
2021-05-28 06:00:43.090,1,0.2770142675005167,283.7424609488574,0.0,
2021-05-28 06:00:43.100,1,0.2488421305958285,293.8210206147894,0.0,
2021-05-28 06:00:43.110,1,0.2419804652153457,298.6619830223959,0.0,
2021-05-28 06:00:43.120,1,0.2380593449724275,307.770817278349,0.0,
2021-05-28 06:00:43.130,1,0.261747200900624,314.48230451311315,0.0,
2021-05-28 06:00:43.140,1,0.2854911198925068,318.2216258935008,0.0,
2021-05-28 06:00:43.150,1,0.2536937202006422,329.7413329941148,0.0,
2021-05-28 06:00:43.160,1,0.2896880637646162,335.41009783953376,0.0,
2021-05-28 06:00:43.170,1,0.250980844846822,342.2812870645132,0.0,
2021-05-28 06:00:43.180,1,0.3150089557995011,343.90626588933304,0.0,
2021-05-28 06:00:43.190,1,0.2507078829676975,353.2925680595826,0.0,
2021-05-28 06:00:43.200,1,0.2460742484706155,355.2354959113082,0.0,
2021-05-28 06:00:43.210,1,0.2612264016749558,359.87169509039273,0.0,
2021-05-28 06:00:43.220,1,0.2897712731055032,364.17914593042394,0.0,
2021-05-28 06:00:43.230,1,0.3346812389461856,369.36274197158036,0.0,
2021-05-28 06:00:43.240,1,0.3641629565511708,372.31133957654714,0.0,
2021-05-28 06:00:43.250,1,0.3454975256806338,379.3526707859416,0.0,
2021-05-28 06:00:43.260,1,0.3356300581898605,377.74976095038147,0.0,
2021-05-28 06:00:43.270,1,0.3442484142013551,382.87541648392687,0.0,
2021-05-28 06:00:43.280,1,0.2962592012238466,383.57592204502924,0.0,
2021-05-28 06:00:43.290,1,0.2728233386248991,384.88445209993967,0.0,
2021-05-28 06:00:43.300,1,0.258716857596047,386.5589700693897,0.0,
2021-05-28 06:00:43.310,1,0.2859270255066661,389.59739594074784,0.0,
2021-05-28 06:00:43.320,1,0.3212482586246247,394.94754096586576,0.0,
2021-05-28 06:00:43.330,1,0.3070465508468578,396.58911622202027,0.0,
2021-05-28 06:00:43.340,1,0.262917236931644,397.3211605228949,0.0,
2021-05-28 06:00:43.350,1,0.2537039335789743,398.0920770524767,0.0,
2021-05-28 06:00:43.360,1,0.2671138641663772,397.16547394821816,0.0,
2021-05-28 06:00:43.370,1,0.2450968883955498,398.4047088181264,0.0,
2021-05-28 06:00:43.380,1,0.2799985009636276,397.73903125085263,0.0,
2021-05-28 06:00:43.390,1,0.3188600852711887,400.3107174319657,0.0,
2021-05-28 06:00:43.400,1,0.3562701830558,402.0680622341296,0.0,
2021-05-28 06:00:43.410,1,0.2738568397020319,399.7370118360983,0.0,
2021-05-28 06:00:43.420,1,0.3310931525878937,402.94038513508764,0.0,
2021-05-28 06:00:43.430,1,0.3255848861777941,405.12853064296684,0.0,
2021-05-28 06:00:43.440,1,0.3581275443134149,402.5883538714671,0.0,
2021-05-28 06:00:43.450,1,0.26558313737918304,402.9474268779501,0.0,
2021-05-28 06:00:43.460,1,0.3536186171243614,402.6142207465127,0.0,
2021-05-28 06:00:43.470,1,0.3238690714772823,407.15677138317534,0.0,
2021-05-28 06:00:43.480,1,0.3370183898199093,404.830842136505,0.0,
2021-05-28 06:00:43.490,1,0.3316275343894592,403.01687982503717,0.0,
2021-05-28 06:00:43.500,1,0.3343643369120077,402.6867893928107,0.0,
2021-05-28 06:00:43.510,1,0.2634404351575717,402.0758824067282,0.0,
2021-05-28 06:00:43.520,1,0.2895345672394038,403.6872124801015,0.0,
2021-05-28 06:00:43.530,1,0.239309740533275,402.4386638214138,0.0,
2021-05-28 06:00:43.540,1,0.2931249577047046,401.63064857644736,0.0,
2021-05-28 06:00:43.550,1,0.3132060098813578,402.25811635717565,0.0,
2021-05-28 06:00:43.560,1,0.2642858418800142,406.097945743919,0.0,
2021-05-28 06:00:43.570,1,0.2974624571680356,403.20971528766165,0.0,
2021-05-28 06:00:43.580,1,0.3054230686417004,401.15710677584497,0.0,
2021-05-28 06:00:43.590,1,0.3119488189603088,404.16087371656965,0.0,
2021-05-28 06:00:43.600,1,0.3453136803977535,399.35941408437515,0.0,
2021-05-28 06:00:43.610,1,0.2717186995520642,400.586950638336,0.0,
2021-05-28 06:00:43.620,1,0.2641867575085617,407.17726418861366,0.0,
2021-05-28 06:00:43.630,1,0.2607289698888931,402.30718331570006,0.0,
2021-05-28 06:00:43.640,1,0.2378722958670258,400.289344510708,0.0,
2021-05-28 06:00:43.650,1,0.332657622226027,400.7687210394655,0.0,
2021-05-28 06:00:43.660,1,0.3077770285918899,398.1470704139635,0.0,
2021-05-28 06:00:43.670,1,0.3046522897291439,389.46219359576116,0.0,
2021-05-28 06:00:43.680,1,0.3082578216244736,381.19749180946417,0.0,
2021-05-28 06:00:43.690,1,0.3236978896919018,371.8479793276046,0.0,
2021-05-28 06:00:43.700,1,0.3160974874323234,356.7335109224257,0.0,
2021-05-28 06:00:43.710,1,0.2191928520819945,342.6085512049274,0.0,
2021-05-28 06:00:43.720,1,0.2728768451293774,326.6297335981062,0.0,
2021-05-28 06:00:43.730,1,0.2857679029300182,312.3100734796094,0.0,
2021-05-28 06:00:43.740,1,0.2258362280136031,294.38542187944165,0.0,
2021-05-28 06:00:43.750,1,0.2460490487256675,278.25286374371757,0.0,
2021-05-28 06:00:43.760,1,0.1783523073375455,263.1927770120517,0.0,
2021-05-28 06:00:43.770,1,0.18530631015707105,245.09465104361226,0.0,
2021-05-28 06:00:43.780,1,0.1828175038046889,229.68981834793271,1.0,
2021-05-28 06:00:43.790,1,0.1515223449211614,211.4548065316251,1.0,
2021-05-28 06:00:43.800,1,0.1419360009441363,200.7062053228004,1.0,
2021-05-28 06:00:43.810,1,0.1249646645550711,184.94578613821344,1.0,
2021-05-28 06:00:43.820,1,0.1189168624169902,177.6524813410297,1.0,
2021-05-28 06:00:43.830,1,0.1508809183841725,171.58234748621615,1.0,
2021-05-28 06:00:43.840,1,0.1456203497373697,165.25216075290518,1.0,
2021-05-28 06:00:43.850,1,0.1505246280346162,161.4014332906274,1.0,
2021-05-28 06:00:43.860,1,0.1164511397079963,161.78654891293155,1.0,
2021-05-28 06:00:43.870,1,0.1330550828039268,160.5639156687983,1.0,
2021-05-28 06:00:43.880,1,0.1342841189927494,163.39716281307346,1.0,
2021-05-28 06:00:43.890,1,0.1280315180231347,165.03277059289815,1.0,
2021-05-28 06:00:43.900,0,0.14672109951684806,167.33130147284638,1.0,
2021-05-28 06:00:43.910,0,0.1508979320298277,173.79329981574685,1.0,
2021-05-28 06:00:43.920,0,0.1354960969730338,177.63991541006226,1.0,
2021-05-28 06:00:43.930,0,0.1551678529911697,185.60831411424167,1.0,
2021-05-28 06:00:43.940,0,0.1691483584357428,187.9510766431981,1.0,
2021-05-28 06:00:43.950,0,0.1456220796139901,193.17689194673488,1.0,
2021-05-28 06:00:43.960,0,0.1637391979835462,201.09194385395588,1.0,
2021-05-28 06:00:43.970,0,0.1391172345265597,206.3169964093369,1.0,
2021-05-28 06:00:43.980,0,0.1450393775842624,212.07506731264561,1.0,
2021-05-28 06:00:43.990,0,0.1899623614890327,219.85077899921143,1.0,
2021-05-28 06:00:44.000,1,0.1852096085064702,224.7199284498596,1.0,
2021-05-28 06:00:44.010,1,0.21661042852822893,231.5683324257079,1.0,
2021-05-28 06:00:44.020,1,0.1594552595842262,238.12930648963595,0.0,
2021-05-28 06:00:44.030,1,0.2181196050482899,244.9786367410726,0.0,
2021-05-28 06:00:44.040,1,0.2347389408147205,253.9017513129024,0.0,
2021-05-28 06:00:44.050,1,0.2449974546440298,260.08098051924475,0.0,
2021-05-28 06:00:44.060,1,0.1986126412338388,267.8900510391572,0.0,
2021-05-28 06:00:44.070,1,0.2128222455872419,273.58887038370466,0.0,
2021-05-28 06:00:44.080,1,0.2483211001397388,285.24022137842775,0.0,
2021-05-28 06:00:44.090,1,0.2349646624190135,289.84285463540937,0.0,
2021-05-28 06:00:44.100,1,0.2303818877666242,297.01133333355733,0.0,
2021-05-28 06:00:44.110,1,0.2267700636377103,305.18744075917704,0.0,
2021-05-28 06:00:44.120,1,0.1888042987898648,312.63627245879184,0.0,
2021-05-28 06:00:44.130,1,0.2281565062292307,315.82739500360736,0.0,
2021-05-28 06:00:44.140,1,0.2672711272867552,322.30449154491197,0.0,
2021-05-28 06:00:44.150,1,0.2670965922248742,326.4749575121499,0.0,
2021-05-28 06:00:44.160,1,0.2904637109731401,333.2936284985449,0.0,
2021-05-28 06:00:44.170,1,0.2251071559814642,338.6295046923118,0.0,
2021-05-28 06:00:44.180,1,0.2898944180306315,342.2871292313492,0.0,
2021-05-28 06:00:44.190,1,0.2070792210611853,352.25911815142234,0.0,
2021-05-28 06:00:44.200,1,0.2876890458136923,355.37654520108543,0.0,
2021-05-28 06:00:44.210,1,0.2855590227983753,358.74570389775283,0.0,
2021-05-28 06:00:44.220,1,0.2477234401713632,360.1454513259409,0.0,
2021-05-28 06:00:44.230,1,0.2885008752077272,366.92794203221183,0.0,
2021-05-28 06:00:44.240,1,0.2051364895785792,370.13110671837836,0.0,
2021-05-28 06:00:44.250,1,0.2309114988028918,375.6391378496928,0.0,
2021-05-28 06:00:44.260,1,0.2048862913922209,374.5342155129312,0.0,
2021-05-28 06:00:44.270,1,0.2976942346221681,380.32470196641884,0.0,
2021-05-28 06:00:44.280,1,0.2235475344716334,378.8463768895066,0.0,
2021-05-28 06:00:44.290,1,0.2354266516661586,381.57664277919775,0.0,
2021-05-28 06:00:44.300,1,0.2338688651403475,386.345691574566,0.0,
2021-05-28 06:00:44.310,1,0.2625885740770842,387.0643623784119,0.0,
2021-05-28 06:00:44.320,1,0.2377375775126252,390.4718482991346,0.0,
2021-05-28 06:00:44.330,1,0.2327871247991564,391.5421895903289,0.0,
2021-05-28 06:00:44.340,1,0.24911808355196305,391.3007295321817,0.0,
2021-05-28 06:00:44.350,1,0.2821243296595811,394.2751544606559,0.0,
2021-05-28 06:00:44.360,1,0.2927026631486827,395.63136260275115,0.0,
2021-05-28 06:00:44.370,1,0.1977760259310546,394.6491104390331,0.0,
2021-05-28 06:00:44.380,1,0.277364095820911,394.0168842583621,0.0,
2021-05-28 06:00:44.390,1,0.2680355315436452,399.3456498415773,0.0,
2021-05-28 06:00:44.400,1,0.2246349297856897,396.371951629741,0.0,
2021-05-28 06:00:44.410,1,0.2420403480644616,396.48437382556136,0.0,
2021-05-28 06:00:44.420,1,0.263075848512628,398.62165108005735,0.0,
2021-05-28 06:00:44.430,1,0.1987530822329092,399.64036864642463,0.0,
2021-05-28 06:00:44.440,1,0.2556358651321775,397.05648932140895,0.0,
2021-05-28 06:00:44.450,1,0.1981389983543829,400.2970487413835,0.0,
2021-05-28 06:00:44.460,1,0.2666897403306745,402.9739304646415,0.0,
2021-05-28 06:00:44.470,1,0.2149068467142655,397.06176289924935,0.0,
2021-05-28 06:00:44.480,1,0.2308518783721269,400.6282300066128,0.0,
2021-05-28 06:00:44.490,1,0.1967704795698534,397.12822574351424,0.0,
2021-05-28 06:00:44.500,1,0.255025087617828,399.2443628389422,0.0,
2021-05-28 06:00:44.510,1,0.2152795598561317,398.90295177761817,0.0,
2021-05-28 06:00:44.520,1,0.2627194227074134,398.8249624146525,0.0,
2021-05-28 06:00:44.530,1,0.2222445625453173,396.06246176087194,0.0,
2021-05-28 06:00:44.540,1,0.2332999197585354,401.0205127767283,0.0,
2021-05-28 06:00:44.550,1,0.2248860068961999,399.64031415977007,0.0,
2021-05-28 06:00:44.560,1,0.2292728781586291,399.9981016415387,0.0,
2021-05-28 06:00:44.570,1,0.2621185916576644,401.11763952434256,0.0,
2021-05-28 06:00:44.580,1,0.2326245648910504,399.37203610939895,0.0,
2021-05-28 06:00:44.590,1,0.2091524064762306,400.366714998112,0.0,
2021-05-28 06:00:44.600,1,0.2260506458117403,400.97506650441017,0.0,
2021-05-28 06:00:44.610,1,0.2059441889559588,398.762276802892,0.0,
2021-05-28 06:00:44.620,1,0.2767790298546024,399.49177422532057,0.0,
2021-05-28 06:00:44.630,1,0.2148968696375117,398.88164618703917,0.0,
2021-05-28 06:00:44.640,1,0.1967038309094878,399.2018148391394,0.0,
2021-05-28 06:00:44.650,1,0.2631230373245791,398.5646742082337,0.0,
2021-05-28 06:00:44.660,1,0.1960013498657509,397.5582849847398,0.0,
2021-05-28 06:00:44.670,1,0.2057268416861229,400.17110083896927,0.0,
2021-05-28 06:00:44.680,1,0.2467745024883513,397.76441356027357,0.0,
2021-05-28 06:00:44.690,1,0.1947397919795072,401.2204198118717,0.0,
2021-05-28 06:00:44.700,1,0.2665945857928437,396.88671769556913,0.0,
2021-05-28 06:00:44.710,1,0.2086355008762004,394.07411541477654,0.0,
2021-05-28 06:00:44.720,1,0.2473376435817965,387.1387913795074,0.0,
2021-05-28 06:00:44.730,1,0.1968261807634632,377.4519657827665,0.0,
2021-05-28 06:00:44.740,1,0.22835689365227105,367.73282628035486,0.0,
2021-05-28 06:00:44.750,1,0.2023140570985441,356.34500042875527,0.0,
2021-05-28 06:00:44.760,1,0.2291959795876576,341.4872614611417,0.0,
2021-05-28 06:00:44.770,1,0.1974953382123885,324.3719484866068,0.0,
2021-05-28 06:00:44.780,1,0.2111622290860987,308.1410126708213,0.0,
2021-05-28 06:00:44.790,1,0.1951581824191768,295.59613209669965,0.0,
2021-05-28 06:00:44.800,1,0.2122210336616741,277.04943032818625,0.0,
2021-05-28 06:00:44.810,1,0.1415135743223086,265.82275015264395,0.0,
2021-05-28 06:00:44.820,1,0.1923886836597718,253.60442686809768,0.0,
2021-05-28 06:00:44.830,1,0.1650410066982743,248.2649325297605,0.0,
2021-05-28 06:00:44.840,1,0.1799720592111403,245.3116267555729,0.0,
2021-05-28 06:00:44.850,1,0.1561992532291683,239.9907608241315,0.0,
2021-05-28 06:00:44.860,1,0.1408925715057178,241.55277034034458,1.0,
2021-05-28 06:00:44.870,1,0.1441318784738408,239.67237229278282,1.0,
2021-05-28 06:00:44.880,1,0.1885820711618717,239.09559341037712,0.0,
2021-05-28 06:00:44.890,1,0.1607213776086371,241.1612046364291,0.0,
2021-05-28 06:00:44.900,1,0.1538085015697287,243.0319551520799,0.0,
2021-05-28 06:00:44.910,1,0.1422063781760033,244.50018949102798,0.0,
2021-05-28 06:00:44.920,1,0.1667224460846417,252.28772680020438,0.0,
2021-05-28 06:00:44.930,1,0.1950424693057513,254.33491617100967,0.0,
2021-05-28 06:00:44.940,1,0.2032314864839665,261.46686807328786,0.0,
2021-05-28 06:00:44.950,0,0.20810854228469505,266.0491993789824,0.0,
2021-05-28 06:00:44.960,0,0.2311641018721404,269.3068586763652,0.0,
2021-05-28 06:00:44.970,0,0.1831609402899001,279.6627143282192,0.0,
2021-05-28 06:00:44.980,0,0.2089344311956605,284.1478702368944,0.0,
2021-05-28 06:00:44.990,0,0.2604802525158947,292.2972588306185,0.0,
2021-05-28 06:00:45.000,0,0.2541421347468522,296.2664678490192,0.0,
2021-05-28 06:00:45.010,0,0.2041865984345622,300.3486896299526,0.0,
2021-05-28 06:00:45.020,0,0.23750878069170694,311.1788706792278,0.0,
2021-05-28 06:00:45.030,0,0.2168145199555722,316.8911440465715,0.0,
2021-05-28 06:00:45.040,0,0.2578475785261895,319.6003117046746,0.0,
2021-05-28 06:00:45.050,0,0.2412822539109573,324.15342053092405,0.0,
2021-05-28 06:00:45.060,0,0.2217213333638369,327.79111091025453,0.0,
2021-05-28 06:00:45.070,0,0.2860587561796212,337.6935589791599,0.0,
2021-05-28 06:00:45.080,0,0.2353908524257863,336.7921532672285,0.0,
2021-05-28 06:00:45.090,0,0.2190336628921083,343.8411330718846,0.0,
2021-05-28 06:00:45.100,0,0.2477840810615272,344.90353069159414,0.0,
2021-05-28 06:00:45.110,0,0.2653196382488153,352.59116916008287,0.0,
2021-05-28 06:00:45.120,0,0.227256524185972,354.92260060595527,0.0,
2021-05-28 06:00:45.130,0,0.2753759283421841,356.2084814059585,0.0,
2021-05-28 06:00:45.140,0,0.2819495450671995,361.63420621310445,0.0,
2021-05-28 06:00:45.150,0,0.3415320248700368,367.84049886460366,0.0,
2021-05-28 06:00:45.160,0,0.3291304940477243,366.49931580140174,0.0,
2021-05-28 06:00:45.170,0,0.2404369050165822,369.2461237128665,0.0,
2021-05-28 06:00:45.180,0,0.3105705432301014,370.85424475008597,0.0,
2021-05-28 06:00:45.190,0,0.2836891558665827,376.6933454420298,0.0,
2021-05-28 06:00:45.200,0,0.3088069299994556,374.8935944753576,0.0,
2021-05-28 06:00:45.210,0,0.3288676689414543,382.810445461402,0.0,
2021-05-28 06:00:45.220,0,0.2748740183541396,378.8875660255876,0.0,
2021-05-28 06:00:45.230,0,0.2451195503279581,384.1351792510973,0.0,
2021-05-28 06:00:45.240,0,0.3594975087051731,384.5936736268985,0.0,
2021-05-28 06:00:45.250,0,0.2674866728629866,385.7861059750401,0.0,
2021-05-28 06:00:45.260,0,0.332686814714166,385.19093068165137,0.0,
2021-05-28 06:00:45.270,0,0.3022051263006741,384.1649342247132,0.0,
2021-05-28 06:00:45.280,0,0.3227192191098964,385.7103407767651,0.0,
2021-05-28 06:00:45.290,0,0.3561025011200915,385.9981358275687,0.0,
2021-05-28 06:00:45.300,0,0.2628254604549636,388.83482233281967,0.0,
2021-05-28 06:00:45.310,0,0.2658415120106158,390.5531211166407,0.0,
2021-05-28 06:00:45.320,0,0.2695758947070473,389.64269939739364,0.0,
2021-05-28 06:00:45.330,0,0.3308913815414612,387.71153136267776,0.0,
2021-05-28 06:00:45.340,0,0.2437674993128696,386.2678011014888,0.0,
2021-05-28 06:00:45.350,0,0.2665073136052256,388.1690986722873,0.0,
2021-05-28 06:00:45.360,0,0.3509621535467596,390.0856702093306,0.0,
2021-05-28 06:00:45.370,0,0.3130653039746954,393.7171578466512,0.0,
2021-05-28 06:00:45.380,0,0.3355513967246741,390.4806230533981,0.0,
2021-05-28 06:00:45.390,0,0.3497598304261213,389.6045010663914,0.0,
2021-05-28 06:00:45.400,0,0.3170833735833959,390.9907229083751,0.0,
2021-05-28 06:00:45.410,0,0.3201908585114439,392.1326693811274,0.0,
2021-05-28 06:00:45.420,0,0.3548434604936157,390.56658713355125,0.0,
2021-05-28 06:00:45.430,0,0.3568589812538135,386.17057727439567,0.0,
2021-05-28 06:00:45.440,0,0.24693265952629506,390.7815282331019,0.0,
2021-05-28 06:00:45.450,0,0.2600923234970251,390.24263834531394,0.0,
2021-05-28 06:00:45.460,0,0.2873238391051608,387.3901183100156,0.0,
2021-05-28 06:00:45.470,0,0.3518502155010319,390.86469882688095,0.0,
2021-05-28 06:00:45.480,0,0.3190732271430643,388.0381025006238,0.0,
2021-05-28 06:00:45.490,0,0.3098395558459795,387.12401921914017,0.0,
2021-05-28 06:00:45.500,0,0.2637877207038563,388.1203840671962,0.0,
2021-05-28 06:00:45.510,0,0.3338768443885442,390.25240628554565,0.0,
2021-05-28 06:00:45.520,0,0.333308113648622,391.78822078378363,0.0,
2021-05-28 06:00:45.530,0,0.2960128712955731,389.62959863574974,0.0,
2021-05-28 06:00:45.540,0,0.2492020243182701,389.1075860410826,0.0,
2021-05-28 06:00:45.550,0,0.3285072838314574,392.14746502626696,0.0,
2021-05-28 06:00:45.560,0,0.3084566557585078,389.79469589420165,0.0,
2021-05-28 06:00:45.570,0,0.2395045988400111,388.75441125020853,0.0,
2021-05-28 06:00:45.580,0,0.26017915150169896,390.89346378644564,0.0,
2021-05-28 06:00:45.590,0,0.3184773675362793,391.06604404386667,0.0,
2021-05-28 06:00:45.600,0,0.2707017246213758,389.8269759617199,0.0,
2021-05-28 06:00:45.610,0,0.3089686004312945,388.3874374703712,0.0,
2021-05-28 06:00:45.620,0,0.302445644587064,389.5072568390443,0.0,
2021-05-28 06:00:45.630,0,0.282173749615545,389.30566455496484,0.0,
2021-05-28 06:00:45.640,0,0.2478799906279886,393.405447010793,0.0,
2021-05-28 06:00:45.650,0,0.3144105611101209,392.75403708102687,0.0,
2021-05-28 06:00:45.660,0,0.2513183347880402,392.14164031732287,0.0,
2021-05-28 06:00:45.670,0,0.2697080538982305,389.50936551519834,0.0,
2021-05-28 06:00:45.680,0,0.3330493482559399,391.1173646990064,0.0,
2021-05-28 06:00:45.690,0,0.3129750809946671,391.84543869097183,0.0,
2021-05-28 06:00:45.700,0,0.250249478259594,388.6760428803445,0.0,
2021-05-28 06:00:45.710,0,0.298754317625984,390.2008321743058,0.0,
2021-05-28 06:00:45.720,0,0.3476155390526312,395.1932163823023,0.0,
2021-05-28 06:00:45.730,0,0.3231591957490093,391.77850149149424,0.0,
2021-05-28 06:00:45.740,0,0.3057480766651806,394.5603555889372,0.0,
2021-05-28 06:00:45.750,0,0.342075589536312,393.6886719301973,0.0,
2021-05-28 06:00:45.760,0,0.2696157164290684,386.51909156114806,0.0,
2021-05-28 06:00:45.770,0,0.2988599823721787,382.92487593442826,0.0,
2021-05-28 06:00:45.780,0,0.3138369098292485,370.8525274957576,0.0,
2021-05-28 06:00:45.790,0,0.2666137746672533,363.88985763246086,0.0,
2021-05-28 06:00:45.800,0,0.3028138672132133,348.8719140353005,0.0,
2021-05-28 06:00:45.810,0,0.2132605768702567,337.77770919104887,0.0,
2021-05-28 06:00:45.820,0,0.2218833675026921,321.86422992585176,0.0,
2021-05-28 06:00:45.830,0,0.2561588543586807,306.8397001864109,0.0,
2021-05-28 06:00:45.840,0,0.2169604680979912,290.8894907530833,0.0,
2021-05-28 06:00:45.850,0,0.2348201087605912,275.7278713896801,0.0,
2021-05-28 06:00:45.860,0,0.175601568865226,259.8122478286263,0.0,
2021-05-28 06:00:45.870,0,0.1581750205148381,241.41567500178883,1.0,
2021-05-28 06:00:45.880,0,0.1906461561938129,226.0045891295427,1.0,
2021-05-28 06:00:45.890,0,0.1909617555073586,211.3603761065185,1.0,
2021-05-28 06:00:45.900,0,0.1371808757643631,193.5850083663239,1.0,
2021-05-28 06:00:45.910,0,0.163018357902701,180.4476739519639,1.0,
2021-05-28 06:00:45.920,0,0.1511647905101361,167.61934183380544,1.0,
2021-05-28 06:00:45.930,0,0.1284462870927578,152.13450076014533,1.0,
2021-05-28 06:00:45.940,0,0.1346001438473265,140.5148731586485,1.0,
2021-05-28 06:00:45.950,0,0.1255954620774338,125.84606516128193,1.0,
2021-05-28 06:00:45.960,0,0.1084204858263692,114.538629567171,1.0,
2021-05-28 06:00:45.970,0,0.1099625119244651,103.08623442004021,1.0,
2021-05-28 06:00:45.980,0,0.0724566967700974,92.41447353441185,1.0,
2021-05-28 06:00:45.990,0,0.0866138622918669,83.30566715754746,1.0,
2021-05-28 06:00:46.000,0,0.0622655458440225,74.36508214636056,1.0,
2021-05-28 06:00:46.010,0,0.0613612276092888,66.03810514531783,1.0,
2021-05-28 06:00:46.020,0,0.0485830043986313,57.14918362538796,1.0,
2021-05-28 06:00:46.030,0,0.0516570397127389,50.38769611552449,1.0,
2021-05-28 06:00:46.040,0,0.04433614436355901,43.709928655462186,2.0,
2021-05-28 06:00:46.050,0,0.0337233520668431,37.48261204858889,2.0,
2021-05-28 06:00:46.060,0,0.0283815608636484,31.517304716920428,2.0,
2021-05-28 06:00:46.070,0,0.0257580370171633,26.32581504433989,2.0,
2021-05-28 06:00:46.080,0,0.0174527313192433,21.79505248668511,2.0,
2021-05-28 06:00:46.090,0,0.0177805068227606,17.810184471730718,2.0,
2021-05-28 06:00:46.100,0,0.0139741431159681,13.954016230940427,2.0,
2021-05-28 06:00:46.110,0,0.0054861140633199,10.65606567501163,2.0,
2021-05-28 06:00:46.120,0,0.0078284513908292,7.651450213944223,2.0,
2021-05-28 06:00:46.130,0,0.0067006153822117,5.028416465538026,2.0,
2021-05-28 06:00:46.140,0,-0.0005056691598076,2.7363276632343267,2.0,
2021-05-28 06:00:46.150,0,-1.0477919709835907e-05,0.7296235760841598,2.0,
2021-05-28 06:00:46.160,0,-0.0042282409170964,0.0,2.0,
2021-05-28 06:00:46.170,0,-0.0024414706945866,0.0,2.0,
2021-05-28 06:00:46.180,0,-0.0012890949665857,0.0,2.0,
2021-05-28 06:00:46.190,0,-0.0088203228581142,0.0,2.0,
2021-05-28 06:00:46.200,0,-0.0047962530592767,0.0,2.0,
2021-05-28 06:00:46.210,0,-0.0063195531175618,0.0,2.0,
2021-05-28 06:00:46.220,0,-0.0146268073219348,0.0,2.0,
2021-05-28 06:00:46.230,0,-0.00756420138779,0.0,2.0,
2021-05-28 06:00:46.240,0,-0.0097227195880919,0.0,2.0,
2021-05-28 06:00:46.250,0,-0.0078907535221239,0.0,2.0,
2021-05-28 06:00:46.260,0,-0.009883420686995,0.0,2.0,
2021-05-28 06:00:46.270,0,-0.0130529327679313,0.0,2.0,
2021-05-28 06:00:46.280,0,-0.0080033066462459,0.0,2.0,
2021-05-28 06:00:46.290,0,-0.0057786097452959,0.0,2.0,
2021-05-28 06:00:46.300,0,-0.0111907369471048,0.0,2.0,
2021-05-28 06:00:46.310,0,-0.0031351163937445,0.0,2.0,
2021-05-28 06:00:46.320,0,-0.0088699122870496,0.0,2.0,
2021-05-28 06:00:46.330,0,-0.0122391377723855,0.0,2.0,
2021-05-28 06:00:46.340,0,-0.0076793504290561,0.0,2.0,
2021-05-28 06:00:46.350,0,-0.001274297278069,0.0,2.0,
2021-05-28 06:00:46.360,0,-0.0058286298302811,0.0,2.0,
2021-05-28 06:00:46.370,0,-0.005419689359782,0.0,2.0,
2021-05-28 06:00:46.380,0,0.0009065994803626,0.0,2.0,
2021-05-28 06:00:46.390,0,-0.0023000358252633,0.0,2.0,
2021-05-28 06:00:46.400,0,-0.0023055174568821,0.0,2.0,
2021-05-28 06:00:46.410,0,-0.0049456508504147,0.0,2.0,
2021-05-28 06:00:46.420,0,-0.0113208506044619,0.0,2.0,
2021-05-28 06:00:46.430,0,-0.0033763896744765,0.0,2.0,
2021-05-28 06:00:46.440,0,-0.0020721603135093,0.0,2.0,
2021-05-28 06:00:46.450,0,-0.0028032503677298,0.0,2.0,
2021-05-28 06:00:46.460,0,0.0005562064466366,0.0,2.0,
2021-05-28 06:00:46.470,0,0.0004776909172708,0.0,2.0,
2021-05-28 06:00:46.480,0,-0.004382468558441,0.0,2.0,
2021-05-28 06:00:46.490,0,-0.0050490634785209,0.0,2.0,
2021-05-28 06:00:46.500,0,-0.0043493037797829,0.0,2.0,
2021-05-28 06:00:46.510,0,-0.0075800883539897,0.0,2.0,
2021-05-28 06:00:46.520,0,-0.0046459292328328,0.0,2.0,
2021-05-28 06:00:46.530,0,0.0003335419287359,0.0,2.0,
2021-05-28 06:00:46.540,0,0.0001067288186274,0.0,2.0,
2021-05-28 06:00:46.550,0,-0.0018058635856561,0.0,2.0,
2021-05-28 06:00:46.560,0,-0.0011765422815694,0.0,2.0,
2021-05-28 06:00:46.570,0,-0.0028385334907231,0.0,2.0,
2021-05-28 06:00:46.580,0,0.0005491276602093,0.0,2.0,
2021-05-28 06:00:46.590,0,-0.0015853550330549,0.0,2.0,
2021-05-28 06:00:46.600,0,0.0012402085401731,0.0,2.0,
2021-05-28 06:00:46.610,0,0.0002145476035177,0.0,2.0,
2021-05-28 06:00:46.620,0,0.0040060110285385,0.0,2.0,
2021-05-28 06:00:46.630,0,6.010965350723818e-05,0.0,2.0,
2021-05-28 06:00:46.640,0,-0.0009166417517702,0.0,2.0,
2021-05-28 06:00:46.650,0,-0.0025197458626807,0.0,2.0,
2021-05-28 06:00:46.660,0,0.0015861255417959,0.0,2.0,
2021-05-28 06:00:46.670,0,-1.1651433424953653e-05,0.0,2.0,
2021-05-28 06:00:46.680,0,-0.0028199921184106,0.0113779252439847,2.0,
2021-05-28 06:00:46.690,0,-0.0032773722873629995,0.0421349839982953,2.0,
2021-05-28 06:00:46.700,0,-0.0006369736730183,0.0683194445148784,2.0,
2021-05-28 06:00:46.710,0,0.0001344064983743,0.0904247461523375,2.0,
2021-05-28 06:00:46.720,0,-0.0052405778232112,0.1089982877993575,2.0,
2021-05-28 06:00:46.730,0,0.005425484989257,0.1238074982850137,2.0,
2021-05-28 06:00:46.740,0,-0.0084555056635884,0.1351522546752897,2.0,
2021-05-28 06:00:46.750,0,0.0055886102467451,0.1437967939534692,2.0,
2021-05-28 06:00:46.760,0,0.001441859362975,0.1501163036309285,2.0,
2021-05-28 06:00:46.770,0,0.0012650511325336,0.1553399572120787,2.0,
2021-05-28 06:00:46.780,0,0.0038276918673202,0.1575649792322262,2.0,
2021-05-28 06:00:46.790,0,-0.0048792656580524,0.1577158634462412,2.0,
2021-05-28 06:00:46.800,0,0.0040694517380044,0.1575541984736126,2.0,
2021-05-28 06:00:46.810,0,0.0056486483850985,0.1548560984567429,2.0,
2021-05-28 06:00:46.820,0,-0.0001492579374172,0.1522889041926307,2.0,
2021-05-28 06:00:46.830,0,-0.0017903303943379,0.1473447711592695,2.0,
2021-05-28 06:00:46.840,0,0.0019442088890003,0.1448987938811549,2.0,
2021-05-28 06:00:46.850,0,0.0027584494913164,0.1390428185512788,2.0,
2021-05-28 06:00:46.860,0,-0.0018663095002215,0.1330515096159249,2.0,
2021-05-28 06:00:46.870,0,0.0032470930010192,0.1274828770370831,2.0,
2021-05-28 06:00:46.880,0,-0.0004282550480338,0.1209994114899907,2.0,
2021-05-28 06:00:46.890,0,0.0014063791053543,0.1139966838949988,2.0,
2021-05-28 06:00:46.900,0,-0.0027611916683629,0.1084288576446165,2.0,
2021-05-28 06:00:46.910,0,-0.0036239818918171,0.1021460115408232,2.0,
2021-05-28 06:00:46.920,0,0.0026251639441122,0.0948412917963304,2.0,
2021-05-28 06:00:46.930,0,6.449578435354302e-05,0.0886061932990685,2.0,
2021-05-28 06:00:46.940,0,0.0013403920996444,0.0825114064885702,2.0,
2021-05-28 06:00:46.950,0,0.0035284765687871,0.0759870251332682,2.0,
2021-05-28 06:00:46.960,0,-0.0038707211599772,0.0701751689189716,2.0,
2021-05-28 06:00:46.970,0,-0.0003176502740748,0.0642219595136778,2.0,
2021-05-28 06:00:46.980,0,0.0002203382932125,0.0593188424357742,2.0,
2021-05-28 06:00:46.990,0,0.0007695865932704,0.0541969514125117,2.0,
2021-05-28 06:00:47.000,0,-0.0042427166701032,0.0490527763590057,2.0,
2021-05-28 06:00:47.010,0,-0.0039365441764934,0.0440345844731904,2.0,
2021-05-28 06:00:47.020,0,0.0062178557813187,0.0401335643315447,2.0,
2021-05-28 06:00:47.030,0,0.0020897002399728,0.0358893885160058,2.0,
2021-05-28 06:00:47.040,0,0.0026436336723237,0.0318849529838944,2.0,
2021-05-28 06:00:47.050,0,0.0017595906705151,0.0283670063845463,2.0,
2021-05-28 06:00:47.060,0,-0.0054096480141326,0.0250730989975114,2.0,
2021-05-28 06:00:47.070,0,0.0033324031403871,0.0219987600990977,2.0,
2021-05-28 06:00:47.080,0,-0.0032012008468792,0.0189728737769238,2.0,
2021-05-28 06:00:47.090,0,8.623293063196602e-05,0.0164762231506364,2.0,
2021-05-28 06:00:47.100,0,-0.0030876836035541,0.0139355788303091,2.0,
2021-05-28 06:00:47.110,0,-0.0030639066019573,0.0119036379934861,2.0,
2021-05-28 06:00:47.120,0,-5.506675544169858e-05,0.0098099368976428,2.0,
2021-05-28 06:00:47.130,0,0.0042270888743429,0.0080677308112263,2.0,
2021-05-28 06:00:47.140,0,-0.0037851349172719,0.0064249619497054,2.0,
2021-05-28 06:00:47.150,0,0.0010368879716668,0.0049895009473877,2.0,
2021-05-28 06:00:47.160,0,0.0018364967840423,0.0037335619294654,2.0,
2021-05-28 06:00:47.170,0,0.0032933308190684,0.0025757721461872,2.0,
2021-05-28 06:00:47.180,0,0.0036544923412442,0.0015882892429667,2.0,
2021-05-28 06:00:47.190,0,0.0013428227403949,0.0007081102281176,2.0,
2021-05-28 06:00:47.200,0,-0.0045596118864315,0.0,2.0,
2021-05-28 06:00:47.210,0,-0.0006278267386849999,0.0,2.0,
2021-05-28 06:00:47.220,0,0.0041696893860952,0.0,2.0,
2021-05-28 06:00:47.230,0,-0.0051351179250387,0.0,2.0,
2021-05-28 06:00:47.240,0,0.005081406832418,0.0,2.0,
2021-05-28 06:00:47.250,0,0.0029570565953075,0.0,2.0,
2021-05-28 06:00:47.260,0,-0.0049637694067355,0.0,2.0,
2021-05-28 06:00:47.270,0,-0.0023720538601654,0.0,2.0,
2021-05-28 06:00:47.280,0,-0.0075407314329605,0.0,2.0,
2021-05-28 06:00:47.290,0,0.0016371627075052,0.0,2.0,
2021-05-28 06:00:47.300,0,-0.0022874202279829,0.0,2.0,
2021-05-28 06:00:47.310,0,-0.000385733220556,0.0,2.0,
2021-05-28 06:00:47.320,0,-0.0007684094303762,0.0,2.0,
2021-05-28 06:00:47.330,0,-0.0053949682849473,0.0,2.0,
2021-05-28 06:00:47.340,0,-0.000504496100285,0.0,2.0,
2021-05-28 06:00:47.350,0,-0.0012311743627097,0.0,2.0,
2021-05-28 06:00:47.360,0,-0.0016767722802776,0.0,2.0,
2021-05-28 06:00:47.370,0,0.001106866171764,0.0,2.0,
2021-05-28 06:00:47.380,0,0.0005685064631808,0.0,2.0,
2021-05-28 06:00:47.390,0,-0.0035423759912855,0.0,2.0,
2021-05-28 06:00:47.400,0,-0.0023563948247556,0.0,2.0,
2021-05-28 06:00:47.410,0,-0.0008483051922763,0.0,2.0,
2021-05-28 06:00:47.420,0,0.002489761686785,0.0,2.0,
2021-05-28 06:00:47.430,0,-0.0007687775625182,0.0,2.0,
2021-05-28 06:00:47.440,0,-0.0008439638794072,0.0,2.0,
2021-05-28 06:00:47.450,0,-0.0046899995109594,0.0,2.0,
2021-05-28 06:00:47.460,0,-0.0006314165236513,0.0,2.0,
2021-05-28 06:00:47.470,0,0.0046319087688906,0.0,2.0,
2021-05-28 06:00:47.480,0,0.0037797030510222,0.0,2.0,
2021-05-28 06:00:47.490,0,0.0016762415269456,0.0,2.0,
2021-05-28 06:00:47.500,0,-0.0022918688396282,0.0,1.0,
2021-05-28 06:00:47.510,0,-0.0035002008644051,0.0,1.0,
2021-05-28 06:00:47.520,0,-0.000457351652889,0.0,1.0,
2021-05-28 06:00:47.530,0,-0.0006780682816706,0.0,1.0,
2021-05-28 06:00:47.540,0,-0.0043495307328877,0.0,1.0,
2021-05-28 06:00:47.550,0,-0.0051415329902401,0.0,1.0,
2021-05-28 06:00:47.560,0,-0.0015809548164871,0.0,1.0,
2021-05-28 06:00:47.570,0,-0.0008844535537043,0.0,1.0,
2021-05-28 06:00:47.580,0,-0.0046611869846461,0.0,1.0,
2021-05-28 06:00:47.590,0,0.0038114891943916,0.0,1.0,
2021-05-28 06:00:47.600,0,-0.0001103254280415,0.0,1.0,
2021-05-28 06:00:47.610,0,-0.0006609630872224,0.0,1.0,
2021-05-28 06:00:47.620,0,-3.9916543363572624e-05,0.0,1.0,
2021-05-28 06:00:47.630,0,-0.0087593183570823,0.0,1.0,
2021-05-28 06:00:47.640,0,0.0038336879975989,0.0,1.0,
2021-05-28 06:00:47.650,0,-0.0006996091327781,0.0,1.0,
2021-05-28 06:00:47.660,0,0.0026782840961403,0.0,1.0,
2021-05-28 06:00:47.670,0,-0.0025193204990672,0.0,1.0,
2021-05-28 06:00:47.680,0,0.0007492577106514,0.0,1.0,
2021-05-28 06:00:47.690,0,0.0032213010895316,0.0,1.0,
2021-05-28 06:00:47.700,0,-0.0032950560334957,0.0,1.0,
2021-05-28 06:00:47.710,0,0.0032533204594827,0.0,1.0,
2021-05-28 06:00:47.720,0,-0.0034714334830369,0.0,1.0,
2021-05-28 06:00:47.730,0,0.0012348779210514,1.054247823365757e-05,1.0,
2021-05-28 06:00:47.740,0,0.0058292026801328,2.184904810399079e-05,1.0,
2021-05-28 06:00:47.750,0,-0.0044987746466935,3.139303139850099e-05,1.0,
2021-05-28 06:00:47.760,0,0.001593549914598,3.931774669002401e-05,1.0,
2021-05-28 06:00:47.770,0,0.001224188990758,4.534798738525988e-05,1.0,
2021-05-28 06:00:47.780,0,-0.0017402904462858,5.094683357700923e-05,1.0,
2021-05-28 06:00:47.790,0,0.0039898720622107,5.4817946843345645e-05,1.0,
2021-05-28 06:00:47.800,0,-0.0002590442842787,5.859765485101554e-05,1.0,
2021-05-28 06:00:47.810,0,0.0007660433033283,6.063465591637834e-05,1.0,
2021-05-28 06:00:47.820,0,0.0009510305103382,6.156571264418727e-05,1.0,
2021-05-28 06:00:47.830,0,0.0053181787208487,6.116828633258562e-05,1.0,
2021-05-28 06:00:47.840,0,-0.002973435941588,6.151630390747206e-05,1.0,
2021-05-28 06:00:47.850,0,-0.0080284802307538,6.217706894596185e-05,1.0,
2021-05-28 06:00:47.860,0,0.0031989603784961,6.028223732467885e-05,1.0,
2021-05-28 06:00:47.870,0,-0.0052213485351589,5.938321453977489e-05,1.0,
2021-05-28 06:00:47.880,0,0.0010856959342452,5.737355076460921e-05,1.0,
2021-05-28 06:00:47.890,0,0.0021645041696956,5.5701812497448764e-05,1.0,
2021-05-28 06:00:47.900,0,0.0021447167380631,5.342850933562314e-05,1.0,
2021-05-28 06:00:47.910,0,-0.0014907559668585,5.060658426762892e-05,1.0,
2021-05-28 06:00:47.920,0,0.0038255673339541,4.87835575481972e-05,1.0,
2021-05-28 06:00:47.930,0,-0.0018080641946768,4.640154637840778e-05,1.0,
2021-05-28 06:00:47.940,0,-0.0024655919182048,4.346276368223086e-05,1.0,
2021-05-28 06:00:47.950,0,0.0024989505839282,4.0806812994775907e-05,1.0,
2021-05-28 06:00:47.960,0,0.0032240341795293,3.831682913252583e-05,1.0,
2021-05-28 06:00:47.970,0,0.0055805335666194,3.585827198515073e-05,1.0,
2021-05-28 06:00:47.980,0,-0.0069149862548458,3.337556323894518e-05,1.0,
2021-05-28 06:00:47.990,0,-0.0020575231294416,3.11391204730276e-05,1.0,
2021-05-28 06:00:48.000,0,-0.0013980771162483,2.8439667727350767e-05,1.0,
2021-05-28 06:00:48.010,0,0.0059404416031824,2.632764438217969e-05,1.0,
2021-05-28 06:00:48.020,0,0.0052556055044724,2.41527967104163e-05,1.0,
2021-05-28 06:00:48.030,0,0.0022508721225261,2.212084386514288e-05,1.0,
2021-05-28 06:00:48.040,0,0.0015096705991367,2.021436497979806e-05,1.0,
2021-05-28 06:00:48.050,0,0.0006277680468977,1.83445662326892e-05,1.0,
2021-05-28 06:00:48.060,0,0.0035391667957129,1.6418487390060583e-05,1.0,
2021-05-28 06:00:48.070,0,0.0023022528590839,1.4917502264174646e-05,1.0,
2021-05-28 06:00:48.080,0,0.0067126889671001,1.3149551079625393e-05,1.0,
2021-05-28 06:00:48.090,0,-0.001735160883506,1.1669293776184751e-05,1.0,
2021-05-28 06:00:48.100,0,-0.0058544622381968,1.0398279694400882e-05,1.0,
2021-05-28 06:00:48.110,0,0.0049854457435538,9.113517560552608e-06,1.0,
2021-05-28 06:00:48.120,0,-0.0028610118208717,8.059947585649394e-06,1.0,
2021-05-28 06:00:48.130,0,-0.0003948890784112,6.982317670164752e-06,1.0,
2021-05-28 06:00:48.140,0,0.0015542189079422,5.966685284786814e-06,1.0,
2021-05-28 06:00:48.150,0,0.0048916276387714,5.139500719821612e-06,1.0,
2021-05-28 06:00:48.160,0,0.0011374411909956,4.255568971132823e-06,1.0,
2021-05-28 06:00:48.170,0,0.000776314547354,3.526165250801609e-06,1.0,
2021-05-28 06:00:48.180,0,0.0011678005338131,2.854272900911691e-06,1.0,
2021-05-28 06:00:48.190,0,0.0028707765632926,2.2691625175510387e-06,1.0,
2021-05-28 06:00:48.200,0,-0.0027826992936896,1.7430978568763665e-06,1.0,
2021-05-28 06:00:48.210,0,0.003996244814838,1.2554840088227814e-06,1.0,
2021-05-28 06:00:48.220,0,-0.0012914481199317,8.377876502444853e-07,1.0,
2021-05-28 06:00:48.230,0,-0.0022795866218118,4.713426498120014e-07,1.0,
2021-05-28 06:00:48.240,0,0.0033806572268355,1.531121830413759e-07,1.0,
2021-05-28 06:00:48.250,0,0.0005743661075190001,0.0,1.0,
2021-05-28 06:00:48.260,0,0.0053906104740603,0.0,1.0,
2021-05-28 06:00:48.270,0,0.00216212836033,0.0,1.0,
2021-05-28 06:00:48.280,0,-0.00431194452816,0.0,1.0,
2021-05-28 06:00:48.290,0,0.0008571745501239,0.0,1.0,
2021-05-28 06:00:48.300,0,-0.0019837972614308,0.0,1.0,
2021-05-28 06:00:48.310,0,0.0014101687216958,0.0,1.0,
2021-05-28 06:00:48.320,0,0.0014797324515670007,0.0,1.0,
2021-05-28 06:00:48.330,0,-0.0120985414087326,0.0,1.0,
2021-05-28 06:00:48.340,0,0.0026904349490520004,0.0,1.0,
2021-05-28 06:00:48.350,0,0.0008636669958611,0.0,1.0,
2021-05-28 06:00:48.360,0,-0.0003557393042467,0.0,1.0,
2021-05-28 06:00:48.370,0,0.0020579537260364,0.0,1.0,
2021-05-28 06:00:48.380,0,-0.002304538602231,0.0,1.0,
2021-05-28 06:00:48.390,0,-0.0010767031112251,0.0,1.0,
2021-05-28 06:00:48.400,0,-0.0041575230702641,0.0,1.0,
2021-05-28 06:00:48.410,0,0.0007983602341608,0.0,1.0,
2021-05-28 06:00:48.420,0,0.0054244656164444,0.0,1.0,
2021-05-28 06:00:48.430,0,0.0004602132686679,0.0,1.0,
2021-05-28 06:00:48.440,0,-0.0013031308854067,0.0,1.0,
2021-05-28 06:00:48.450,0,-0.0008354590309758,0.0,1.0,
2021-05-28 06:00:48.460,0,-0.0030781839538604,0.0,1.0,
2021-05-28 06:00:48.470,0,0.0077840129199567,0.0,1.0,
2021-05-28 06:00:48.480,0,-0.003760203373533,0.0,1.0,
2021-05-28 06:00:48.490,0,-0.0016487440307023,0.0,1.0,
2021-05-28 06:00:48.500,0,0.0005148775233177,0.0,1.0,
2021-05-28 06:00:48.510,0,0.002189375513029,0.0,1.0,
2021-05-28 06:00:48.520,0,-0.0003491160896429,0.0,1.0,
2021-05-28 06:00:48.530,0,-0.0019594340336154,0.0,1.0,
2021-05-28 06:00:48.540,0,0.00032675951231700005,0.0,1.0,
2021-05-28 06:00:48.550,0,0.0024942718096427,0.0,1.0,
2021-05-28 06:00:48.560,0,-0.0003475750812597,0.0,1.0,
2021-05-28 06:00:48.570,0,-0.0023925751717482,0.0,1.0,
2021-05-28 06:00:48.580,0,-0.0047452428326483,0.0,1.0,
2021-05-28 06:00:48.590,0,0.0019858618003441,0.0,1.0,
2021-05-28 06:00:48.600,0,0.0035916252651311,0.0,1.0,
2021-05-28 06:00:48.610,0,0.0011110993624605,0.0,1.0,
2021-05-28 06:00:48.620,0,2.539084839815508e-05,0.0,1.0,
2021-05-28 06:00:48.630,0,0.0003654347395231,0.0,1.0,
2021-05-28 06:00:48.640,0,0.0008552008052315,0.0,1.0,
2021-05-28 06:00:48.650,0,-0.0057050325655972,0.0,1.0,
2021-05-28 06:00:48.660,0,-0.0026204054006855,0.0,1.0,
2021-05-28 06:00:48.670,0,0.0021134443185915,0.0,1.0,
2021-05-28 06:00:48.680,0,0.000287916459915,0.0,1.0,
2021-05-28 06:00:48.690,0,-0.0032894612367734,0.0,1.0,
2021-05-28 06:00:48.700,0,-0.0045575201019101,0.0,1.0,
2021-05-28 06:00:48.710,0,0.0003392878263562,0.0,1.0,
2021-05-28 06:00:48.720,0,-0.0005201904395938,0.0,1.0,
2021-05-28 06:00:48.730,0,0.0027572072117614,0.0,1.0,
2021-05-28 06:00:48.740,0,0.0020078716283585,0.0,1.0,
2021-05-28 06:00:48.750,0,-0.0008196122910098,0.0,1.0,
2021-05-28 06:00:48.760,0,-0.0013066141745027,0.0,1.0,
2021-05-28 06:00:48.770,0,-0.00021459469957900006,8.573042120892633e-10,1.0,
2021-05-28 06:00:48.780,0,0.00174296220578,5.715679950127813e-09,1.0,
2021-05-28 06:00:48.790,0,0.0032594024151782,9.713801920872553e-09,1.0,
2021-05-28 06:00:48.800,0,-0.00172467760234,1.3194948934509324e-08,1.0,
2021-05-28 06:00:48.810,0,-0.0011078833607356,1.5999711275084913e-08,1.0,
2021-05-28 06:00:48.820,0,0.0043719209918994,1.8352303322972583e-08,1.0,
2021-05-28 06:00:48.830,0,-0.0031474582165753,2.020536772217743e-08,1.0,
2021-05-28 06:00:48.840,0,0.0031745417185828,2.1513299133794642e-08,1.0,
2021-05-28 06:00:48.850,0,-0.0024914286699555,2.2728706848960093e-08,1.0,
2021-05-28 06:00:48.860,0,-0.0019984482957919,2.3308429154630762e-08,1.0,
2021-05-28 06:00:48.870,0,0.0092891546261266,2.3511100067183325e-08,1.0,
2021-05-28 06:00:48.880,0,0.0030609519770346,2.3644749251830115e-08,1.0,
2021-05-28 06:00:48.890,0,0.0062343823252111,2.3623470291822948e-08,1.0,
2021-05-28 06:00:48.900,0,-0.0018516158889087,2.3396144675566383e-08,1.0,
2021-05-28 06:00:48.910,0,0.0054731936669259,2.3095287268255283e-08,1.0,
2021-05-28 06:00:48.920,0,-0.0031149726701142,2.2404372662294316e-08,1.0,
2021-05-28 06:00:48.930,0,-0.0028881011821651,2.1632385646532627e-08,1.0,
2021-05-28 06:00:48.940,0,-0.0022248126680446,2.098448857718828e-08,1.0,
2021-05-28 06:00:48.950,0,-0.0022445629807887,2.0115980700751303e-08,1.0,
2021-05-28 06:00:48.960,0,-0.0020026985415572,1.9177828257632187e-08,1.0,
2021-05-28 06:00:48.970,0,-0.0011560427794638,1.841530199646045e-08,1.0,
2021-05-28 06:00:48.980,0,-0.0020481528701121,1.7221260369620488e-08,1.0,
2021-05-28 06:00:48.990,0,0.0027152878138631,1.6359058865000855e-08,1.0,
2021-05-28 06:00:49.000,0,0.0081245857912271,1.5316367099701364e-08,1.0,
2021-05-28 06:00:49.010,0,-0.0026983776586690005,1.4370208740006217e-08,1.0,
2021-05-28 06:00:49.020,0,-0.0013636203762806,1.3430351290486916e-08,1.0,
2021-05-28 06:00:49.030,0,0.0022168580439584,1.2407805854581333e-08,1.0,
2021-05-28 06:00:49.040,0,-0.0024920055986601,1.150719872196103e-08,1.0,
2021-05-28 06:00:49.050,0,-0.0008649885715244,1.0647979495302528e-08,1.0,
2021-05-28 06:00:49.060,0,-0.0021461500851289,9.823963316788804e-09,1.0,
2021-05-28 06:00:49.070,0,0.0010403139981511,9.00448013283859e-09,1.0,
2021-05-28 06:00:49.080,0,-0.0006264298401622,8.17647770480313e-09,1.0,
2021-05-28 06:00:49.090,0,-0.0042344588956937,7.401830471699327e-09,1.0,
2021-05-28 06:00:49.100,0,0.0021759684064709,6.6643490955826295e-09,1.0,
2021-05-28 06:00:49.110,0,-0.0043143734113662,6.079088926331778e-09,1.0,
2021-05-28 06:00:49.120,0,0.0079382021069005,5.4338508769005245e-09,1.0,
2021-05-28 06:00:49.130,0,-0.0025900024898979,4.834807274506767e-09,1.0,
2021-05-28 06:00:49.140,0,-0.0024887459098032,4.319062250830781e-09,1.0,
2021-05-28 06:00:49.150,0,-0.0058788440354142,3.775095795255298e-09,1.0,
2021-05-28 06:00:49.160,0,-0.0041543413067436,3.352731453280597e-09,1.0,
2021-05-28 06:00:49.170,0,-0.0004353016107819,2.934132069171453e-09,1.0,
2021-05-28 06:00:49.180,0,-0.0039233648436194,2.5084860853395557e-09,1.0,
2021-05-28 06:00:49.190,0,-0.0051812109140378,2.1493701573754216e-09,1.0,
2021-05-28 06:00:49.200,0,0.0011283946801527,1.8203669985873007e-09,1.0,
2021-05-28 06:00:49.210,0,-0.0013474182678419,1.5150588609834355e-09,1.0,
2021-05-28 06:00:49.220,0,0.0015520036987335,1.260180778065078e-09,1.0,
2021-05-28 06:00:49.230,0,-0.0023359889331944,1.0091914385180744e-09,1.0,
2021-05-28 06:00:49.240,0,-0.0124251723219942,7.817434808941142e-10,1.0,
2021-05-28 06:00:49.250,0,0.0067522846362066,5.868486110095788e-10,1.0,
2021-05-28 06:00:49.260,0,-0.0021891785797859,4.1560510877154483e-10,1.0,
2021-05-28 06:00:49.270,0,-0.0022818415606289,2.615314257747149e-10,1.0,
2021-05-28 06:00:49.280,0,-0.0011041616223119,1.2827858258067098e-10,1.0,
2021-05-28 06:00:49.290,0,0.0003773553081463,1.0448779138232538e-11,1.0,
2021-05-28 06:00:49.300,0,-0.0011547422326775,0.0,1.0,
2021-05-28 06:00:49.310,0,0.0022212491772717,0.0,1.0,
2021-05-28 06:00:49.320,0,-0.0020966756740098,0.0,1.0,
2021-05-28 06:00:49.330,0,-0.0029988022504914,0.0,1.0,
2021-05-28 06:00:49.340,0,-0.0026008455823799,0.0,1.0,
2021-05-28 06:00:49.350,0,0.0010518842934256,0.0,1.0,
2021-05-28 06:00:49.360,0,0.0001785620718052,0.0,1.0,
2021-05-28 06:00:49.370,0,-0.0055976052117034,0.0,1.0,
2021-05-28 06:00:49.380,0,-0.0028450255471639,0.0,1.0,
2021-05-28 06:00:49.390,0,0.0063291785738282,0.0,1.0,
2021-05-28 06:00:49.400,0,0.0014363270613418,0.0,1.0,
2021-05-28 06:00:49.410,0,0.0034274213165924,0.0,1.0,
2021-05-28 06:00:49.420,0,-0.0009524419459791,0.0,1.0,
2021-05-28 06:00:49.430,0,0.0030945511983084,0.0,1.0,
2021-05-28 06:00:49.440,0,-0.0015330083017101,0.0,1.0,
2021-05-28 06:00:49.450,0,1.0848825247706265e-05,0.0,1.0,
2021-05-28 06:00:49.460,0,-0.0025106478949782,0.0,1.0,
2021-05-28 06:00:49.470,0,-0.0003850973306405,0.0,1.0,
2021-05-28 06:00:49.480,0,-0.0042720521881825,0.0,1.0,
2021-05-28 06:00:49.490,0,-0.0025547868507154,0.0,1.0,
2021-05-28 06:00:49.500,0,0.0021359965790035,0.0,1.0,
2021-05-28 06:00:49.510,0,-0.0019605532979598,0.0,1.0,
2021-05-28 06:00:49.520,0,-0.0040464028564231,0.0,1.0,
2021-05-28 06:00:49.530,0,-0.0021209565681364,0.0,1.0,
2021-05-28 06:00:49.540,0,0.004264889959318,0.0,1.0,
2021-05-28 06:00:49.550,0,0.0020807408241683,0.0,1.0,
2021-05-28 06:00:49.560,0,0.0033688187439917,0.0,1.0,
2021-05-28 06:00:49.570,0,0.0012634832334194,0.0,1.0,
2021-05-28 06:00:49.580,0,-0.0035671371579576,0.0,1.0,
2021-05-28 06:00:49.590,0,-0.0026675522996708,0.0,1.0,
2021-05-28 06:00:49.600,0,0.0009096617446736,0.0,1.0,
2021-05-28 06:00:49.610,0,0.0032463717880769,0.0,1.0,
2021-05-28 06:00:49.620,0,0.0030534632740381,0.0,1.0,
2021-05-28 06:00:49.630,0,0.0010489456441227,0.0,1.0,
2021-05-28 06:00:49.640,0,0.0017434838815403,0.0,1.0,
2021-05-28 06:00:49.650,0,-0.0041753620791038,0.0,1.0,
2021-05-28 06:00:49.660,0,-0.0061269683858361,0.0,1.0,
2021-05-28 06:00:49.670,0,-0.0048348631375911,0.0,1.0,
2021-05-28 06:00:49.680,0,-0.0014993069877734,0.0,1.0,
2021-05-28 06:00:49.690,0,-0.0006241779052402,0.0,1.0,
2021-05-28 06:00:49.700,0,0.0012216834226427,0.0,1.0,
2021-05-28 06:00:49.710,0,-0.0061105836109296,0.0,1.0,
2021-05-28 06:00:49.720,0,-0.0023446624425389,0.0,1.0,
2021-05-28 06:00:49.730,0,-0.0024541932904204,0.0,1.0,
2021-05-28 06:00:49.740,0,0.0012676992211888,0.0,1.0,
2021-05-28 06:00:49.750,0,-0.0004876989196852,0.0,1.0,
2021-05-28 06:00:49.760,0,-0.0036212446664977,0.0,1.0,
2021-05-28 06:00:49.770,0,0.0077885594039811,0.0,1.0,
2021-05-28 06:00:49.780,0,-0.001926167522799,0.0,1.0,
2021-05-28 06:00:49.790,0,-0.0036860838200394,0.0,1.0,
2021-05-28 06:00:49.800,0,0.0005523713456993,0.0,1.0,
2021-05-28 06:00:49.810,0,0.0065855721509773,0.0,1.0,
2021-05-28 06:00:49.820,0,-0.0012158935285367,1.312173445930347e-12,1.0,
2021-05-28 06:00:49.830,0,-0.0044693022320302,3.0961076006386138e-12,1.0,
2021-05-28 06:00:49.840,0,-0.0019156296582893,4.650392961349373e-12,1.0,
2021-05-28 06:00:49.850,0,0.0007727386316281,5.841377512029133e-12,1.0,
2021-05-28 06:00:49.860,0,-7.519643826863692e-05,6.888105293175418e-12,1.0,
2021-05-28 06:00:49.870,0,-0.0032751986723329,7.731583813857848e-12,1.0,
2021-05-28 06:00:49.880,0,-0.0019927807034092,8.434839001774317e-12,1.0,
2021-05-28 06:00:49.890,0,0.0055681307454181,8.862771957775919e-12,1.0,
2021-05-28 06:00:49.900,0,-8.12432962083495e-05,9.33563936823657e-12,1.0,
2021-05-28 06:00:49.910,0,0.0017071863930757,9.47121757878693e-12,1.0,
2021-05-28 06:00:49.920,0,0.0042236474134868,9.610825980129096e-12,1.0,
2021-05-28 06:00:49.930,0,0.0010022038559782,9.538806457495251e-12,1.0,
2021-05-28 06:00:49.940,0,0.0066446892987926,9.428526757789302e-12,1.0,
2021-05-28 06:00:49.950,0,0.0001226966650937,9.361449280341649e-12,1.0,
2021-05-28 06:00:49.960,0,0.0044163487488975,9.175817754424462e-12,1.0,
2021-05-28 06:00:49.970,0,-0.0039759729255369,8.937792921928837e-12,1.0,
2021-05-28 06:00:49.980,0,-0.0011244974891338,8.600204964511982e-12,1.0,
